sackmann_index,sackmann_position,reason_code,reason,pair_candidate_count,date_candidate_count,eligible_candidate_count,best_score,selected_score,score_margin_to_next_candidate,matched_odds_index,matched_odds_position
8636,0,matched,A unique odds row was assigned.,2,1,1,98.57142857142857,98.57142857142857,,30.0,30.0
8637,1,matched,A unique odds row was assigned.,2,1,1,98.80952380952381,98.80952380952381,,28.0,28.0
8638,2,matched,A unique odds row was assigned.,1,1,1,98.80952380952381,98.80952380952381,,29.0,29.0
8639,3,matched,A unique odds row was assigned.,1,1,1,99.04761904761905,99.04761904761905,,25.0,25.0
8640,4,matched,A unique odds row was assigned.,2,1,1,99.04761904761905,99.04761904761905,,24.0,24.0
8641,5,matched,A unique odds row was assigned.,1,1,1,99.04761904761905,99.04761904761905,,27.0,27.0
8642,6,matched,A unique odds row was assigned.,3,1,1,99.04761904761905,99.04761904761905,,26.0,26.0
8643,7,matched,A unique odds row was assigned.,2,1,1,99.52380952380952,99.52380952380952,,19.0,19.0
8644,8,matched,A unique odds row was assigned.,1,1,1,99.52380952380952,99.52380952380952,,16.0,16.0
8645,9,matched,A unique odds row was assigned.,1,1,1,99.52380952380952,99.52380952380952,,18.0,18.0
8646,10,matched,A unique odds row was assigned.,1,1,1,99.52380952380952,99.52380952380952,,17.0,17.0
8647,11,matched,A unique odds row was assigned.,1,1,1,99.28571428571429,99.28571428571429,,23.0,23.0
8648,12,matched,A unique odds row was assigned.,3,1,1,99.28571428571429,99.28571428571429,,21.0,21.0
8649,13,matched,A unique odds row was assigned.,1,1,1,99.28571428571429,99.28571428571429,,20.0,20.0
8650,14,matched,A unique odds row was assigned.,1,1,1,99.28571428571429,99.28571428571429,,22.0,22.0
8651,15,matched,A unique odds row was assigned.,1,1,1,100.0,100.0,,3.0,3.0
8652,16,matched,A unique odds row was assigned.,1,1,1,98.33333333333333,98.33333333333333,,1.0,1.0
8653,17,matched,A unique odds row was assigned.,1,1,1,99.76190476190476,99.76190476190476,,7.0,7.0
8654,18,matched,A unique odds row was assigned.,1,1,1,99.76190476190476,99.76190476190476,,5.0,5.0
8655,19,matched,A unique odds row was assigned.,1,1,1,100.0,100.0,,2.0,2.0
8656,20,no_pair_candidate,No valid odds row contains the same unordered player pair.,0,0,0,,,,,
8657,21,matched,A unique odds row was assigned.,1,1,1,99.76190476190476,99.76190476190476,,12.0,12.0
8658,22,matched,A unique odds row was assigned.,1,1,1,99.76190476190476,99.76190476190476,,6.0,6.0
8659,23,matched,A unique odds row was assigned.,1,1,1,99.76190476190476,99.76190476190476,,11.0,11.0
8660,24,matched,A unique odds row was assigned.,1,1,1,99.76190476190476,99.76190476190476,,13.0,13.0
8661,25,matched,A unique odds row was assigned.,2,2,1,99.76190476190476,99.76190476190476,,10.0,10.0
8662,26,matched,A unique odds row was assigned.,1,1,1,99.52380952380952,99.52380952380952,,15.0,15.0
8663,27,matched,A unique odds row was assigned.,1,1,1,99.76190476190476,99.76190476190476,,9.0,9.0
8664,28,matched,A unique odds row was assigned.,1,1,1,99.76190476190476,99.76190476190476,,14.0,14.0
8665,29,matched,A unique odds row was assigned.,1,1,1,99.76190476190476,99.76190476190476,,8.0,8.0
8666,30,matched,A unique odds row was assigned.,1,1,1,100.0,100.0,,4.0,4.0
8667,31,outside_date_window,"Pair candidates exist, but none fall in the allowed event window.",1,0,0,,,,,
8668,32,no_pair_candidate,No valid odds row contains the same unordered player pair.,0,0,0,,,,,
8669,33,outside_date_window,"Pair candidates exist, but none fall in the allowed event window.",2,0,0,,,,,
8670,34,no_pair_candidate,No valid odds row contains the same unordered player pair.,0,0,0,,,,,
8671,35,no_pair_candidate,No valid odds row contains the same unordered player pair.,0,0,0,,,,,
8672,36,outside_date_window,"Pair candidates exist, but none fall in the allowed event window.",2,0,0,,,,,
8673,37,outside_date_window,"Pair candidates exist, but none fall in the allowed event window.",2,0,0,,,,,
8674,38,no_pair_candidate,No valid odds row contains the same unordered player pair.,0,0,0,,,,,
8675,39,no_pair_candidate,No valid odds row contains the same unordered player pair.,0,0,0,,,,,
8676,40,no_pair_candidate,No valid odds row contains the same unordered player pair.,0,0,0,,,,,
8677,41,no_pair_candidate,No valid odds row contains the same unordered player pair.,0,0,0,,,,,
8678,42,no_pair_candidate,No valid odds row contains the same unordered player pair.,0,0,0,,,,,
8679,43,no_pair_candidate,No valid odds row contains the same unordered player pair.,0,0,0,,,,,
8680,44,no_pair_candidate,No valid odds row contains the same unordered player pair.,0,0,0,,,,,
8681,45,outside_date_window,"Pair candidates exist, but none fall in the allowed event window.",1,0,0,,,,,
8682,46,no_pair_candidate,No valid odds row contains the same unordered player pair.,0,0,0,,,,,
8683,47,outside_date_window,"Pair candidates exist, but none fall in the allowed event window.",1,0,0,,,,,
8684,48,no_pair_candidate,No valid odds row contains the same unordered player pair.,0,0,0,,,,,
8685,49,outside_date_window,"Pair candidates exist, but none fall in the allowed event window.",1,0,0,,,,,
8686,50,no_pair_candidate,No valid odds row contains the same unordered player pair.,0,0,0,,,,,
8687,51,no_pair_candidate,No valid odds row contains the same unordered player pair.,0,0,0,,,,,
8688,52,no_pair_candidate,No valid odds row contains the same unordered player pair.,0,0,0,,,,,
8689,53,no_pair_candidate,No valid odds row contains the same unordered player pair.,0,0,0,,,,,
8690,54,no_pair_candidate,No valid odds row contains the same unordered player pair.,0,0,0,,,,,
8691,55,outside_date_window,"Pair candidates exist, but none fall in the allowed event window.",1,0,0,,,,,
8692,56,matched,A unique odds row was assigned.,1,1,1,98.57142857142857,98.57142857142857,,57.0,57.0
8693,57,matched,A unique odds row was assigned.,1,1,1,98.80952380952381,98.80952380952381,,56.0,56.0
8694,58,matched,A unique odds row was assigned.,1,1,1,98.80952380952381,98.80952380952381,,55.0,55.0
8695,59,matched,A unique odds row was assigned.,1,1,1,99.04761904761905,99.04761904761905,,54.0,54.0
8696,60,matched,A unique odds row was assigned.,1,1,1,99.04761904761905,99.04761904761905,,53.0,53.0
8697,61,matched,A unique odds row was assigned.,1,1,1,99.04761904761905,99.04761904761905,,52.0,52.0
8698,62,matched,A unique odds row was assigned.,1,1,1,99.04761904761905,99.04761904761905,,51.0,51.0
8699,63,matched,A unique odds row was assigned.,1,1,1,99.28571428571429,99.28571428571429,,50.0,50.0
8700,64,matched,A unique odds row was assigned.,1,1,1,99.28571428571429,99.28571428571429,,49.0,49.0
8701,65,matched,A unique odds row was assigned.,1,1,1,99.52380952380952,99.52380952380952,,44.0,44.0
8702,66,matched,A unique odds row was assigned.,1,1,1,99.52380952380952,99.52380952380952,,43.0,43.0
8703,67,matched,A unique odds row was assigned.,1,1,1,99.28571428571429,99.28571428571429,,47.0,47.0
8704,68,matched,A unique odds row was assigned.,1,1,1,99.28571428571429,99.28571428571429,,48.0,48.0
8705,69,matched,A unique odds row was assigned.,1,1,1,99.52380952380952,99.52380952380952,,46.0,46.0
8706,70,matched,A unique odds row was assigned.,2,1,1,99.52380952380952,99.52380952380952,,45.0,45.0
8707,71,matched,A unique odds row was assigned.,1,1,1,99.76190476190476,99.76190476190476,,36.0,36.0
8708,72,matched,A unique odds row was assigned.,1,1,1,99.76190476190476,99.76190476190476,,40.0,40.0
8709,73,matched,A unique odds row was assigned.,1,1,1,99.76190476190476,99.76190476190476,,41.0,41.0
8710,74,matched,A unique odds row was assigned.,1,1,1,99.76190476190476,99.76190476190476,,35.0,35.0
8711,75,matched,A unique odds row was assigned.,1,1,1,100.0,100.0,,34.0,34.0
8712,76,matched,A unique odds row was assigned.,1,1,1,100.0,100.0,,31.0,31.0
8713,77,matched,A unique odds row was assigned.,1,1,1,99.76190476190476,99.76190476190476,,38.0,38.0
8714,78,matched,A unique odds row was assigned.,1,1,1,99.76190476190476,99.76190476190476,,37.0,37.0
8715,79,matched,A unique odds row was assigned.,1,1,1,99.76190476190476,99.76190476190476,,39.0,39.0
8716,80,matched,A unique odds row was assigned.,1,1,1,99.76190476190476,99.76190476190476,,42.0,42.0
8717,81,matched,A unique odds row was assigned.,1,1,1,100.0,100.0,,32.0,32.0
8718,82,matched,A unique odds row was assigned.,1,1,1,100.0,100.0,,33.0,33.0
8719,83,matched,A unique odds row was assigned.,2,1,1,98.80952380952381,98.80952380952381,,84.0,84.0
8720,84,matched,A unique odds row was assigned.,1,1,1,99.04761904761905,99.04761904761905,,83.0,83.0
8721,85,matched,A unique odds row was assigned.,1,1,1,99.04761904761905,99.04761904761905,,82.0,82.0
8722,86,matched,A unique odds row was assigned.,4,2,1,99.28571428571429,99.28571428571429,,81.0,81.0
8723,87,matched,A unique odds row was assigned.,2,1,1,99.28571428571429,99.28571428571429,,80.0,80.0
8724,88,no_pair_candidate,No valid odds row contains the same unordered player pair.,0,0,0,,,,,
8725,89,matched,A unique odds row was assigned.,1,1,1,99.28571428571429,99.28571428571429,,79.0,79.0
8726,90,matched,A unique odds row was assigned.,1,1,1,99.52380952380952,99.52380952380952,,74.0,74.0
8727,91,matched,A unique odds row was assigned.,2,1,1,99.52380952380952,99.52380952380952,,72.0,72.0
8728,92,matched,A unique odds row was assigned.,2,1,1,99.52380952380952,99.52380952380952,,77.0,77.0
8729,93,matched,A unique odds row was assigned.,1,1,1,99.52380952380952,99.52380952380952,,76.0,76.0
8730,94,no_pair_candidate,No valid odds row contains the same unordered player pair.,0,0,0,,,,,
8731,95,matched,A unique odds row was assigned.,1,1,1,99.52380952380952,99.52380952380952,,73.0,73.0
8732,96,matched,A unique odds row was assigned.,1,1,1,99.52380952380952,99.52380952380952,,75.0,75.0
8733,97,matched,A unique odds row was assigned.,2,1,1,99.52380952380952,99.52380952380952,,71.0,71.0
8734,98,matched,A unique odds row was assigned.,1,1,1,99.76190476190476,99.76190476190476,,64.0,64.0
8735,99,matched,A unique odds row was assigned.,1,1,1,100.0,100.0,,60.0,60.0
8736,100,matched,A unique odds row was assigned.,1,1,1,100.0,100.0,,58.0,58.0
8737,101,matched,A unique odds row was assigned.,1,1,1,99.76190476190476,99.76190476190476,,65.0,65.0
8738,102,matched,A unique odds row was assigned.,1,1,1,99.76190476190476,99.76190476190476,,69.0,69.0
8739,103,matched,A unique odds row was assigned.,1,1,1,99.76190476190476,99.76190476190476,,68.0,68.0
8740,104,matched,A unique odds row was assigned.,1,1,1,100.0,100.0,,59.0,59.0
8741,105,no_pair_candidate,No valid odds row contains the same unordered player pair.,0,0,0,,,,,
8742,106,matched,A unique odds row was assigned.,1,1,1,99.76190476190476,99.76190476190476,,66.0,66.0
8743,107,matched,A unique odds row was assigned.,1,1,1,99.76190476190476,99.76190476190476,,67.0,67.0
8744,108,matched,A unique odds row was assigned.,1,1,1,100.0,100.0,,61.0,61.0
8745,109,matched,A unique odds row was assigned.,1,1,1,100.0,100.0,,62.0,62.0
8746,110,matched,A unique odds row was assigned.,1,1,1,62.335839598997495,62.335839598997495,,111.0,111.0
8747,111,matched,A unique odds row was assigned.,1,1,1,62.573934837092736,62.573934837092736,,109.0,109.0
8748,112,matched,A unique odds row was assigned.,1,1,1,62.573934837092736,62.573934837092736,,110.0,110.0
8749,113,matched,A unique odds row was assigned.,2,1,1,62.81203007518797,62.81203007518797,,106.0,106.0
8750,114,matched,A unique odds row was assigned.,1,1,1,63.05012531328321,63.05012531328321,,105.0,105.0
8751,115,matched,A unique odds row was assigned.,4,1,1,62.81203007518797,62.81203007518797,,108.0,108.0
8752,116,matched,A unique odds row was assigned.,1,1,1,62.81203007518797,62.81203007518797,,107.0,107.0
8753,117,matched,A unique odds row was assigned.,2,1,1,63.05012531328321,63.05012531328321,,100.0,100.0
8754,118,matched,A unique odds row was assigned.,1,1,1,63.05012531328321,63.05012531328321,,101.0,101.0
8755,119,matched,A unique odds row was assigned.,1,1,1,63.288220551378444,63.288220551378444,,97.0,97.0
8756,120,matched,A unique odds row was assigned.,1,1,1,63.05012531328321,63.05012531328321,,99.0,99.0
8757,121,matched,A unique odds row was assigned.,2,1,1,63.05012531328321,63.05012531328321,,102.0,102.0
8758,122,matched,A unique odds row was assigned.,1,1,1,63.288220551378444,63.288220551378444,,98.0,98.0
8759,123,matched,A unique odds row was assigned.,1,1,1,63.05012531328321,63.05012531328321,,103.0,103.0
8760,124,matched,A unique odds row was assigned.,2,1,1,63.05012531328321,63.05012531328321,,104.0,104.0
8761,125,matched,A unique odds row was assigned.,1,1,1,63.526315789473685,63.526315789473685,,92.0,92.0
8762,126,matched,A unique odds row was assigned.,2,1,1,63.526315789473685,63.526315789473685,,93.0,93.0
8763,127,matched,A unique odds row was assigned.,1,1,1,63.288220551378444,63.288220551378444,,94.0,94.0
8764,128,matched,A unique odds row was assigned.,1,1,1,63.526315789473685,63.526315789473685,,90.0,90.0
8765,129,matched,A unique odds row was assigned.,2,1,1,61.85964912280702,61.85964912280702,,86.0,86.0
8766,130,matched,A unique odds row was assigned.,1,1,1,63.288220551378444,63.288220551378444,,95.0,95.0
8767,131,matched,A unique odds row was assigned.,1,1,1,63.288220551378444,63.288220551378444,,96.0,96.0
8768,132,matched,A unique odds row was assigned.,2,1,1,63.526315789473685,63.526315789473685,,91.0,91.0
8769,133,matched,A unique odds row was assigned.,1,1,1,61.85964912280702,61.85964912280702,,85.0,85.0
8770,134,matched,A unique odds row was assigned.,2,1,1,63.526315789473685,63.526315789473685,,89.0,89.0
8771,135,matched,A unique odds row was assigned.,1,1,1,63.526315789473685,63.526315789473685,,88.0,88.0
8772,136,matched,A unique odds row was assigned.,1,1,1,63.526315789473685,63.526315789473685,,87.0,87.0
8773,137,matched,A unique odds row was assigned.,1,1,1,98.33333333333333,98.33333333333333,,126.0,126.0
8774,138,matched,A unique odds row was assigned.,1,1,1,100.0,100.0,,136.0,136.0
8775,139,matched,A unique odds row was assigned.,1,1,1,100.0,100.0,,147.0,147.0
8776,140,matched,A unique odds row was assigned.,2,1,1,100.0,100.0,,146.0,146.0
8777,141,matched,A unique odds row was assigned.,2,1,1,100.0,100.0,,137.0,137.0
8778,142,matched,A unique odds row was assigned.,1,1,1,98.33333333333333,98.33333333333333,,113.0,113.0
8779,143,no_pair_candidate,No valid odds row contains the same unordered player pair.,0,0,0,,,,,
8780,144,matched,A unique odds row was assigned.,2,1,1,100.0,100.0,,134.0,134.0
8781,145,matched,A unique odds row was assigned.,1,1,1,98.33333333333333,98.33333333333333,,123.0,123.0
8782,146,matched,A unique odds row was assigned.,2,1,1,100.0,100.0,,132.0,132.0
8783,147,matched,A unique odds row was assigned.,1,1,1,98.33333333333333,98.33333333333333,,117.0,117.0
8784,148,matched,A unique odds row was assigned.,1,1,1,98.33333333333333,98.33333333333333,,116.0,116.0
8785,149,matched,A unique odds row was assigned.,1,1,1,100.0,100.0,,130.0,130.0
8786,150,matched,A unique odds row was assigned.,1,1,1,100.0,100.0,,138.0,138.0
8787,151,matched,A unique odds row was assigned.,2,1,1,100.0,100.0,,142.0,142.0
8788,152,matched,A unique odds row was assigned.,1,1,1,100.0,100.0,,139.0,139.0
8789,153,matched,A unique odds row was assigned.,2,1,1,98.33333333333333,98.33333333333333,,114.0,114.0
8790,154,matched,A unique odds row was assigned.,1,1,1,98.33333333333333,98.33333333333333,,121.0,121.0
8791,155,matched,A unique odds row was assigned.,1,1,1,98.33333333333333,98.33333333333333,,124.0,124.0
8792,156,matched,A unique odds row was assigned.,1,1,1,98.33333333333333,98.33333333333333,,122.0,122.0
8793,157,matched,A unique odds row was assigned.,2,1,1,98.33333333333333,98.33333333333333,,127.0,127.0
8794,158,matched,A unique odds row was assigned.,1,1,1,98.33333333333333,98.33333333333333,,119.0,119.0
8795,159,matched,A unique odds row was assigned.,1,1,1,100.0,100.0,,143.0,143.0
8796,160,matched,A unique odds row was assigned.,1,1,1,100.0,100.0,,141.0,141.0
8797,161,matched,A unique odds row was assigned.,2,1,1,100.0,100.0,,151.0,151.0
8798,162,matched,A unique odds row was assigned.,1,1,1,98.33333333333333,98.33333333333333,,112.0,112.0
8799,163,matched,A unique odds row was assigned.,1,1,1,98.33333333333333,98.33333333333333,,115.0,115.0
8800,164,matched,A unique odds row was assigned.,2,1,1,100.0,100.0,,131.0,131.0
8801,165,matched,A unique odds row was assigned.,1,1,1,100.0,100.0,,128.0,128.0
8802,166,matched,A unique odds row was assigned.,1,1,1,98.33333333333333,98.33333333333333,,125.0,125.0
8803,167,matched,A unique odds row was assigned.,1,1,1,100.0,100.0,,145.0,145.0
8804,168,matched,A unique odds row was assigned.,2,1,1,98.33333333333333,98.33333333333333,,118.0,118.0
8805,169,matched,A unique odds row was assigned.,2,1,1,99.76190476190476,99.76190476190476,,168.0,168.0
8806,170,matched,A unique odds row was assigned.,1,1,1,99.76190476190476,99.76190476190476,,159.0,159.0
8807,171,matched,A unique odds row was assigned.,1,1,1,99.76190476190476,99.76190476190476,,160.0,160.0
8808,172,matched,A unique odds row was assigned.,1,1,1,99.76190476190476,99.76190476190476,,161.0,161.0
8809,173,matched,A unique odds row was assigned.,2,1,1,100.0,100.0,,148.0,148.0
8810,174,no_pair_candidate,No valid odds row contains the same unordered player pair.,0,0,0,,,,,
8811,175,matched,A unique odds row was assigned.,1,1,1,100.0,100.0,,140.0,140.0
8812,176,matched,A unique odds row was assigned.,1,1,1,100.0,100.0,,152.0,152.0
8813,177,matched,A unique odds row was assigned.,2,1,1,99.76190476190476,99.76190476190476,,164.0,164.0
8814,178,matched,A unique odds row was assigned.,1,1,1,99.76190476190476,99.76190476190476,,172.0,172.0
8815,179,matched,A unique odds row was assigned.,1,1,1,100.0,100.0,,149.0,149.0
8816,180,matched,A unique odds row was assigned.,1,1,1,100.0,100.0,,135.0,135.0
8817,181,matched,A unique odds row was assigned.,1,1,1,100.0,100.0,,154.0,154.0
8818,182,matched,A unique odds row was assigned.,2,1,1,100.0,100.0,,150.0,150.0
8819,183,matched,A unique odds row was assigned.,1,1,1,100.0,100.0,,129.0,129.0
8820,184,matched,A unique odds row was assigned.,1,1,1,100.0,100.0,,133.0,133.0
8821,185,matched,A unique odds row was assigned.,1,1,1,99.76190476190476,99.76190476190476,,174.0,174.0
8822,186,matched,A unique odds row was assigned.,1,1,1,99.76190476190476,99.76190476190476,,166.0,166.0
8823,187,matched,A unique odds row was assigned.,1,1,1,99.76190476190476,99.76190476190476,,156.0,156.0
8824,188,matched,A unique odds row was assigned.,1,1,1,99.76190476190476,99.76190476190476,,157.0,157.0
8825,189,matched,A unique odds row was assigned.,1,1,1,99.76190476190476,99.76190476190476,,158.0,158.0
8826,190,matched,A unique odds row was assigned.,1,1,1,99.76190476190476,99.76190476190476,,162.0,162.0
8827,191,matched,A unique odds row was assigned.,1,1,1,99.76190476190476,99.76190476190476,,165.0,165.0
8828,192,no_pair_candidate,No valid odds row contains the same unordered player pair.,0,0,0,,,,,
8829,193,matched,A unique odds row was assigned.,1,1,1,99.76190476190476,99.76190476190476,,171.0,171.0
8830,194,matched,A unique odds row was assigned.,2,1,1,99.76190476190476,99.76190476190476,,167.0,167.0
8831,195,matched,A unique odds row was assigned.,1,1,1,100.0,100.0,,153.0,153.0
8832,196,matched,A unique odds row was assigned.,1,1,1,100.0,100.0,,155.0,155.0
8833,197,matched,A unique odds row was assigned.,1,1,1,99.76190476190476,99.76190476190476,,169.0,169.0
8834,198,matched,A unique odds row was assigned.,1,1,1,99.76190476190476,99.76190476190476,,170.0,170.0
8835,199,matched,A unique odds row was assigned.,2,1,1,99.76190476190476,99.76190476190476,,173.0,173.0
8836,200,matched,A unique odds row was assigned.,1,1,1,99.76190476190476,99.76190476190476,,175.0,175.0
8837,201,matched,A unique odds row was assigned.,3,1,1,99.52380952380952,99.52380952380952,,191.0,191.0
8838,202,matched,A unique odds row was assigned.,1,1,1,99.52380952380952,99.52380952380952,,187.0,187.0
8839,203,matched,A unique odds row was assigned.,1,1,1,99.52380952380952,99.52380952380952,,185.0,185.0
8840,204,no_pair_candidate,No valid odds row contains the same unordered player pair.,0,0,0,,,,,
8841,205,matched,A unique odds row was assigned.,1,1,1,99.52380952380952,99.52380952380952,,182.0,182.0
8842,206,matched,A unique odds row was assigned.,2,1,1,99.52380952380952,99.52380952380952,,183.0,183.0
8843,207,matched,A unique odds row was assigned.,1,1,1,99.52380952380952,99.52380952380952,,180.0,180.0
8844,208,matched,A unique odds row was assigned.,1,1,1,99.52380952380952,99.52380952380952,,188.0,188.0
8845,209,matched,A unique odds row was assigned.,1,1,1,99.52380952380952,99.52380952380952,,176.0,176.0
8846,210,matched,A unique odds row was assigned.,1,1,1,99.52380952380952,99.52380952380952,,178.0,178.0
8847,211,matched,A unique odds row was assigned.,1,1,1,99.52380952380952,99.52380952380952,,186.0,186.0
8848,212,matched,A unique odds row was assigned.,1,1,1,99.52380952380952,99.52380952380952,,181.0,181.0
8849,213,matched,A unique odds row was assigned.,1,1,1,99.52380952380952,99.52380952380952,,177.0,177.0
8850,214,matched,A unique odds row was assigned.,3,1,1,99.52380952380952,99.52380952380952,,179.0,179.0
8851,215,matched,A unique odds row was assigned.,1,1,1,99.52380952380952,99.52380952380952,,189.0,189.0
8852,216,matched,A unique odds row was assigned.,1,1,1,99.52380952380952,99.52380952380952,,190.0,190.0
8853,217,matched,A unique odds row was assigned.,2,1,1,99.28571428571429,99.28571428571429,,204.0,204.0
8854,218,matched,A unique odds row was assigned.,1,1,1,99.28571428571429,99.28571428571429,,201.0,201.0
8855,219,no_pair_candidate,No valid odds row contains the same unordered player pair.,0,0,0,,,,,
8856,220,matched,A unique odds row was assigned.,1,1,1,99.28571428571429,99.28571428571429,,206.0,206.0
8857,221,matched,A unique odds row was assigned.,1,1,1,99.28571428571429,99.28571428571429,,203.0,203.0
8858,222,matched,A unique odds row was assigned.,1,1,1,99.28571428571429,99.28571428571429,,199.0,199.0
8859,223,matched,A unique odds row was assigned.,1,1,1,99.28571428571429,99.28571428571429,,205.0,205.0
8860,224,matched,A unique odds row was assigned.,1,1,1,99.28571428571429,99.28571428571429,,207.0,207.0
8861,225,matched,A unique odds row was assigned.,1,1,1,99.28571428571429,99.28571428571429,,194.0,194.0
8862,226,matched,A unique odds row was assigned.,1,1,1,99.28571428571429,99.28571428571429,,193.0,193.0
8863,227,matched,A unique odds row was assigned.,1,1,1,99.28571428571429,99.28571428571429,,192.0,192.0
8864,228,matched,A unique odds row was assigned.,1,1,1,99.28571428571429,99.28571428571429,,195.0,195.0
8865,229,matched,A unique odds row was assigned.,4,1,1,99.28571428571429,99.28571428571429,,196.0,196.0
8866,230,matched,A unique odds row was assigned.,1,1,1,99.28571428571429,99.28571428571429,,197.0,197.0
8867,231,matched,A unique odds row was assigned.,1,1,1,99.28571428571429,99.28571428571429,,200.0,200.0
8868,232,matched,A unique odds row was assigned.,1,1,1,99.28571428571429,99.28571428571429,,198.0,198.0
8869,233,matched,A unique odds row was assigned.,1,1,1,99.04761904761905,99.04761904761905,,213.0,213.0
8870,234,matched,A unique odds row was assigned.,1,1,1,99.04761904761905,99.04761904761905,,212.0,212.0
8871,235,matched,A unique odds row was assigned.,1,1,1,99.04761904761905,99.04761904761905,,210.0,210.0
8872,236,matched,A unique odds row was assigned.,1,1,1,99.04761904761905,99.04761904761905,,211.0,211.0
8873,237,matched,A unique odds row was assigned.,1,1,1,99.04761904761905,99.04761904761905,,209.0,209.0
8874,238,matched,A unique odds row was assigned.,1,1,1,99.04761904761905,99.04761904761905,,208.0,208.0
8875,239,matched,A unique odds row was assigned.,2,1,1,99.04761904761905,99.04761904761905,,214.0,214.0
8876,240,matched,A unique odds row was assigned.,2,1,1,99.04761904761905,99.04761904761905,,215.0,215.0
8877,241,matched,A unique odds row was assigned.,1,1,1,98.80952380952381,98.80952380952381,,218.0,218.0
8878,242,matched,A unique odds row was assigned.,3,1,1,98.80952380952381,98.80952380952381,,217.0,217.0
8879,243,matched,A unique odds row was assigned.,1,1,1,98.80952380952381,98.80952380952381,,221.0,221.0
8880,244,matched,A unique odds row was assigned.,1,1,1,98.80952380952381,98.80952380952381,,222.0,222.0
8881,245,matched,A unique odds row was assigned.,1,1,1,98.80952380952381,98.80952380952381,,223.0,223.0
8882,246,matched,A unique odds row was assigned.,2,1,1,98.80952380952381,98.80952380952381,,220.0,220.0
8883,247,matched,A unique odds row was assigned.,2,1,1,98.80952380952381,98.80952380952381,,216.0,216.0
8884,248,matched,A unique odds row was assigned.,2,1,1,98.80952380952381,98.80952380952381,,219.0,219.0
8885,249,matched,A unique odds row was assigned.,1,1,1,98.57142857142857,98.57142857142857,,224.0,224.0
8886,250,matched,A unique odds row was assigned.,1,1,1,98.57142857142857,98.57142857142857,,225.0,225.0
8887,251,matched,A unique odds row was assigned.,2,1,1,98.57142857142857,98.57142857142857,,226.0,226.0
8888,252,matched,A unique odds row was assigned.,2,1,1,98.57142857142857,98.57142857142857,,227.0,227.0
8889,253,matched,A unique odds row was assigned.,1,1,1,98.33333333333333,98.33333333333333,,229.0,229.0
8890,254,matched,A unique odds row was assigned.,3,1,1,98.33333333333333,98.33333333333333,,228.0,228.0
8891,255,matched,A unique odds row was assigned.,2,1,1,98.33333333333333,98.33333333333333,,230.0,230.0
8892,256,matched,A unique odds row was assigned.,1,1,1,98.33333333333333,98.33333333333333,,231.0,231.0
8893,257,matched,A unique odds row was assigned.,2,1,1,98.0952380952381,98.0952380952381,,232.0,232.0
8894,258,matched,A unique odds row was assigned.,3,1,1,98.0952380952381,98.0952380952381,,233.0,233.0
8895,259,matched,A unique odds row was assigned.,1,1,1,97.85714285714286,97.85714285714286,,234.0,234.0
8896,260,matched,A unique odds row was assigned.,4,1,1,97.85714285714286,97.85714285714286,,235.0,235.0
8897,261,matched,A unique odds row was assigned.,2,1,1,97.38095238095238,97.38095238095238,,236.0,236.0
8898,262,matched,A unique odds row was assigned.,1,1,1,97.38095238095238,97.38095238095238,,237.0,237.0
8899,263,matched,A unique odds row was assigned.,6,1,1,96.9047619047619,96.9047619047619,,238.0,238.0
8900,264,matched,A unique odds row was assigned.,3,2,1,50.904761904761905,50.904761904761905,,265.0,265.0
8901,265,matched,A unique odds row was assigned.,1,1,1,51.142857142857146,51.142857142857146,,264.0,264.0
8902,266,matched,A unique odds row was assigned.,1,1,1,51.142857142857146,51.142857142857146,,263.0,263.0
8903,267,matched,A unique odds row was assigned.,2,1,1,51.38095238095238,51.38095238095238,,261.0,261.0
8904,268,matched,A unique odds row was assigned.,1,1,1,51.38095238095238,51.38095238095238,,262.0,262.0
8905,269,matched,A unique odds row was assigned.,1,1,1,51.38095238095238,51.38095238095238,,260.0,260.0
8906,270,matched,A unique odds row was assigned.,1,1,1,51.38095238095238,51.38095238095238,,259.0,259.0
8907,271,matched,A unique odds row was assigned.,1,1,1,51.61904761904762,51.61904761904762,,258.0,258.0
8908,272,matched,A unique odds row was assigned.,1,1,1,51.85714285714286,51.85714285714286,,251.0,251.0
8909,273,matched,A unique odds row was assigned.,2,1,1,51.61904761904762,51.61904761904762,,255.0,255.0
8910,274,matched,A unique odds row was assigned.,1,1,1,51.61904761904762,51.61904761904762,,256.0,256.0
8911,275,matched,A unique odds row was assigned.,1,1,1,51.85714285714286,51.85714285714286,,252.0,252.0
8912,276,matched,A unique odds row was assigned.,1,1,1,51.61904761904762,51.61904761904762,,257.0,257.0
8913,277,matched,A unique odds row was assigned.,1,1,1,51.61904761904762,51.61904761904762,,254.0,254.0
8914,278,matched,A unique odds row was assigned.,1,1,1,51.85714285714286,51.85714285714286,,253.0,253.0
8915,279,matched,A unique odds row was assigned.,1,1,1,52.095238095238095,52.095238095238095,,247.0,247.0
8916,280,matched,A unique odds row was assigned.,1,1,1,52.333333333333336,52.333333333333336,,239.0,239.0
8917,281,matched,A unique odds row was assigned.,1,1,1,52.095238095238095,52.095238095238095,,242.0,242.0
8918,282,matched,A unique odds row was assigned.,1,1,1,52.333333333333336,52.333333333333336,,241.0,241.0
8919,283,matched,A unique odds row was assigned.,1,1,1,51.85714285714286,51.85714285714286,,249.0,249.0
8920,284,matched,A unique odds row was assigned.,1,1,1,51.85714285714286,51.85714285714286,,250.0,250.0
8921,285,matched,A unique odds row was assigned.,1,1,1,52.333333333333336,52.333333333333336,,240.0,240.0
8922,286,matched,A unique odds row was assigned.,1,1,1,52.095238095238095,52.095238095238095,,244.0,244.0
8923,287,matched,A unique odds row was assigned.,1,1,1,52.095238095238095,52.095238095238095,,246.0,246.0
8924,288,matched,A unique odds row was assigned.,1,1,1,51.85714285714286,51.85714285714286,,248.0,248.0
8925,289,matched,A unique odds row was assigned.,1,1,1,52.095238095238095,52.095238095238095,,243.0,243.0
8926,290,matched,A unique odds row was assigned.,2,2,2,70.5952380952381,52.095238095238095,-18.500000000000007,245.0,245.0
8927,291,matched,A unique odds row was assigned.,2,1,1,98.57142857142857,98.57142857142857,,292.0,292.0
8928,292,matched,A unique odds row was assigned.,1,1,1,98.80952380952381,98.80952380952381,,290.0,290.0
8929,293,matched,A unique odds row was assigned.,4,2,1,98.80952380952381,98.80952380952381,,291.0,291.0
8930,294,matched,A unique odds row was assigned.,1,1,1,99.04761904761905,99.04761904761905,,287.0,287.0
8931,295,matched,A unique odds row was assigned.,1,1,1,99.04761904761905,99.04761904761905,,286.0,286.0
8932,296,matched,A unique odds row was assigned.,1,1,1,99.04761904761905,99.04761904761905,,288.0,288.0
8933,297,matched,A unique odds row was assigned.,2,2,1,99.04761904761905,99.04761904761905,,289.0,289.0
8934,298,matched,A unique odds row was assigned.,1,1,1,99.52380952380952,99.52380952380952,,280.0,280.0
8935,299,matched,A unique odds row was assigned.,1,1,1,99.52380952380952,99.52380952380952,,279.0,279.0
8936,300,matched,A unique odds row was assigned.,1,1,1,99.28571428571429,99.28571428571429,,281.0,281.0
8937,301,no_pair_candidate,No valid odds row contains the same unordered player pair.,0,0,0,,,,,
8938,302,matched,A unique odds row was assigned.,1,1,1,99.04761904761905,99.04761904761905,,283.0,283.0
8939,303,matched,A unique odds row was assigned.,2,1,1,99.28571428571429,99.28571428571429,,282.0,282.0
8940,304,matched,A unique odds row was assigned.,1,1,1,99.04761904761905,99.04761904761905,,285.0,285.0
8941,305,matched,A unique odds row was assigned.,1,1,1,99.04761904761905,99.04761904761905,,284.0,284.0
8942,306,matched,A unique odds row was assigned.,1,1,1,100.0,100.0,,266.0,266.0
8943,307,matched,A unique odds row was assigned.,1,1,1,100.0,100.0,,267.0,267.0
8944,308,matched,A unique odds row was assigned.,1,1,1,99.76190476190476,99.76190476190476,,273.0,273.0
8945,309,matched,A unique odds row was assigned.,1,1,1,99.76190476190476,99.76190476190476,,274.0,274.0
8946,310,no_pair_candidate,No valid odds row contains the same unordered player pair.,0,0,0,,,,,
8947,311,matched,A unique odds row was assigned.,1,1,1,99.76190476190476,99.76190476190476,,271.0,271.0
8948,312,matched,A unique odds row was assigned.,1,1,1,99.76190476190476,99.76190476190476,,276.0,276.0
8949,313,matched,A unique odds row was assigned.,1,1,1,99.76190476190476,99.76190476190476,,275.0,275.0
8950,314,no_pair_candidate,No valid odds row contains the same unordered player pair.,0,0,0,,,,,
8951,315,matched,A unique odds row was assigned.,1,1,1,99.52380952380952,99.52380952380952,,277.0,277.0
8952,316,matched,A unique odds row was assigned.,1,1,1,99.76190476190476,99.76190476190476,,270.0,270.0
8953,317,matched,A unique odds row was assigned.,1,1,1,100.0,100.0,,268.0,268.0
8954,318,matched,A unique odds row was assigned.,1,1,1,98.57142857142857,98.57142857142857,,319.0,319.0
8955,319,matched,A unique odds row was assigned.,2,2,1,98.80952380952381,98.80952380952381,,318.0,318.0
8956,320,matched,A unique odds row was assigned.,1,1,1,98.80952380952381,98.80952380952381,,317.0,317.0
8957,321,matched,A unique odds row was assigned.,1,1,1,98.80952380952381,98.80952380952381,,315.0,315.0
8958,322,matched,A unique odds row was assigned.,1,1,1,98.80952380952381,98.80952380952381,,316.0,316.0
8959,323,matched,A unique odds row was assigned.,1,1,1,99.04761904761905,99.04761904761905,,314.0,314.0
8960,324,matched,A unique odds row was assigned.,2,1,1,99.04761904761905,99.04761904761905,,313.0,313.0
8961,325,matched,A unique odds row was assigned.,1,1,1,99.04761904761905,99.04761904761905,,311.0,311.0
8962,326,matched,A unique odds row was assigned.,2,1,1,99.52380952380952,99.52380952380952,,305.0,305.0
8963,327,matched,A unique odds row was assigned.,1,1,1,99.04761904761905,99.04761904761905,,312.0,312.0
8964,328,matched,A unique odds row was assigned.,1,1,1,99.52380952380952,99.52380952380952,,306.0,306.0
8965,329,matched,A unique odds row was assigned.,1,1,1,99.28571428571429,99.28571428571429,,310.0,310.0
8966,330,matched,A unique odds row was assigned.,1,1,1,99.28571428571429,99.28571428571429,,307.0,307.0
8967,331,matched,A unique odds row was assigned.,1,1,1,99.28571428571429,99.28571428571429,,309.0,309.0
8968,332,matched,A unique odds row was assigned.,1,1,1,99.28571428571429,99.28571428571429,,308.0,308.0
8969,333,matched,A unique odds row was assigned.,1,1,1,99.76190476190476,99.76190476190476,,295.0,295.0
8970,334,no_pair_candidate,No valid odds row contains the same unordered player pair.,0,0,0,,,,,
8971,335,matched,A unique odds row was assigned.,1,1,1,99.76190476190476,99.76190476190476,,294.0,294.0
8972,336,matched,A unique odds row was assigned.,1,1,1,99.76190476190476,99.76190476190476,,300.0,300.0
8973,337,matched,A unique odds row was assigned.,1,1,1,99.76190476190476,99.76190476190476,,296.0,296.0
8974,338,matched,A unique odds row was assigned.,1,1,1,99.76190476190476,99.76190476190476,,298.0,298.0
8975,339,matched,A unique odds row was assigned.,1,1,1,99.52380952380952,99.52380952380952,,301.0,301.0
8976,340,matched,A unique odds row was assigned.,1,1,1,99.52380952380952,99.52380952380952,,303.0,303.0
8977,341,matched,A unique odds row was assigned.,1,1,1,99.76190476190476,99.76190476190476,,299.0,299.0
8978,342,matched,A unique odds row was assigned.,1,1,1,99.52380952380952,99.52380952380952,,302.0,302.0
8979,343,matched,A unique odds row was assigned.,1,1,1,99.52380952380952,99.52380952380952,,304.0,304.0
8980,344,matched,A unique odds row was assigned.,1,1,1,100.0,100.0,,293.0,293.0
8981,345,matched,A unique odds row was assigned.,1,1,1,71.07142857142857,71.07142857142857,,346.0,346.0
8982,346,matched,A unique odds row was assigned.,3,1,1,71.30952380952381,71.30952380952381,,344.0,344.0
8983,347,matched,A unique odds row was assigned.,2,1,1,71.30952380952381,71.30952380952381,,345.0,345.0
8984,348,matched,A unique odds row was assigned.,1,1,1,71.54761904761905,71.54761904761905,,341.0,341.0
8985,349,matched,A unique odds row was assigned.,1,1,1,71.54761904761905,71.54761904761905,,340.0,340.0
8986,350,no_pair_candidate,No valid odds row contains the same unordered player pair.,0,0,0,,,,,
8987,351,matched,A unique odds row was assigned.,2,1,1,71.54761904761905,71.54761904761905,,343.0,343.0
8988,352,matched,A unique odds row was assigned.,2,1,1,71.78571428571429,71.78571428571429,,338.0,338.0
8989,353,matched,A unique odds row was assigned.,1,1,1,72.02380952380952,72.02380952380952,,332.0,332.0
8990,354,matched,A unique odds row was assigned.,1,1,1,72.02380952380952,72.02380952380952,,334.0,334.0
8991,355,matched,A unique odds row was assigned.,1,1,1,71.78571428571429,71.78571428571429,,335.0,335.0
8992,356,no_pair_candidate,No valid odds row contains the same unordered player pair.,0,0,0,,,,,
8993,357,matched,A unique odds row was assigned.,2,1,1,72.02380952380952,72.02380952380952,,333.0,333.0
8994,358,matched,A unique odds row was assigned.,1,1,1,71.78571428571429,71.78571428571429,,339.0,339.0
8995,359,matched,A unique odds row was assigned.,2,1,1,71.78571428571429,71.78571428571429,,337.0,337.0
8996,360,matched,A unique odds row was assigned.,1,1,1,72.5,72.5,,322.0,322.0
8997,361,matched,A unique odds row was assigned.,2,1,1,72.26190476190476,72.26190476190476,,325.0,325.0
8998,362,matched,A unique odds row was assigned.,1,1,1,72.5,72.5,,320.0,320.0
8999,363,matched,A unique odds row was assigned.,2,1,1,72.26190476190476,72.26190476190476,,327.0,327.0
9000,364,matched,A unique odds row was assigned.,1,1,1,72.02380952380952,72.02380952380952,,330.0,330.0
9001,365,matched,A unique odds row was assigned.,1,1,1,72.26190476190476,72.26190476190476,,323.0,323.0
9002,366,matched,A unique odds row was assigned.,1,1,1,72.02380952380952,72.02380952380952,,331.0,331.0
9003,367,no_pair_candidate,No valid odds row contains the same unordered player pair.,0,0,0,,,,,
9004,368,matched,A unique odds row was assigned.,1,1,1,72.5,72.5,,321.0,321.0
9005,369,matched,A unique odds row was assigned.,1,1,1,72.26190476190476,72.26190476190476,,329.0,329.0
9006,370,matched,A unique odds row was assigned.,1,1,1,72.26190476190476,72.26190476190476,,326.0,326.0
9007,371,matched,A unique odds row was assigned.,1,1,1,72.26190476190476,72.26190476190476,,328.0,328.0
9008,372,matched,A unique odds row was assigned.,1,1,1,98.33333333333333,98.33333333333333,,400.0,400.0
9009,373,matched,A unique odds row was assigned.,1,1,1,98.57142857142857,98.57142857142857,,399.0,399.0
9010,374,matched,A unique odds row was assigned.,1,1,1,98.80952380952381,98.80952380952381,,398.0,398.0
9011,375,matched,A unique odds row was assigned.,1,1,1,98.80952380952381,98.80952380952381,,397.0,397.0
9012,376,matched,A unique odds row was assigned.,1,1,1,99.04761904761905,99.04761904761905,,396.0,396.0
9013,377,matched,A unique odds row was assigned.,1,1,1,99.04761904761905,99.04761904761905,,394.0,394.0
9014,378,matched,A unique odds row was assigned.,1,1,1,99.04761904761905,99.04761904761905,,395.0,395.0
9015,379,matched,A unique odds row was assigned.,1,1,1,99.28571428571429,99.28571428571429,,389.0,389.0
9016,380,matched,A unique odds row was assigned.,2,1,1,99.52380952380952,99.52380952380952,,387.0,387.0
9017,381,matched,A unique odds row was assigned.,2,2,1,99.52380952380952,99.52380952380952,,388.0,388.0
9018,382,matched,A unique odds row was assigned.,1,1,1,99.52380952380952,99.52380952380952,,386.0,386.0
9019,383,no_pair_candidate,No valid odds row contains the same unordered player pair.,0,0,0,,,,,
9020,384,matched,A unique odds row was assigned.,2,1,1,99.28571428571429,99.28571428571429,,391.0,391.0
9021,385,matched,A unique odds row was assigned.,1,1,1,99.28571428571429,99.28571428571429,,392.0,392.0
9022,386,matched,A unique odds row was assigned.,1,1,1,99.04761904761905,99.04761904761905,,393.0,393.0
9023,387,matched,A unique odds row was assigned.,1,1,1,100.0,100.0,,376.0,376.0
9024,388,matched,A unique odds row was assigned.,1,1,1,99.76190476190476,99.76190476190476,,378.0,378.0
9025,389,matched,A unique odds row was assigned.,1,1,1,100.0,100.0,,375.0,375.0
9026,390,matched,A unique odds row was assigned.,1,1,1,99.76190476190476,99.76190476190476,,384.0,384.0
9027,391,matched,A unique odds row was assigned.,1,1,1,100.0,100.0,,374.0,374.0
9028,392,matched,A unique odds row was assigned.,1,1,1,99.76190476190476,99.76190476190476,,377.0,377.0
9029,393,matched,A unique odds row was assigned.,1,1,1,99.76190476190476,99.76190476190476,,379.0,379.0
9030,394,no_pair_candidate,No valid odds row contains the same unordered player pair.,0,0,0,,,,,
9031,395,matched,A unique odds row was assigned.,1,1,1,99.52380952380952,99.52380952380952,,385.0,385.0
9032,396,matched,A unique odds row was assigned.,1,1,1,99.76190476190476,99.76190476190476,,380.0,380.0
9033,397,matched,A unique odds row was assigned.,1,1,1,99.76190476190476,99.76190476190476,,382.0,382.0
9034,398,matched,A unique odds row was assigned.,1,1,1,99.76190476190476,99.76190476190476,,383.0,383.0
9035,399,matched,A unique odds row was assigned.,1,1,1,56.14285714285714,56.14285714285714,,373.0,373.0
9036,400,matched,A unique odds row was assigned.,2,1,1,56.38095238095238,56.38095238095238,,372.0,372.0
9037,401,matched,A unique odds row was assigned.,2,1,1,56.38095238095238,56.38095238095238,,371.0,371.0
9038,402,matched,A unique odds row was assigned.,1,1,1,56.61904761904762,56.61904761904762,,369.0,369.0
9039,403,matched,A unique odds row was assigned.,3,1,1,56.61904761904762,56.61904761904762,,370.0,370.0
9040,404,matched,A unique odds row was assigned.,1,1,1,56.61904761904762,56.61904761904762,,367.0,367.0
9041,405,matched,A unique odds row was assigned.,1,1,1,56.61904761904762,56.61904761904762,,368.0,368.0
9042,406,matched,A unique odds row was assigned.,1,1,1,56.857142857142854,56.857142857142854,,365.0,365.0
9043,407,matched,A unique odds row was assigned.,1,1,1,56.857142857142854,56.857142857142854,,363.0,363.0
9044,408,matched,A unique odds row was assigned.,1,1,1,57.095238095238095,57.095238095238095,,362.0,362.0
9045,409,matched,A unique odds row was assigned.,2,1,1,57.095238095238095,57.095238095238095,,359.0,359.0
9046,410,matched,A unique odds row was assigned.,1,1,1,57.095238095238095,57.095238095238095,,360.0,360.0
9047,411,matched,A unique odds row was assigned.,1,1,1,57.095238095238095,57.095238095238095,,361.0,361.0
9048,412,matched,A unique odds row was assigned.,4,2,1,56.857142857142854,56.857142857142854,,366.0,366.0
9049,413,matched,A unique odds row was assigned.,1,1,1,56.857142857142854,56.857142857142854,,364.0,364.0
9050,414,matched,A unique odds row was assigned.,1,1,1,57.33333333333333,57.33333333333333,,354.0,354.0
9051,415,matched,A unique odds row was assigned.,1,1,1,57.33333333333333,57.33333333333333,,353.0,353.0
9052,416,matched,A unique odds row was assigned.,1,1,1,57.57142857142857,57.57142857142857,,348.0,348.0
9053,417,matched,A unique odds row was assigned.,1,1,1,57.57142857142857,57.57142857142857,,349.0,349.0
9054,418,matched,A unique odds row was assigned.,1,1,1,57.33333333333333,57.33333333333333,,355.0,355.0
9055,419,matched,A unique odds row was assigned.,1,1,1,57.33333333333333,57.33333333333333,,350.0,350.0
9056,420,matched,A unique odds row was assigned.,2,1,1,57.33333333333333,57.33333333333333,,357.0,357.0
9057,421,matched,A unique odds row was assigned.,2,1,1,57.33333333333333,57.33333333333333,,351.0,351.0
9058,422,matched,A unique odds row was assigned.,1,1,1,57.57142857142857,57.57142857142857,,347.0,347.0
9059,423,matched,A unique odds row was assigned.,1,1,1,57.095238095238095,57.095238095238095,,358.0,358.0
9060,424,matched,A unique odds row was assigned.,4,1,1,57.33333333333333,57.33333333333333,,356.0,356.0
9061,425,matched,A unique odds row was assigned.,1,1,1,57.33333333333333,57.33333333333333,,352.0,352.0
9062,426,matched,A unique odds row was assigned.,2,1,1,58.87577639751552,58.87577639751552,,431.0,431.0
9063,427,matched,A unique odds row was assigned.,3,1,1,59.113871635610764,59.113871635610764,,430.0,430.0
9064,428,matched,A unique odds row was assigned.,1,1,1,59.113871635610764,59.113871635610764,,429.0,429.0
9065,429,matched,A unique odds row was assigned.,1,1,1,59.351966873706004,59.351966873706004,,428.0,428.0
9066,430,matched,A unique odds row was assigned.,1,1,1,59.351966873706004,59.351966873706004,,427.0,427.0
9067,431,matched,A unique odds row was assigned.,1,1,1,59.351966873706004,59.351966873706004,,425.0,425.0
9068,432,matched,A unique odds row was assigned.,2,1,1,59.351966873706004,59.351966873706004,,426.0,426.0
9069,433,matched,A unique odds row was assigned.,1,1,1,59.59006211180124,59.59006211180124,,423.0,423.0
9070,434,matched,A unique odds row was assigned.,1,1,1,59.82815734989648,59.82815734989648,,417.0,417.0
9071,435,matched,A unique odds row was assigned.,1,1,1,59.59006211180124,59.59006211180124,,422.0,422.0
9072,436,matched,A unique odds row was assigned.,1,1,1,59.59006211180124,59.59006211180124,,424.0,424.0
9073,437,matched,A unique odds row was assigned.,2,1,1,59.59006211180124,59.59006211180124,,420.0,420.0
9074,438,matched,A unique odds row was assigned.,2,1,1,59.59006211180124,59.59006211180124,,421.0,421.0
9075,439,matched,A unique odds row was assigned.,1,1,1,59.82815734989648,59.82815734989648,,418.0,418.0
9076,440,matched,A unique odds row was assigned.,2,1,1,59.82815734989648,59.82815734989648,,419.0,419.0
9077,441,matched,A unique odds row was assigned.,2,1,1,59.82815734989648,59.82815734989648,,416.0,416.0
9078,442,matched,A unique odds row was assigned.,1,1,1,59.82815734989648,59.82815734989648,,413.0,413.0
9079,443,matched,A unique odds row was assigned.,1,1,1,60.30434782608695,60.30434782608695,,402.0,402.0
9080,444,matched,A unique odds row was assigned.,3,1,1,60.06625258799171,60.06625258799171,,405.0,405.0
9081,445,matched,A unique odds row was assigned.,1,1,1,60.06625258799171,60.06625258799171,,411.0,411.0
9082,446,matched,A unique odds row was assigned.,1,1,1,60.30434782608695,60.30434782608695,,403.0,403.0
9083,447,matched,A unique odds row was assigned.,1,1,1,60.06625258799171,60.06625258799171,,409.0,409.0
9084,448,matched,A unique odds row was assigned.,1,1,1,59.82815734989648,59.82815734989648,,412.0,412.0
9085,449,matched,A unique odds row was assigned.,1,1,1,59.82815734989648,59.82815734989648,,414.0,414.0
9086,450,matched,A unique odds row was assigned.,1,1,1,60.06625258799171,60.06625258799171,,407.0,407.0
9087,451,no_pair_candidate,No valid odds row contains the same unordered player pair.,0,0,0,,,,,
9088,452,matched,A unique odds row was assigned.,2,1,1,59.82815734989648,59.82815734989648,,415.0,415.0
9089,453,matched,A unique odds row was assigned.,2,1,1,60.06625258799171,60.06625258799171,,408.0,408.0
9090,454,matched,A unique odds row was assigned.,1,1,1,60.30434782608695,60.30434782608695,,401.0,401.0
9091,455,matched,A unique odds row was assigned.,1,1,1,60.30434782608695,60.30434782608695,,404.0,404.0
9092,456,matched,A unique odds row was assigned.,1,1,1,60.06625258799171,60.06625258799171,,410.0,410.0
9093,457,matched,A unique odds row was assigned.,1,1,1,48.0,48.0,,458.0,458.0
9094,458,matched,A unique odds row was assigned.,1,1,1,48.23809523809524,48.23809523809524,,457.0,457.0
9095,459,matched,A unique odds row was assigned.,2,1,1,48.23809523809524,48.23809523809524,,456.0,456.0
9096,460,matched,A unique odds row was assigned.,2,1,1,48.476190476190474,48.476190476190474,,454.0,454.0
9097,461,matched,A unique odds row was assigned.,3,2,1,48.476190476190474,48.476190476190474,,455.0,455.0
9098,462,matched,A unique odds row was assigned.,1,1,1,48.476190476190474,48.476190476190474,,452.0,452.0
9099,463,matched,A unique odds row was assigned.,2,1,1,48.476190476190474,48.476190476190474,,453.0,453.0
9100,464,matched,A unique odds row was assigned.,1,1,1,48.714285714285715,48.714285714285715,,450.0,450.0
9101,465,matched,A unique odds row was assigned.,1,1,1,48.714285714285715,48.714285714285715,,447.0,447.0
9102,466,matched,A unique odds row was assigned.,1,1,1,48.714285714285715,48.714285714285715,,449.0,449.0
9103,467,no_pair_candidate,No valid odds row contains the same unordered player pair.,0,0,0,,,,,
9104,468,matched,A unique odds row was assigned.,1,1,1,48.714285714285715,48.714285714285715,,448.0,448.0
9105,469,matched,A unique odds row was assigned.,1,1,1,48.714285714285715,48.714285714285715,,446.0,446.0
9106,470,no_pair_candidate,No valid odds row contains the same unordered player pair.,0,0,0,,,,,
9107,471,matched,A unique odds row was assigned.,1,1,1,48.714285714285715,48.714285714285715,,445.0,445.0
9108,472,matched,A unique odds row was assigned.,1,1,1,48.95238095238095,48.95238095238095,,440.0,440.0
9109,473,matched,A unique odds row was assigned.,1,1,1,48.95238095238095,48.95238095238095,,442.0,442.0
9110,474,matched,A unique odds row was assigned.,2,2,2,50.41269841269841,48.95238095238095,-1.4603174603174622,438.0,438.0
9111,475,matched,A unique odds row was assigned.,2,1,1,49.19047619047619,49.19047619047619,,432.0,432.0
9112,476,matched,A unique odds row was assigned.,1,1,1,48.95238095238095,48.95238095238095,,443.0,443.0
9113,477,no_pair_candidate,No valid odds row contains the same unordered player pair.,0,0,0,,,,,
9114,478,matched,A unique odds row was assigned.,1,1,1,48.95238095238095,48.95238095238095,,441.0,441.0
9115,479,matched,A unique odds row was assigned.,1,1,1,49.19047619047619,49.19047619047619,,436.0,436.0
9116,480,matched,A unique odds row was assigned.,1,1,1,49.19047619047619,49.19047619047619,,434.0,434.0
9117,481,no_pair_candidate,No valid odds row contains the same unordered player pair.,0,0,0,,,,,
9118,482,matched,A unique odds row was assigned.,1,1,1,48.95238095238095,48.95238095238095,,437.0,437.0
9119,483,matched,A unique odds row was assigned.,1,1,1,49.19047619047619,49.19047619047619,,435.0,435.0
9120,484,matched,A unique odds row was assigned.,4,1,1,98.57142857142857,98.57142857142857,,485.0,485.0
9121,485,matched,A unique odds row was assigned.,2,1,1,98.80952380952381,98.80952380952381,,484.0,484.0
9122,486,matched,A unique odds row was assigned.,3,1,1,98.80952380952381,98.80952380952381,,483.0,483.0
9123,487,matched,A unique odds row was assigned.,1,1,1,99.04761904761905,99.04761904761905,,482.0,482.0
9124,488,matched,A unique odds row was assigned.,1,1,1,99.28571428571429,99.28571428571429,,480.0,480.0
9125,489,matched,A unique odds row was assigned.,1,1,1,99.28571428571429,99.28571428571429,,479.0,479.0
9126,490,matched,A unique odds row was assigned.,1,1,1,99.04761904761905,99.04761904761905,,481.0,481.0
9127,491,matched,A unique odds row was assigned.,1,1,1,99.28571428571429,99.28571428571429,,478.0,478.0
9128,492,matched,A unique odds row was assigned.,1,1,1,99.28571428571429,99.28571428571429,,477.0,477.0
9129,493,matched,A unique odds row was assigned.,2,1,1,99.52380952380952,99.52380952380952,,472.0,472.0
9130,494,matched,A unique odds row was assigned.,1,1,1,99.28571428571429,99.28571428571429,,473.0,473.0
9131,495,matched,A unique odds row was assigned.,1,1,1,99.28571428571429,99.28571428571429,,474.0,474.0
9132,496,matched,A unique odds row was assigned.,1,1,1,99.28571428571429,99.28571428571429,,476.0,476.0
9133,497,matched,A unique odds row was assigned.,1,1,1,99.52380952380952,99.52380952380952,,471.0,471.0
9134,498,matched,A unique odds row was assigned.,1,1,1,99.28571428571429,99.28571428571429,,475.0,475.0
9135,499,matched,A unique odds row was assigned.,2,1,1,99.52380952380952,99.52380952380952,,467.0,467.0
9136,500,matched,A unique odds row was assigned.,2,1,1,99.76190476190476,99.76190476190476,,463.0,463.0
9137,501,matched,A unique odds row was assigned.,2,2,1,100.0,100.0,,459.0,459.0
9138,502,matched,A unique odds row was assigned.,1,1,1,100.0,100.0,,460.0,460.0
9139,503,matched,A unique odds row was assigned.,1,1,1,99.52380952380952,99.52380952380952,,468.0,468.0
9140,504,matched,A unique odds row was assigned.,1,1,1,99.76190476190476,99.76190476190476,,466.0,466.0
9141,505,matched,A unique odds row was assigned.,1,1,1,99.76190476190476,99.76190476190476,,461.0,461.0
9142,506,matched,A unique odds row was assigned.,1,1,1,99.76190476190476,99.76190476190476,,464.0,464.0
9143,507,matched,A unique odds row was assigned.,1,1,1,99.52380952380952,99.52380952380952,,469.0,469.0
9144,508,matched,A unique odds row was assigned.,2,1,1,99.76190476190476,99.76190476190476,,465.0,465.0
9145,509,matched,A unique odds row was assigned.,1,1,1,99.76190476190476,99.76190476190476,,462.0,462.0
9146,510,matched,A unique odds row was assigned.,1,1,1,99.52380952380952,99.52380952380952,,470.0,470.0
9147,511,matched,A unique odds row was assigned.,1,1,1,61.9047619047619,61.9047619047619,,516.0,516.0
9148,512,matched,A unique odds row was assigned.,1,1,1,62.14285714285714,62.14285714285714,,514.0,514.0
9149,513,matched,A unique odds row was assigned.,1,1,1,62.14285714285714,62.14285714285714,,515.0,515.0
9150,514,matched,A unique odds row was assigned.,1,1,1,62.38095238095238,62.38095238095238,,511.0,511.0
9151,515,matched,A unique odds row was assigned.,1,1,1,62.38095238095238,62.38095238095238,,510.0,510.0
9152,516,matched,A unique odds row was assigned.,1,1,1,62.14285714285714,62.14285714285714,,513.0,513.0
9153,517,matched,A unique odds row was assigned.,1,1,1,62.38095238095238,62.38095238095238,,512.0,512.0
9154,518,matched,A unique odds row was assigned.,1,1,1,62.61904761904761,62.61904761904761,,507.0,507.0
9155,519,matched,A unique odds row was assigned.,2,1,1,62.61904761904761,62.61904761904761,,506.0,506.0
9156,520,no_pair_candidate,No valid odds row contains the same unordered player pair.,0,0,0,,,,,
9157,521,matched,A unique odds row was assigned.,1,1,1,62.61904761904761,62.61904761904761,,503.0,503.0
9158,522,matched,A unique odds row was assigned.,1,1,1,62.38095238095238,62.38095238095238,,509.0,509.0
9159,523,matched,A unique odds row was assigned.,1,1,1,62.61904761904761,62.61904761904761,,508.0,508.0
9160,524,matched,A unique odds row was assigned.,1,1,1,62.61904761904761,62.61904761904761,,504.0,504.0
9161,525,no_pair_candidate,No valid odds row contains the same unordered player pair.,0,0,0,,,,,
9162,526,matched,A unique odds row was assigned.,1,1,1,62.857142857142854,62.857142857142854,,499.0,499.0
9163,527,matched,A unique odds row was assigned.,1,1,1,63.09523809523809,63.09523809523809,,495.0,495.0
9164,528,matched,A unique odds row was assigned.,1,1,1,63.09523809523809,63.09523809523809,,496.0,496.0
9165,529,matched,A unique odds row was assigned.,1,1,1,63.09523809523809,63.09523809523809,,494.0,494.0
9166,530,matched,A unique odds row was assigned.,2,1,1,63.33333333333333,63.33333333333333,,488.0,488.0
9167,531,no_pair_candidate,No valid odds row contains the same unordered player pair.,0,0,0,,,,,
9168,532,matched,A unique odds row was assigned.,1,1,1,63.09523809523809,63.09523809523809,,493.0,493.0
9169,533,matched,A unique odds row was assigned.,1,1,1,63.09523809523809,63.09523809523809,,491.0,491.0
9170,534,matched,A unique odds row was assigned.,1,1,1,62.857142857142854,62.857142857142854,,501.0,501.0
9171,535,matched,A unique odds row was assigned.,1,1,1,62.857142857142854,62.857142857142854,,497.0,497.0
9172,536,matched,A unique odds row was assigned.,1,1,1,62.857142857142854,62.857142857142854,,500.0,500.0
9173,537,matched,A unique odds row was assigned.,1,1,1,62.857142857142854,62.857142857142854,,498.0,498.0
9174,538,matched,A unique odds row was assigned.,2,1,1,63.09523809523809,63.09523809523809,,492.0,492.0
9175,539,matched,A unique odds row was assigned.,1,1,1,63.09523809523809,63.09523809523809,,490.0,490.0
9176,540,no_pair_candidate,No valid odds row contains the same unordered player pair.,0,0,0,,,,,
9177,541,matched,A unique odds row was assigned.,1,1,1,63.33333333333333,63.33333333333333,,489.0,489.0
9178,542,matched,A unique odds row was assigned.,1,1,1,58.238095238095234,58.238095238095234,,547.0,547.0
9179,543,matched,A unique odds row was assigned.,3,1,1,58.476190476190474,58.476190476190474,,545.0,545.0
9180,544,matched,A unique odds row was assigned.,1,1,1,58.476190476190474,58.476190476190474,,546.0,546.0
9181,545,matched,A unique odds row was assigned.,2,1,1,58.71428571428571,58.71428571428571,,541.0,541.0
9182,546,matched,A unique odds row was assigned.,2,1,1,58.71428571428571,58.71428571428571,,542.0,542.0
9183,547,matched,A unique odds row was assigned.,1,1,1,58.71428571428571,58.71428571428571,,544.0,544.0
9184,548,matched,A unique odds row was assigned.,1,1,1,58.71428571428571,58.71428571428571,,543.0,543.0
9185,549,matched,A unique odds row was assigned.,1,1,1,58.95238095238095,58.95238095238095,,536.0,536.0
9186,550,matched,A unique odds row was assigned.,1,1,1,58.95238095238095,58.95238095238095,,534.0,534.0
9187,551,matched,A unique odds row was assigned.,1,1,1,58.95238095238095,58.95238095238095,,533.0,533.0
9188,552,matched,A unique odds row was assigned.,1,1,1,58.95238095238095,58.95238095238095,,537.0,537.0
9189,553,matched,A unique odds row was assigned.,1,1,1,58.95238095238095,58.95238095238095,,540.0,540.0
9190,554,matched,A unique odds row was assigned.,1,1,1,58.95238095238095,58.95238095238095,,538.0,538.0
9191,555,matched,A unique odds row was assigned.,2,1,1,58.95238095238095,58.95238095238095,,535.0,535.0
9192,556,matched,A unique odds row was assigned.,1,1,1,58.95238095238095,58.95238095238095,,539.0,539.0
9193,557,matched,A unique odds row was assigned.,1,1,1,59.19047619047619,59.19047619047619,,531.0,531.0
9194,558,matched,A unique odds row was assigned.,1,1,1,59.42857142857142,59.42857142857142,,518.0,518.0
9195,559,matched,A unique odds row was assigned.,2,1,1,59.42857142857142,59.42857142857142,,521.0,521.0
9196,560,matched,A unique odds row was assigned.,4,1,1,59.42857142857142,59.42857142857142,,519.0,519.0
9197,561,matched,A unique odds row was assigned.,2,2,1,59.42857142857142,59.42857142857142,,522.0,522.0
9198,562,matched,A unique odds row was assigned.,1,1,1,59.42857142857142,59.42857142857142,,520.0,520.0
9199,563,matched,A unique odds row was assigned.,2,1,1,59.42857142857142,59.42857142857142,,524.0,524.0
9200,564,matched,A unique odds row was assigned.,1,1,1,59.19047619047619,59.19047619047619,,527.0,527.0
9201,565,matched,A unique odds row was assigned.,1,1,1,59.19047619047619,59.19047619047619,,529.0,529.0
9202,566,matched,A unique odds row was assigned.,1,1,1,59.19047619047619,59.19047619047619,,532.0,532.0
9203,567,matched,A unique odds row was assigned.,1,1,1,59.42857142857142,59.42857142857142,,517.0,517.0
9204,568,matched,A unique odds row was assigned.,1,1,1,59.42857142857142,59.42857142857142,,523.0,523.0
9205,569,matched,A unique odds row was assigned.,1,1,1,59.19047619047619,59.19047619047619,,525.0,525.0
9206,570,matched,A unique odds row was assigned.,1,1,1,59.19047619047619,59.19047619047619,,526.0,526.0
9207,571,matched,A unique odds row was assigned.,2,1,1,59.19047619047619,59.19047619047619,,530.0,530.0
9208,572,matched,A unique odds row was assigned.,2,1,1,59.19047619047619,59.19047619047619,,528.0,528.0
9209,573,matched,A unique odds row was assigned.,1,1,1,98.80952380952381,98.80952380952381,,578.0,578.0
9210,574,matched,A unique odds row was assigned.,1,1,1,99.04761904761905,99.04761904761905,,577.0,577.0
9211,575,matched,A unique odds row was assigned.,1,1,1,99.04761904761905,99.04761904761905,,576.0,576.0
9212,576,matched,A unique odds row was assigned.,2,1,1,99.28571428571429,99.28571428571429,,574.0,574.0
9213,577,matched,A unique odds row was assigned.,3,1,1,99.28571428571429,99.28571428571429,,575.0,575.0
9214,578,matched,A unique odds row was assigned.,1,1,1,99.28571428571429,99.28571428571429,,572.0,572.0
9215,579,matched,A unique odds row was assigned.,2,1,1,99.28571428571429,99.28571428571429,,573.0,573.0
9216,580,matched,A unique odds row was assigned.,1,1,1,99.52380952380952,99.52380952380952,,568.0,568.0
9217,581,matched,A unique odds row was assigned.,2,1,1,99.52380952380952,99.52380952380952,,570.0,570.0
9218,582,no_pair_candidate,No valid odds row contains the same unordered player pair.,0,0,0,,,,,
9219,583,matched,A unique odds row was assigned.,1,1,1,99.52380952380952,99.52380952380952,,566.0,566.0
9220,584,matched,A unique odds row was assigned.,1,1,1,99.52380952380952,99.52380952380952,,564.0,564.0
9221,585,matched,A unique odds row was assigned.,1,1,1,99.52380952380952,99.52380952380952,,567.0,567.0
9222,586,matched,A unique odds row was assigned.,1,1,1,99.52380952380952,99.52380952380952,,569.0,569.0
9223,587,matched,A unique odds row was assigned.,1,1,1,99.52380952380952,99.52380952380952,,565.0,565.0
9224,588,matched,A unique odds row was assigned.,1,1,1,99.76190476190476,99.76190476190476,,562.0,562.0
9225,589,matched,A unique odds row was assigned.,2,1,1,99.76190476190476,99.76190476190476,,563.0,563.0
9226,590,matched,A unique odds row was assigned.,1,1,1,99.76190476190476,99.76190476190476,,561.0,561.0
9227,591,matched,A unique odds row was assigned.,1,1,1,99.76190476190476,99.76190476190476,,556.0,556.0
9228,592,matched,A unique odds row was assigned.,1,1,1,100.0,100.0,,554.0,554.0
9229,593,no_pair_candidate,No valid odds row contains the same unordered player pair.,0,0,0,,,,,
9230,594,matched,A unique odds row was assigned.,1,1,1,100.0,100.0,,550.0,550.0
9231,595,matched,A unique odds row was assigned.,3,1,1,99.76190476190476,99.76190476190476,,557.0,557.0
9232,596,matched,A unique odds row was assigned.,1,1,1,100.0,100.0,,551.0,551.0
9233,597,matched,A unique odds row was assigned.,1,1,1,100.0,100.0,,552.0,552.0
9234,598,matched,A unique odds row was assigned.,2,1,1,99.76190476190476,99.76190476190476,,555.0,555.0
9235,599,matched,A unique odds row was assigned.,1,1,1,99.76190476190476,99.76190476190476,,560.0,560.0
9236,600,matched,A unique odds row was assigned.,1,1,1,100.0,100.0,,548.0,548.0
9237,601,matched,A unique odds row was assigned.,1,1,1,100.0,100.0,,549.0,549.0
9238,602,matched,A unique odds row was assigned.,1,1,1,99.76190476190476,99.76190476190476,,558.0,558.0
9239,603,no_pair_candidate,No valid odds row contains the same unordered player pair.,0,0,0,,,,,
9240,604,matched,A unique odds row was assigned.,1,1,1,50.34065934065934,50.34065934065934,,605.0,605.0
9241,605,matched,A unique odds row was assigned.,1,1,1,50.578754578754584,50.578754578754584,,603.0,603.0
9242,606,matched,A unique odds row was assigned.,1,1,1,50.34065934065934,50.34065934065934,,604.0,604.0
9243,607,matched,A unique odds row was assigned.,2,1,1,50.816849816849825,50.816849816849825,,602.0,602.0
9244,608,matched,A unique odds row was assigned.,2,1,1,50.816849816849825,50.816849816849825,,601.0,601.0
9245,609,matched,A unique odds row was assigned.,2,1,1,50.816849816849825,50.816849816849825,,600.0,600.0
9246,610,matched,A unique odds row was assigned.,1,1,1,50.816849816849825,50.816849816849825,,599.0,599.0
9247,611,matched,A unique odds row was assigned.,1,1,1,51.2930402930403,51.2930402930403,,594.0,594.0
9248,612,matched,A unique odds row was assigned.,1,1,1,51.2930402930403,51.2930402930403,,592.0,592.0
9249,613,no_pair_candidate,No valid odds row contains the same unordered player pair.,0,0,0,,,,,
9250,614,matched,A unique odds row was assigned.,1,1,1,51.05494505494506,51.05494505494506,,595.0,595.0
9251,615,matched,A unique odds row was assigned.,2,1,1,51.2930402930403,51.2930402930403,,591.0,591.0
9252,616,matched,A unique odds row was assigned.,1,1,1,51.2930402930403,51.2930402930403,,593.0,593.0
9253,617,no_pair_candidate,No valid odds row contains the same unordered player pair.,0,0,0,,,,,
9254,618,matched,A unique odds row was assigned.,1,1,1,51.05494505494506,51.05494505494506,,597.0,597.0
9255,619,matched,A unique odds row was assigned.,1,1,1,51.769230769230774,51.769230769230774,,580.0,580.0
9256,620,matched,A unique odds row was assigned.,1,1,1,51.53113553113553,51.53113553113553,,587.0,587.0
9257,621,matched,A unique odds row was assigned.,2,1,1,51.53113553113553,51.53113553113553,,582.0,582.0
9258,622,no_pair_candidate,No valid odds row contains the same unordered player pair.,0,0,0,,,,,
9259,623,matched,A unique odds row was assigned.,2,1,1,51.2930402930403,51.2930402930403,,590.0,590.0
9260,624,matched,A unique odds row was assigned.,1,1,1,51.53113553113553,51.53113553113553,,584.0,584.0
9261,625,matched,A unique odds row was assigned.,1,1,1,51.769230769230774,51.769230769230774,,581.0,581.0
9262,626,matched,A unique odds row was assigned.,1,1,1,51.769230769230774,51.769230769230774,,579.0,579.0
9263,627,matched,A unique odds row was assigned.,1,1,1,51.53113553113553,51.53113553113553,,583.0,583.0
9264,628,matched,A unique odds row was assigned.,1,1,1,51.53113553113553,51.53113553113553,,585.0,585.0
9265,629,no_pair_candidate,No valid odds row contains the same unordered player pair.,0,0,0,,,,,
9266,630,matched,A unique odds row was assigned.,1,1,1,51.53113553113553,51.53113553113553,,588.0,588.0
9267,631,matched,A unique odds row was assigned.,3,1,1,53.383022774327124,53.383022774327124,,700.0,700.0
9268,632,matched,A unique odds row was assigned.,2,1,1,53.383022774327124,53.383022774327124,,699.0,699.0
9269,633,matched,A unique odds row was assigned.,3,1,1,53.621118012422365,53.621118012422365,,698.0,698.0
9270,634,matched,A unique odds row was assigned.,1,1,1,54.09730848861284,54.09730848861284,,695.0,695.0
9271,635,matched,A unique odds row was assigned.,1,1,1,53.8592132505176,53.8592132505176,,697.0,697.0
9272,636,matched,A unique odds row was assigned.,2,1,1,54.09730848861284,54.09730848861284,,694.0,694.0
9273,637,matched,A unique odds row was assigned.,4,1,1,54.09730848861284,54.09730848861284,,696.0,696.0
9274,638,matched,A unique odds row was assigned.,1,1,1,54.33540372670807,54.33540372670807,,691.0,691.0
9275,639,matched,A unique odds row was assigned.,2,1,1,54.33540372670807,54.33540372670807,,690.0,690.0
9276,640,matched,A unique odds row was assigned.,2,1,1,54.33540372670807,54.33540372670807,,692.0,692.0
9277,641,matched,A unique odds row was assigned.,2,1,1,54.09730848861284,54.09730848861284,,693.0,693.0
9278,642,matched,A unique odds row was assigned.,2,1,1,54.57349896480331,54.57349896480331,,686.0,686.0
9279,643,matched,A unique odds row was assigned.,3,1,1,54.33540372670807,54.33540372670807,,689.0,689.0
9280,644,matched,A unique odds row was assigned.,2,1,1,54.57349896480331,54.57349896480331,,688.0,688.0
9281,645,matched,A unique odds row was assigned.,1,1,1,54.57349896480331,54.57349896480331,,687.0,687.0
9282,646,matched,A unique odds row was assigned.,1,1,1,54.57349896480331,54.57349896480331,,684.0,684.0
9283,647,matched,A unique odds row was assigned.,1,1,1,54.811594202898554,54.811594202898554,,680.0,680.0
9284,648,matched,A unique odds row was assigned.,1,1,1,54.811594202898554,54.811594202898554,,681.0,681.0
9285,649,matched,A unique odds row was assigned.,1,1,1,54.811594202898554,54.811594202898554,,679.0,679.0
9286,650,matched,A unique odds row was assigned.,2,1,1,54.57349896480331,54.57349896480331,,685.0,685.0
9287,651,matched,A unique odds row was assigned.,2,1,1,54.811594202898554,54.811594202898554,,683.0,683.0
9288,652,matched,A unique odds row was assigned.,2,1,1,54.811594202898554,54.811594202898554,,682.0,682.0
9289,653,matched,A unique odds row was assigned.,1,1,1,54.811594202898554,54.811594202898554,,678.0,678.0
9290,654,matched,A unique odds row was assigned.,2,1,1,55.04968944099379,55.04968944099379,,675.0,675.0
9291,655,matched,A unique odds row was assigned.,1,1,1,55.04968944099379,55.04968944099379,,671.0,671.0
9292,656,matched,A unique odds row was assigned.,1,1,1,54.811594202898554,54.811594202898554,,677.0,677.0
9293,657,matched,A unique odds row was assigned.,3,1,1,55.04968944099379,55.04968944099379,,674.0,674.0
9294,658,matched,A unique odds row was assigned.,4,1,1,54.811594202898554,54.811594202898554,,676.0,676.0
9295,659,matched,A unique odds row was assigned.,1,1,1,55.04968944099379,55.04968944099379,,672.0,672.0
9296,660,matched,A unique odds row was assigned.,1,1,1,55.04968944099379,55.04968944099379,,670.0,670.0
9297,661,matched,A unique odds row was assigned.,2,1,1,55.04968944099379,55.04968944099379,,673.0,673.0
9298,662,matched,A unique odds row was assigned.,1,1,1,55.28778467908903,55.28778467908903,,664.0,664.0
9299,663,no_pair_candidate,No valid odds row contains the same unordered player pair.,0,0,0,,,,,
9300,664,matched,A unique odds row was assigned.,2,1,1,55.04968944099379,55.04968944099379,,667.0,667.0
9301,665,matched,A unique odds row was assigned.,1,1,1,55.28778467908903,55.28778467908903,,657.0,657.0
9302,666,matched,A unique odds row was assigned.,1,1,1,55.04968944099379,55.04968944099379,,666.0,666.0
9303,667,matched,A unique odds row was assigned.,1,1,1,55.28778467908903,55.28778467908903,,659.0,659.0
9304,668,matched,A unique odds row was assigned.,1,1,1,55.28778467908903,55.28778467908903,,655.0,655.0
9305,669,matched,A unique odds row was assigned.,1,1,1,55.04968944099379,55.04968944099379,,668.0,668.0
9306,670,matched,A unique odds row was assigned.,1,1,1,55.04968944099379,55.04968944099379,,669.0,669.0
9307,671,matched,A unique odds row was assigned.,1,1,1,55.04968944099379,55.04968944099379,,665.0,665.0
9308,672,matched,A unique odds row was assigned.,1,1,1,55.28778467908903,55.28778467908903,,656.0,656.0
9309,673,matched,A unique odds row was assigned.,1,1,1,55.28778467908903,55.28778467908903,,660.0,660.0
9310,674,matched,A unique odds row was assigned.,2,1,1,55.28778467908903,55.28778467908903,,661.0,661.0
9311,675,matched,A unique odds row was assigned.,1,1,1,55.28778467908903,55.28778467908903,,662.0,662.0
9312,676,matched,A unique odds row was assigned.,1,1,1,55.28778467908903,55.28778467908903,,663.0,663.0
9313,677,matched,A unique odds row was assigned.,1,1,1,55.28778467908903,55.28778467908903,,654.0,654.0
9314,678,matched,A unique odds row was assigned.,1,1,1,55.52587991718427,55.52587991718427,,643.0,643.0
9315,679,matched,A unique odds row was assigned.,1,1,1,55.28778467908903,55.28778467908903,,648.0,648.0
9316,680,matched,A unique odds row was assigned.,1,1,1,55.28778467908903,55.28778467908903,,653.0,653.0
9317,681,matched,A unique odds row was assigned.,1,1,1,55.52587991718427,55.52587991718427,,644.0,644.0
9318,682,matched,A unique odds row was assigned.,1,1,1,55.28778467908903,55.28778467908903,,646.0,646.0
9319,683,matched,A unique odds row was assigned.,3,1,1,55.52587991718427,55.52587991718427,,640.0,640.0
9320,684,matched,A unique odds row was assigned.,2,1,1,55.28778467908903,55.28778467908903,,651.0,651.0
9321,685,matched,A unique odds row was assigned.,1,1,1,55.52587991718427,55.52587991718427,,639.0,639.0
9322,686,no_pair_candidate,No valid odds row contains the same unordered player pair.,0,0,0,,,,,
9323,687,matched,A unique odds row was assigned.,1,1,1,55.28778467908903,55.28778467908903,,647.0,647.0
9324,688,matched,A unique odds row was assigned.,3,1,1,55.28778467908903,55.28778467908903,,650.0,650.0
9325,689,matched,A unique odds row was assigned.,2,1,1,55.52587991718427,55.52587991718427,,638.0,638.0
9326,690,matched,A unique odds row was assigned.,2,1,1,55.28778467908903,55.28778467908903,,652.0,652.0
9327,691,matched,A unique odds row was assigned.,1,1,1,55.52587991718427,55.52587991718427,,645.0,645.0
9328,692,matched,A unique odds row was assigned.,1,1,1,55.52587991718427,55.52587991718427,,641.0,641.0
9329,693,matched,A unique odds row was assigned.,1,1,1,55.28778467908903,55.28778467908903,,649.0,649.0
9330,694,matched,A unique odds row was assigned.,1,1,1,55.7639751552795,55.7639751552795,,615.0,615.0
9331,695,no_pair_candidate,No valid odds row contains the same unordered player pair.,0,0,0,,,,,
9332,696,matched,A unique odds row was assigned.,1,1,1,55.7639751552795,55.7639751552795,,625.0,625.0
9333,697,matched,A unique odds row was assigned.,1,1,1,55.52587991718427,55.52587991718427,,630.0,630.0
9334,698,no_pair_candidate,No valid odds row contains the same unordered player pair.,0,0,0,,,,,
9335,699,matched,A unique odds row was assigned.,2,1,1,55.52587991718427,55.52587991718427,,628.0,628.0
9336,700,matched,A unique odds row was assigned.,2,1,1,55.7639751552795,55.7639751552795,,617.0,617.0
9337,701,matched,A unique odds row was assigned.,1,1,1,55.7639751552795,55.7639751552795,,622.0,622.0
9338,702,matched,A unique odds row was assigned.,1,1,1,55.52587991718427,55.52587991718427,,636.0,636.0
9339,703,matched,A unique odds row was assigned.,2,1,1,55.7639751552795,55.7639751552795,,621.0,621.0
9340,704,matched,A unique odds row was assigned.,1,1,1,55.7639751552795,55.7639751552795,,616.0,616.0
9341,705,matched,A unique odds row was assigned.,2,1,1,55.52587991718427,55.52587991718427,,633.0,633.0
9342,706,matched,A unique odds row was assigned.,1,1,1,55.52587991718427,55.52587991718427,,634.0,634.0
9343,707,matched,A unique odds row was assigned.,1,1,1,55.52587991718427,55.52587991718427,,629.0,629.0
9344,708,matched,A unique odds row was assigned.,2,1,1,55.52587991718427,55.52587991718427,,635.0,635.0
9345,709,matched,A unique odds row was assigned.,1,1,1,55.52587991718427,55.52587991718427,,631.0,631.0
9346,710,matched,A unique odds row was assigned.,1,1,1,56.002070393374744,56.002070393374744,,613.0,613.0
9347,711,matched,A unique odds row was assigned.,2,1,1,56.002070393374744,56.002070393374744,,610.0,610.0
9348,712,matched,A unique odds row was assigned.,1,1,1,55.7639751552795,55.7639751552795,,620.0,620.0
9349,713,matched,A unique odds row was assigned.,1,1,1,55.7639751552795,55.7639751552795,,619.0,619.0
9350,714,matched,A unique odds row was assigned.,1,1,1,55.7639751552795,55.7639751552795,,623.0,623.0
9351,715,matched,A unique odds row was assigned.,2,1,1,56.002070393374744,56.002070393374744,,609.0,609.0
9352,716,matched,A unique odds row was assigned.,1,1,1,55.7639751552795,55.7639751552795,,624.0,624.0
9353,717,matched,A unique odds row was assigned.,1,1,1,56.002070393374744,56.002070393374744,,607.0,607.0
9354,718,no_pair_candidate,No valid odds row contains the same unordered player pair.,0,0,0,,,,,
9355,719,matched,A unique odds row was assigned.,1,1,1,56.002070393374744,56.002070393374744,,608.0,608.0
9356,720,matched,A unique odds row was assigned.,2,1,1,55.52587991718427,55.52587991718427,,627.0,627.0
9357,721,matched,A unique odds row was assigned.,1,1,1,56.002070393374744,56.002070393374744,,614.0,614.0
9358,722,matched,A unique odds row was assigned.,1,1,1,55.7639751552795,55.7639751552795,,626.0,626.0
9359,723,matched,A unique odds row was assigned.,1,1,1,56.002070393374744,56.002070393374744,,612.0,612.0
9360,724,matched,A unique odds row was assigned.,1,1,1,55.7639751552795,55.7639751552795,,618.0,618.0
9361,725,matched,A unique odds row was assigned.,1,1,1,56.002070393374744,56.002070393374744,,611.0,611.0
9362,726,matched,A unique odds row was assigned.,2,1,1,96.9047619047619,96.9047619047619,,795.0,795.0
9363,727,matched,A unique odds row was assigned.,1,1,1,97.38095238095238,97.38095238095238,,794.0,794.0
9364,728,matched,A unique odds row was assigned.,6,1,1,97.38095238095238,97.38095238095238,,793.0,793.0
9365,729,matched,A unique odds row was assigned.,1,1,1,97.61904761904762,97.61904761904762,,792.0,792.0
9366,730,matched,A unique odds row was assigned.,1,1,1,97.61904761904762,97.61904761904762,,791.0,791.0
9367,731,matched,A unique odds row was assigned.,1,1,1,97.61904761904762,97.61904761904762,,790.0,790.0
9368,732,matched,A unique odds row was assigned.,2,1,1,97.85714285714286,97.85714285714286,,789.0,789.0
9369,733,matched,A unique odds row was assigned.,1,1,1,98.0952380952381,98.0952380952381,,786.0,786.0
9370,734,matched,A unique odds row was assigned.,2,1,1,98.0952380952381,98.0952380952381,,785.0,785.0
9371,735,matched,A unique odds row was assigned.,2,1,1,97.85714285714286,97.85714285714286,,788.0,788.0
9372,736,matched,A unique odds row was assigned.,1,1,1,97.85714285714286,97.85714285714286,,787.0,787.0
9373,737,matched,A unique odds row was assigned.,1,1,1,98.0952380952381,98.0952380952381,,783.0,783.0
9374,738,matched,A unique odds row was assigned.,2,1,1,98.0952380952381,98.0952380952381,,782.0,782.0
9375,739,matched,A unique odds row was assigned.,1,1,1,98.0952380952381,98.0952380952381,,781.0,781.0
9376,740,no_pair_candidate,No valid odds row contains the same unordered player pair.,0,0,0,,,,,
9377,741,matched,A unique odds row was assigned.,3,1,1,98.33333333333333,98.33333333333333,,778.0,778.0
9378,742,matched,A unique odds row was assigned.,1,1,1,98.33333333333333,98.33333333333333,,780.0,780.0
9379,743,matched,A unique odds row was assigned.,1,1,1,98.33333333333333,98.33333333333333,,779.0,779.0
9380,744,matched,A unique odds row was assigned.,1,1,1,98.33333333333333,98.33333333333333,,777.0,777.0
9381,745,matched,A unique odds row was assigned.,1,1,1,98.33333333333333,98.33333333333333,,775.0,775.0
9382,746,matched,A unique odds row was assigned.,5,1,1,98.33333333333333,98.33333333333333,,774.0,774.0
9383,747,matched,A unique odds row was assigned.,3,1,1,98.33333333333333,98.33333333333333,,776.0,776.0
9384,748,matched,A unique odds row was assigned.,1,1,1,98.33333333333333,98.33333333333333,,773.0,773.0
9385,749,matched,A unique odds row was assigned.,2,1,1,98.57142857142857,98.57142857142857,,770.0,770.0
9386,750,matched,A unique odds row was assigned.,1,1,1,98.57142857142857,98.57142857142857,,769.0,769.0
9387,751,matched,A unique odds row was assigned.,2,1,1,98.33333333333333,98.33333333333333,,771.0,771.0
9388,752,matched,A unique odds row was assigned.,1,1,1,98.33333333333333,98.33333333333333,,772.0,772.0
9389,753,matched,A unique odds row was assigned.,2,1,1,98.57142857142857,98.57142857142857,,766.0,766.0
9390,754,matched,A unique odds row was assigned.,1,1,1,98.57142857142857,98.57142857142857,,767.0,767.0
9391,755,no_pair_candidate,No valid odds row contains the same unordered player pair.,0,0,0,,,,,
9392,756,matched,A unique odds row was assigned.,3,1,1,98.57142857142857,98.57142857142857,,765.0,765.0
9393,757,matched,A unique odds row was assigned.,1,1,1,98.80952380952381,98.80952380952381,,753.0,753.0
9394,758,matched,A unique odds row was assigned.,1,1,1,98.57142857142857,98.57142857142857,,756.0,756.0
9395,759,matched,A unique odds row was assigned.,1,1,1,98.57142857142857,98.57142857142857,,760.0,760.0
9396,760,matched,A unique odds row was assigned.,1,1,1,98.57142857142857,98.57142857142857,,759.0,759.0
9397,761,matched,A unique odds row was assigned.,1,1,1,98.57142857142857,98.57142857142857,,762.0,762.0
9398,762,matched,A unique odds row was assigned.,1,1,1,98.57142857142857,98.57142857142857,,757.0,757.0
9399,763,matched,A unique odds row was assigned.,1,1,1,98.80952380952381,98.80952380952381,,750.0,750.0
9400,764,matched,A unique odds row was assigned.,2,1,1,98.80952380952381,98.80952380952381,,749.0,749.0
9401,765,matched,A unique odds row was assigned.,1,1,1,98.80952380952381,98.80952380952381,,751.0,751.0
9402,766,matched,A unique odds row was assigned.,1,1,1,98.80952380952381,98.80952380952381,,752.0,752.0
9403,767,matched,A unique odds row was assigned.,2,1,1,98.57142857142857,98.57142857142857,,754.0,754.0
9404,768,matched,A unique odds row was assigned.,1,1,1,98.57142857142857,98.57142857142857,,755.0,755.0
9405,769,matched,A unique odds row was assigned.,1,1,1,98.57142857142857,98.57142857142857,,763.0,763.0
9406,770,matched,A unique odds row was assigned.,1,1,1,98.57142857142857,98.57142857142857,,758.0,758.0
9407,771,matched,A unique odds row was assigned.,1,1,1,98.57142857142857,98.57142857142857,,761.0,761.0
9408,772,matched,A unique odds row was assigned.,2,1,1,98.57142857142857,98.57142857142857,,764.0,764.0
9409,773,matched,A unique odds row was assigned.,1,1,1,98.80952380952381,98.80952380952381,,745.0,745.0
9410,774,matched,A unique odds row was assigned.,2,1,1,98.80952380952381,98.80952380952381,,742.0,742.0
9411,775,matched,A unique odds row was assigned.,1,1,1,98.80952380952381,98.80952380952381,,737.0,737.0
9412,776,matched,A unique odds row was assigned.,2,1,1,98.80952380952381,98.80952380952381,,740.0,740.0
9413,777,matched,A unique odds row was assigned.,3,1,1,99.04761904761905,99.04761904761905,,733.0,733.0
9414,778,matched,A unique odds row was assigned.,2,1,1,98.80952380952381,98.80952380952381,,739.0,739.0
9415,779,matched,A unique odds row was assigned.,1,1,1,98.80952380952381,98.80952380952381,,748.0,748.0
9416,780,matched,A unique odds row was assigned.,1,1,1,98.80952380952381,98.80952380952381,,747.0,747.0
9417,781,matched,A unique odds row was assigned.,1,1,1,99.04761904761905,99.04761904761905,,734.0,734.0
9418,782,matched,A unique odds row was assigned.,2,1,1,98.80952380952381,98.80952380952381,,743.0,743.0
9419,783,matched,A unique odds row was assigned.,1,1,1,98.80952380952381,98.80952380952381,,746.0,746.0
9420,784,matched,A unique odds row was assigned.,1,1,1,98.80952380952381,98.80952380952381,,741.0,741.0
9421,785,matched,A unique odds row was assigned.,1,1,1,98.80952380952381,98.80952380952381,,735.0,735.0
9422,786,no_pair_candidate,No valid odds row contains the same unordered player pair.,0,0,0,,,,,
9423,787,matched,A unique odds row was assigned.,2,1,1,98.80952380952381,98.80952380952381,,738.0,738.0
9424,788,matched,A unique odds row was assigned.,1,1,1,98.80952380952381,98.80952380952381,,744.0,744.0
9425,789,matched,A unique odds row was assigned.,1,1,1,99.28571428571429,99.28571428571429,,727.0,727.0
9426,790,matched,A unique odds row was assigned.,1,1,1,99.28571428571429,99.28571428571429,,731.0,731.0
9427,791,matched,A unique odds row was assigned.,1,1,1,99.04761904761905,99.04761904761905,,732.0,732.0
9428,792,matched,A unique odds row was assigned.,1,1,1,99.28571428571429,99.28571428571429,,726.0,726.0
9429,793,matched,A unique odds row was assigned.,1,1,1,99.28571428571429,99.28571428571429,,721.0,721.0
9430,794,matched,A unique odds row was assigned.,1,1,1,99.28571428571429,99.28571428571429,,725.0,725.0
9431,795,matched,A unique odds row was assigned.,1,1,1,99.28571428571429,99.28571428571429,,728.0,728.0
9432,796,matched,A unique odds row was assigned.,1,1,1,99.28571428571429,99.28571428571429,,730.0,730.0
9433,797,matched,A unique odds row was assigned.,1,1,1,99.28571428571429,99.28571428571429,,719.0,719.0
9434,798,matched,A unique odds row was assigned.,2,1,1,99.28571428571429,99.28571428571429,,722.0,722.0
9435,799,matched,A unique odds row was assigned.,1,1,1,99.28571428571429,99.28571428571429,,720.0,720.0
9436,800,matched,A unique odds row was assigned.,1,1,1,99.28571428571429,99.28571428571429,,718.0,718.0
9437,801,matched,A unique odds row was assigned.,1,1,1,99.28571428571429,99.28571428571429,,723.0,723.0
9438,802,matched,A unique odds row was assigned.,1,1,1,99.28571428571429,99.28571428571429,,717.0,717.0
9439,803,matched,A unique odds row was assigned.,1,1,1,99.28571428571429,99.28571428571429,,729.0,729.0
9440,804,matched,A unique odds row was assigned.,1,1,1,99.28571428571429,99.28571428571429,,724.0,724.0
9441,805,matched,A unique odds row was assigned.,1,1,1,99.52380952380952,99.52380952380952,,701.0,701.0
9442,806,matched,A unique odds row was assigned.,1,1,1,99.52380952380952,99.52380952380952,,712.0,712.0
9443,807,matched,A unique odds row was assigned.,1,1,1,99.52380952380952,99.52380952380952,,704.0,704.0
9444,808,matched,A unique odds row was assigned.,2,1,1,99.52380952380952,99.52380952380952,,711.0,711.0
9445,809,matched,A unique odds row was assigned.,1,1,1,99.52380952380952,99.52380952380952,,702.0,702.0
9446,810,matched,A unique odds row was assigned.,1,1,1,99.28571428571429,99.28571428571429,,716.0,716.0
9447,811,matched,A unique odds row was assigned.,2,1,1,99.52380952380952,99.52380952380952,,706.0,706.0
9448,812,matched,A unique odds row was assigned.,1,1,1,99.52380952380952,99.52380952380952,,708.0,708.0
9449,813,matched,A unique odds row was assigned.,1,1,1,99.52380952380952,99.52380952380952,,707.0,707.0
9450,814,matched,A unique odds row was assigned.,1,1,1,99.52380952380952,99.52380952380952,,710.0,710.0
9451,815,matched,A unique odds row was assigned.,2,1,1,99.52380952380952,99.52380952380952,,714.0,714.0
9452,816,matched,A unique odds row was assigned.,2,1,1,99.52380952380952,99.52380952380952,,703.0,703.0
9453,817,no_pair_candidate,No valid odds row contains the same unordered player pair.,0,0,0,,,,,
9454,818,no_pair_candidate,No valid odds row contains the same unordered player pair.,0,0,0,,,,,
9455,819,matched,A unique odds row was assigned.,1,1,1,99.28571428571429,99.28571428571429,,715.0,715.0
9456,820,matched,A unique odds row was assigned.,1,1,1,99.52380952380952,99.52380952380952,,709.0,709.0
9457,821,matched,A unique odds row was assigned.,1,1,1,98.57142857142857,98.57142857142857,,822.0,822.0
9458,822,matched,A unique odds row was assigned.,1,1,1,98.80952380952381,98.80952380952381,,821.0,821.0
9459,823,matched,A unique odds row was assigned.,1,1,1,98.80952380952381,98.80952380952381,,820.0,820.0
9460,824,matched,A unique odds row was assigned.,1,1,1,99.04761904761905,99.04761904761905,,819.0,819.0
9461,825,matched,A unique odds row was assigned.,1,1,1,99.04761904761905,99.04761904761905,,818.0,818.0
9462,826,matched,A unique odds row was assigned.,1,1,1,99.04761904761905,99.04761904761905,,817.0,817.0
9463,827,matched,A unique odds row was assigned.,1,1,1,99.04761904761905,99.04761904761905,,816.0,816.0
9464,828,matched,A unique odds row was assigned.,1,1,1,99.28571428571429,99.28571428571429,,814.0,814.0
9465,829,matched,A unique odds row was assigned.,1,1,1,99.28571428571429,99.28571428571429,,815.0,815.0
9466,830,matched,A unique odds row was assigned.,1,1,1,99.28571428571429,99.28571428571429,,808.0,808.0
9467,831,matched,A unique odds row was assigned.,1,1,1,99.28571428571429,99.28571428571429,,813.0,813.0
9468,832,matched,A unique odds row was assigned.,1,1,1,99.28571428571429,99.28571428571429,,812.0,812.0
9469,833,matched,A unique odds row was assigned.,1,1,1,99.28571428571429,99.28571428571429,,811.0,811.0
9470,834,matched,A unique odds row was assigned.,1,1,1,99.28571428571429,99.28571428571429,,810.0,810.0
9471,835,matched,A unique odds row was assigned.,1,1,1,99.28571428571429,99.28571428571429,,809.0,809.0
9472,836,matched,A unique odds row was assigned.,1,1,1,99.52380952380952,99.52380952380952,,807.0,807.0
9473,837,matched,A unique odds row was assigned.,1,1,1,99.52380952380952,99.52380952380952,,799.0,799.0
9474,838,matched,A unique odds row was assigned.,1,1,1,99.52380952380952,99.52380952380952,,806.0,806.0
9475,839,matched,A unique odds row was assigned.,1,1,1,100.0,100.0,,797.0,797.0
9476,840,matched,A unique odds row was assigned.,1,1,1,99.52380952380952,99.52380952380952,,800.0,800.0
9477,841,matched,A unique odds row was assigned.,1,1,1,100.0,100.0,,796.0,796.0
9478,842,matched,A unique odds row was assigned.,1,1,1,99.52380952380952,99.52380952380952,,805.0,805.0
9479,843,matched,A unique odds row was assigned.,1,1,1,99.52380952380952,99.52380952380952,,804.0,804.0
9480,844,matched,A unique odds row was assigned.,1,1,1,100.0,100.0,,798.0,798.0
9481,845,matched,A unique odds row was assigned.,1,1,1,99.52380952380952,99.52380952380952,,802.0,802.0
9482,846,matched,A unique odds row was assigned.,1,1,1,99.52380952380952,99.52380952380952,,803.0,803.0
9483,847,matched,A unique odds row was assigned.,1,1,1,99.52380952380952,99.52380952380952,,801.0,801.0
9484,848,matched,A unique odds row was assigned.,2,1,1,53.34920634920635,53.34920634920635,,849.0,849.0
9485,849,matched,A unique odds row was assigned.,3,1,1,53.58730158730159,53.58730158730159,,847.0,847.0
9486,850,matched,A unique odds row was assigned.,1,1,1,53.58730158730159,53.58730158730159,,848.0,848.0
9487,851,matched,A unique odds row was assigned.,2,1,1,53.82539682539682,53.82539682539682,,844.0,844.0
9488,852,matched,A unique odds row was assigned.,1,1,1,53.82539682539682,53.82539682539682,,843.0,843.0
9489,853,matched,A unique odds row was assigned.,1,1,1,53.58730158730159,53.58730158730159,,846.0,846.0
9490,854,matched,A unique odds row was assigned.,1,1,1,53.82539682539682,53.82539682539682,,845.0,845.0
9491,855,matched,A unique odds row was assigned.,1,1,1,54.06349206349206,54.06349206349206,,837.0,837.0
9492,856,matched,A unique odds row was assigned.,2,1,1,54.301587301587304,54.301587301587304,,836.0,836.0
9493,857,matched,A unique odds row was assigned.,2,1,1,54.06349206349206,54.06349206349206,,840.0,840.0
9494,858,matched,A unique odds row was assigned.,1,1,1,54.06349206349206,54.06349206349206,,839.0,839.0
9495,859,matched,A unique odds row was assigned.,2,1,1,53.82539682539682,53.82539682539682,,842.0,842.0
9496,860,matched,A unique odds row was assigned.,1,1,1,53.82539682539682,53.82539682539682,,841.0,841.0
9497,861,matched,A unique odds row was assigned.,1,1,1,54.06349206349206,54.06349206349206,,838.0,838.0
9498,862,matched,A unique odds row was assigned.,1,1,1,54.301587301587304,54.301587301587304,,835.0,835.0
9499,863,matched,A unique odds row was assigned.,1,1,1,54.77777777777778,54.77777777777778,,824.0,824.0
9500,864,matched,A unique odds row was assigned.,1,1,1,54.77777777777778,54.77777777777778,,823.0,823.0
9501,865,matched,A unique odds row was assigned.,1,1,1,54.53968253968254,54.53968253968254,,825.0,825.0
9502,866,matched,A unique odds row was assigned.,1,1,1,54.53968253968254,54.53968253968254,,828.0,828.0
9503,867,matched,A unique odds row was assigned.,1,1,1,54.53968253968254,54.53968253968254,,831.0,831.0
9504,868,matched,A unique odds row was assigned.,1,1,1,54.53968253968254,54.53968253968254,,830.0,830.0
9505,869,matched,A unique odds row was assigned.,1,1,1,54.301587301587304,54.301587301587304,,834.0,834.0
9506,870,matched,A unique odds row was assigned.,1,1,1,54.53968253968254,54.53968253968254,,832.0,832.0
9507,871,matched,A unique odds row was assigned.,1,1,1,54.53968253968254,54.53968253968254,,829.0,829.0
9508,872,matched,A unique odds row was assigned.,1,1,1,54.301587301587304,54.301587301587304,,833.0,833.0
9509,873,matched,A unique odds row was assigned.,1,1,1,54.53968253968254,54.53968253968254,,826.0,826.0
9510,874,matched,A unique odds row was assigned.,1,1,1,54.53968253968254,54.53968253968254,,827.0,827.0
9511,875,matched,A unique odds row was assigned.,1,1,1,52.67487684729064,52.67487684729064,,876.0,876.0
9512,876,matched,A unique odds row was assigned.,1,1,1,52.91297208538588,52.91297208538588,,874.0,874.0
9513,877,matched,A unique odds row was assigned.,1,1,1,52.91297208538588,52.91297208538588,,875.0,875.0
9514,878,matched,A unique odds row was assigned.,1,1,1,53.151067323481115,53.151067323481115,,871.0,871.0
9515,879,no_pair_candidate,No valid odds row contains the same unordered player pair.,0,0,0,,,,,
9516,880,matched,A unique odds row was assigned.,1,1,1,53.151067323481115,53.151067323481115,,872.0,872.0
9517,881,matched,A unique odds row was assigned.,1,1,1,53.151067323481115,53.151067323481115,,873.0,873.0
9518,882,matched,A unique odds row was assigned.,1,1,1,53.6272577996716,53.6272577996716,,865.0,865.0
9519,883,matched,A unique odds row was assigned.,3,1,1,53.6272577996716,53.6272577996716,,863.0,863.0
9520,884,matched,A unique odds row was assigned.,1,1,1,53.389162561576356,53.389162561576356,,866.0,866.0
9521,885,no_pair_candidate,No valid odds row contains the same unordered player pair.,0,0,0,,,,,
9522,886,matched,A unique odds row was assigned.,1,1,1,53.6272577996716,53.6272577996716,,864.0,864.0
9523,887,matched,A unique odds row was assigned.,2,1,1,53.6272577996716,53.6272577996716,,862.0,862.0
9524,888,matched,A unique odds row was assigned.,1,1,1,53.389162561576356,53.389162561576356,,868.0,868.0
9525,889,matched,A unique odds row was assigned.,2,1,1,53.389162561576356,53.389162561576356,,869.0,869.0
9526,890,matched,A unique odds row was assigned.,1,1,1,53.86535303776683,53.86535303776683,,857.0,857.0
9527,891,matched,A unique odds row was assigned.,1,1,1,54.10344827586207,54.10344827586207,,851.0,851.0
9528,892,matched,A unique odds row was assigned.,1,1,1,53.86535303776683,53.86535303776683,,855.0,855.0
9529,893,matched,A unique odds row was assigned.,1,1,1,53.86535303776683,53.86535303776683,,860.0,860.0
9530,894,matched,A unique odds row was assigned.,2,1,1,53.86535303776683,53.86535303776683,,861.0,861.0
9531,895,no_pair_candidate,No valid odds row contains the same unordered player pair.,0,0,0,,,,,
9532,896,matched,A unique odds row was assigned.,1,1,1,53.86535303776683,53.86535303776683,,856.0,856.0
9533,897,matched,A unique odds row was assigned.,1,1,1,54.10344827586207,54.10344827586207,,850.0,850.0
9534,898,matched,A unique odds row was assigned.,2,1,1,53.86535303776683,53.86535303776683,,854.0,854.0
9535,899,matched,A unique odds row was assigned.,1,1,1,54.10344827586207,54.10344827586207,,852.0,852.0
9536,900,no_pair_candidate,No valid odds row contains the same unordered player pair.,0,0,0,,,,,
9537,901,matched,A unique odds row was assigned.,1,1,1,53.86535303776683,53.86535303776683,,853.0,853.0
9538,902,matched,A unique odds row was assigned.,3,2,2,98.57142857142857,98.57142857142857,43.46666666666666,931.0,931.0
9539,903,matched,A unique odds row was assigned.,2,1,1,98.80952380952381,98.80952380952381,,930.0,930.0
9540,904,matched,A unique odds row was assigned.,1,1,1,98.80952380952381,98.80952380952381,,929.0,929.0
9541,905,matched,A unique odds row was assigned.,2,1,1,99.04761904761905,99.04761904761905,,927.0,927.0
9542,906,matched,A unique odds row was assigned.,1,1,1,99.04761904761905,99.04761904761905,,928.0,928.0
9543,907,matched,A unique odds row was assigned.,1,1,1,99.04761904761905,99.04761904761905,,925.0,925.0
9544,908,matched,A unique odds row was assigned.,1,1,1,99.04761904761905,99.04761904761905,,926.0,926.0
9545,909,matched,A unique odds row was assigned.,3,1,1,99.28571428571429,99.28571428571429,,920.0,920.0
9546,910,matched,A unique odds row was assigned.,1,1,1,99.28571428571429,99.28571428571429,,917.0,917.0
9547,911,matched,A unique odds row was assigned.,2,1,1,99.28571428571429,99.28571428571429,,924.0,924.0
9548,912,matched,A unique odds row was assigned.,1,1,1,99.28571428571429,99.28571428571429,,923.0,923.0
9549,913,matched,A unique odds row was assigned.,2,1,1,99.28571428571429,99.28571428571429,,919.0,919.0
9550,914,matched,A unique odds row was assigned.,1,1,1,99.28571428571429,99.28571428571429,,918.0,918.0
9551,915,matched,A unique odds row was assigned.,2,1,1,99.28571428571429,99.28571428571429,,921.0,921.0
9552,916,matched,A unique odds row was assigned.,3,1,1,99.28571428571429,99.28571428571429,,922.0,922.0
9553,917,matched,A unique odds row was assigned.,2,1,1,99.76190476190476,99.76190476190476,,901.0,901.0
9554,918,matched,A unique odds row was assigned.,1,1,1,99.76190476190476,99.76190476190476,,904.0,904.0
9555,919,matched,A unique odds row was assigned.,1,1,1,99.52380952380952,99.52380952380952,,907.0,907.0
9556,920,matched,A unique odds row was assigned.,2,1,1,99.52380952380952,99.52380952380952,,905.0,905.0
9557,921,matched,A unique odds row was assigned.,1,1,1,99.52380952380952,99.52380952380952,,906.0,906.0
9558,922,no_pair_candidate,No valid odds row contains the same unordered player pair.,0,0,0,,,,,
9559,923,matched,A unique odds row was assigned.,1,1,1,99.52380952380952,99.52380952380952,,912.0,912.0
9560,924,matched,A unique odds row was assigned.,1,1,1,99.52380952380952,99.52380952380952,,914.0,914.0
9561,925,matched,A unique odds row was assigned.,1,1,1,99.76190476190476,99.76190476190476,,902.0,902.0
9562,926,matched,A unique odds row was assigned.,1,1,1,99.52380952380952,99.52380952380952,,911.0,911.0
9563,927,matched,A unique odds row was assigned.,5,1,1,99.52380952380952,99.52380952380952,,908.0,908.0
9564,928,matched,A unique odds row was assigned.,2,1,1,99.52380952380952,99.52380952380952,,913.0,913.0
9565,929,matched,A unique odds row was assigned.,1,1,1,99.28571428571429,99.28571428571429,,916.0,916.0
9566,930,matched,A unique odds row was assigned.,1,1,1,99.28571428571429,99.28571428571429,,915.0,915.0
9567,931,matched,A unique odds row was assigned.,2,1,1,99.76190476190476,99.76190476190476,,903.0,903.0
9568,932,matched,A unique odds row was assigned.,1,1,1,99.52380952380952,99.52380952380952,,909.0,909.0
9569,933,matched,A unique odds row was assigned.,1,1,1,100.0,100.0,,891.0,891.0
9570,934,matched,A unique odds row was assigned.,1,1,1,100.0,100.0,,889.0,889.0
9571,935,matched,A unique odds row was assigned.,2,1,1,98.33333333333333,98.33333333333333,,880.0,880.0
9572,936,matched,A unique odds row was assigned.,1,1,1,99.76190476190476,99.76190476190476,,894.0,894.0
9573,937,matched,A unique odds row was assigned.,1,1,1,98.33333333333333,98.33333333333333,,878.0,878.0
9574,938,matched,A unique odds row was assigned.,1,1,1,100.0,100.0,,883.0,883.0
9575,939,matched,A unique odds row was assigned.,1,1,1,100.0,100.0,,882.0,882.0
9576,940,no_pair_candidate,No valid odds row contains the same unordered player pair.,0,0,0,,,,,
9577,941,matched,A unique odds row was assigned.,1,1,1,100.0,100.0,,892.0,892.0
9578,942,matched,A unique odds row was assigned.,3,2,2,99.76190476190476,99.76190476190476,39.91718426501035,897.0,897.0
9579,943,matched,A unique odds row was assigned.,1,1,1,99.76190476190476,99.76190476190476,,895.0,895.0
9580,944,no_pair_candidate,No valid odds row contains the same unordered player pair.,0,0,0,,,,,
9581,945,matched,A unique odds row was assigned.,1,1,1,100.0,100.0,,881.0,881.0
9582,946,matched,A unique odds row was assigned.,3,1,1,99.76190476190476,99.76190476190476,,899.0,899.0
9583,947,matched,A unique odds row was assigned.,1,1,1,100.0,100.0,,887.0,887.0
9584,948,matched,A unique odds row was assigned.,1,1,1,100.0,100.0,,890.0,890.0
9585,949,matched,A unique odds row was assigned.,1,1,1,100.0,100.0,,885.0,885.0
9586,950,matched,A unique odds row was assigned.,1,1,1,99.76190476190476,99.76190476190476,,900.0,900.0
9587,951,matched,A unique odds row was assigned.,1,1,1,100.0,100.0,,884.0,884.0
9588,952,matched,A unique odds row was assigned.,1,1,1,99.76190476190476,99.76190476190476,,898.0,898.0
9589,953,matched,A unique odds row was assigned.,1,1,1,100.0,100.0,,886.0,886.0
9590,954,matched,A unique odds row was assigned.,3,1,1,98.33333333333333,98.33333333333333,,879.0,879.0
9591,955,matched,A unique odds row was assigned.,1,1,1,98.33333333333333,98.33333333333333,,877.0,877.0
9592,956,matched,A unique odds row was assigned.,1,1,1,99.76190476190476,99.76190476190476,,896.0,896.0
9593,957,matched,A unique odds row was assigned.,3,2,2,98.57142857142857,98.57142857142857,37.638095238095225,978.0,978.0
9594,958,matched,A unique odds row was assigned.,1,1,1,98.80952380952381,98.80952380952381,,977.0,977.0
9595,959,matched,A unique odds row was assigned.,2,1,1,98.80952380952381,98.80952380952381,,976.0,976.0
9596,960,matched,A unique odds row was assigned.,1,1,1,99.04761904761905,99.04761904761905,,974.0,974.0
9597,961,matched,A unique odds row was assigned.,2,1,1,99.04761904761905,99.04761904761905,,975.0,975.0
9598,962,matched,A unique odds row was assigned.,1,1,1,99.04761904761905,99.04761904761905,,973.0,973.0
9599,963,matched,A unique odds row was assigned.,1,1,1,99.04761904761905,99.04761904761905,,972.0,972.0
9600,964,matched,A unique odds row was assigned.,1,1,1,99.28571428571429,99.28571428571429,,969.0,969.0
9601,965,matched,A unique odds row was assigned.,2,1,1,99.28571428571429,99.28571428571429,,970.0,970.0
9602,966,matched,A unique odds row was assigned.,2,1,1,99.28571428571429,99.28571428571429,,971.0,971.0
9603,967,matched,A unique odds row was assigned.,1,1,1,99.28571428571429,99.28571428571429,,966.0,966.0
9604,968,matched,A unique odds row was assigned.,1,1,1,99.28571428571429,99.28571428571429,,967.0,967.0
9605,969,matched,A unique odds row was assigned.,4,1,1,99.28571428571429,99.28571428571429,,968.0,968.0
9606,970,matched,A unique odds row was assigned.,1,1,1,99.28571428571429,99.28571428571429,,964.0,964.0
9607,971,matched,A unique odds row was assigned.,1,1,1,99.28571428571429,99.28571428571429,,965.0,965.0
9608,972,matched,A unique odds row was assigned.,1,1,1,99.52380952380952,99.52380952380952,,960.0,960.0
9609,973,matched,A unique odds row was assigned.,1,1,1,99.76190476190476,99.76190476190476,,948.0,948.0
9610,974,matched,A unique odds row was assigned.,1,1,1,99.52380952380952,99.52380952380952,,961.0,961.0
9611,975,matched,A unique odds row was assigned.,1,1,1,99.52380952380952,99.52380952380952,,962.0,962.0
9612,976,matched,A unique odds row was assigned.,2,2,1,99.52380952380952,99.52380952380952,,959.0,959.0
9613,977,matched,A unique odds row was assigned.,4,2,1,99.52380952380952,99.52380952380952,,963.0,963.0
9614,978,matched,A unique odds row was assigned.,2,1,1,99.52380952380952,99.52380952380952,,953.0,953.0
9615,979,matched,A unique odds row was assigned.,1,1,1,99.52380952380952,99.52380952380952,,958.0,958.0
9616,980,matched,A unique odds row was assigned.,1,1,1,99.76190476190476,99.76190476190476,,950.0,950.0
9617,981,matched,A unique odds row was assigned.,1,1,1,99.52380952380952,99.52380952380952,,955.0,955.0
9618,982,matched,A unique odds row was assigned.,1,1,1,99.52380952380952,99.52380952380952,,956.0,956.0
9619,983,matched,A unique odds row was assigned.,1,1,1,99.52380952380952,99.52380952380952,,957.0,957.0
9620,984,matched,A unique odds row was assigned.,1,1,1,99.52380952380952,99.52380952380952,,954.0,954.0
9621,985,matched,A unique odds row was assigned.,1,1,1,99.76190476190476,99.76190476190476,,952.0,952.0
9622,986,matched,A unique odds row was assigned.,1,1,1,99.76190476190476,99.76190476190476,,951.0,951.0
9623,987,matched,A unique odds row was assigned.,3,1,1,99.76190476190476,99.76190476190476,,949.0,949.0
9624,988,no_pair_candidate,No valid odds row contains the same unordered player pair.,0,0,0,,,,,
9625,989,matched,A unique odds row was assigned.,1,1,1,100.0,100.0,,933.0,933.0
9626,990,matched,A unique odds row was assigned.,1,1,1,99.76190476190476,99.76190476190476,,943.0,943.0
9627,991,matched,A unique odds row was assigned.,1,1,1,100.0,100.0,,939.0,939.0
9628,992,matched,A unique odds row was assigned.,1,1,1,99.76190476190476,99.76190476190476,,947.0,947.0
9629,993,matched,A unique odds row was assigned.,1,1,1,99.76190476190476,99.76190476190476,,946.0,946.0
9630,994,matched,A unique odds row was assigned.,1,1,1,99.76190476190476,99.76190476190476,,945.0,945.0
9631,995,matched,A unique odds row was assigned.,1,1,1,99.76190476190476,99.76190476190476,,942.0,942.0
9632,996,matched,A unique odds row was assigned.,1,1,1,100.0,100.0,,935.0,935.0
9633,997,matched,A unique odds row was assigned.,1,1,1,100.0,100.0,,936.0,936.0
9634,998,matched,A unique odds row was assigned.,1,1,1,99.76190476190476,99.76190476190476,,944.0,944.0
9635,999,no_pair_candidate,No valid odds row contains the same unordered player pair.,0,0,0,,,,,
9636,1000,matched,A unique odds row was assigned.,1,1,1,100.0,100.0,,934.0,934.0
9637,1001,matched,A unique odds row was assigned.,1,1,1,100.0,100.0,,937.0,937.0
9638,1002,matched,A unique odds row was assigned.,1,1,1,100.0,100.0,,938.0,938.0
9639,1003,matched,A unique odds row was assigned.,2,1,1,100.0,100.0,,932.0,932.0
9640,1004,matched,A unique odds row was assigned.,1,1,1,53.34920634920635,53.34920634920635,,1032.0,1032.0
9641,1005,matched,A unique odds row was assigned.,1,1,1,53.58730158730159,53.58730158730159,,1030.0,1030.0
9642,1006,matched,A unique odds row was assigned.,1,1,1,53.58730158730159,53.58730158730159,,1031.0,1031.0
9643,1007,matched,A unique odds row was assigned.,1,1,1,53.82539682539682,53.82539682539682,,1027.0,1027.0
9644,1008,matched,A unique odds row was assigned.,2,1,1,53.82539682539682,53.82539682539682,,1026.0,1026.0
9645,1009,matched,A unique odds row was assigned.,1,1,1,53.58730158730159,53.58730158730159,,1029.0,1029.0
9646,1010,matched,A unique odds row was assigned.,1,1,1,53.82539682539682,53.82539682539682,,1028.0,1028.0
9647,1011,matched,A unique odds row was assigned.,1,1,1,54.301587301587304,54.301587301587304,,1019.0,1019.0
9648,1012,matched,A unique odds row was assigned.,1,1,1,54.06349206349206,54.06349206349206,,1020.0,1020.0
9649,1013,matched,A unique odds row was assigned.,1,1,1,54.06349206349206,54.06349206349206,,1021.0,1021.0
9650,1014,matched,A unique odds row was assigned.,1,1,1,54.301587301587304,54.301587301587304,,1018.0,1018.0
9651,1015,matched,A unique odds row was assigned.,1,1,1,54.06349206349206,54.06349206349206,,1025.0,1025.0
9652,1016,matched,A unique odds row was assigned.,1,1,1,54.06349206349206,54.06349206349206,,1024.0,1024.0
9653,1017,matched,A unique odds row was assigned.,1,1,1,54.06349206349206,54.06349206349206,,1023.0,1023.0
9654,1018,matched,A unique odds row was assigned.,1,1,1,54.06349206349206,54.06349206349206,,1022.0,1022.0
9655,1019,matched,A unique odds row was assigned.,1,1,1,54.53968253968254,54.53968253968254,,1010.0,1010.0
9656,1020,matched,A unique odds row was assigned.,1,1,1,54.77777777777778,54.77777777777778,,1006.0,1006.0
9657,1021,matched,A unique odds row was assigned.,1,1,1,54.53968253968254,54.53968253968254,,1012.0,1012.0
9658,1022,matched,A unique odds row was assigned.,1,1,1,54.77777777777778,54.77777777777778,,1008.0,1008.0
9659,1023,matched,A unique odds row was assigned.,1,1,1,54.77777777777778,54.77777777777778,,1009.0,1009.0
9660,1024,matched,A unique odds row was assigned.,1,1,1,54.77777777777778,54.77777777777778,,1007.0,1007.0
9661,1025,matched,A unique odds row was assigned.,1,1,1,54.53968253968254,54.53968253968254,,1014.0,1014.0
9662,1026,no_pair_candidate,No valid odds row contains the same unordered player pair.,0,0,0,,,,,
9663,1027,matched,A unique odds row was assigned.,1,1,1,54.53968253968254,54.53968253968254,,1015.0,1015.0
9664,1028,matched,A unique odds row was assigned.,1,1,1,54.53968253968254,54.53968253968254,,1016.0,1016.0
9665,1029,matched,A unique odds row was assigned.,1,1,1,54.53968253968254,54.53968253968254,,1017.0,1017.0
9666,1030,matched,A unique odds row was assigned.,1,1,1,54.53968253968254,54.53968253968254,,1013.0,1013.0
9667,1031,matched,A unique odds row was assigned.,1,1,1,49.43809523809524,49.43809523809524,,1005.0,1005.0
9668,1032,matched,A unique odds row was assigned.,1,1,1,49.67619047619048,49.67619047619048,,1004.0,1004.0
9669,1033,matched,A unique odds row was assigned.,1,1,1,49.67619047619048,49.67619047619048,,1003.0,1003.0
9670,1034,matched,A unique odds row was assigned.,1,1,1,49.67619047619048,49.67619047619048,,1002.0,1002.0
9671,1035,matched,A unique odds row was assigned.,1,1,1,49.91428571428571,49.91428571428571,,1000.0,1000.0
9672,1036,matched,A unique odds row was assigned.,1,1,1,49.91428571428571,49.91428571428571,,1001.0,1001.0
9673,1037,matched,A unique odds row was assigned.,1,1,1,49.91428571428571,49.91428571428571,,999.0,999.0
9674,1038,matched,A unique odds row was assigned.,1,1,1,49.91428571428571,49.91428571428571,,998.0,998.0
9675,1039,matched,A unique odds row was assigned.,1,1,1,49.91428571428571,49.91428571428571,,997.0,997.0
9676,1040,matched,A unique odds row was assigned.,1,1,1,49.91428571428571,49.91428571428571,,995.0,995.0
9677,1041,matched,A unique odds row was assigned.,1,1,1,49.91428571428571,49.91428571428571,,996.0,996.0
9678,1042,matched,A unique odds row was assigned.,1,1,1,50.15238095238095,50.15238095238095,,992.0,992.0
9679,1043,matched,A unique odds row was assigned.,2,1,1,50.39047619047619,50.39047619047619,,991.0,991.0
9680,1044,matched,A unique odds row was assigned.,1,1,1,50.15238095238095,50.15238095238095,,993.0,993.0
9681,1045,matched,A unique odds row was assigned.,1,1,1,50.15238095238095,50.15238095238095,,994.0,994.0
9682,1046,matched,A unique odds row was assigned.,1,1,1,50.86666666666667,50.86666666666667,,982.0,982.0
9683,1047,matched,A unique odds row was assigned.,1,1,1,50.86666666666667,50.86666666666667,,979.0,979.0
9684,1048,matched,A unique odds row was assigned.,4,1,1,50.86666666666667,50.86666666666667,,980.0,980.0
9685,1049,matched,A unique odds row was assigned.,1,1,1,50.39047619047619,50.39047619047619,,990.0,990.0
9686,1050,matched,A unique odds row was assigned.,1,1,1,50.628571428571426,50.628571428571426,,989.0,989.0
9687,1051,matched,A unique odds row was assigned.,1,1,1,50.628571428571426,50.628571428571426,,987.0,987.0
9688,1052,matched,A unique odds row was assigned.,1,1,1,50.628571428571426,50.628571428571426,,983.0,983.0
9689,1053,matched,A unique odds row was assigned.,1,1,1,50.628571428571426,50.628571428571426,,985.0,985.0
9690,1054,matched,A unique odds row was assigned.,1,1,1,50.86666666666667,50.86666666666667,,981.0,981.0
9691,1055,matched,A unique odds row was assigned.,1,1,1,50.628571428571426,50.628571428571426,,988.0,988.0
9692,1056,matched,A unique odds row was assigned.,1,1,1,50.628571428571426,50.628571428571426,,986.0,986.0
9693,1057,matched,A unique odds row was assigned.,1,1,1,50.628571428571426,50.628571428571426,,984.0,984.0
9694,1058,matched,A unique odds row was assigned.,2,1,1,71.23809523809523,71.23809523809523,,1127.0,1127.0
9695,1059,matched,A unique odds row was assigned.,1,1,1,71.71428571428571,71.71428571428571,,1126.0,1126.0
9696,1060,matched,A unique odds row was assigned.,1,1,1,71.71428571428571,71.71428571428571,,1125.0,1125.0
9697,1061,matched,A unique odds row was assigned.,1,1,1,71.95238095238095,71.95238095238095,,1123.0,1123.0
9698,1062,matched,A unique odds row was assigned.,2,1,1,71.95238095238095,71.95238095238095,,1124.0,1124.0
9699,1063,matched,A unique odds row was assigned.,1,1,1,72.19047619047619,72.19047619047619,,1122.0,1122.0
9700,1064,matched,A unique odds row was assigned.,2,1,1,72.19047619047619,72.19047619047619,,1121.0,1121.0
9701,1065,matched,A unique odds row was assigned.,2,1,1,72.42857142857143,72.42857142857143,,1118.0,1118.0
9702,1066,matched,A unique odds row was assigned.,2,1,1,72.42857142857143,72.42857142857143,,1119.0,1119.0
9703,1067,matched,A unique odds row was assigned.,1,1,1,72.42857142857143,72.42857142857143,,1113.0,1113.0
9704,1068,matched,A unique odds row was assigned.,1,1,1,72.42857142857143,72.42857142857143,,1120.0,1120.0
9705,1069,matched,A unique odds row was assigned.,1,1,1,72.42857142857143,72.42857142857143,,1115.0,1115.0
9706,1070,matched,A unique odds row was assigned.,1,1,1,72.42857142857143,72.42857142857143,,1116.0,1116.0
9707,1071,matched,A unique odds row was assigned.,1,1,1,72.42857142857143,72.42857142857143,,1114.0,1114.0
9708,1072,matched,A unique odds row was assigned.,1,1,1,72.42857142857143,72.42857142857143,,1117.0,1117.0
9709,1073,matched,A unique odds row was assigned.,2,1,1,72.66666666666666,72.66666666666666,,1111.0,1111.0
9710,1074,matched,A unique odds row was assigned.,1,1,1,72.66666666666666,72.66666666666666,,1112.0,1112.0
9711,1075,matched,A unique odds row was assigned.,2,1,1,72.66666666666666,72.66666666666666,,1109.0,1109.0
9712,1076,matched,A unique odds row was assigned.,2,1,1,72.66666666666666,72.66666666666666,,1110.0,1110.0
9713,1077,matched,A unique odds row was assigned.,2,1,1,72.66666666666666,72.66666666666666,,1107.0,1107.0
9714,1078,matched,A unique odds row was assigned.,2,1,1,72.66666666666666,72.66666666666666,,1105.0,1105.0
9715,1079,matched,A unique odds row was assigned.,1,1,1,72.66666666666666,72.66666666666666,,1108.0,1108.0
9716,1080,matched,A unique odds row was assigned.,1,1,1,72.66666666666666,72.66666666666666,,1106.0,1106.0
9717,1081,matched,A unique odds row was assigned.,1,1,1,72.9047619047619,72.9047619047619,,1100.0,1100.0
9718,1082,matched,A unique odds row was assigned.,2,1,1,72.9047619047619,72.9047619047619,,1102.0,1102.0
9719,1083,matched,A unique odds row was assigned.,2,1,1,72.9047619047619,72.9047619047619,,1103.0,1103.0
9720,1084,matched,A unique odds row was assigned.,1,1,1,72.9047619047619,72.9047619047619,,1104.0,1104.0
9721,1085,matched,A unique odds row was assigned.,2,1,1,72.9047619047619,72.9047619047619,,1099.0,1099.0
9722,1086,matched,A unique odds row was assigned.,1,1,1,72.9047619047619,72.9047619047619,,1098.0,1098.0
9723,1087,matched,A unique odds row was assigned.,1,1,1,72.9047619047619,72.9047619047619,,1097.0,1097.0
9724,1088,matched,A unique odds row was assigned.,1,1,1,72.9047619047619,72.9047619047619,,1101.0,1101.0
9725,1089,matched,A unique odds row was assigned.,1,1,1,73.14285714285714,73.14285714285714,,1084.0,1084.0
9726,1090,matched,A unique odds row was assigned.,2,1,1,73.14285714285714,73.14285714285714,,1086.0,1086.0
9727,1091,matched,A unique odds row was assigned.,2,1,1,73.14285714285714,73.14285714285714,,1093.0,1093.0
9728,1092,matched,A unique odds row was assigned.,2,1,1,73.14285714285714,73.14285714285714,,1091.0,1091.0
9729,1093,matched,A unique odds row was assigned.,2,1,1,73.14285714285714,73.14285714285714,,1090.0,1090.0
9730,1094,matched,A unique odds row was assigned.,1,1,1,73.14285714285714,73.14285714285714,,1092.0,1092.0
9731,1095,matched,A unique odds row was assigned.,1,1,1,73.14285714285714,73.14285714285714,,1095.0,1095.0
9732,1096,matched,A unique odds row was assigned.,2,2,2,73.14285714285714,73.14285714285714,23.62857142857142,1096.0,1096.0
9733,1097,matched,A unique odds row was assigned.,2,1,1,73.14285714285714,73.14285714285714,,1088.0,1088.0
9734,1098,matched,A unique odds row was assigned.,1,1,1,73.14285714285714,73.14285714285714,,1082.0,1082.0
9735,1099,matched,A unique odds row was assigned.,1,1,1,73.14285714285714,73.14285714285714,,1089.0,1089.0
9736,1100,matched,A unique odds row was assigned.,1,1,1,73.14285714285714,73.14285714285714,,1094.0,1094.0
9737,1101,matched,A unique odds row was assigned.,2,1,1,73.14285714285714,73.14285714285714,,1087.0,1087.0
9738,1102,matched,A unique odds row was assigned.,1,1,1,73.14285714285714,73.14285714285714,,1085.0,1085.0
9739,1103,matched,A unique odds row was assigned.,1,1,1,73.14285714285714,73.14285714285714,,1083.0,1083.0
9740,1104,matched,A unique odds row was assigned.,1,1,1,73.14285714285714,73.14285714285714,,1081.0,1081.0
9741,1105,matched,A unique odds row was assigned.,3,1,1,73.38095238095238,73.38095238095238,,1073.0,1073.0
9742,1106,matched,A unique odds row was assigned.,4,1,1,73.38095238095238,73.38095238095238,,1069.0,1069.0
9743,1107,matched,A unique odds row was assigned.,1,1,1,73.38095238095238,73.38095238095238,,1072.0,1072.0
9744,1108,matched,A unique odds row was assigned.,1,1,1,73.38095238095238,73.38095238095238,,1075.0,1075.0
9745,1109,matched,A unique odds row was assigned.,1,1,1,73.38095238095238,73.38095238095238,,1065.0,1065.0
9746,1110,matched,A unique odds row was assigned.,2,1,1,73.38095238095238,73.38095238095238,,1067.0,1067.0
9747,1111,matched,A unique odds row was assigned.,1,1,1,73.38095238095238,73.38095238095238,,1071.0,1071.0
9748,1112,matched,A unique odds row was assigned.,1,1,1,73.38095238095238,73.38095238095238,,1080.0,1080.0
9749,1113,matched,A unique odds row was assigned.,1,1,1,73.38095238095238,73.38095238095238,,1068.0,1068.0
9750,1114,matched,A unique odds row was assigned.,2,1,1,73.38095238095238,73.38095238095238,,1070.0,1070.0
9751,1115,matched,A unique odds row was assigned.,1,1,1,73.38095238095238,73.38095238095238,,1079.0,1079.0
9752,1116,matched,A unique odds row was assigned.,1,1,1,73.38095238095238,73.38095238095238,,1077.0,1077.0
9753,1117,matched,A unique odds row was assigned.,3,1,1,73.38095238095238,73.38095238095238,,1076.0,1076.0
9754,1118,matched,A unique odds row was assigned.,1,1,1,73.38095238095238,73.38095238095238,,1078.0,1078.0
9755,1119,matched,A unique odds row was assigned.,1,1,1,73.38095238095238,73.38095238095238,,1066.0,1066.0
9756,1120,matched,A unique odds row was assigned.,1,1,1,73.38095238095238,73.38095238095238,,1074.0,1074.0
9757,1121,matched,A unique odds row was assigned.,1,1,1,73.61904761904762,73.61904761904762,,1054.0,1054.0
9758,1122,no_pair_candidate,No valid odds row contains the same unordered player pair.,0,0,0,,,,,
9759,1123,matched,A unique odds row was assigned.,2,1,1,73.61904761904762,73.61904761904762,,1050.0,1050.0
9760,1124,matched,A unique odds row was assigned.,1,1,1,73.61904761904762,73.61904761904762,,1057.0,1057.0
9761,1125,matched,A unique odds row was assigned.,2,2,2,73.61904761904762,73.61904761904762,23.628571428571426,1058.0,1058.0
9762,1126,matched,A unique odds row was assigned.,3,1,1,73.61904761904762,73.61904761904762,,1051.0,1051.0
9763,1127,matched,A unique odds row was assigned.,1,1,1,73.61904761904762,73.61904761904762,,1063.0,1063.0
9764,1128,no_pair_candidate,No valid odds row contains the same unordered player pair.,0,0,0,,,,,
9765,1129,no_pair_candidate,No valid odds row contains the same unordered player pair.,0,0,0,,,,,
9766,1130,matched,A unique odds row was assigned.,2,1,1,73.61904761904762,73.61904761904762,,1053.0,1053.0
9767,1131,matched,A unique odds row was assigned.,2,1,1,73.61904761904762,73.61904761904762,,1064.0,1064.0
9768,1132,matched,A unique odds row was assigned.,1,1,1,73.61904761904762,73.61904761904762,,1052.0,1052.0
9769,1133,matched,A unique odds row was assigned.,1,1,1,73.61904761904762,73.61904761904762,,1062.0,1062.0
9770,1134,matched,A unique odds row was assigned.,1,1,1,73.61904761904762,73.61904761904762,,1049.0,1049.0
9771,1135,matched,A unique odds row was assigned.,2,1,1,73.61904761904762,73.61904761904762,,1061.0,1061.0
9772,1136,matched,A unique odds row was assigned.,1,1,1,73.61904761904762,73.61904761904762,,1055.0,1055.0
9773,1137,matched,A unique odds row was assigned.,2,1,1,73.85714285714285,73.85714285714285,,1043.0,1043.0
9774,1138,matched,A unique odds row was assigned.,1,1,1,73.85714285714285,73.85714285714285,,1037.0,1037.0
9775,1139,matched,A unique odds row was assigned.,1,1,1,73.85714285714285,73.85714285714285,,1039.0,1039.0
9776,1140,matched,A unique odds row was assigned.,1,1,1,73.85714285714285,73.85714285714285,,1040.0,1040.0
9777,1141,matched,A unique odds row was assigned.,1,1,1,73.85714285714285,73.85714285714285,,1046.0,1046.0
9778,1142,matched,A unique odds row was assigned.,1,1,1,73.85714285714285,73.85714285714285,,1041.0,1041.0
9779,1143,matched,A unique odds row was assigned.,1,1,1,73.85714285714285,73.85714285714285,,1048.0,1048.0
9780,1144,matched,A unique odds row was assigned.,1,1,1,73.85714285714285,73.85714285714285,,1042.0,1042.0
9781,1145,matched,A unique odds row was assigned.,1,1,1,73.85714285714285,73.85714285714285,,1044.0,1044.0
9782,1146,matched,A unique odds row was assigned.,1,1,1,73.85714285714285,73.85714285714285,,1047.0,1047.0
9783,1147,matched,A unique odds row was assigned.,2,1,1,73.85714285714285,73.85714285714285,,1035.0,1035.0
9784,1148,matched,A unique odds row was assigned.,1,1,1,73.85714285714285,73.85714285714285,,1034.0,1034.0
9785,1149,matched,A unique odds row was assigned.,2,1,1,73.85714285714285,73.85714285714285,,1045.0,1045.0
9786,1150,matched,A unique odds row was assigned.,1,1,1,73.85714285714285,73.85714285714285,,1033.0,1033.0
9787,1151,matched,A unique odds row was assigned.,1,1,1,73.85714285714285,73.85714285714285,,1036.0,1036.0
9788,1152,matched,A unique odds row was assigned.,1,1,1,73.85714285714285,73.85714285714285,,1038.0,1038.0
9789,1153,matched,A unique odds row was assigned.,1,1,1,96.9047619047619,96.9047619047619,,1222.0,1222.0
9790,1154,matched,A unique odds row was assigned.,1,1,1,97.38095238095238,97.38095238095238,,1220.0,1220.0
9791,1155,matched,A unique odds row was assigned.,1,1,1,97.38095238095238,97.38095238095238,,1221.0,1221.0
9792,1156,no_pair_candidate,No valid odds row contains the same unordered player pair.,0,0,0,,,,,
9793,1157,matched,A unique odds row was assigned.,4,1,1,97.85714285714286,97.85714285714286,,1217.0,1217.0
9794,1158,matched,A unique odds row was assigned.,1,1,1,97.61904761904762,97.61904761904762,,1219.0,1219.0
9795,1159,matched,A unique odds row was assigned.,1,1,1,97.61904761904762,97.61904761904762,,1218.0,1218.0
9796,1160,matched,A unique odds row was assigned.,1,1,1,98.0952380952381,98.0952380952381,,1208.0,1208.0
9797,1161,no_pair_candidate,No valid odds row contains the same unordered player pair.,0,0,0,,,,,
9798,1162,matched,A unique odds row was assigned.,1,1,1,98.0952380952381,98.0952380952381,,1211.0,1211.0
9799,1163,matched,A unique odds row was assigned.,1,1,1,98.0952380952381,98.0952380952381,,1209.0,1209.0
9800,1164,matched,A unique odds row was assigned.,2,1,1,98.0952380952381,98.0952380952381,,1215.0,1215.0
9801,1165,matched,A unique odds row was assigned.,1,1,1,98.0952380952381,98.0952380952381,,1212.0,1212.0
9802,1166,matched,A unique odds row was assigned.,1,1,1,98.0952380952381,98.0952380952381,,1213.0,1213.0
9803,1167,matched,A unique odds row was assigned.,2,1,1,98.0952380952381,98.0952380952381,,1214.0,1214.0
9804,1168,matched,A unique odds row was assigned.,1,1,1,98.57142857142857,98.57142857142857,,1196.0,1196.0
9805,1169,matched,A unique odds row was assigned.,5,1,1,98.57142857142857,98.57142857142857,,1194.0,1194.0
9806,1170,no_pair_candidate,No valid odds row contains the same unordered player pair.,0,0,0,,,,,
9807,1171,matched,A unique odds row was assigned.,2,2,1,98.57142857142857,98.57142857142857,,1192.0,1192.0
9808,1172,matched,A unique odds row was assigned.,1,1,1,98.57142857142857,98.57142857142857,,1198.0,1198.0
9809,1173,matched,A unique odds row was assigned.,1,1,1,98.57142857142857,98.57142857142857,,1193.0,1193.0
9810,1174,matched,A unique odds row was assigned.,2,1,1,98.57142857142857,98.57142857142857,,1197.0,1197.0
9811,1175,matched,A unique odds row was assigned.,1,1,1,98.57142857142857,98.57142857142857,,1195.0,1195.0
9812,1176,matched,A unique odds row was assigned.,1,1,1,98.33333333333333,98.33333333333333,,1201.0,1201.0
9813,1177,matched,A unique odds row was assigned.,1,1,1,98.33333333333333,98.33333333333333,,1200.0,1200.0
9814,1178,matched,A unique odds row was assigned.,1,1,1,98.33333333333333,98.33333333333333,,1204.0,1204.0
9815,1179,matched,A unique odds row was assigned.,2,1,1,98.33333333333333,98.33333333333333,,1202.0,1202.0
9816,1180,matched,A unique odds row was assigned.,1,1,1,98.33333333333333,98.33333333333333,,1205.0,1205.0
9817,1181,matched,A unique odds row was assigned.,1,1,1,98.33333333333333,98.33333333333333,,1207.0,1207.0
9818,1182,matched,A unique odds row was assigned.,2,1,1,98.33333333333333,98.33333333333333,,1203.0,1203.0
9819,1183,matched,A unique odds row was assigned.,1,1,1,98.33333333333333,98.33333333333333,,1206.0,1206.0
9820,1184,matched,A unique odds row was assigned.,1,1,1,99.04761904761905,99.04761904761905,,1175.0,1175.0
9821,1185,matched,A unique odds row was assigned.,2,1,1,99.04761904761905,99.04761904761905,,1171.0,1171.0
9822,1186,matched,A unique odds row was assigned.,1,1,1,99.04761904761905,99.04761904761905,,1174.0,1174.0
9823,1187,matched,A unique odds row was assigned.,1,1,1,99.04761904761905,99.04761904761905,,1170.0,1170.0
9824,1188,matched,A unique odds row was assigned.,1,1,1,99.04761904761905,99.04761904761905,,1164.0,1164.0
9825,1189,no_pair_candidate,No valid odds row contains the same unordered player pair.,0,0,0,,,,,
9826,1190,matched,A unique odds row was assigned.,1,1,1,99.04761904761905,99.04761904761905,,1166.0,1166.0
9827,1191,matched,A unique odds row was assigned.,2,1,1,99.04761904761905,99.04761904761905,,1173.0,1173.0
9828,1192,matched,A unique odds row was assigned.,1,1,1,99.04761904761905,99.04761904761905,,1168.0,1168.0
9829,1193,matched,A unique odds row was assigned.,4,1,1,99.04761904761905,99.04761904761905,,1163.0,1163.0
9830,1194,matched,A unique odds row was assigned.,1,1,1,99.04761904761905,99.04761904761905,,1169.0,1169.0
9831,1195,matched,A unique odds row was assigned.,1,1,1,99.04761904761905,99.04761904761905,,1160.0,1160.0
9832,1196,matched,A unique odds row was assigned.,1,1,1,99.04761904761905,99.04761904761905,,1172.0,1172.0
9833,1197,matched,A unique odds row was assigned.,2,1,1,99.04761904761905,99.04761904761905,,1167.0,1167.0
9834,1198,matched,A unique odds row was assigned.,1,1,1,99.04761904761905,99.04761904761905,,1161.0,1161.0
9835,1199,matched,A unique odds row was assigned.,1,1,1,99.04761904761905,99.04761904761905,,1162.0,1162.0
9836,1200,matched,A unique odds row was assigned.,3,1,1,98.80952380952381,98.80952380952381,,1188.0,1188.0
9837,1201,matched,A unique odds row was assigned.,1,1,1,98.80952380952381,98.80952380952381,,1187.0,1187.0
9838,1202,matched,A unique odds row was assigned.,1,1,1,98.80952380952381,98.80952380952381,,1189.0,1189.0
9839,1203,matched,A unique odds row was assigned.,2,1,1,98.80952380952381,98.80952380952381,,1183.0,1183.0
9840,1204,matched,A unique odds row was assigned.,1,1,1,98.80952380952381,98.80952380952381,,1181.0,1181.0
9841,1205,matched,A unique odds row was assigned.,2,1,1,98.80952380952381,98.80952380952381,,1178.0,1178.0
9842,1206,matched,A unique odds row was assigned.,1,1,1,98.80952380952381,98.80952380952381,,1184.0,1184.0
9843,1207,matched,A unique odds row was assigned.,2,1,1,98.80952380952381,98.80952380952381,,1191.0,1191.0
9844,1208,matched,A unique odds row was assigned.,1,1,1,98.80952380952381,98.80952380952381,,1179.0,1179.0
9845,1209,matched,A unique odds row was assigned.,2,2,1,98.80952380952381,98.80952380952381,,1176.0,1176.0
9846,1210,matched,A unique odds row was assigned.,2,1,1,98.80952380952381,98.80952380952381,,1186.0,1186.0
9847,1211,matched,A unique odds row was assigned.,1,1,1,98.80952380952381,98.80952380952381,,1190.0,1190.0
9848,1212,matched,A unique odds row was assigned.,1,1,1,98.80952380952381,98.80952380952381,,1180.0,1180.0
9849,1213,matched,A unique odds row was assigned.,2,1,1,98.80952380952381,98.80952380952381,,1182.0,1182.0
9850,1214,matched,A unique odds row was assigned.,1,1,1,98.80952380952381,98.80952380952381,,1177.0,1177.0
9851,1215,matched,A unique odds row was assigned.,1,1,1,98.80952380952381,98.80952380952381,,1185.0,1185.0
9852,1216,matched,A unique odds row was assigned.,2,1,1,99.28571428571429,99.28571428571429,,1147.0,1147.0
9853,1217,matched,A unique odds row was assigned.,2,1,1,99.52380952380952,99.52380952380952,,1129.0,1129.0
9854,1218,matched,A unique odds row was assigned.,1,1,1,99.28571428571429,99.28571428571429,,1146.0,1146.0
9855,1219,matched,A unique odds row was assigned.,3,2,1,99.52380952380952,99.52380952380952,,1136.0,1136.0
9856,1220,matched,A unique odds row was assigned.,1,1,1,99.52380952380952,99.52380952380952,,1133.0,1133.0
9857,1221,no_pair_candidate,No valid odds row contains the same unordered player pair.,0,0,0,,,,,
9858,1222,matched,A unique odds row was assigned.,1,1,1,99.52380952380952,99.52380952380952,,1135.0,1135.0
9859,1223,matched,A unique odds row was assigned.,1,1,1,99.28571428571429,99.28571428571429,,1148.0,1148.0
9860,1224,matched,A unique odds row was assigned.,1,1,1,99.52380952380952,99.52380952380952,,1138.0,1138.0
9861,1225,matched,A unique odds row was assigned.,2,1,1,99.52380952380952,99.52380952380952,,1132.0,1132.0
9862,1226,matched,A unique odds row was assigned.,1,1,1,99.28571428571429,99.28571428571429,,1143.0,1143.0
9863,1227,matched,A unique odds row was assigned.,1,1,1,99.52380952380952,99.52380952380952,,1131.0,1131.0
9864,1228,matched,A unique odds row was assigned.,1,1,1,99.28571428571429,99.28571428571429,,1155.0,1155.0
9865,1229,matched,A unique odds row was assigned.,1,1,1,99.52380952380952,99.52380952380952,,1134.0,1134.0
9866,1230,matched,A unique odds row was assigned.,1,1,1,99.52380952380952,99.52380952380952,,1137.0,1137.0
9867,1231,matched,A unique odds row was assigned.,1,1,1,99.52380952380952,99.52380952380952,,1130.0,1130.0
9868,1232,matched,A unique odds row was assigned.,1,1,1,99.28571428571429,99.28571428571429,,1153.0,1153.0
9869,1233,matched,A unique odds row was assigned.,1,1,1,99.28571428571429,99.28571428571429,,1140.0,1140.0
9870,1234,no_pair_candidate,No valid odds row contains the same unordered player pair.,0,0,0,,,,,
9871,1235,no_pair_candidate,No valid odds row contains the same unordered player pair.,0,0,0,,,,,
9872,1236,matched,A unique odds row was assigned.,1,1,1,99.28571428571429,99.28571428571429,,1145.0,1145.0
9873,1237,matched,A unique odds row was assigned.,1,1,1,99.28571428571429,99.28571428571429,,1149.0,1149.0
9874,1238,matched,A unique odds row was assigned.,1,1,1,99.28571428571429,99.28571428571429,,1156.0,1156.0
9875,1239,matched,A unique odds row was assigned.,2,2,1,99.28571428571429,99.28571428571429,,1152.0,1152.0
9876,1240,matched,A unique odds row was assigned.,1,1,1,99.28571428571429,99.28571428571429,,1144.0,1144.0
9877,1241,matched,A unique odds row was assigned.,1,1,1,99.28571428571429,99.28571428571429,,1141.0,1141.0
9878,1242,matched,A unique odds row was assigned.,1,1,1,99.28571428571429,99.28571428571429,,1158.0,1158.0
9879,1243,matched,A unique odds row was assigned.,1,1,1,99.28571428571429,99.28571428571429,,1159.0,1159.0
9880,1244,matched,A unique odds row was assigned.,1,1,1,99.28571428571429,99.28571428571429,,1157.0,1157.0
9881,1245,matched,A unique odds row was assigned.,1,1,1,99.28571428571429,99.28571428571429,,1139.0,1139.0
9882,1246,matched,A unique odds row was assigned.,1,1,1,99.28571428571429,99.28571428571429,,1142.0,1142.0
9883,1247,matched,A unique odds row was assigned.,1,1,1,99.28571428571429,99.28571428571429,,1150.0,1150.0
9884,1248,matched,A unique odds row was assigned.,1,1,1,98.80952380952381,98.80952380952381,,1249.0,1249.0
9885,1249,matched,A unique odds row was assigned.,1,1,1,99.04761904761905,99.04761904761905,,1247.0,1247.0
9886,1250,matched,A unique odds row was assigned.,1,1,1,98.80952380952381,98.80952380952381,,1248.0,1248.0
9887,1251,matched,A unique odds row was assigned.,1,1,1,99.28571428571429,99.28571428571429,,1244.0,1244.0
9888,1252,matched,A unique odds row was assigned.,2,1,1,99.28571428571429,99.28571428571429,,1243.0,1243.0
9889,1253,matched,A unique odds row was assigned.,1,1,1,99.28571428571429,99.28571428571429,,1245.0,1245.0
9890,1254,matched,A unique odds row was assigned.,1,1,1,99.28571428571429,99.28571428571429,,1246.0,1246.0
9891,1255,matched,A unique odds row was assigned.,1,1,1,99.52380952380952,99.52380952380952,,1241.0,1241.0
9892,1256,matched,A unique odds row was assigned.,1,1,1,99.28571428571429,99.28571428571429,,1242.0,1242.0
9893,1257,matched,A unique odds row was assigned.,1,1,1,99.52380952380952,99.52380952380952,,1239.0,1239.0
9894,1258,no_pair_candidate,No valid odds row contains the same unordered player pair.,0,0,0,,,,,
9895,1259,matched,A unique odds row was assigned.,1,1,1,99.76190476190476,99.76190476190476,,1236.0,1236.0
9896,1260,matched,A unique odds row was assigned.,2,1,1,99.76190476190476,99.76190476190476,,1235.0,1235.0
9897,1261,matched,A unique odds row was assigned.,1,1,1,99.52380952380952,99.52380952380952,,1237.0,1237.0
9898,1262,matched,A unique odds row was assigned.,1,1,1,99.52380952380952,99.52380952380952,,1240.0,1240.0
9899,1263,matched,A unique odds row was assigned.,1,1,1,99.76190476190476,99.76190476190476,,1231.0,1231.0
9900,1264,matched,A unique odds row was assigned.,1,1,1,99.76190476190476,99.76190476190476,,1234.0,1234.0
9901,1265,matched,A unique odds row was assigned.,1,1,1,99.76190476190476,99.76190476190476,,1232.0,1232.0
9902,1266,matched,A unique odds row was assigned.,2,1,1,99.76190476190476,99.76190476190476,,1229.0,1229.0
9903,1267,no_pair_candidate,No valid odds row contains the same unordered player pair.,0,0,0,,,,,
9904,1268,matched,A unique odds row was assigned.,3,1,1,99.76190476190476,99.76190476190476,,1233.0,1233.0
9905,1269,matched,A unique odds row was assigned.,3,1,1,100.0,100.0,,1225.0,1225.0
9906,1270,matched,A unique odds row was assigned.,2,1,1,100.0,100.0,,1227.0,1227.0
9907,1271,matched,A unique odds row was assigned.,1,1,1,100.0,100.0,,1228.0,1228.0
9908,1272,matched,A unique odds row was assigned.,1,1,1,98.33333333333333,98.33333333333333,,1223.0,1223.0
9909,1273,matched,A unique odds row was assigned.,1,1,1,98.33333333333333,98.33333333333333,,1224.0,1224.0
9910,1274,matched,A unique odds row was assigned.,1,1,1,100.0,100.0,,1226.0,1226.0
9911,1275,no_pair_candidate,No valid odds row contains the same unordered player pair.,0,0,0,,,,,
9912,1276,matched,A unique odds row was assigned.,1,1,1,99.04761904761905,99.04761904761905,,1274.0,1274.0
9913,1277,no_pair_candidate,No valid odds row contains the same unordered player pair.,0,0,0,,,,,
9914,1278,matched,A unique odds row was assigned.,1,1,1,99.28571428571429,99.28571428571429,,1271.0,1271.0
9915,1279,matched,A unique odds row was assigned.,1,1,1,99.28571428571429,99.28571428571429,,1270.0,1270.0
9916,1280,no_pair_candidate,No valid odds row contains the same unordered player pair.,0,0,0,,,,,
9917,1281,matched,A unique odds row was assigned.,1,1,1,99.28571428571429,99.28571428571429,,1272.0,1272.0
9918,1282,matched,A unique odds row was assigned.,2,1,1,99.52380952380952,99.52380952380952,,1266.0,1266.0
9919,1283,matched,A unique odds row was assigned.,2,1,1,99.52380952380952,99.52380952380952,,1265.0,1265.0
9920,1284,matched,A unique odds row was assigned.,1,1,1,99.52380952380952,99.52380952380952,,1264.0,1264.0
9921,1285,matched,A unique odds row was assigned.,1,1,1,99.52380952380952,99.52380952380952,,1268.0,1268.0
9922,1286,no_pair_candidate,No valid odds row contains the same unordered player pair.,0,0,0,,,,,
9923,1287,matched,A unique odds row was assigned.,1,1,1,99.52380952380952,99.52380952380952,,1269.0,1269.0
9924,1288,matched,A unique odds row was assigned.,2,1,1,99.76190476190476,99.76190476190476,,1262.0,1262.0
9925,1289,matched,A unique odds row was assigned.,2,1,1,99.76190476190476,99.76190476190476,,1263.0,1263.0
9926,1290,matched,A unique odds row was assigned.,1,1,1,100.0,100.0,,1255.0,1255.0
9927,1291,matched,A unique odds row was assigned.,1,1,1,99.76190476190476,99.76190476190476,,1256.0,1256.0
9928,1292,matched,A unique odds row was assigned.,1,1,1,100.0,100.0,,1252.0,1252.0
9929,1293,matched,A unique odds row was assigned.,1,1,1,99.76190476190476,99.76190476190476,,1260.0,1260.0
9930,1294,matched,A unique odds row was assigned.,1,1,1,100.0,100.0,,1254.0,1254.0
9931,1295,matched,A unique odds row was assigned.,1,1,1,99.76190476190476,99.76190476190476,,1259.0,1259.0
9932,1296,matched,A unique odds row was assigned.,1,1,1,99.76190476190476,99.76190476190476,,1261.0,1261.0
9933,1297,no_pair_candidate,No valid odds row contains the same unordered player pair.,0,0,0,,,,,
9934,1298,matched,A unique odds row was assigned.,1,1,1,99.76190476190476,99.76190476190476,,1258.0,1258.0
9935,1299,matched,A unique odds row was assigned.,1,1,1,100.0,100.0,,1253.0,1253.0
9936,1300,matched,A unique odds row was assigned.,1,1,1,98.33333333333333,98.33333333333333,,1251.0,1251.0
9937,1301,matched,A unique odds row was assigned.,1,1,1,98.33333333333333,98.33333333333333,,1250.0,1250.0
9938,1302,matched,A unique odds row was assigned.,4,1,1,96.9047619047619,96.9047619047619,,1403.0,1403.0
9939,1303,matched,A unique odds row was assigned.,3,1,1,97.38095238095238,97.38095238095238,,1401.0,1401.0
9940,1304,matched,A unique odds row was assigned.,2,1,1,97.38095238095238,97.38095238095238,,1402.0,1402.0
9941,1305,matched,A unique odds row was assigned.,2,1,1,97.85714285714286,97.85714285714286,,1399.0,1399.0
9942,1306,matched,A unique odds row was assigned.,2,1,1,98.0952380952381,98.0952380952381,,1397.0,1397.0
9943,1307,matched,A unique odds row was assigned.,1,1,1,98.0952380952381,98.0952380952381,,1398.0,1398.0
9944,1308,matched,A unique odds row was assigned.,2,1,1,97.85714285714286,97.85714285714286,,1400.0,1400.0
9945,1309,matched,A unique odds row was assigned.,1,1,1,98.33333333333333,98.33333333333333,,1394.0,1394.0
9946,1310,matched,A unique odds row was assigned.,1,1,1,98.57142857142857,98.57142857142857,,1392.0,1392.0
9947,1311,matched,A unique odds row was assigned.,2,1,1,98.57142857142857,98.57142857142857,,1390.0,1390.0
9948,1312,matched,A unique odds row was assigned.,3,1,1,98.33333333333333,98.33333333333333,,1396.0,1396.0
9949,1313,matched,A unique odds row was assigned.,2,1,1,98.33333333333333,98.33333333333333,,1393.0,1393.0
9950,1314,matched,A unique odds row was assigned.,2,1,1,98.33333333333333,98.33333333333333,,1395.0,1395.0
9951,1315,matched,A unique odds row was assigned.,2,1,1,98.57142857142857,98.57142857142857,,1391.0,1391.0
9952,1316,matched,A unique odds row was assigned.,1,1,1,98.57142857142857,98.57142857142857,,1389.0,1389.0
9953,1317,matched,A unique odds row was assigned.,3,1,1,98.80952380952381,98.80952380952381,,1388.0,1388.0
9954,1318,matched,A unique odds row was assigned.,2,1,1,99.04761904761905,99.04761904761905,,1374.0,1374.0
9955,1319,matched,A unique odds row was assigned.,1,1,1,99.04761904761905,99.04761904761905,,1377.0,1377.0
9956,1320,matched,A unique odds row was assigned.,4,1,1,98.80952380952381,98.80952380952381,,1381.0,1381.0
9957,1321,matched,A unique odds row was assigned.,1,1,1,98.80952380952381,98.80952380952381,,1380.0,1380.0
9958,1322,matched,A unique odds row was assigned.,2,1,1,99.04761904761905,99.04761904761905,,1373.0,1373.0
9959,1323,matched,A unique odds row was assigned.,2,1,1,98.80952380952381,98.80952380952381,,1387.0,1387.0
9960,1324,matched,A unique odds row was assigned.,1,1,1,98.80952380952381,98.80952380952381,,1382.0,1382.0
9961,1325,no_pair_candidate,No valid odds row contains the same unordered player pair.,0,0,0,,,,,
9962,1326,matched,A unique odds row was assigned.,2,1,1,98.80952380952381,98.80952380952381,,1386.0,1386.0
9963,1327,matched,A unique odds row was assigned.,3,1,1,98.80952380952381,98.80952380952381,,1378.0,1378.0
9964,1328,matched,A unique odds row was assigned.,1,1,1,98.80952380952381,98.80952380952381,,1385.0,1385.0
9965,1329,matched,A unique odds row was assigned.,1,1,1,98.80952380952381,98.80952380952381,,1383.0,1383.0
9966,1330,matched,A unique odds row was assigned.,2,1,1,98.80952380952381,98.80952380952381,,1384.0,1384.0
9967,1331,matched,A unique odds row was assigned.,1,1,1,98.80952380952381,98.80952380952381,,1379.0,1379.0
9968,1332,matched,A unique odds row was assigned.,1,1,1,99.04761904761905,99.04761904761905,,1376.0,1376.0
9969,1333,matched,A unique odds row was assigned.,1,1,1,99.28571428571429,99.28571428571429,,1358.0,1358.0
9970,1334,matched,A unique odds row was assigned.,1,1,1,99.52380952380952,99.52380952380952,,1345.0,1345.0
9971,1335,matched,A unique odds row was assigned.,1,1,1,99.52380952380952,99.52380952380952,,1342.0,1342.0
9972,1336,matched,A unique odds row was assigned.,2,1,1,99.28571428571429,99.28571428571429,,1357.0,1357.0
9973,1337,matched,A unique odds row was assigned.,1,1,1,99.28571428571429,99.28571428571429,,1353.0,1353.0
9974,1338,matched,A unique odds row was assigned.,1,1,1,99.52380952380952,99.52380952380952,,1343.0,1343.0
9975,1339,matched,A unique odds row was assigned.,2,1,1,99.28571428571429,99.28571428571429,,1369.0,1369.0
9976,1340,matched,A unique odds row was assigned.,1,1,1,99.28571428571429,99.28571428571429,,1351.0,1351.0
9977,1341,matched,A unique odds row was assigned.,1,1,1,99.52380952380952,99.52380952380952,,1341.0,1341.0
9978,1342,matched,A unique odds row was assigned.,2,1,1,99.28571428571429,99.28571428571429,,1352.0,1352.0
9979,1343,matched,A unique odds row was assigned.,2,1,1,99.28571428571429,99.28571428571429,,1360.0,1360.0
9980,1344,matched,A unique odds row was assigned.,1,1,1,99.28571428571429,99.28571428571429,,1370.0,1370.0
9981,1345,matched,A unique odds row was assigned.,1,1,1,99.28571428571429,99.28571428571429,,1363.0,1363.0
9982,1346,matched,A unique odds row was assigned.,2,1,1,99.28571428571429,99.28571428571429,,1362.0,1362.0
9983,1347,matched,A unique odds row was assigned.,1,1,1,99.28571428571429,99.28571428571429,,1361.0,1361.0
9984,1348,matched,A unique odds row was assigned.,1,1,1,99.28571428571429,99.28571428571429,,1366.0,1366.0
9985,1349,matched,A unique odds row was assigned.,1,1,1,99.28571428571429,99.28571428571429,,1367.0,1367.0
9986,1350,matched,A unique odds row was assigned.,1,1,1,99.28571428571429,99.28571428571429,,1349.0,1349.0
9987,1351,matched,A unique odds row was assigned.,1,1,1,99.28571428571429,99.28571428571429,,1354.0,1354.0
9988,1352,matched,A unique odds row was assigned.,1,1,1,99.28571428571429,99.28571428571429,,1368.0,1368.0
9989,1353,matched,A unique odds row was assigned.,1,1,1,99.28571428571429,99.28571428571429,,1348.0,1348.0
9990,1354,matched,A unique odds row was assigned.,2,1,1,99.28571428571429,99.28571428571429,,1355.0,1355.0
9991,1355,matched,A unique odds row was assigned.,1,1,1,99.28571428571429,99.28571428571429,,1347.0,1347.0
9992,1356,matched,A unique odds row was assigned.,1,1,1,99.28571428571429,99.28571428571429,,1372.0,1372.0
9993,1357,matched,A unique odds row was assigned.,2,1,1,99.28571428571429,99.28571428571429,,1371.0,1371.0
9994,1358,matched,A unique odds row was assigned.,1,1,1,99.28571428571429,99.28571428571429,,1364.0,1364.0
9995,1359,matched,A unique odds row was assigned.,2,1,1,99.28571428571429,99.28571428571429,,1346.0,1346.0
9996,1360,matched,A unique odds row was assigned.,1,1,1,99.28571428571429,99.28571428571429,,1350.0,1350.0
9997,1361,matched,A unique odds row was assigned.,1,1,1,99.28571428571429,99.28571428571429,,1365.0,1365.0
9998,1362,matched,A unique odds row was assigned.,1,1,1,99.52380952380952,99.52380952380952,,1344.0,1344.0
9999,1363,matched,A unique odds row was assigned.,1,1,1,99.28571428571429,99.28571428571429,,1359.0,1359.0
10000,1364,no_pair_candidate,No valid odds row contains the same unordered player pair.,0,0,0,,,,,
10001,1365,matched,A unique odds row was assigned.,1,1,1,99.76190476190476,99.76190476190476,,1339.0,1339.0
10002,1366,matched,A unique odds row was assigned.,1,1,1,100.0,100.0,,1299.0,1299.0
10003,1367,matched,A unique odds row was assigned.,1,1,1,98.33333333333333,98.33333333333333,,1286.0,1286.0
10004,1368,matched,A unique odds row was assigned.,1,1,1,100.0,100.0,,1308.0,1308.0
10005,1369,matched,A unique odds row was assigned.,2,1,1,100.0,100.0,,1320.0,1320.0
10006,1370,matched,A unique odds row was assigned.,1,1,1,98.33333333333333,98.33333333333333,,1278.0,1278.0
10007,1371,matched,A unique odds row was assigned.,1,1,1,99.76190476190476,99.76190476190476,,1322.0,1322.0
10008,1372,matched,A unique odds row was assigned.,1,1,1,98.33333333333333,98.33333333333333,,1283.0,1283.0
10009,1373,matched,A unique odds row was assigned.,1,1,1,100.0,100.0,,1305.0,1305.0
10010,1374,matched,A unique odds row was assigned.,1,1,1,98.33333333333333,98.33333333333333,,1284.0,1284.0
10011,1375,matched,A unique odds row was assigned.,2,1,1,99.76190476190476,99.76190476190476,,1326.0,1326.0
10012,1376,matched,A unique odds row was assigned.,1,1,1,99.76190476190476,99.76190476190476,,1329.0,1329.0
10013,1377,matched,A unique odds row was assigned.,1,1,1,99.76190476190476,99.76190476190476,,1333.0,1333.0
10014,1378,matched,A unique odds row was assigned.,1,1,1,100.0,100.0,,1314.0,1314.0
10015,1379,matched,A unique odds row was assigned.,1,1,1,100.0,100.0,,1301.0,1301.0
10016,1380,matched,A unique odds row was assigned.,2,1,1,98.33333333333333,98.33333333333333,,1294.0,1294.0
10017,1381,matched,A unique odds row was assigned.,2,1,1,98.33333333333333,98.33333333333333,,1280.0,1280.0
10018,1382,matched,A unique odds row was assigned.,1,1,1,100.0,100.0,,1307.0,1307.0
10019,1383,matched,A unique odds row was assigned.,1,1,1,99.76190476190476,99.76190476190476,,1340.0,1340.0
10020,1384,matched,A unique odds row was assigned.,1,1,1,100.0,100.0,,1303.0,1303.0
10021,1385,matched,A unique odds row was assigned.,3,1,1,100.0,100.0,,1302.0,1302.0
10022,1386,matched,A unique odds row was assigned.,1,1,1,99.76190476190476,99.76190476190476,,1334.0,1334.0
10023,1387,matched,A unique odds row was assigned.,1,1,1,100.0,100.0,,1310.0,1310.0
10024,1388,matched,A unique odds row was assigned.,1,1,1,98.33333333333333,98.33333333333333,,1289.0,1289.0
10025,1389,matched,A unique odds row was assigned.,1,1,1,100.0,100.0,,1312.0,1312.0
10026,1390,matched,A unique odds row was assigned.,2,2,1,99.76190476190476,99.76190476190476,,1338.0,1338.0
10027,1391,matched,A unique odds row was assigned.,1,1,1,98.33333333333333,98.33333333333333,,1292.0,1292.0
10028,1392,matched,A unique odds row was assigned.,1,1,1,99.76190476190476,99.76190476190476,,1321.0,1321.0
10029,1393,matched,A unique odds row was assigned.,2,1,1,100.0,100.0,,1304.0,1304.0
10030,1394,matched,A unique odds row was assigned.,1,1,1,100.0,100.0,,1313.0,1313.0
10031,1395,matched,A unique odds row was assigned.,1,1,1,99.76190476190476,99.76190476190476,,1327.0,1327.0
10032,1396,matched,A unique odds row was assigned.,1,1,1,100.0,100.0,,1309.0,1309.0
10033,1397,matched,A unique odds row was assigned.,1,1,1,98.33333333333333,98.33333333333333,,1293.0,1293.0
10034,1398,matched,A unique odds row was assigned.,1,1,1,99.76190476190476,99.76190476190476,,1337.0,1337.0
10035,1399,matched,A unique odds row was assigned.,1,1,1,99.76190476190476,99.76190476190476,,1331.0,1331.0
10036,1400,matched,A unique odds row was assigned.,1,1,1,99.76190476190476,99.76190476190476,,1335.0,1335.0
10037,1401,matched,A unique odds row was assigned.,1,1,1,99.76190476190476,99.76190476190476,,1324.0,1324.0
10038,1402,matched,A unique odds row was assigned.,1,1,1,98.33333333333333,98.33333333333333,,1282.0,1282.0
10039,1403,matched,A unique odds row was assigned.,1,1,1,100.0,100.0,,1319.0,1319.0
10040,1404,matched,A unique odds row was assigned.,1,1,1,98.33333333333333,98.33333333333333,,1287.0,1287.0
10041,1405,no_pair_candidate,No valid odds row contains the same unordered player pair.,0,0,0,,,,,
10042,1406,matched,A unique odds row was assigned.,2,1,1,100.0,100.0,,1316.0,1316.0
10043,1407,matched,A unique odds row was assigned.,1,1,1,99.76190476190476,99.76190476190476,,1336.0,1336.0
10044,1408,matched,A unique odds row was assigned.,1,1,1,100.0,100.0,,1306.0,1306.0
10045,1409,matched,A unique odds row was assigned.,1,1,1,100.0,100.0,,1297.0,1297.0
10046,1410,matched,A unique odds row was assigned.,1,1,1,100.0,100.0,,1317.0,1317.0
10047,1411,matched,A unique odds row was assigned.,1,1,1,99.76190476190476,99.76190476190476,,1323.0,1323.0
10048,1412,matched,A unique odds row was assigned.,1,1,1,98.33333333333333,98.33333333333333,,1291.0,1291.0
10049,1413,matched,A unique odds row was assigned.,1,1,1,98.33333333333333,98.33333333333333,,1285.0,1285.0
10050,1414,matched,A unique odds row was assigned.,1,1,1,98.33333333333333,98.33333333333333,,1279.0,1279.0
10051,1415,matched,A unique odds row was assigned.,1,1,1,100.0,100.0,,1311.0,1311.0
10052,1416,matched,A unique odds row was assigned.,1,1,1,100.0,100.0,,1318.0,1318.0
10053,1417,matched,A unique odds row was assigned.,2,1,1,98.33333333333333,98.33333333333333,,1288.0,1288.0
10054,1418,matched,A unique odds row was assigned.,1,1,1,99.76190476190476,99.76190476190476,,1325.0,1325.0
10055,1419,no_pair_candidate,No valid odds row contains the same unordered player pair.,0,0,0,,,,,
10056,1420,matched,A unique odds row was assigned.,1,1,1,98.33333333333333,98.33333333333333,,1290.0,1290.0
10057,1421,matched,A unique odds row was assigned.,1,1,1,98.33333333333333,98.33333333333333,,1295.0,1295.0
10058,1422,matched,A unique odds row was assigned.,2,1,1,99.76190476190476,99.76190476190476,,1328.0,1328.0
10059,1423,matched,A unique odds row was assigned.,1,1,1,100.0,100.0,,1315.0,1315.0
10060,1424,matched,A unique odds row was assigned.,2,1,1,100.0,100.0,,1298.0,1298.0
10061,1425,matched,A unique odds row was assigned.,1,1,1,100.0,100.0,,1300.0,1300.0
10062,1426,matched,A unique odds row was assigned.,1,1,1,99.76190476190476,99.76190476190476,,1332.0,1332.0
10063,1427,matched,A unique odds row was assigned.,1,1,1,98.33333333333333,98.33333333333333,,1296.0,1296.0
10064,1428,no_pair_candidate,No valid odds row contains the same unordered player pair.,0,0,0,,,,,
10065,1429,matched,A unique odds row was assigned.,2,1,1,53.628571428571426,53.628571428571426,,1457.0,1457.0
10066,1430,matched,A unique odds row was assigned.,1,1,1,53.86666666666667,53.86666666666667,,1456.0,1456.0
10067,1431,matched,A unique odds row was assigned.,1,1,1,53.86666666666667,53.86666666666667,,1455.0,1455.0
10068,1432,matched,A unique odds row was assigned.,2,1,1,54.1047619047619,54.1047619047619,,1453.0,1453.0
10069,1433,matched,A unique odds row was assigned.,1,1,1,53.86666666666667,53.86666666666667,,1454.0,1454.0
10070,1434,matched,A unique odds row was assigned.,1,1,1,54.1047619047619,54.1047619047619,,1452.0,1452.0
10071,1435,matched,A unique odds row was assigned.,2,2,2,54.1047619047619,54.1047619047619,10.211904761904755,1451.0,1451.0
10072,1436,matched,A unique odds row was assigned.,1,1,1,54.34285714285714,54.34285714285714,,1449.0,1449.0
10073,1437,matched,A unique odds row was assigned.,1,1,1,54.34285714285714,54.34285714285714,,1450.0,1450.0
10074,1438,matched,A unique odds row was assigned.,3,1,1,54.58095238095238,54.58095238095238,,1445.0,1445.0
10075,1439,matched,A unique odds row was assigned.,1,1,1,54.58095238095238,54.58095238095238,,1443.0,1443.0
10076,1440,matched,A unique odds row was assigned.,2,1,1,54.58095238095238,54.58095238095238,,1444.0,1444.0
10077,1441,matched,A unique odds row was assigned.,2,1,1,54.34285714285714,54.34285714285714,,1448.0,1448.0
10078,1442,matched,A unique odds row was assigned.,1,1,1,54.34285714285714,54.34285714285714,,1446.0,1446.0
10079,1443,matched,A unique odds row was assigned.,1,1,1,54.34285714285714,54.34285714285714,,1447.0,1447.0
10080,1444,matched,A unique odds row was assigned.,1,1,1,54.819047619047616,54.819047619047616,,1442.0,1442.0
10081,1445,matched,A unique odds row was assigned.,1,1,1,54.819047619047616,54.819047619047616,,1439.0,1439.0
10082,1446,matched,A unique odds row was assigned.,1,1,1,54.819047619047616,54.819047619047616,,1436.0,1436.0
10083,1447,matched,A unique odds row was assigned.,1,1,1,54.819047619047616,54.819047619047616,,1435.0,1435.0
10084,1448,matched,A unique odds row was assigned.,1,1,1,54.819047619047616,54.819047619047616,,1433.0,1433.0
10085,1449,matched,A unique odds row was assigned.,1,1,1,54.819047619047616,54.819047619047616,,1432.0,1432.0
10086,1450,matched,A unique odds row was assigned.,3,1,1,54.819047619047616,54.819047619047616,,1438.0,1438.0
10087,1451,matched,A unique odds row was assigned.,1,1,1,54.819047619047616,54.819047619047616,,1434.0,1434.0
10088,1452,matched,A unique odds row was assigned.,2,1,1,54.819047619047616,54.819047619047616,,1437.0,1437.0
10089,1453,matched,A unique odds row was assigned.,1,1,1,54.819047619047616,54.819047619047616,,1441.0,1441.0
10090,1454,matched,A unique odds row was assigned.,1,1,1,55.05714285714286,55.05714285714286,,1431.0,1431.0
10091,1455,matched,A unique odds row was assigned.,1,1,1,54.819047619047616,54.819047619047616,,1440.0,1440.0
10092,1456,matched,A unique odds row was assigned.,1,1,1,98.57142857142857,98.57142857142857,,1430.0,1430.0
10093,1457,matched,A unique odds row was assigned.,1,1,1,98.80952380952381,98.80952380952381,,1428.0,1428.0
10094,1458,matched,A unique odds row was assigned.,1,1,1,98.80952380952381,98.80952380952381,,1429.0,1429.0
10095,1459,matched,A unique odds row was assigned.,1,1,1,99.04761904761905,99.04761904761905,,1425.0,1425.0
10096,1460,matched,A unique odds row was assigned.,1,1,1,99.04761904761905,99.04761904761905,,1424.0,1424.0
10097,1461,matched,A unique odds row was assigned.,2,1,1,99.04761904761905,99.04761904761905,,1427.0,1427.0
10098,1462,matched,A unique odds row was assigned.,1,1,1,99.04761904761905,99.04761904761905,,1426.0,1426.0
10099,1463,matched,A unique odds row was assigned.,1,1,1,99.28571428571429,99.28571428571429,,1420.0,1420.0
10100,1464,matched,A unique odds row was assigned.,1,1,1,99.28571428571429,99.28571428571429,,1421.0,1421.0
10101,1465,matched,A unique odds row was assigned.,1,1,1,99.52380952380952,99.52380952380952,,1417.0,1417.0
10102,1466,matched,A unique odds row was assigned.,2,1,1,99.52380952380952,99.52380952380952,,1419.0,1419.0
10103,1467,matched,A unique odds row was assigned.,1,1,1,99.52380952380952,99.52380952380952,,1416.0,1416.0
10104,1468,matched,A unique odds row was assigned.,1,1,1,99.52380952380952,99.52380952380952,,1418.0,1418.0
10105,1469,matched,A unique odds row was assigned.,1,1,1,99.28571428571429,99.28571428571429,,1422.0,1422.0
10106,1470,matched,A unique odds row was assigned.,1,1,1,99.28571428571429,99.28571428571429,,1423.0,1423.0
10107,1471,matched,A unique odds row was assigned.,2,1,1,99.76190476190476,99.76190476190476,,1410.0,1410.0
10108,1472,matched,A unique odds row was assigned.,2,1,1,99.76190476190476,99.76190476190476,,1412.0,1412.0
10109,1473,matched,A unique odds row was assigned.,1,1,1,99.76190476190476,99.76190476190476,,1415.0,1415.0
10110,1474,matched,A unique odds row was assigned.,1,1,1,100.0,100.0,,1406.0,1406.0
10111,1475,matched,A unique odds row was assigned.,1,1,1,99.76190476190476,99.76190476190476,,1414.0,1414.0
10112,1476,matched,A unique odds row was assigned.,1,1,1,100.0,100.0,,1404.0,1404.0
10113,1477,no_pair_candidate,No valid odds row contains the same unordered player pair.,0,0,0,,,,,
10114,1478,no_pair_candidate,No valid odds row contains the same unordered player pair.,0,0,0,,,,,
10115,1479,matched,A unique odds row was assigned.,2,1,1,100.0,100.0,,1407.0,1407.0
10116,1480,matched,A unique odds row was assigned.,1,1,1,99.76190476190476,99.76190476190476,,1411.0,1411.0
10117,1481,matched,A unique odds row was assigned.,1,1,1,99.76190476190476,99.76190476190476,,1413.0,1413.0
10118,1482,matched,A unique odds row was assigned.,1,1,1,99.76190476190476,99.76190476190476,,1409.0,1409.0
10119,1483,matched,A unique odds row was assigned.,1,1,1,98.57142857142857,98.57142857142857,,1488.0,1488.0
10120,1484,no_pair_candidate,No valid odds row contains the same unordered player pair.,0,0,0,,,,,
10121,1485,matched,A unique odds row was assigned.,1,1,1,98.80952380952381,98.80952380952381,,1486.0,1486.0
10122,1486,matched,A unique odds row was assigned.,3,1,1,99.04761904761905,99.04761904761905,,1484.0,1484.0
10123,1487,no_pair_candidate,No valid odds row contains the same unordered player pair.,0,0,0,,,,,
10124,1488,matched,A unique odds row was assigned.,2,1,1,99.04761904761905,99.04761904761905,,1482.0,1482.0
10125,1489,matched,A unique odds row was assigned.,3,1,1,99.04761904761905,99.04761904761905,,1483.0,1483.0
10126,1490,matched,A unique odds row was assigned.,1,1,1,99.28571428571429,99.28571428571429,,1479.0,1479.0
10127,1491,matched,A unique odds row was assigned.,3,1,1,99.28571428571429,99.28571428571429,,1481.0,1481.0
10128,1492,no_pair_candidate,No valid odds row contains the same unordered player pair.,0,0,0,,,,,
10129,1493,matched,A unique odds row was assigned.,1,1,1,99.52380952380952,99.52380952380952,,1475.0,1475.0
10130,1494,matched,A unique odds row was assigned.,1,1,1,99.28571428571429,99.28571428571429,,1478.0,1478.0
10131,1495,matched,A unique odds row was assigned.,1,1,1,99.28571428571429,99.28571428571429,,1480.0,1480.0
10132,1496,matched,A unique odds row was assigned.,1,1,1,99.52380952380952,99.52380952380952,,1474.0,1474.0
10133,1497,matched,A unique odds row was assigned.,1,1,1,99.52380952380952,99.52380952380952,,1477.0,1477.0
10134,1498,matched,A unique odds row was assigned.,3,1,1,99.76190476190476,99.76190476190476,,1469.0,1469.0
10135,1499,matched,A unique odds row was assigned.,1,1,1,100.0,100.0,,1461.0,1461.0
10136,1500,matched,A unique odds row was assigned.,1,1,1,99.52380952380952,99.52380952380952,,1473.0,1473.0
10137,1501,matched,A unique odds row was assigned.,1,1,1,99.76190476190476,99.76190476190476,,1471.0,1471.0
10138,1502,matched,A unique odds row was assigned.,3,1,1,100.0,100.0,,1462.0,1462.0
10139,1503,no_pair_candidate,No valid odds row contains the same unordered player pair.,0,0,0,,,,,
10140,1504,matched,A unique odds row was assigned.,1,1,1,99.76190476190476,99.76190476190476,,1467.0,1467.0
10141,1505,matched,A unique odds row was assigned.,1,1,1,99.76190476190476,99.76190476190476,,1468.0,1468.0
10142,1506,matched,A unique odds row was assigned.,2,1,1,100.0,100.0,,1463.0,1463.0
10143,1507,matched,A unique odds row was assigned.,1,1,1,99.76190476190476,99.76190476190476,,1465.0,1465.0
10144,1508,matched,A unique odds row was assigned.,1,1,1,99.52380952380952,99.52380952380952,,1472.0,1472.0
10145,1509,matched,A unique odds row was assigned.,2,1,1,99.76190476190476,99.76190476190476,,1466.0,1466.0
10146,1510,matched,A unique odds row was assigned.,1,1,1,100.0,100.0,,1458.0,1458.0
10147,1511,matched,A unique odds row was assigned.,1,1,1,99.76190476190476,99.76190476190476,,1464.0,1464.0
10148,1512,matched,A unique odds row was assigned.,2,1,1,100.0,100.0,,1459.0,1459.0
10149,1513,matched,A unique odds row was assigned.,1,1,1,99.76190476190476,99.76190476190476,,1470.0,1470.0
10150,1514,matched,A unique odds row was assigned.,1,1,1,98.57142857142857,98.57142857142857,,1519.0,1519.0
10151,1515,matched,A unique odds row was assigned.,2,2,2,98.80952380952381,98.80952380952381,51.55952380952381,1518.0,1518.0
10152,1516,matched,A unique odds row was assigned.,2,1,1,98.80952380952381,98.80952380952381,,1517.0,1517.0
10153,1517,matched,A unique odds row was assigned.,4,1,1,99.04761904761905,99.04761904761905,,1515.0,1515.0
10154,1518,matched,A unique odds row was assigned.,1,1,1,99.04761904761905,99.04761904761905,,1516.0,1516.0
10155,1519,matched,A unique odds row was assigned.,1,1,1,99.04761904761905,99.04761904761905,,1513.0,1513.0
10156,1520,matched,A unique odds row was assigned.,1,1,1,99.04761904761905,99.04761904761905,,1514.0,1514.0
10157,1521,matched,A unique odds row was assigned.,1,1,1,99.28571428571429,99.28571428571429,,1510.0,1510.0
10158,1522,matched,A unique odds row was assigned.,2,1,1,99.28571428571429,99.28571428571429,,1509.0,1509.0
10159,1523,matched,A unique odds row was assigned.,2,1,1,99.52380952380952,99.52380952380952,,1506.0,1506.0
10160,1524,matched,A unique odds row was assigned.,2,1,1,99.52380952380952,99.52380952380952,,1505.0,1505.0
10161,1525,matched,A unique odds row was assigned.,1,1,1,99.52380952380952,99.52380952380952,,1507.0,1507.0
10162,1526,matched,A unique odds row was assigned.,1,1,1,99.52380952380952,99.52380952380952,,1508.0,1508.0
10163,1527,no_pair_candidate,No valid odds row contains the same unordered player pair.,0,0,0,,,,,
10164,1528,matched,A unique odds row was assigned.,2,1,1,99.28571428571429,99.28571428571429,,1512.0,1512.0
10165,1529,matched,A unique odds row was assigned.,1,1,1,99.76190476190476,99.76190476190476,,1499.0,1499.0
10166,1530,matched,A unique odds row was assigned.,1,1,1,99.76190476190476,99.76190476190476,,1504.0,1504.0
10167,1531,matched,A unique odds row was assigned.,1,1,1,99.76190476190476,99.76190476190476,,1497.0,1497.0
10168,1532,matched,A unique odds row was assigned.,1,1,1,99.76190476190476,99.76190476190476,,1498.0,1498.0
10169,1533,matched,A unique odds row was assigned.,2,1,1,100.0,100.0,,1489.0,1489.0
10170,1534,matched,A unique odds row was assigned.,1,1,1,99.76190476190476,99.76190476190476,,1496.0,1496.0
10171,1535,matched,A unique odds row was assigned.,1,1,1,100.0,100.0,,1490.0,1490.0
10172,1536,matched,A unique odds row was assigned.,1,1,1,99.76190476190476,99.76190476190476,,1495.0,1495.0
10173,1537,matched,A unique odds row was assigned.,1,1,1,100.0,100.0,,1491.0,1491.0
10174,1538,matched,A unique odds row was assigned.,1,1,1,99.76190476190476,99.76190476190476,,1503.0,1503.0
10175,1539,matched,A unique odds row was assigned.,1,1,1,100.0,100.0,,1492.0,1492.0
10176,1540,matched,A unique odds row was assigned.,1,1,1,99.76190476190476,99.76190476190476,,1493.0,1493.0
10177,1541,no_pair_candidate,No valid odds row contains the same unordered player pair.,0,0,0,,,,,
10178,1542,matched,A unique odds row was assigned.,1,1,1,99.76190476190476,99.76190476190476,,1500.0,1500.0
10179,1543,matched,A unique odds row was assigned.,2,1,1,99.76190476190476,99.76190476190476,,1501.0,1501.0
10180,1544,matched,A unique odds row was assigned.,1,1,1,99.76190476190476,99.76190476190476,,1494.0,1494.0
10181,1545,matched,A unique odds row was assigned.,1,1,1,98.80952380952381,98.80952380952381,,1573.0,1573.0
10182,1546,matched,A unique odds row was assigned.,1,1,1,99.04761904761905,99.04761904761905,,1572.0,1572.0
10183,1547,matched,A unique odds row was assigned.,1,1,1,99.04761904761905,99.04761904761905,,1571.0,1571.0
10184,1548,matched,A unique odds row was assigned.,1,1,1,99.28571428571429,99.28571428571429,,1570.0,1570.0
10185,1549,matched,A unique odds row was assigned.,1,1,1,99.28571428571429,99.28571428571429,,1569.0,1569.0
10186,1550,matched,A unique odds row was assigned.,1,1,1,99.28571428571429,99.28571428571429,,1567.0,1567.0
10187,1551,matched,A unique odds row was assigned.,1,1,1,99.28571428571429,99.28571428571429,,1568.0,1568.0
10188,1552,matched,A unique odds row was assigned.,1,1,1,99.52380952380952,99.52380952380952,,1566.0,1566.0
10189,1553,matched,A unique odds row was assigned.,1,1,1,99.52380952380952,99.52380952380952,,1565.0,1565.0
10190,1554,matched,A unique odds row was assigned.,1,1,1,99.76190476190476,99.76190476190476,,1559.0,1559.0
10191,1555,matched,A unique odds row was assigned.,2,1,1,99.76190476190476,99.76190476190476,,1561.0,1561.0
10192,1556,matched,A unique odds row was assigned.,1,1,1,99.52380952380952,99.52380952380952,,1564.0,1564.0
10193,1557,matched,A unique odds row was assigned.,1,1,1,99.52380952380952,99.52380952380952,,1563.0,1563.0
10194,1558,matched,A unique odds row was assigned.,1,1,1,99.76190476190476,99.76190476190476,,1562.0,1562.0
10195,1559,matched,A unique odds row was assigned.,1,1,1,99.76190476190476,99.76190476190476,,1560.0,1560.0
10196,1560,matched,A unique odds row was assigned.,1,1,1,100.0,100.0,,1550.0,1550.0
10197,1561,matched,A unique odds row was assigned.,1,1,1,99.76190476190476,99.76190476190476,,1556.0,1556.0
10198,1562,matched,A unique odds row was assigned.,1,1,1,99.76190476190476,99.76190476190476,,1557.0,1557.0
10199,1563,matched,A unique odds row was assigned.,2,1,1,98.33333333333333,98.33333333333333,,1547.0,1547.0
10200,1564,matched,A unique odds row was assigned.,2,1,1,100.0,100.0,,1554.0,1554.0
10201,1565,matched,A unique odds row was assigned.,1,1,1,100.0,100.0,,1553.0,1553.0
10202,1566,matched,A unique odds row was assigned.,1,1,1,99.76190476190476,99.76190476190476,,1558.0,1558.0
10203,1567,matched,A unique odds row was assigned.,1,1,1,100.0,100.0,,1551.0,1551.0
10204,1568,matched,A unique odds row was assigned.,1,1,1,100.0,100.0,,1552.0,1552.0
10205,1569,matched,A unique odds row was assigned.,1,1,1,100.0,100.0,,1555.0,1555.0
10206,1570,matched,A unique odds row was assigned.,1,1,1,98.33333333333333,98.33333333333333,,1549.0,1549.0
10207,1571,matched,A unique odds row was assigned.,1,1,1,98.33333333333333,98.33333333333333,,1548.0,1548.0
10208,1572,matched,A unique odds row was assigned.,1,1,1,98.80952380952381,98.80952380952381,,1546.0,1546.0
10209,1573,matched,A unique odds row was assigned.,1,1,1,99.04761904761905,99.04761904761905,,1545.0,1545.0
10210,1574,matched,A unique odds row was assigned.,1,1,1,99.04761904761905,99.04761904761905,,1544.0,1544.0
10211,1575,matched,A unique odds row was assigned.,1,1,1,99.28571428571429,99.28571428571429,,1543.0,1543.0
10212,1576,matched,A unique odds row was assigned.,1,1,1,99.28571428571429,99.28571428571429,,1540.0,1540.0
10213,1577,matched,A unique odds row was assigned.,1,1,1,99.28571428571429,99.28571428571429,,1541.0,1541.0
10214,1578,matched,A unique odds row was assigned.,1,1,1,99.28571428571429,99.28571428571429,,1542.0,1542.0
10215,1579,matched,A unique odds row was assigned.,2,1,1,99.52380952380952,99.52380952380952,,1539.0,1539.0
10216,1580,matched,A unique odds row was assigned.,2,1,1,99.52380952380952,99.52380952380952,,1538.0,1538.0
10217,1581,matched,A unique odds row was assigned.,2,1,1,99.52380952380952,99.52380952380952,,1534.0,1534.0
10218,1582,matched,A unique odds row was assigned.,1,1,1,99.52380952380952,99.52380952380952,,1537.0,1537.0
10219,1583,matched,A unique odds row was assigned.,1,1,1,99.52380952380952,99.52380952380952,,1532.0,1532.0
10220,1584,matched,A unique odds row was assigned.,1,1,1,99.52380952380952,99.52380952380952,,1533.0,1533.0
10221,1585,matched,A unique odds row was assigned.,1,1,1,99.52380952380952,99.52380952380952,,1536.0,1536.0
10222,1586,matched,A unique odds row was assigned.,1,1,1,99.52380952380952,99.52380952380952,,1535.0,1535.0
10223,1587,matched,A unique odds row was assigned.,1,1,1,100.0,100.0,,1524.0,1524.0
10224,1588,matched,A unique odds row was assigned.,1,1,1,99.76190476190476,99.76190476190476,,1529.0,1529.0
10225,1589,matched,A unique odds row was assigned.,1,1,1,100.0,100.0,,1523.0,1523.0
10226,1590,matched,A unique odds row was assigned.,2,1,1,99.76190476190476,99.76190476190476,,1530.0,1530.0
10227,1591,matched,A unique odds row was assigned.,1,1,1,100.0,100.0,,1520.0,1520.0
10228,1592,no_pair_candidate,No valid odds row contains the same unordered player pair.,0,0,0,,,,,
10229,1593,matched,A unique odds row was assigned.,1,1,1,99.76190476190476,99.76190476190476,,1527.0,1527.0
10230,1594,matched,A unique odds row was assigned.,1,1,1,100.0,100.0,,1522.0,1522.0
10231,1595,matched,A unique odds row was assigned.,1,1,1,99.76190476190476,99.76190476190476,,1525.0,1525.0
10232,1596,matched,A unique odds row was assigned.,1,1,1,99.76190476190476,99.76190476190476,,1526.0,1526.0
10233,1597,matched,A unique odds row was assigned.,1,1,1,99.76190476190476,99.76190476190476,,1531.0,1531.0
10234,1598,matched,A unique odds row was assigned.,1,1,1,100.0,100.0,,1521.0,1521.0
10235,1599,matched,A unique odds row was assigned.,1,1,1,100.0,100.0,,1601.0,1601.0
10236,1600,matched,A unique odds row was assigned.,2,1,1,100.0,100.0,,1584.0,1584.0
10237,1601,matched,A unique odds row was assigned.,1,1,1,100.0,100.0,,1604.0,1604.0
10238,1602,matched,A unique odds row was assigned.,1,1,1,100.0,100.0,,1600.0,1600.0
10239,1603,matched,A unique odds row was assigned.,1,1,1,100.0,100.0,,1580.0,1580.0
10240,1604,matched,A unique odds row was assigned.,1,1,1,100.0,100.0,,1590.0,1590.0
10241,1605,matched,A unique odds row was assigned.,1,1,1,100.0,100.0,,1592.0,1592.0
10242,1606,matched,A unique odds row was assigned.,1,1,1,99.76190476190476,99.76190476190476,,1616.0,1616.0
10243,1607,matched,A unique odds row was assigned.,1,1,1,100.0,100.0,,1579.0,1579.0
10244,1608,matched,A unique odds row was assigned.,1,1,1,100.0,100.0,,1575.0,1575.0
10245,1609,matched,A unique odds row was assigned.,1,1,1,100.0,100.0,,1588.0,1588.0
10246,1610,matched,A unique odds row was assigned.,1,1,1,100.0,100.0,,1586.0,1586.0
10247,1611,no_pair_candidate,No valid odds row contains the same unordered player pair.,0,0,0,,,,,
10248,1612,matched,A unique odds row was assigned.,1,1,1,100.0,100.0,,1578.0,1578.0
10249,1613,matched,A unique odds row was assigned.,1,1,1,100.0,100.0,,1589.0,1589.0
10250,1614,matched,A unique odds row was assigned.,1,1,1,100.0,100.0,,1587.0,1587.0
10251,1615,matched,A unique odds row was assigned.,1,1,1,100.0,100.0,,1591.0,1591.0
10252,1616,matched,A unique odds row was assigned.,2,1,1,100.0,100.0,,1595.0,1595.0
10253,1617,matched,A unique odds row was assigned.,1,1,1,100.0,100.0,,1577.0,1577.0
10254,1618,matched,A unique odds row was assigned.,1,1,1,100.0,100.0,,1581.0,1581.0
10255,1619,matched,A unique odds row was assigned.,1,1,1,100.0,100.0,,1585.0,1585.0
10256,1620,matched,A unique odds row was assigned.,2,1,1,100.0,100.0,,1582.0,1582.0
10257,1621,matched,A unique odds row was assigned.,1,1,1,100.0,100.0,,1597.0,1597.0
10258,1622,matched,A unique odds row was assigned.,1,1,1,100.0,100.0,,1594.0,1594.0
10259,1623,matched,A unique odds row was assigned.,1,1,1,100.0,100.0,,1603.0,1603.0
10260,1624,matched,A unique odds row was assigned.,1,1,1,100.0,100.0,,1602.0,1602.0
10261,1625,matched,A unique odds row was assigned.,1,1,1,100.0,100.0,,1593.0,1593.0
10262,1626,matched,A unique odds row was assigned.,1,1,1,100.0,100.0,,1596.0,1596.0
10263,1627,matched,A unique odds row was assigned.,1,1,1,100.0,100.0,,1599.0,1599.0
10264,1628,matched,A unique odds row was assigned.,1,1,1,100.0,100.0,,1598.0,1598.0
10265,1629,matched,A unique odds row was assigned.,2,1,1,100.0,100.0,,1574.0,1574.0
10266,1630,matched,A unique odds row was assigned.,1,1,1,100.0,100.0,,1576.0,1576.0
10267,1631,matched,A unique odds row was assigned.,1,1,1,99.76190476190476,99.76190476190476,,1615.0,1615.0
10268,1632,matched,A unique odds row was assigned.,1,1,1,99.76190476190476,99.76190476190476,,1618.0,1618.0
10269,1633,matched,A unique odds row was assigned.,1,1,1,99.76190476190476,99.76190476190476,,1609.0,1609.0
10270,1634,matched,A unique odds row was assigned.,1,1,1,99.76190476190476,99.76190476190476,,1608.0,1608.0
10271,1635,no_pair_candidate,No valid odds row contains the same unordered player pair.,0,0,0,,,,,
10272,1636,matched,A unique odds row was assigned.,2,1,1,99.76190476190476,99.76190476190476,,1605.0,1605.0
10273,1637,matched,A unique odds row was assigned.,1,1,1,99.52380952380952,99.52380952380952,,1632.0,1632.0
10274,1638,matched,A unique odds row was assigned.,1,1,1,99.76190476190476,99.76190476190476,,1622.0,1622.0
10275,1639,no_pair_candidate,No valid odds row contains the same unordered player pair.,0,0,0,,,,,
10276,1640,matched,A unique odds row was assigned.,1,1,1,99.52380952380952,99.52380952380952,,1634.0,1634.0
10277,1641,matched,A unique odds row was assigned.,1,1,1,99.76190476190476,99.76190476190476,,1626.0,1626.0
10278,1642,matched,A unique odds row was assigned.,1,1,1,99.52380952380952,99.52380952380952,,1636.0,1636.0
10279,1643,matched,A unique odds row was assigned.,1,1,1,99.76190476190476,99.76190476190476,,1625.0,1625.0
10280,1644,matched,A unique odds row was assigned.,1,1,1,99.76190476190476,99.76190476190476,,1627.0,1627.0
10281,1645,matched,A unique odds row was assigned.,1,1,1,99.76190476190476,99.76190476190476,,1624.0,1624.0
10282,1646,matched,A unique odds row was assigned.,1,1,1,99.76190476190476,99.76190476190476,,1619.0,1619.0
10283,1647,matched,A unique odds row was assigned.,1,1,1,99.76190476190476,99.76190476190476,,1610.0,1610.0
10284,1648,matched,A unique odds row was assigned.,1,1,1,99.76190476190476,99.76190476190476,,1621.0,1621.0
10285,1649,matched,A unique odds row was assigned.,2,1,1,99.52380952380952,99.52380952380952,,1635.0,1635.0
10286,1650,matched,A unique odds row was assigned.,2,1,1,99.52380952380952,99.52380952380952,,1631.0,1631.0
10287,1651,matched,A unique odds row was assigned.,1,1,1,99.52380952380952,99.52380952380952,,1637.0,1637.0
10288,1652,matched,A unique odds row was assigned.,1,1,1,99.52380952380952,99.52380952380952,,1633.0,1633.0
10289,1653,matched,A unique odds row was assigned.,1,1,1,99.76190476190476,99.76190476190476,,1612.0,1612.0
10290,1654,matched,A unique odds row was assigned.,1,1,1,99.76190476190476,99.76190476190476,,1611.0,1611.0
10291,1655,matched,A unique odds row was assigned.,1,1,1,99.76190476190476,99.76190476190476,,1623.0,1623.0
10292,1656,matched,A unique odds row was assigned.,1,1,1,99.76190476190476,99.76190476190476,,1606.0,1606.0
10293,1657,matched,A unique odds row was assigned.,1,1,1,99.52380952380952,99.52380952380952,,1629.0,1629.0
10294,1658,matched,A unique odds row was assigned.,1,1,1,99.52380952380952,99.52380952380952,,1630.0,1630.0
10295,1659,matched,A unique odds row was assigned.,1,1,1,99.76190476190476,99.76190476190476,,1614.0,1614.0
10296,1660,matched,A unique odds row was assigned.,1,1,1,99.76190476190476,99.76190476190476,,1613.0,1613.0
10297,1661,matched,A unique odds row was assigned.,1,1,1,99.76190476190476,99.76190476190476,,1617.0,1617.0
10298,1662,matched,A unique odds row was assigned.,1,1,1,99.76190476190476,99.76190476190476,,1620.0,1620.0
10299,1663,matched,A unique odds row was assigned.,1,1,1,99.52380952380952,99.52380952380952,,1649.0,1649.0
10300,1664,matched,A unique odds row was assigned.,3,1,1,99.52380952380952,99.52380952380952,,1647.0,1647.0
10301,1665,matched,A unique odds row was assigned.,1,1,1,99.28571428571429,99.28571428571429,,1655.0,1655.0
10302,1666,matched,A unique odds row was assigned.,1,1,1,99.28571428571429,99.28571428571429,,1653.0,1653.0
10303,1667,matched,A unique odds row was assigned.,1,1,1,99.28571428571429,99.28571428571429,,1654.0,1654.0
10304,1668,matched,A unique odds row was assigned.,1,1,1,99.28571428571429,99.28571428571429,,1661.0,1661.0
10305,1669,no_pair_candidate,No valid odds row contains the same unordered player pair.,0,0,0,,,,,
10306,1670,matched,A unique odds row was assigned.,1,1,1,99.52380952380952,99.52380952380952,,1642.0,1642.0
10307,1671,matched,A unique odds row was assigned.,1,1,1,99.52380952380952,99.52380952380952,,1643.0,1643.0
10308,1672,matched,A unique odds row was assigned.,2,1,1,99.52380952380952,99.52380952380952,,1639.0,1639.0
10309,1673,matched,A unique odds row was assigned.,1,1,1,99.52380952380952,99.52380952380952,,1640.0,1640.0
10310,1674,matched,A unique odds row was assigned.,3,1,1,99.52380952380952,99.52380952380952,,1641.0,1641.0
10311,1675,matched,A unique odds row was assigned.,1,1,1,99.52380952380952,99.52380952380952,,1646.0,1646.0
10312,1676,matched,A unique odds row was assigned.,1,1,1,99.52380952380952,99.52380952380952,,1645.0,1645.0
10313,1677,matched,A unique odds row was assigned.,1,1,1,99.52380952380952,99.52380952380952,,1644.0,1644.0
10314,1678,matched,A unique odds row was assigned.,1,1,1,99.52380952380952,99.52380952380952,,1638.0,1638.0
10315,1679,matched,A unique odds row was assigned.,1,1,1,99.28571428571429,99.28571428571429,,1652.0,1652.0
10316,1680,matched,A unique odds row was assigned.,1,1,1,99.28571428571429,99.28571428571429,,1657.0,1657.0
10317,1681,no_pair_candidate,No valid odds row contains the same unordered player pair.,0,0,0,,,,,
10318,1682,matched,A unique odds row was assigned.,1,1,1,99.28571428571429,99.28571428571429,,1667.0,1667.0
10319,1683,matched,A unique odds row was assigned.,1,1,1,99.28571428571429,99.28571428571429,,1664.0,1664.0
10320,1684,matched,A unique odds row was assigned.,2,1,1,99.28571428571429,99.28571428571429,,1660.0,1660.0
10321,1685,matched,A unique odds row was assigned.,1,1,1,99.28571428571429,99.28571428571429,,1666.0,1666.0
10322,1686,matched,A unique odds row was assigned.,2,1,1,99.28571428571429,99.28571428571429,,1669.0,1669.0
10323,1687,matched,A unique odds row was assigned.,1,1,1,99.28571428571429,99.28571428571429,,1651.0,1651.0
10324,1688,matched,A unique odds row was assigned.,1,1,1,99.28571428571429,99.28571428571429,,1658.0,1658.0
10325,1689,matched,A unique odds row was assigned.,1,1,1,99.28571428571429,99.28571428571429,,1665.0,1665.0
10326,1690,matched,A unique odds row was assigned.,2,1,1,99.28571428571429,99.28571428571429,,1650.0,1650.0
10327,1691,matched,A unique odds row was assigned.,1,1,1,99.28571428571429,99.28571428571429,,1663.0,1663.0
10328,1692,matched,A unique odds row was assigned.,1,1,1,99.28571428571429,99.28571428571429,,1662.0,1662.0
10329,1693,matched,A unique odds row was assigned.,1,1,1,99.28571428571429,99.28571428571429,,1656.0,1656.0
10330,1694,matched,A unique odds row was assigned.,1,1,1,99.28571428571429,99.28571428571429,,1659.0,1659.0
10331,1695,matched,A unique odds row was assigned.,1,1,1,99.04761904761905,99.04761904761905,,1673.0,1673.0
10332,1696,matched,A unique odds row was assigned.,3,1,1,98.80952380952381,98.80952380952381,,1675.0,1675.0
10333,1697,matched,A unique odds row was assigned.,1,1,1,99.04761904761905,99.04761904761905,,1672.0,1672.0
10334,1698,matched,A unique odds row was assigned.,1,1,1,98.80952380952381,98.80952380952381,,1683.0,1683.0
10335,1699,matched,A unique odds row was assigned.,1,1,1,99.04761904761905,99.04761904761905,,1671.0,1671.0
10336,1700,matched,A unique odds row was assigned.,3,1,1,98.80952380952381,98.80952380952381,,1676.0,1676.0
10337,1701,matched,A unique odds row was assigned.,1,1,1,99.04761904761905,99.04761904761905,,1670.0,1670.0
10338,1702,matched,A unique odds row was assigned.,1,1,1,98.80952380952381,98.80952380952381,,1680.0,1680.0
10339,1703,matched,A unique odds row was assigned.,1,1,1,98.80952380952381,98.80952380952381,,1681.0,1681.0
10340,1704,no_pair_candidate,No valid odds row contains the same unordered player pair.,0,0,0,,,,,
10341,1705,matched,A unique odds row was assigned.,2,1,1,98.80952380952381,98.80952380952381,,1685.0,1685.0
10342,1706,matched,A unique odds row was assigned.,2,1,1,98.80952380952381,98.80952380952381,,1677.0,1677.0
10343,1707,matched,A unique odds row was assigned.,1,1,1,98.80952380952381,98.80952380952381,,1678.0,1678.0
10344,1708,matched,A unique odds row was assigned.,1,1,1,98.80952380952381,98.80952380952381,,1674.0,1674.0
10345,1709,matched,A unique odds row was assigned.,1,1,1,98.80952380952381,98.80952380952381,,1682.0,1682.0
10346,1710,matched,A unique odds row was assigned.,3,1,1,98.80952380952381,98.80952380952381,,1684.0,1684.0
10347,1711,matched,A unique odds row was assigned.,3,1,1,98.57142857142857,98.57142857142857,,1687.0,1687.0
10348,1712,matched,A unique odds row was assigned.,2,1,1,98.57142857142857,98.57142857142857,,1688.0,1688.0
10349,1713,matched,A unique odds row was assigned.,2,1,1,98.57142857142857,98.57142857142857,,1686.0,1686.0
10350,1714,matched,A unique odds row was assigned.,1,1,1,98.57142857142857,98.57142857142857,,1689.0,1689.0
10351,1715,no_pair_candidate,No valid odds row contains the same unordered player pair.,0,0,0,,,,,
10352,1716,matched,A unique odds row was assigned.,4,1,1,98.33333333333333,98.33333333333333,,1692.0,1692.0
10353,1717,matched,A unique odds row was assigned.,2,1,1,98.33333333333333,98.33333333333333,,1691.0,1691.0
10354,1718,matched,A unique odds row was assigned.,1,1,1,98.33333333333333,98.33333333333333,,1693.0,1693.0
10355,1719,matched,A unique odds row was assigned.,6,1,1,98.0952380952381,98.0952380952381,,1694.0,1694.0
10356,1720,matched,A unique odds row was assigned.,1,1,1,98.0952380952381,98.0952380952381,,1695.0,1695.0
10357,1721,matched,A unique odds row was assigned.,2,1,1,97.85714285714286,97.85714285714286,,1697.0,1697.0
10358,1722,matched,A unique odds row was assigned.,2,1,1,97.85714285714286,97.85714285714286,,1696.0,1696.0
10359,1723,matched,A unique odds row was assigned.,3,1,1,97.38095238095238,97.38095238095238,,1698.0,1698.0
10360,1724,matched,A unique odds row was assigned.,3,1,1,97.38095238095238,97.38095238095238,,1699.0,1699.0
10361,1725,matched,A unique odds row was assigned.,1,1,1,96.9047619047619,96.9047619047619,,1700.0,1700.0
10362,1726,matched,A unique odds row was assigned.,1,1,1,71.36090225563909,71.36090225563909,,1754.0,1754.0
10363,1727,matched,A unique odds row was assigned.,1,1,1,71.59899749373433,71.59899749373433,,1753.0,1753.0
10364,1728,matched,A unique odds row was assigned.,1,1,1,71.59899749373433,71.59899749373433,,1752.0,1752.0
10365,1729,matched,A unique odds row was assigned.,1,1,1,71.83709273182957,71.83709273182957,,1750.0,1750.0
10366,1730,matched,A unique odds row was assigned.,1,1,1,71.83709273182957,71.83709273182957,,1751.0,1751.0
10367,1731,matched,A unique odds row was assigned.,1,1,1,71.83709273182957,71.83709273182957,,1749.0,1749.0
10368,1732,matched,A unique odds row was assigned.,1,1,1,71.83709273182957,71.83709273182957,,1748.0,1748.0
10369,1733,matched,A unique odds row was assigned.,1,1,1,72.31328320802004,72.31328320802004,,1742.0,1742.0
10370,1734,matched,A unique odds row was assigned.,1,1,1,72.31328320802004,72.31328320802004,,1740.0,1740.0
10371,1735,matched,A unique odds row was assigned.,1,1,1,72.07518796992481,72.07518796992481,,1747.0,1747.0
10372,1736,matched,A unique odds row was assigned.,1,1,1,72.07518796992481,72.07518796992481,,1746.0,1746.0
10373,1737,matched,A unique odds row was assigned.,1,1,1,72.31328320802004,72.31328320802004,,1743.0,1743.0
10374,1738,matched,A unique odds row was assigned.,2,1,1,72.31328320802004,72.31328320802004,,1741.0,1741.0
10375,1739,matched,A unique odds row was assigned.,1,1,1,72.07518796992481,72.07518796992481,,1744.0,1744.0
10376,1740,matched,A unique odds row was assigned.,1,1,1,72.07518796992481,72.07518796992481,,1745.0,1745.0
10377,1741,matched,A unique odds row was assigned.,1,1,1,72.55137844611528,72.55137844611528,,1735.0,1735.0
10378,1742,matched,A unique odds row was assigned.,1,1,1,72.78947368421052,72.78947368421052,,1731.0,1731.0
10379,1743,matched,A unique odds row was assigned.,1,1,1,72.78947368421052,72.78947368421052,,1730.0,1730.0
10380,1744,no_pair_candidate,No valid odds row contains the same unordered player pair.,0,0,0,,,,,
10381,1745,matched,A unique odds row was assigned.,1,1,1,72.78947368421052,72.78947368421052,,1732.0,1732.0
10382,1746,matched,A unique odds row was assigned.,1,1,1,72.55137844611528,72.55137844611528,,1737.0,1737.0
10383,1747,no_pair_candidate,No valid odds row contains the same unordered player pair.,0,0,0,,,,,
10384,1748,matched,A unique odds row was assigned.,1,1,1,72.78947368421052,72.78947368421052,,1728.0,1728.0
10385,1749,matched,A unique odds row was assigned.,1,1,1,72.55137844611528,72.55137844611528,,1738.0,1738.0
10386,1750,matched,A unique odds row was assigned.,1,1,1,72.55137844611528,72.55137844611528,,1739.0,1739.0
10387,1751,matched,A unique odds row was assigned.,1,1,1,72.55137844611528,72.55137844611528,,1734.0,1734.0
10388,1752,matched,A unique odds row was assigned.,1,1,1,72.55137844611528,72.55137844611528,,1736.0,1736.0
10389,1753,matched,A unique odds row was assigned.,3,1,1,55.304761904761904,55.304761904761904,,1785.0,1785.0
10390,1754,matched,A unique odds row was assigned.,1,1,1,55.542857142857144,55.542857142857144,,1784.0,1784.0
10391,1755,matched,A unique odds row was assigned.,1,1,1,55.542857142857144,55.542857142857144,,1783.0,1783.0
10392,1756,no_pair_candidate,No valid odds row contains the same unordered player pair.,0,0,0,,,,,
10393,1757,matched,A unique odds row was assigned.,1,1,1,55.780952380952385,55.780952380952385,,1781.0,1781.0
10394,1758,matched,A unique odds row was assigned.,4,1,1,55.780952380952385,55.780952380952385,,1779.0,1779.0
10395,1759,matched,A unique odds row was assigned.,2,1,1,55.780952380952385,55.780952380952385,,1780.0,1780.0
10396,1760,matched,A unique odds row was assigned.,1,1,1,56.01904761904762,56.01904761904762,,1778.0,1778.0
10397,1761,no_pair_candidate,No valid odds row contains the same unordered player pair.,0,0,0,,,,,
10398,1762,matched,A unique odds row was assigned.,1,1,1,56.25714285714286,56.25714285714286,,1773.0,1773.0
10399,1763,matched,A unique odds row was assigned.,1,1,1,56.25714285714286,56.25714285714286,,1772.0,1772.0
10400,1764,matched,A unique odds row was assigned.,1,1,1,56.25714285714286,56.25714285714286,,1771.0,1771.0
10401,1765,matched,A unique odds row was assigned.,2,1,1,56.25714285714286,56.25714285714286,,1774.0,1774.0
10402,1766,matched,A unique odds row was assigned.,1,1,1,56.01904761904762,56.01904761904762,,1775.0,1775.0
10403,1767,matched,A unique odds row was assigned.,1,1,1,56.01904761904762,56.01904761904762,,1777.0,1777.0
10404,1768,matched,A unique odds row was assigned.,1,1,1,56.25714285714286,56.25714285714286,,1770.0,1770.0
10405,1769,matched,A unique odds row was assigned.,3,2,1,56.49523809523809,56.49523809523809,,1769.0,1769.0
10406,1770,matched,A unique odds row was assigned.,1,1,1,56.733333333333334,56.733333333333334,,1755.0,1755.0
10407,1771,no_pair_candidate,No valid odds row contains the same unordered player pair.,0,0,0,,,,,
10408,1772,matched,A unique odds row was assigned.,2,1,1,56.733333333333334,56.733333333333334,,1760.0,1760.0
10409,1773,matched,A unique odds row was assigned.,1,1,1,56.733333333333334,56.733333333333334,,1757.0,1757.0
10410,1774,matched,A unique odds row was assigned.,1,1,1,56.733333333333334,56.733333333333334,,1756.0,1756.0
10411,1775,matched,A unique odds row was assigned.,1,1,1,56.733333333333334,56.733333333333334,,1761.0,1761.0
10412,1776,matched,A unique odds row was assigned.,1,1,1,56.49523809523809,56.49523809523809,,1762.0,1762.0
10413,1777,matched,A unique odds row was assigned.,1,1,1,56.733333333333334,56.733333333333334,,1759.0,1759.0
10414,1778,matched,A unique odds row was assigned.,1,1,1,56.49523809523809,56.49523809523809,,1764.0,1764.0
10415,1779,matched,A unique odds row was assigned.,2,1,1,56.49523809523809,56.49523809523809,,1767.0,1767.0
10416,1780,matched,A unique odds row was assigned.,1,1,1,56.49523809523809,56.49523809523809,,1763.0,1763.0
10417,1781,matched,A unique odds row was assigned.,1,1,1,56.733333333333334,56.733333333333334,,1758.0,1758.0
10418,1782,matched,A unique odds row was assigned.,1,1,1,56.49523809523809,56.49523809523809,,1766.0,1766.0
10419,1783,matched,A unique odds row was assigned.,2,1,1,56.49523809523809,56.49523809523809,,1768.0,1768.0
10420,1784,matched,A unique odds row was assigned.,1,1,1,50.904761904761905,50.904761904761905,,1727.0,1727.0
10421,1785,matched,A unique odds row was assigned.,1,1,1,51.142857142857146,51.142857142857146,,1726.0,1726.0
10422,1786,matched,A unique odds row was assigned.,1,1,1,51.142857142857146,51.142857142857146,,1725.0,1725.0
10423,1787,matched,A unique odds row was assigned.,1,1,1,51.38095238095238,51.38095238095238,,1723.0,1723.0
10424,1788,matched,A unique odds row was assigned.,1,1,1,51.38095238095238,51.38095238095238,,1724.0,1724.0
10425,1789,matched,A unique odds row was assigned.,1,1,1,51.38095238095238,51.38095238095238,,1722.0,1722.0
10426,1790,matched,A unique odds row was assigned.,1,1,1,51.38095238095238,51.38095238095238,,1721.0,1721.0
10427,1791,matched,A unique odds row was assigned.,1,1,1,51.85714285714286,51.85714285714286,,1716.0,1716.0
10428,1792,matched,A unique odds row was assigned.,1,1,1,51.85714285714286,51.85714285714286,,1714.0,1714.0
10429,1793,matched,A unique odds row was assigned.,1,1,1,51.61904761904762,51.61904761904762,,1718.0,1718.0
10430,1794,matched,A unique odds row was assigned.,1,1,1,51.61904761904762,51.61904761904762,,1720.0,1720.0
10431,1795,matched,A unique odds row was assigned.,1,1,1,51.61904761904762,51.61904761904762,,1719.0,1719.0
10432,1796,matched,A unique odds row was assigned.,1,1,1,51.61904761904762,51.61904761904762,,1717.0,1717.0
10433,1797,matched,A unique odds row was assigned.,1,1,1,51.85714285714286,51.85714285714286,,1715.0,1715.0
10434,1798,matched,A unique odds row was assigned.,1,1,1,51.85714285714286,51.85714285714286,,1713.0,1713.0
10435,1799,matched,A unique odds row was assigned.,1,1,1,52.095238095238095,52.095238095238095,,1704.0,1704.0
10436,1800,matched,A unique odds row was assigned.,1,1,1,52.095238095238095,52.095238095238095,,1707.0,1707.0
10437,1801,matched,A unique odds row was assigned.,1,1,1,52.095238095238095,52.095238095238095,,1703.0,1703.0
10438,1802,matched,A unique odds row was assigned.,1,1,1,52.095238095238095,52.095238095238095,,1706.0,1706.0
10439,1803,matched,A unique odds row was assigned.,1,1,1,52.095238095238095,52.095238095238095,,1710.0,1710.0
10440,1804,matched,A unique odds row was assigned.,1,1,1,52.095238095238095,52.095238095238095,,1712.0,1712.0
10441,1805,matched,A unique odds row was assigned.,1,1,1,52.333333333333336,52.333333333333336,,1702.0,1702.0
10442,1806,matched,A unique odds row was assigned.,1,1,1,52.095238095238095,52.095238095238095,,1711.0,1711.0
10443,1807,matched,A unique odds row was assigned.,1,1,1,52.095238095238095,52.095238095238095,,1709.0,1709.0
10444,1808,matched,A unique odds row was assigned.,1,1,1,52.333333333333336,52.333333333333336,,1701.0,1701.0
10445,1809,matched,A unique odds row was assigned.,1,1,1,52.095238095238095,52.095238095238095,,1708.0,1708.0
10446,1810,matched,A unique odds row was assigned.,1,1,1,52.095238095238095,52.095238095238095,,1705.0,1705.0
10447,1811,matched,A unique odds row was assigned.,2,1,1,48.203007518796994,48.203007518796994,,1812.0,1812.0
10448,1812,matched,A unique odds row was assigned.,1,1,1,48.441102756892235,48.441102756892235,,1810.0,1810.0
10449,1813,matched,A unique odds row was assigned.,1,1,1,48.441102756892235,48.441102756892235,,1811.0,1811.0
10450,1814,matched,A unique odds row was assigned.,1,1,1,48.91729323308271,48.91729323308271,,1807.0,1807.0
10451,1815,matched,A unique odds row was assigned.,2,1,1,48.91729323308271,48.91729323308271,,1806.0,1806.0
10452,1816,matched,A unique odds row was assigned.,1,1,1,48.679197994987476,48.679197994987476,,1808.0,1808.0
10453,1817,matched,A unique odds row was assigned.,1,1,1,48.679197994987476,48.679197994987476,,1809.0,1809.0
10454,1818,matched,A unique odds row was assigned.,1,1,1,49.15538847117795,49.15538847117795,,1800.0,1800.0
10455,1819,matched,A unique odds row was assigned.,1,1,1,49.15538847117795,49.15538847117795,,1801.0,1801.0
10456,1820,matched,A unique odds row was assigned.,1,1,1,49.15538847117795,49.15538847117795,,1799.0,1799.0
10457,1821,matched,A unique odds row was assigned.,1,1,1,49.15538847117795,49.15538847117795,,1798.0,1798.0
10458,1822,matched,A unique odds row was assigned.,1,1,1,49.15538847117795,49.15538847117795,,1803.0,1803.0
10459,1823,matched,A unique odds row was assigned.,1,1,1,49.15538847117795,49.15538847117795,,1802.0,1802.0
10460,1824,matched,A unique odds row was assigned.,1,1,1,49.15538847117795,49.15538847117795,,1804.0,1804.0
10461,1825,matched,A unique odds row was assigned.,1,1,1,48.91729323308271,48.91729323308271,,1805.0,1805.0
10462,1826,matched,A unique odds row was assigned.,1,1,1,49.631578947368425,49.631578947368425,,1789.0,1789.0
10463,1827,matched,A unique odds row was assigned.,1,1,1,49.393483709273184,49.393483709273184,,1792.0,1792.0
10464,1828,matched,A unique odds row was assigned.,1,1,1,49.393483709273184,49.393483709273184,,1791.0,1791.0
10465,1829,matched,A unique odds row was assigned.,1,1,1,49.631578947368425,49.631578947368425,,1787.0,1787.0
10466,1830,matched,A unique odds row was assigned.,1,1,1,49.631578947368425,49.631578947368425,,1786.0,1786.0
10467,1831,matched,A unique odds row was assigned.,1,1,1,49.393483709273184,49.393483709273184,,1790.0,1790.0
10468,1832,matched,A unique odds row was assigned.,1,1,1,49.631578947368425,49.631578947368425,,1788.0,1788.0
10469,1833,matched,A unique odds row was assigned.,1,1,1,49.393483709273184,49.393483709273184,,1796.0,1796.0
10470,1834,matched,A unique odds row was assigned.,1,1,1,49.393483709273184,49.393483709273184,,1794.0,1794.0
10471,1835,matched,A unique odds row was assigned.,1,1,1,49.393483709273184,49.393483709273184,,1797.0,1797.0
10472,1836,matched,A unique odds row was assigned.,1,1,1,49.393483709273184,49.393483709273184,,1795.0,1795.0
10473,1837,matched,A unique odds row was assigned.,1,1,1,49.393483709273184,49.393483709273184,,1793.0,1793.0
10474,1838,matched,A unique odds row was assigned.,1,1,1,98.57142857142857,98.57142857142857,,1839.0,1839.0
10475,1839,matched,A unique odds row was assigned.,2,1,1,98.80952380952381,98.80952380952381,,1837.0,1837.0
10476,1840,matched,A unique odds row was assigned.,1,1,1,98.57142857142857,98.57142857142857,,1838.0,1838.0
10477,1841,matched,A unique odds row was assigned.,1,1,1,99.04761904761905,99.04761904761905,,1834.0,1834.0
10478,1842,matched,A unique odds row was assigned.,1,1,1,99.04761904761905,99.04761904761905,,1833.0,1833.0
10479,1843,matched,A unique odds row was assigned.,1,1,1,98.80952380952381,98.80952380952381,,1835.0,1835.0
10480,1844,matched,A unique odds row was assigned.,1,1,1,98.80952380952381,98.80952380952381,,1836.0,1836.0
10481,1845,matched,A unique odds row was assigned.,1,1,1,99.04761904761905,99.04761904761905,,1832.0,1832.0
10482,1846,matched,A unique odds row was assigned.,1,1,1,99.28571428571429,99.28571428571429,,1831.0,1831.0
10483,1847,matched,A unique odds row was assigned.,1,1,1,99.28571428571429,99.28571428571429,,1828.0,1828.0
10484,1848,matched,A unique odds row was assigned.,1,1,1,99.28571428571429,99.28571428571429,,1830.0,1830.0
10485,1849,matched,A unique odds row was assigned.,1,1,1,99.28571428571429,99.28571428571429,,1827.0,1827.0
10486,1850,matched,A unique odds row was assigned.,1,1,1,99.28571428571429,99.28571428571429,,1829.0,1829.0
10487,1851,matched,A unique odds row was assigned.,2,1,1,99.52380952380952,99.52380952380952,,1825.0,1825.0
10488,1852,matched,A unique odds row was assigned.,1,1,1,99.52380952380952,99.52380952380952,,1826.0,1826.0
10489,1853,matched,A unique odds row was assigned.,1,1,1,99.52380952380952,99.52380952380952,,1824.0,1824.0
10490,1854,matched,A unique odds row was assigned.,1,1,1,100.0,100.0,,1815.0,1815.0
10491,1855,no_pair_candidate,No valid odds row contains the same unordered player pair.,0,0,0,,,,,
10492,1856,matched,A unique odds row was assigned.,1,1,1,99.76190476190476,99.76190476190476,,1821.0,1821.0
10493,1857,matched,A unique odds row was assigned.,1,1,1,99.52380952380952,99.52380952380952,,1823.0,1823.0
10494,1858,matched,A unique odds row was assigned.,1,1,1,100.0,100.0,,1813.0,1813.0
10495,1859,matched,A unique odds row was assigned.,1,1,1,99.76190476190476,99.76190476190476,,1819.0,1819.0
10496,1860,matched,A unique odds row was assigned.,1,1,1,100.0,100.0,,1814.0,1814.0
10497,1861,matched,A unique odds row was assigned.,1,1,1,99.76190476190476,99.76190476190476,,1816.0,1816.0
10498,1862,matched,A unique odds row was assigned.,1,1,1,99.76190476190476,99.76190476190476,,1818.0,1818.0
10499,1863,matched,A unique odds row was assigned.,1,1,1,99.76190476190476,99.76190476190476,,1817.0,1817.0
10500,1864,matched,A unique odds row was assigned.,1,1,1,99.76190476190476,99.76190476190476,,1820.0,1820.0
10501,1865,matched,A unique odds row was assigned.,1,1,1,48.98599439775911,48.98599439775911,,1866.0,1866.0
10502,1866,matched,A unique odds row was assigned.,3,1,1,49.22408963585434,49.22408963585434,,1865.0,1865.0
10503,1867,matched,A unique odds row was assigned.,1,1,1,49.22408963585434,49.22408963585434,,1864.0,1864.0
10504,1868,matched,A unique odds row was assigned.,1,1,1,49.46218487394958,49.46218487394958,,1863.0,1863.0
10505,1869,matched,A unique odds row was assigned.,2,1,1,49.46218487394958,49.46218487394958,,1862.0,1862.0
10506,1870,matched,A unique odds row was assigned.,1,1,1,49.46218487394958,49.46218487394958,,1860.0,1860.0
10507,1871,no_pair_candidate,No valid odds row contains the same unordered player pair.,0,0,0,,,,,
10508,1872,matched,A unique odds row was assigned.,1,1,1,49.70028011204482,49.70028011204482,,1858.0,1858.0
10509,1873,matched,A unique odds row was assigned.,2,1,1,49.70028011204482,49.70028011204482,,1859.0,1859.0
10510,1874,matched,A unique odds row was assigned.,1,1,1,49.70028011204482,49.70028011204482,,1855.0,1855.0
10511,1875,matched,A unique odds row was assigned.,1,1,1,49.70028011204482,49.70028011204482,,1857.0,1857.0
10512,1876,matched,A unique odds row was assigned.,1,1,1,49.70028011204482,49.70028011204482,,1852.0,1852.0
10513,1877,matched,A unique odds row was assigned.,1,1,1,49.70028011204482,49.70028011204482,,1853.0,1853.0
10514,1878,no_pair_candidate,No valid odds row contains the same unordered player pair.,0,0,0,,,,,
10515,1879,matched,A unique odds row was assigned.,1,1,1,49.70028011204482,49.70028011204482,,1856.0,1856.0
10516,1880,matched,A unique odds row was assigned.,1,1,1,49.938375350140056,49.938375350140056,,1851.0,1851.0
10517,1881,matched,A unique odds row was assigned.,1,1,1,49.938375350140056,49.938375350140056,,1846.0,1846.0
10518,1882,matched,A unique odds row was assigned.,1,1,1,49.938375350140056,49.938375350140056,,1849.0,1849.0
10519,1883,matched,A unique odds row was assigned.,1,1,1,50.1764705882353,50.1764705882353,,1843.0,1843.0
10520,1884,matched,A unique odds row was assigned.,2,1,1,49.938375350140056,49.938375350140056,,1847.0,1847.0
10521,1885,matched,A unique odds row was assigned.,1,1,1,49.938375350140056,49.938375350140056,,1845.0,1845.0
10522,1886,matched,A unique odds row was assigned.,1,1,1,50.1764705882353,50.1764705882353,,1844.0,1844.0
10523,1887,matched,A unique odds row was assigned.,1,1,1,50.1764705882353,50.1764705882353,,1842.0,1842.0
10524,1888,matched,A unique odds row was assigned.,1,1,1,50.1764705882353,50.1764705882353,,1840.0,1840.0
10525,1889,matched,A unique odds row was assigned.,1,1,1,49.938375350140056,49.938375350140056,,1848.0,1848.0
10526,1890,no_pair_candidate,No valid odds row contains the same unordered player pair.,0,0,0,,,,,
10527,1891,matched,A unique odds row was assigned.,1,1,1,49.938375350140056,49.938375350140056,,1850.0,1850.0
10528,1892,matched,A unique odds row was assigned.,1,1,1,51.80952380952381,51.80952380952381,,1893.0,1893.0
10529,1893,matched,A unique odds row was assigned.,2,1,1,52.04761904761905,52.04761904761905,,1891.0,1891.0
10530,1894,matched,A unique odds row was assigned.,1,1,1,52.04761904761905,52.04761904761905,,1892.0,1892.0
10531,1895,matched,A unique odds row was assigned.,1,1,1,52.285714285714285,52.285714285714285,,1889.0,1889.0
10532,1896,matched,A unique odds row was assigned.,1,1,1,52.285714285714285,52.285714285714285,,1887.0,1887.0
10533,1897,matched,A unique odds row was assigned.,1,1,1,52.285714285714285,52.285714285714285,,1888.0,1888.0
10534,1898,matched,A unique odds row was assigned.,1,1,1,52.285714285714285,52.285714285714285,,1890.0,1890.0
10535,1899,matched,A unique odds row was assigned.,1,1,1,52.76190476190476,52.76190476190476,,1879.0,1879.0
10536,1900,matched,A unique odds row was assigned.,1,1,1,52.76190476190476,52.76190476190476,,1880.0,1880.0
10537,1901,matched,A unique odds row was assigned.,1,1,1,52.523809523809526,52.523809523809526,,1882.0,1882.0
10538,1902,matched,A unique odds row was assigned.,1,1,1,52.523809523809526,52.523809523809526,,1881.0,1881.0
10539,1903,matched,A unique odds row was assigned.,1,1,1,52.523809523809526,52.523809523809526,,1885.0,1885.0
10540,1904,matched,A unique odds row was assigned.,1,1,1,52.523809523809526,52.523809523809526,,1886.0,1886.0
10541,1905,matched,A unique odds row was assigned.,1,1,1,52.523809523809526,52.523809523809526,,1884.0,1884.0
10542,1906,matched,A unique odds row was assigned.,1,1,1,52.523809523809526,52.523809523809526,,1883.0,1883.0
10543,1907,matched,A unique odds row was assigned.,1,1,1,51.333333333333336,51.333333333333336,,1869.0,1869.0
10544,1908,matched,A unique odds row was assigned.,3,1,1,51.333333333333336,51.333333333333336,,1868.0,1868.0
10545,1909,matched,A unique odds row was assigned.,1,1,1,53.0,53.0,,1870.0,1870.0
10546,1910,matched,A unique odds row was assigned.,1,1,1,53.0,53.0,,1876.0,1876.0
10547,1911,matched,A unique odds row was assigned.,1,1,1,53.0,53.0,,1875.0,1875.0
10548,1912,matched,A unique odds row was assigned.,2,1,1,51.333333333333336,51.333333333333336,,1867.0,1867.0
10549,1913,matched,A unique odds row was assigned.,1,1,1,52.76190476190476,52.76190476190476,,1878.0,1878.0
10550,1914,matched,A unique odds row was assigned.,2,1,1,53.0,53.0,,1871.0,1871.0
10551,1915,matched,A unique odds row was assigned.,2,1,1,52.76190476190476,52.76190476190476,,1877.0,1877.0
10552,1916,matched,A unique odds row was assigned.,1,1,1,53.0,53.0,,1873.0,1873.0
10553,1917,matched,A unique odds row was assigned.,1,1,1,53.0,53.0,,1874.0,1874.0
10554,1918,matched,A unique odds row was assigned.,1,1,1,53.0,53.0,,1872.0,1872.0
10555,1919,matched,A unique odds row was assigned.,2,1,1,55.904761904761905,55.904761904761905,,1940.0,1940.0
10556,1920,matched,A unique odds row was assigned.,1,1,1,56.14285714285714,56.14285714285714,,1939.0,1939.0
10557,1921,matched,A unique odds row was assigned.,2,1,1,56.14285714285714,56.14285714285714,,1938.0,1938.0
10558,1922,matched,A unique odds row was assigned.,1,1,1,56.38095238095238,56.38095238095238,,1937.0,1937.0
10559,1923,matched,A unique odds row was assigned.,1,1,1,56.61904761904762,56.61904761904762,,1936.0,1936.0
10560,1924,matched,A unique odds row was assigned.,1,1,1,56.61904761904762,56.61904761904762,,1934.0,1934.0
10561,1925,matched,A unique odds row was assigned.,3,1,1,56.61904761904762,56.61904761904762,,1935.0,1935.0
10562,1926,matched,A unique odds row was assigned.,2,1,1,56.61904761904762,56.61904761904762,,1933.0,1933.0
10563,1927,matched,A unique odds row was assigned.,2,1,1,56.857142857142854,56.857142857142854,,1932.0,1932.0
10564,1928,matched,A unique odds row was assigned.,1,1,1,56.857142857142854,56.857142857142854,,1929.0,1929.0
10565,1929,no_pair_candidate,No valid odds row contains the same unordered player pair.,0,0,0,,,,,
10566,1930,matched,A unique odds row was assigned.,2,1,1,56.857142857142854,56.857142857142854,,1927.0,1927.0
10567,1931,matched,A unique odds row was assigned.,1,1,1,56.857142857142854,56.857142857142854,,1928.0,1928.0
10568,1932,matched,A unique odds row was assigned.,1,1,1,56.857142857142854,56.857142857142854,,1926.0,1926.0
10569,1933,matched,A unique odds row was assigned.,2,1,1,56.857142857142854,56.857142857142854,,1931.0,1931.0
10570,1934,matched,A unique odds row was assigned.,1,1,1,57.095238095238095,57.095238095238095,,1923.0,1923.0
10571,1935,matched,A unique odds row was assigned.,1,1,1,57.095238095238095,57.095238095238095,,1917.0,1917.0
10572,1936,matched,A unique odds row was assigned.,1,1,1,57.095238095238095,57.095238095238095,,1918.0,1918.0
10573,1937,matched,A unique odds row was assigned.,1,1,1,57.33333333333333,57.33333333333333,,1913.0,1913.0
10574,1938,matched,A unique odds row was assigned.,1,1,1,57.33333333333333,57.33333333333333,,1911.0,1911.0
10575,1939,matched,A unique odds row was assigned.,1,1,1,57.095238095238095,57.095238095238095,,1916.0,1916.0
10576,1940,no_pair_candidate,No valid odds row contains the same unordered player pair.,0,0,0,,,,,
10577,1941,matched,A unique odds row was assigned.,1,1,1,56.857142857142854,56.857142857142854,,1924.0,1924.0
10578,1942,matched,A unique odds row was assigned.,1,1,1,57.095238095238095,57.095238095238095,,1915.0,1915.0
10579,1943,matched,A unique odds row was assigned.,1,1,1,57.095238095238095,57.095238095238095,,1919.0,1919.0
10580,1944,matched,A unique odds row was assigned.,1,1,1,57.095238095238095,57.095238095238095,,1921.0,1921.0
10581,1945,matched,A unique odds row was assigned.,1,1,1,57.095238095238095,57.095238095238095,,1922.0,1922.0
10582,1946,matched,A unique odds row was assigned.,1,1,1,57.33333333333333,57.33333333333333,,1914.0,1914.0
10583,1947,matched,A unique odds row was assigned.,1,1,1,57.33333333333333,57.33333333333333,,1910.0,1910.0
10584,1948,no_pair_candidate,No valid odds row contains the same unordered player pair.,0,0,0,,,,,
10585,1949,matched,A unique odds row was assigned.,1,1,1,56.857142857142854,56.857142857142854,,1925.0,1925.0
10586,1950,matched,A unique odds row was assigned.,1,1,1,57.33333333333333,57.33333333333333,,1904.0,1904.0
10587,1951,matched,A unique odds row was assigned.,1,1,1,57.33333333333333,57.33333333333333,,1908.0,1908.0
10588,1952,matched,A unique odds row was assigned.,1,1,1,57.33333333333333,57.33333333333333,,1907.0,1907.0
10589,1953,matched,A unique odds row was assigned.,1,1,1,57.57142857142857,57.57142857142857,,1897.0,1897.0
10590,1954,matched,A unique odds row was assigned.,1,1,1,57.57142857142857,57.57142857142857,,1896.0,1896.0
10591,1955,matched,A unique odds row was assigned.,1,1,1,57.33333333333333,57.33333333333333,,1906.0,1906.0
10592,1956,matched,A unique odds row was assigned.,1,1,1,57.57142857142857,57.57142857142857,,1898.0,1898.0
10593,1957,matched,A unique odds row was assigned.,1,1,1,57.33333333333333,57.33333333333333,,1903.0,1903.0
10594,1958,matched,A unique odds row was assigned.,1,1,1,57.33333333333333,57.33333333333333,,1905.0,1905.0
10595,1959,matched,A unique odds row was assigned.,1,1,1,57.57142857142857,57.57142857142857,,1902.0,1902.0
10596,1960,matched,A unique odds row was assigned.,1,1,1,57.57142857142857,57.57142857142857,,1899.0,1899.0
10597,1961,matched,A unique odds row was assigned.,1,1,1,57.57142857142857,57.57142857142857,,1900.0,1900.0
10598,1962,matched,A unique odds row was assigned.,2,1,1,57.57142857142857,57.57142857142857,,1901.0,1901.0
10599,1963,matched,A unique odds row was assigned.,1,1,1,57.57142857142857,57.57142857142857,,1894.0,1894.0
10600,1964,no_pair_candidate,No valid odds row contains the same unordered player pair.,0,0,0,,,,,
10601,1965,matched,A unique odds row was assigned.,1,1,1,57.33333333333333,57.33333333333333,,1909.0,1909.0
10602,1966,no_pair_candidate,No valid odds row contains the same unordered player pair.,0,0,0,,,,,
10603,1967,no_pair_candidate,No valid odds row contains the same unordered player pair.,0,0,0,,,,,
10604,1968,no_pair_candidate,No valid odds row contains the same unordered player pair.,0,0,0,,,,,
10605,1969,outside_date_window,"Pair candidates exist, but none fall in the allowed event window.",2,0,0,,,,,
10606,1970,outside_date_window,"Pair candidates exist, but none fall in the allowed event window.",1,0,0,,,,,
10607,1971,no_pair_candidate,No valid odds row contains the same unordered player pair.,0,0,0,,,,,
10608,1972,no_pair_candidate,No valid odds row contains the same unordered player pair.,0,0,0,,,,,
10609,1973,outside_date_window,"Pair candidates exist, but none fall in the allowed event window.",1,0,0,,,,,
10610,1974,no_pair_candidate,No valid odds row contains the same unordered player pair.,0,0,0,,,,,
10611,1975,no_pair_candidate,No valid odds row contains the same unordered player pair.,0,0,0,,,,,
10612,1976,outside_date_window,"Pair candidates exist, but none fall in the allowed event window.",1,0,0,,,,,
10613,1977,no_pair_candidate,No valid odds row contains the same unordered player pair.,0,0,0,,,,,
10614,1978,outside_date_window,"Pair candidates exist, but none fall in the allowed event window.",2,0,0,,,,,
10615,1979,no_pair_candidate,No valid odds row contains the same unordered player pair.,0,0,0,,,,,
10616,1980,outside_date_window,"Pair candidates exist, but none fall in the allowed event window.",1,0,0,,,,,
10617,1981,no_pair_candidate,No valid odds row contains the same unordered player pair.,0,0,0,,,,,
10618,1982,no_pair_candidate,No valid odds row contains the same unordered player pair.,0,0,0,,,,,
10619,1983,no_pair_candidate,No valid odds row contains the same unordered player pair.,0,0,0,,,,,
10620,1984,no_pair_candidate,No valid odds row contains the same unordered player pair.,0,0,0,,,,,
10621,1985,no_pair_candidate,No valid odds row contains the same unordered player pair.,0,0,0,,,,,
10622,1986,no_pair_candidate,No valid odds row contains the same unordered player pair.,0,0,0,,,,,
10623,1987,no_pair_candidate,No valid odds row contains the same unordered player pair.,0,0,0,,,,,
10624,1988,no_pair_candidate,No valid odds row contains the same unordered player pair.,0,0,0,,,,,
10625,1989,no_pair_candidate,No valid odds row contains the same unordered player pair.,0,0,0,,,,,
10626,1990,no_pair_candidate,No valid odds row contains the same unordered player pair.,0,0,0,,,,,
10627,1991,outside_date_window,"Pair candidates exist, but none fall in the allowed event window.",2,0,0,,,,,
10628,1992,outside_date_window,"Pair candidates exist, but none fall in the allowed event window.",1,0,0,,,,,
10629,1993,lost_one_to_one_assignment,An eligible candidate was assigned to a better competing row.,1,1,1,40.857142857142854,,,,
10630,1994,no_pair_candidate,No valid odds row contains the same unordered player pair.,0,0,0,,,,,
10631,1995,outside_date_window,"Pair candidates exist, but none fall in the allowed event window.",2,0,0,,,,,
10632,1996,no_pair_candidate,No valid odds row contains the same unordered player pair.,0,0,0,,,,,
10633,1997,no_pair_candidate,No valid odds row contains the same unordered player pair.,0,0,0,,,,,
10634,1998,no_pair_candidate,No valid odds row contains the same unordered player pair.,0,0,0,,,,,
10635,1999,no_pair_candidate,No valid odds row contains the same unordered player pair.,0,0,0,,,,,
10636,2000,no_pair_candidate,No valid odds row contains the same unordered player pair.,0,0,0,,,,,
10637,2001,no_pair_candidate,No valid odds row contains the same unordered player pair.,0,0,0,,,,,
10638,2002,no_pair_candidate,No valid odds row contains the same unordered player pair.,0,0,0,,,,,
10639,2003,no_pair_candidate,No valid odds row contains the same unordered player pair.,0,0,0,,,,,
10640,2004,no_pair_candidate,No valid odds row contains the same unordered player pair.,0,0,0,,,,,
10641,2005,outside_date_window,"Pair candidates exist, but none fall in the allowed event window.",2,0,0,,,,,
10642,2006,no_pair_candidate,No valid odds row contains the same unordered player pair.,0,0,0,,,,,
10643,2007,no_pair_candidate,No valid odds row contains the same unordered player pair.,0,0,0,,,,,
10644,2008,outside_date_window,"Pair candidates exist, but none fall in the allowed event window.",1,0,0,,,,,
10645,2009,no_pair_candidate,No valid odds row contains the same unordered player pair.,0,0,0,,,,,
10646,2010,outside_date_window,"Pair candidates exist, but none fall in the allowed event window.",1,0,0,,,,,
10647,2011,no_pair_candidate,No valid odds row contains the same unordered player pair.,0,0,0,,,,,
10648,2012,no_pair_candidate,No valid odds row contains the same unordered player pair.,0,0,0,,,,,
10649,2013,outside_date_window,"Pair candidates exist, but none fall in the allowed event window.",1,0,0,,,,,
10650,2014,no_pair_candidate,No valid odds row contains the same unordered player pair.,0,0,0,,,,,
10651,2015,no_pair_candidate,No valid odds row contains the same unordered player pair.,0,0,0,,,,,
10652,2016,no_pair_candidate,No valid odds row contains the same unordered player pair.,0,0,0,,,,,
10653,2017,outside_date_window,"Pair candidates exist, but none fall in the allowed event window.",2,0,0,,,,,
10654,2018,no_pair_candidate,No valid odds row contains the same unordered player pair.,0,0,0,,,,,
10655,2019,outside_date_window,"Pair candidates exist, but none fall in the allowed event window.",1,0,0,,,,,
10656,2020,no_pair_candidate,No valid odds row contains the same unordered player pair.,0,0,0,,,,,
10657,2021,no_pair_candidate,No valid odds row contains the same unordered player pair.,0,0,0,,,,,
10658,2022,no_pair_candidate,No valid odds row contains the same unordered player pair.,0,0,0,,,,,
10659,2023,outside_date_window,"Pair candidates exist, but none fall in the allowed event window.",1,0,0,,,,,
10660,2024,below_min_score,"Date-valid candidates exist, but contextual agreement is too weak.",2,1,0,8.627329192546583,,,,
10661,2025,outside_date_window,"Pair candidates exist, but none fall in the allowed event window.",1,0,0,,,,,
10662,2026,outside_date_window,"Pair candidates exist, but none fall in the allowed event window.",3,0,0,,,,,
10663,2027,outside_date_window,"Pair candidates exist, but none fall in the allowed event window.",2,0,0,,,,,
10664,2028,outside_date_window,"Pair candidates exist, but none fall in the allowed event window.",1,0,0,,,,,
10665,2029,no_pair_candidate,No valid odds row contains the same unordered player pair.,0,0,0,,,,,
10666,2030,matched,A unique odds row was assigned.,2,1,1,80.80952380952382,80.80952380952382,,1995.0,1995.0
10667,2031,matched,A unique odds row was assigned.,2,1,1,81.28571428571429,81.28571428571429,,1993.0,1993.0
10668,2032,matched,A unique odds row was assigned.,1,1,1,81.04761904761905,81.04761904761905,,1994.0,1994.0
10669,2033,matched,A unique odds row was assigned.,3,2,2,81.28571428571429,81.28571428571429,32.195488721804516,1989.0,1989.0
10670,2034,matched,A unique odds row was assigned.,1,1,1,81.28571428571429,81.28571428571429,,1990.0,1990.0
10671,2035,matched,A unique odds row was assigned.,1,1,1,81.28571428571429,81.28571428571429,,1991.0,1991.0
10672,2036,matched,A unique odds row was assigned.,1,1,1,81.28571428571429,81.28571428571429,,1992.0,1992.0
10673,2037,matched,A unique odds row was assigned.,1,1,1,81.52380952380953,81.52380952380953,,1985.0,1985.0
10674,2038,matched,A unique odds row was assigned.,3,2,2,81.52380952380953,81.52380952380953,32.19548872180452,1982.0,1982.0
10675,2039,matched,A unique odds row was assigned.,1,1,1,81.52380952380953,81.52380952380953,,1981.0,1981.0
10676,2040,matched,A unique odds row was assigned.,1,1,1,81.52380952380953,81.52380952380953,,1983.0,1983.0
10677,2041,matched,A unique odds row was assigned.,2,1,1,81.52380952380953,81.52380952380953,,1984.0,1984.0
10678,2042,matched,A unique odds row was assigned.,1,1,1,81.52380952380953,81.52380952380953,,1988.0,1988.0
10679,2043,matched,A unique odds row was assigned.,1,1,1,81.52380952380953,81.52380952380953,,1987.0,1987.0
10680,2044,matched,A unique odds row was assigned.,3,1,1,81.52380952380953,81.52380952380953,,1986.0,1986.0
10681,2045,matched,A unique odds row was assigned.,1,1,1,82.00000000000001,82.00000000000001,,1974.0,1974.0
10682,2046,matched,A unique odds row was assigned.,1,1,1,82.00000000000001,82.00000000000001,,1977.0,1977.0
10683,2047,matched,A unique odds row was assigned.,2,1,1,82.00000000000001,82.00000000000001,,1967.0,1967.0
10684,2048,matched,A unique odds row was assigned.,1,1,1,82.00000000000001,82.00000000000001,,1969.0,1969.0
10685,2049,matched,A unique odds row was assigned.,2,1,1,82.00000000000001,82.00000000000001,,1966.0,1966.0
10686,2050,matched,A unique odds row was assigned.,1,1,1,82.00000000000001,82.00000000000001,,1972.0,1972.0
10687,2051,matched,A unique odds row was assigned.,1,1,1,82.00000000000001,82.00000000000001,,1965.0,1965.0
10688,2052,matched,A unique odds row was assigned.,2,1,1,82.00000000000001,82.00000000000001,,1968.0,1968.0
10689,2053,matched,A unique odds row was assigned.,3,1,1,82.00000000000001,82.00000000000001,,1971.0,1971.0
10690,2054,matched,A unique odds row was assigned.,1,1,1,82.00000000000001,82.00000000000001,,1976.0,1976.0
10691,2055,matched,A unique odds row was assigned.,2,1,1,81.52380952380953,81.52380952380953,,1980.0,1980.0
10692,2056,matched,A unique odds row was assigned.,1,1,1,81.52380952380953,81.52380952380953,,1979.0,1979.0
10693,2057,matched,A unique odds row was assigned.,1,1,1,82.00000000000001,82.00000000000001,,1973.0,1973.0
10694,2058,matched,A unique odds row was assigned.,2,1,1,81.52380952380953,81.52380952380953,,1978.0,1978.0
10695,2059,matched,A unique odds row was assigned.,1,1,1,82.00000000000001,82.00000000000001,,1975.0,1975.0
10696,2060,matched,A unique odds row was assigned.,2,1,1,82.00000000000001,82.00000000000001,,1970.0,1970.0
10697,2061,matched,A unique odds row was assigned.,2,1,1,82.23809523809524,82.23809523809524,,1956.0,1956.0
10698,2062,matched,A unique odds row was assigned.,1,1,1,82.47619047619048,82.47619047619048,,1941.0,1941.0
10699,2063,matched,A unique odds row was assigned.,1,1,1,82.23809523809524,82.23809523809524,,1948.0,1948.0
10700,2064,matched,A unique odds row was assigned.,1,1,1,82.23809523809524,82.23809523809524,,1950.0,1950.0
10701,2065,matched,A unique odds row was assigned.,1,1,1,82.23809523809524,82.23809523809524,,1957.0,1957.0
10702,2066,matched,A unique odds row was assigned.,3,1,1,82.47619047619048,82.47619047619048,,1943.0,1943.0
10703,2067,matched,A unique odds row was assigned.,1,1,1,82.23809523809524,82.23809523809524,,1954.0,1954.0
10704,2068,matched,A unique odds row was assigned.,1,1,1,82.23809523809524,82.23809523809524,,1952.0,1952.0
10705,2069,matched,A unique odds row was assigned.,2,1,1,82.47619047619048,82.47619047619048,,1945.0,1945.0
10706,2070,matched,A unique odds row was assigned.,3,1,1,82.23809523809524,82.23809523809524,,1955.0,1955.0
10707,2071,matched,A unique odds row was assigned.,1,1,1,82.47619047619048,82.47619047619048,,1944.0,1944.0
10708,2072,matched,A unique odds row was assigned.,1,1,1,82.47619047619048,82.47619047619048,,1942.0,1942.0
10709,2073,matched,A unique odds row was assigned.,1,1,1,82.23809523809524,82.23809523809524,,1951.0,1951.0
10710,2074,matched,A unique odds row was assigned.,2,1,1,82.23809523809524,82.23809523809524,,1959.0,1959.0
10711,2075,matched,A unique odds row was assigned.,2,1,1,82.23809523809524,82.23809523809524,,1953.0,1953.0
10712,2076,matched,A unique odds row was assigned.,2,1,1,82.00000000000001,82.00000000000001,,1963.0,1963.0
10713,2077,matched,A unique odds row was assigned.,1,1,1,82.23809523809524,82.23809523809524,,1961.0,1961.0
10714,2078,matched,A unique odds row was assigned.,1,1,1,82.00000000000001,82.00000000000001,,1964.0,1964.0
10715,2079,matched,A unique odds row was assigned.,1,1,1,82.23809523809524,82.23809523809524,,1958.0,1958.0
10716,2080,matched,A unique odds row was assigned.,1,1,1,82.00000000000001,82.00000000000001,,1962.0,1962.0
10717,2081,matched,A unique odds row was assigned.,1,1,1,82.23809523809524,82.23809523809524,,1960.0,1960.0
10718,2082,matched,A unique odds row was assigned.,1,1,1,82.23809523809524,82.23809523809524,,1947.0,1947.0
10719,2083,matched,A unique odds row was assigned.,1,1,1,82.23809523809524,82.23809523809524,,1946.0,1946.0
10720,2084,matched,A unique odds row was assigned.,1,1,1,82.23809523809524,82.23809523809524,,1949.0,1949.0
10721,2085,matched,A unique odds row was assigned.,1,1,1,53.80952380952381,53.80952380952381,,2050.0,2050.0
10722,2086,matched,A unique odds row was assigned.,1,1,1,54.047619047619044,54.047619047619044,,2048.0,2048.0
10723,2087,matched,A unique odds row was assigned.,1,1,1,53.80952380952381,53.80952380952381,,2049.0,2049.0
10724,2088,matched,A unique odds row was assigned.,3,2,2,62.88888888888889,54.285714285714285,-8.603174603174608,2044.0,2044.0
10725,2089,matched,A unique odds row was assigned.,1,1,1,54.285714285714285,54.285714285714285,,2045.0,2045.0
10726,2090,matched,A unique odds row was assigned.,1,1,1,54.047619047619044,54.047619047619044,,2046.0,2046.0
10727,2091,matched,A unique odds row was assigned.,1,1,1,54.047619047619044,54.047619047619044,,2047.0,2047.0
10728,2092,matched,A unique odds row was assigned.,1,1,1,54.52380952380952,54.52380952380952,,2038.0,2038.0
10729,2093,matched,A unique odds row was assigned.,3,2,2,61.22222222222222,54.52380952380952,-6.698412698412703,2037.0,2037.0
10730,2094,matched,A unique odds row was assigned.,1,1,1,54.52380952380952,54.52380952380952,,2036.0,2036.0
10731,2095,matched,A unique odds row was assigned.,2,1,1,54.52380952380952,54.52380952380952,,2039.0,2039.0
10732,2096,matched,A unique odds row was assigned.,2,1,1,54.52380952380952,54.52380952380952,,2040.0,2040.0
10733,2097,matched,A unique odds row was assigned.,1,1,1,54.285714285714285,54.285714285714285,,2043.0,2043.0
10734,2098,matched,A unique odds row was assigned.,1,1,1,54.285714285714285,54.285714285714285,,2042.0,2042.0
10735,2099,matched,A unique odds row was assigned.,1,1,1,54.52380952380952,54.52380952380952,,2041.0,2041.0
10736,2100,matched,A unique odds row was assigned.,2,2,1,55.0,55.0,,2020.0,2020.0
10737,2101,matched,A unique odds row was assigned.,1,1,1,54.76190476190476,54.76190476190476,,2022.0,2022.0
10738,2102,matched,A unique odds row was assigned.,1,1,1,54.76190476190476,54.76190476190476,,2030.0,2030.0
10739,2103,no_pair_candidate,No valid odds row contains the same unordered player pair.,0,0,0,,,,,
10740,2104,matched,A unique odds row was assigned.,2,1,1,54.76190476190476,54.76190476190476,,2026.0,2026.0
10741,2105,matched,A unique odds row was assigned.,1,1,1,54.76190476190476,54.76190476190476,,2027.0,2027.0
10742,2106,matched,A unique odds row was assigned.,3,1,1,54.76190476190476,54.76190476190476,,2031.0,2031.0
10743,2107,matched,A unique odds row was assigned.,2,1,1,54.76190476190476,54.76190476190476,,2028.0,2028.0
10744,2108,matched,A unique odds row was assigned.,1,1,1,54.76190476190476,54.76190476190476,,2024.0,2024.0
10745,2109,matched,A unique odds row was assigned.,1,1,1,54.76190476190476,54.76190476190476,,2025.0,2025.0
10746,2110,matched,A unique odds row was assigned.,1,1,1,54.76190476190476,54.76190476190476,,2021.0,2021.0
10747,2111,matched,A unique odds row was assigned.,2,1,1,54.76190476190476,54.76190476190476,,2023.0,2023.0
10748,2112,matched,A unique odds row was assigned.,2,1,1,54.52380952380952,54.52380952380952,,2035.0,2035.0
10749,2113,matched,A unique odds row was assigned.,1,1,1,54.76190476190476,54.76190476190476,,2032.0,2032.0
10750,2114,matched,A unique odds row was assigned.,1,1,1,54.76190476190476,54.76190476190476,,2033.0,2033.0
10751,2115,matched,A unique odds row was assigned.,3,1,1,54.52380952380952,54.52380952380952,,2034.0,2034.0
10752,2116,matched,A unique odds row was assigned.,2,1,1,55.238095238095234,55.238095238095234,,2003.0,2003.0
10753,2117,matched,A unique odds row was assigned.,1,1,1,55.238095238095234,55.238095238095234,,2000.0,2000.0
10754,2118,matched,A unique odds row was assigned.,3,1,1,55.238095238095234,55.238095238095234,,2004.0,2004.0
10755,2119,matched,A unique odds row was assigned.,1,1,1,55.0,55.0,,2008.0,2008.0
10756,2120,matched,A unique odds row was assigned.,1,1,1,55.0,55.0,,2009.0,2009.0
10757,2121,no_pair_candidate,No valid odds row contains the same unordered player pair.,0,0,0,,,,,
10758,2122,matched,A unique odds row was assigned.,5,1,1,55.238095238095234,55.238095238095234,,1997.0,1997.0
10759,2123,matched,A unique odds row was assigned.,1,1,1,55.0,55.0,,2015.0,2015.0
10760,2124,matched,A unique odds row was assigned.,1,1,1,55.0,55.0,,2018.0,2018.0
10761,2125,matched,A unique odds row was assigned.,2,1,1,55.238095238095234,55.238095238095234,,2005.0,2005.0
10762,2126,matched,A unique odds row was assigned.,1,1,1,55.0,55.0,,2019.0,2019.0
10763,2127,matched,A unique odds row was assigned.,1,1,1,55.0,55.0,,2011.0,2011.0
10764,2128,matched,A unique odds row was assigned.,2,2,1,55.238095238095234,55.238095238095234,,2007.0,2007.0
10765,2129,matched,A unique odds row was assigned.,2,1,1,55.238095238095234,55.238095238095234,,1999.0,1999.0
10766,2130,matched,A unique odds row was assigned.,1,1,1,55.476190476190474,55.476190476190474,,1996.0,1996.0
10767,2131,matched,A unique odds row was assigned.,1,1,1,55.238095238095234,55.238095238095234,,2006.0,2006.0
10768,2132,matched,A unique odds row was assigned.,1,1,1,55.238095238095234,55.238095238095234,,2001.0,2001.0
10769,2133,matched,A unique odds row was assigned.,1,1,1,55.238095238095234,55.238095238095234,,2002.0,2002.0
10770,2134,matched,A unique odds row was assigned.,1,1,1,55.0,55.0,,2012.0,2012.0
10771,2135,matched,A unique odds row was assigned.,1,1,1,55.0,55.0,,2016.0,2016.0
10772,2136,matched,A unique odds row was assigned.,3,1,1,55.0,55.0,,2013.0,2013.0
10773,2137,matched,A unique odds row was assigned.,2,1,1,55.0,55.0,,2014.0,2014.0
10774,2138,matched,A unique odds row was assigned.,1,1,1,55.0,55.0,,2010.0,2010.0
10775,2139,matched,A unique odds row was assigned.,1,1,1,55.0,55.0,,2017.0,2017.0
10776,2140,matched,A unique odds row was assigned.,1,1,1,65.80952380952381,65.80952380952381,,2097.0,2097.0
10777,2141,matched,A unique odds row was assigned.,1,1,1,66.04761904761905,66.04761904761905,,2095.0,2095.0
10778,2142,matched,A unique odds row was assigned.,1,1,1,66.04761904761905,66.04761904761905,,2096.0,2096.0
10779,2143,matched,A unique odds row was assigned.,1,1,1,66.28571428571429,66.28571428571429,,2092.0,2092.0
10780,2144,matched,A unique odds row was assigned.,2,1,1,66.28571428571429,66.28571428571429,,2091.0,2091.0
10781,2145,matched,A unique odds row was assigned.,1,1,1,66.04761904761905,66.04761904761905,,2094.0,2094.0
10782,2146,matched,A unique odds row was assigned.,1,1,1,66.28571428571429,66.28571428571429,,2093.0,2093.0
10783,2147,matched,A unique odds row was assigned.,1,1,1,66.52380952380952,66.52380952380952,,2086.0,2086.0
10784,2148,matched,A unique odds row was assigned.,2,1,1,66.52380952380952,66.52380952380952,,2084.0,2084.0
10785,2149,matched,A unique odds row was assigned.,1,1,1,66.52380952380952,66.52380952380952,,2083.0,2083.0
10786,2150,matched,A unique odds row was assigned.,1,1,1,66.52380952380952,66.52380952380952,,2085.0,2085.0
10787,2151,matched,A unique odds row was assigned.,1,1,1,66.52380952380952,66.52380952380952,,2087.0,2087.0
10788,2152,matched,A unique odds row was assigned.,1,1,1,66.28571428571429,66.28571428571429,,2090.0,2090.0
10789,2153,matched,A unique odds row was assigned.,1,1,1,66.28571428571429,66.28571428571429,,2089.0,2089.0
10790,2154,matched,A unique odds row was assigned.,1,1,1,66.28571428571429,66.28571428571429,,2088.0,2088.0
10791,2155,matched,A unique odds row was assigned.,1,1,1,66.76190476190476,66.76190476190476,,2075.0,2075.0
10792,2156,matched,A unique odds row was assigned.,1,1,1,67.0,67.0,,2067.0,2067.0
10793,2157,no_pair_candidate,No valid odds row contains the same unordered player pair.,0,0,0,,,,,
10794,2158,matched,A unique odds row was assigned.,1,1,1,66.76190476190476,66.76190476190476,,2073.0,2073.0
10795,2159,matched,A unique odds row was assigned.,1,1,1,66.76190476190476,66.76190476190476,,2070.0,2070.0
10796,2160,matched,A unique odds row was assigned.,2,1,1,66.76190476190476,66.76190476190476,,2072.0,2072.0
10797,2161,matched,A unique odds row was assigned.,1,1,1,66.76190476190476,66.76190476190476,,2074.0,2074.0
10798,2162,matched,A unique odds row was assigned.,1,1,1,66.76190476190476,66.76190476190476,,2078.0,2078.0
10799,2163,matched,A unique odds row was assigned.,2,1,1,66.76190476190476,66.76190476190476,,2069.0,2069.0
10800,2164,matched,A unique odds row was assigned.,1,1,1,66.76190476190476,66.76190476190476,,2076.0,2076.0
10801,2165,matched,A unique odds row was assigned.,1,1,1,66.76190476190476,66.76190476190476,,2077.0,2077.0
10802,2166,matched,A unique odds row was assigned.,2,1,1,66.76190476190476,66.76190476190476,,2068.0,2068.0
10803,2167,matched,A unique odds row was assigned.,1,1,1,66.52380952380952,66.52380952380952,,2080.0,2080.0
10804,2168,matched,A unique odds row was assigned.,1,1,1,66.52380952380952,66.52380952380952,,2081.0,2081.0
10805,2169,matched,A unique odds row was assigned.,1,1,1,66.76190476190476,66.76190476190476,,2079.0,2079.0
10806,2170,matched,A unique odds row was assigned.,2,1,1,66.52380952380952,66.52380952380952,,2082.0,2082.0
10807,2171,matched,A unique odds row was assigned.,1,1,1,65.33333333333333,65.33333333333333,,2052.0,2052.0
10808,2172,matched,A unique odds row was assigned.,1,1,1,65.33333333333333,65.33333333333333,,2054.0,2054.0
10809,2173,no_pair_candidate,No valid odds row contains the same unordered player pair.,0,0,0,,,,,
10810,2174,matched,A unique odds row was assigned.,1,1,1,67.0,67.0,,2064.0,2064.0
10811,2175,matched,A unique odds row was assigned.,1,1,1,67.0,67.0,,2061.0,2061.0
10812,2176,matched,A unique odds row was assigned.,1,1,1,67.0,67.0,,2058.0,2058.0
10813,2177,matched,A unique odds row was assigned.,1,1,1,67.0,67.0,,2060.0,2060.0
10814,2178,matched,A unique odds row was assigned.,1,1,1,67.0,67.0,,2059.0,2059.0
10815,2179,matched,A unique odds row was assigned.,1,1,1,67.0,67.0,,2056.0,2056.0
10816,2180,matched,A unique odds row was assigned.,1,1,1,67.0,67.0,,2063.0,2063.0
10817,2181,matched,A unique odds row was assigned.,1,1,1,67.0,67.0,,2065.0,2065.0
10818,2182,matched,A unique odds row was assigned.,1,1,1,65.33333333333333,65.33333333333333,,2051.0,2051.0
10819,2183,matched,A unique odds row was assigned.,1,1,1,65.33333333333333,65.33333333333333,,2055.0,2055.0
10820,2184,matched,A unique odds row was assigned.,1,1,1,65.33333333333333,65.33333333333333,,2053.0,2053.0
10821,2185,matched,A unique odds row was assigned.,1,1,1,67.0,67.0,,2057.0,2057.0
10822,2186,matched,A unique odds row was assigned.,1,1,1,66.76190476190476,66.76190476190476,,2066.0,2066.0
10823,2187,matched,A unique odds row was assigned.,1,1,1,99.76190476190476,99.76190476190476,,2144.0,2144.0
10824,2188,matched,A unique odds row was assigned.,1,1,1,99.76190476190476,99.76190476190476,,2140.0,2140.0
10825,2189,matched,A unique odds row was assigned.,1,1,1,99.52380952380952,99.52380952380952,,2159.0,2159.0
10826,2190,no_pair_candidate,No valid odds row contains the same unordered player pair.,0,0,0,,,,,
10827,2191,matched,A unique odds row was assigned.,1,1,1,99.76190476190476,99.76190476190476,,2149.0,2149.0
10828,2192,matched,A unique odds row was assigned.,1,1,1,99.76190476190476,99.76190476190476,,2156.0,2156.0
10829,2193,matched,A unique odds row was assigned.,2,1,1,99.76190476190476,99.76190476190476,,2152.0,2152.0
10830,2194,matched,A unique odds row was assigned.,1,1,1,99.52380952380952,99.52380952380952,,2161.0,2161.0
10831,2195,matched,A unique odds row was assigned.,1,1,1,99.76190476190476,99.76190476190476,,2134.0,2134.0
10832,2196,matched,A unique odds row was assigned.,1,1,1,99.76190476190476,99.76190476190476,,2146.0,2146.0
10833,2197,matched,A unique odds row was assigned.,1,1,1,99.76190476190476,99.76190476190476,,2135.0,2135.0
10834,2198,matched,A unique odds row was assigned.,2,1,1,99.76190476190476,99.76190476190476,,2136.0,2136.0
10835,2199,matched,A unique odds row was assigned.,1,1,1,99.76190476190476,99.76190476190476,,2154.0,2154.0
10836,2200,matched,A unique odds row was assigned.,1,1,1,99.76190476190476,99.76190476190476,,2157.0,2157.0
10837,2201,matched,A unique odds row was assigned.,2,1,1,99.76190476190476,99.76190476190476,,2155.0,2155.0
10838,2202,matched,A unique odds row was assigned.,1,1,1,99.76190476190476,99.76190476190476,,2150.0,2150.0
10839,2203,matched,A unique odds row was assigned.,1,1,1,99.52380952380952,99.52380952380952,,2160.0,2160.0
10840,2204,matched,A unique odds row was assigned.,2,1,1,99.76190476190476,99.76190476190476,,2151.0,2151.0
10841,2205,matched,A unique odds row was assigned.,3,1,1,99.76190476190476,99.76190476190476,,2147.0,2147.0
10842,2206,no_pair_candidate,No valid odds row contains the same unordered player pair.,0,0,0,,,,,
10843,2207,matched,A unique odds row was assigned.,1,1,1,99.76190476190476,99.76190476190476,,2131.0,2131.0
10844,2208,matched,A unique odds row was assigned.,1,1,1,99.76190476190476,99.76190476190476,,2141.0,2141.0
10845,2209,matched,A unique odds row was assigned.,1,1,1,99.76190476190476,99.76190476190476,,2138.0,2138.0
10846,2210,matched,A unique odds row was assigned.,1,1,1,99.76190476190476,99.76190476190476,,2153.0,2153.0
10847,2211,matched,A unique odds row was assigned.,1,1,1,99.76190476190476,99.76190476190476,,2148.0,2148.0
10848,2212,matched,A unique odds row was assigned.,1,1,1,99.76190476190476,99.76190476190476,,2137.0,2137.0
10849,2213,matched,A unique odds row was assigned.,1,1,1,99.76190476190476,99.76190476190476,,2133.0,2133.0
10850,2214,matched,A unique odds row was assigned.,1,1,1,99.76190476190476,99.76190476190476,,2139.0,2139.0
10851,2215,matched,A unique odds row was assigned.,2,1,1,99.76190476190476,99.76190476190476,,2145.0,2145.0
10852,2216,matched,A unique odds row was assigned.,1,1,1,99.76190476190476,99.76190476190476,,2143.0,2143.0
10853,2217,matched,A unique odds row was assigned.,1,1,1,99.76190476190476,99.76190476190476,,2132.0,2132.0
10854,2218,matched,A unique odds row was assigned.,1,1,1,99.76190476190476,99.76190476190476,,2130.0,2130.0
10855,2219,no_pair_candidate,No valid odds row contains the same unordered player pair.,0,0,0,,,,,
10856,2220,matched,A unique odds row was assigned.,1,1,1,100.0,100.0,,2118.0,2118.0
10857,2221,matched,A unique odds row was assigned.,1,1,1,100.0,100.0,,2103.0,2103.0
10858,2222,matched,A unique odds row was assigned.,3,1,1,100.0,100.0,,2104.0,2104.0
10859,2223,matched,A unique odds row was assigned.,1,1,1,100.0,100.0,,2101.0,2101.0
10860,2224,matched,A unique odds row was assigned.,1,1,1,100.0,100.0,,2100.0,2100.0
10861,2225,no_pair_candidate,No valid odds row contains the same unordered player pair.,0,0,0,,,,,
10862,2226,matched,A unique odds row was assigned.,1,1,1,100.0,100.0,,2111.0,2111.0
10863,2227,matched,A unique odds row was assigned.,1,1,1,100.0,100.0,,2123.0,2123.0
10864,2228,matched,A unique odds row was assigned.,1,1,1,99.76190476190476,99.76190476190476,,2127.0,2127.0
10865,2229,matched,A unique odds row was assigned.,2,1,1,100.0,100.0,,2115.0,2115.0
10866,2230,matched,A unique odds row was assigned.,1,1,1,100.0,100.0,,2113.0,2113.0
10867,2231,matched,A unique odds row was assigned.,2,1,1,100.0,100.0,,2114.0,2114.0
10868,2232,no_pair_candidate,No valid odds row contains the same unordered player pair.,0,0,0,,,,,
10869,2233,matched,A unique odds row was assigned.,1,1,1,100.0,100.0,,2117.0,2117.0
10870,2234,matched,A unique odds row was assigned.,1,1,1,100.0,100.0,,2098.0,2098.0
10871,2235,matched,A unique odds row was assigned.,2,1,1,100.0,100.0,,2110.0,2110.0
10872,2236,matched,A unique odds row was assigned.,1,1,1,100.0,100.0,,2121.0,2121.0
10873,2237,matched,A unique odds row was assigned.,1,1,1,100.0,100.0,,2102.0,2102.0
10874,2238,matched,A unique odds row was assigned.,2,1,1,100.0,100.0,,2112.0,2112.0
10875,2239,matched,A unique odds row was assigned.,4,1,1,100.0,100.0,,2124.0,2124.0
10876,2240,matched,A unique odds row was assigned.,1,1,1,99.76190476190476,99.76190476190476,,2128.0,2128.0
10877,2241,matched,A unique odds row was assigned.,1,1,1,100.0,100.0,,2122.0,2122.0
10878,2242,matched,A unique odds row was assigned.,1,1,1,100.0,100.0,,2119.0,2119.0
10879,2243,matched,A unique odds row was assigned.,1,1,1,100.0,100.0,,2105.0,2105.0
10880,2244,matched,A unique odds row was assigned.,1,1,1,100.0,100.0,,2099.0,2099.0
10881,2245,matched,A unique odds row was assigned.,2,1,1,100.0,100.0,,2120.0,2120.0
10882,2246,matched,A unique odds row was assigned.,2,1,1,99.76190476190476,99.76190476190476,,2125.0,2125.0
10883,2247,matched,A unique odds row was assigned.,1,1,1,100.0,100.0,,2108.0,2108.0
10884,2248,matched,A unique odds row was assigned.,1,1,1,100.0,100.0,,2109.0,2109.0
10885,2249,matched,A unique odds row was assigned.,1,1,1,99.76190476190476,99.76190476190476,,2126.0,2126.0
10886,2250,matched,A unique odds row was assigned.,1,1,1,99.76190476190476,99.76190476190476,,2129.0,2129.0
10887,2251,matched,A unique odds row was assigned.,2,1,1,99.28571428571429,99.28571428571429,,2182.0,2182.0
10888,2252,no_pair_candidate,No valid odds row contains the same unordered player pair.,0,0,0,,,,,
10889,2253,matched,A unique odds row was assigned.,1,1,1,99.28571428571429,99.28571428571429,,2188.0,2188.0
10890,2254,matched,A unique odds row was assigned.,1,1,1,99.28571428571429,99.28571428571429,,2191.0,2191.0
10891,2255,matched,A unique odds row was assigned.,1,1,1,99.28571428571429,99.28571428571429,,2183.0,2183.0
10892,2256,matched,A unique odds row was assigned.,1,1,1,99.28571428571429,99.28571428571429,,2189.0,2189.0
10893,2257,matched,A unique odds row was assigned.,1,1,1,99.28571428571429,99.28571428571429,,2187.0,2187.0
10894,2258,matched,A unique odds row was assigned.,1,1,1,99.04761904761905,99.04761904761905,,2192.0,2192.0
10895,2259,matched,A unique odds row was assigned.,1,1,1,99.04761904761905,99.04761904761905,,2193.0,2193.0
10896,2260,matched,A unique odds row was assigned.,1,1,1,99.28571428571429,99.28571428571429,,2185.0,2185.0
10897,2261,matched,A unique odds row was assigned.,1,1,1,99.28571428571429,99.28571428571429,,2184.0,2184.0
10898,2262,matched,A unique odds row was assigned.,1,1,1,99.28571428571429,99.28571428571429,,2179.0,2179.0
10899,2263,matched,A unique odds row was assigned.,1,1,1,99.28571428571429,99.28571428571429,,2186.0,2186.0
10900,2264,matched,A unique odds row was assigned.,1,1,1,99.28571428571429,99.28571428571429,,2190.0,2190.0
10901,2265,matched,A unique odds row was assigned.,2,1,1,99.28571428571429,99.28571428571429,,2178.0,2178.0
10902,2266,matched,A unique odds row was assigned.,1,1,1,99.28571428571429,99.28571428571429,,2181.0,2181.0
10903,2267,matched,A unique odds row was assigned.,2,1,1,99.52380952380952,99.52380952380952,,2175.0,2175.0
10904,2268,matched,A unique odds row was assigned.,1,1,1,99.52380952380952,99.52380952380952,,2171.0,2171.0
10905,2269,matched,A unique odds row was assigned.,1,1,1,99.52380952380952,99.52380952380952,,2170.0,2170.0
10906,2270,matched,A unique odds row was assigned.,1,1,1,99.28571428571429,99.28571428571429,,2176.0,2176.0
10907,2271,matched,A unique odds row was assigned.,1,1,1,99.52380952380952,99.52380952380952,,2166.0,2166.0
10908,2272,matched,A unique odds row was assigned.,1,1,1,99.52380952380952,99.52380952380952,,2174.0,2174.0
10909,2273,matched,A unique odds row was assigned.,1,1,1,99.52380952380952,99.52380952380952,,2163.0,2163.0
10910,2274,matched,A unique odds row was assigned.,1,1,1,99.52380952380952,99.52380952380952,,2167.0,2167.0
10911,2275,matched,A unique odds row was assigned.,2,1,1,99.52380952380952,99.52380952380952,,2169.0,2169.0
10912,2276,matched,A unique odds row was assigned.,1,1,1,99.52380952380952,99.52380952380952,,2162.0,2162.0
10913,2277,matched,A unique odds row was assigned.,1,1,1,99.52380952380952,99.52380952380952,,2165.0,2165.0
10914,2278,matched,A unique odds row was assigned.,3,1,1,99.52380952380952,99.52380952380952,,2164.0,2164.0
10915,2279,matched,A unique odds row was assigned.,2,1,1,99.52380952380952,99.52380952380952,,2173.0,2173.0
10916,2280,matched,A unique odds row was assigned.,1,1,1,99.52380952380952,99.52380952380952,,2168.0,2168.0
10917,2281,matched,A unique odds row was assigned.,1,1,1,99.52380952380952,99.52380952380952,,2172.0,2172.0
10918,2282,matched,A unique odds row was assigned.,1,1,1,99.28571428571429,99.28571428571429,,2177.0,2177.0
10919,2283,no_pair_candidate,No valid odds row contains the same unordered player pair.,0,0,0,,,,,
10920,2284,matched,A unique odds row was assigned.,1,1,1,98.80952380952381,98.80952380952381,,2205.0,2205.0
10921,2285,matched,A unique odds row was assigned.,1,1,1,98.80952380952381,98.80952380952381,,2206.0,2206.0
10922,2286,matched,A unique odds row was assigned.,2,1,1,98.57142857142857,98.57142857142857,,2209.0,2209.0
10923,2287,matched,A unique odds row was assigned.,1,1,1,98.80952380952381,98.80952380952381,,2203.0,2203.0
10924,2288,matched,A unique odds row was assigned.,2,1,1,98.80952380952381,98.80952380952381,,2202.0,2202.0
10925,2289,matched,A unique odds row was assigned.,1,1,1,98.57142857142857,98.57142857142857,,2208.0,2208.0
10926,2290,matched,A unique odds row was assigned.,1,1,1,98.80952380952381,98.80952380952381,,2207.0,2207.0
10927,2291,matched,A unique odds row was assigned.,1,1,1,99.04761904761905,99.04761904761905,,2198.0,2198.0
10928,2292,matched,A unique odds row was assigned.,1,1,1,99.04761904761905,99.04761904761905,,2197.0,2197.0
10929,2293,matched,A unique odds row was assigned.,2,1,1,99.04761904761905,99.04761904761905,,2199.0,2199.0
10930,2294,matched,A unique odds row was assigned.,1,1,1,98.80952380952381,98.80952380952381,,2201.0,2201.0
10931,2295,matched,A unique odds row was assigned.,2,1,1,99.04761904761905,99.04761904761905,,2195.0,2195.0
10932,2296,matched,A unique odds row was assigned.,2,1,1,99.04761904761905,99.04761904761905,,2196.0,2196.0
10933,2297,matched,A unique odds row was assigned.,2,1,1,99.04761904761905,99.04761904761905,,2194.0,2194.0
10934,2298,matched,A unique odds row was assigned.,3,1,1,98.80952380952381,98.80952380952381,,2200.0,2200.0
10935,2299,matched,A unique odds row was assigned.,1,1,1,98.0952380952381,98.0952380952381,,2217.0,2217.0
10936,2300,matched,A unique odds row was assigned.,3,1,1,98.33333333333333,98.33333333333333,,2215.0,2215.0
10937,2301,matched,A unique odds row was assigned.,3,1,1,98.33333333333333,98.33333333333333,,2214.0,2214.0
10938,2302,matched,A unique odds row was assigned.,1,1,1,98.33333333333333,98.33333333333333,,2216.0,2216.0
10939,2303,matched,A unique odds row was assigned.,2,1,1,98.57142857142857,98.57142857142857,,2211.0,2211.0
10940,2304,matched,A unique odds row was assigned.,1,1,1,98.57142857142857,98.57142857142857,,2212.0,2212.0
10941,2305,matched,A unique odds row was assigned.,1,1,1,98.57142857142857,98.57142857142857,,2210.0,2210.0
10942,2306,matched,A unique odds row was assigned.,1,1,1,98.33333333333333,98.33333333333333,,2213.0,2213.0
10943,2307,matched,A unique odds row was assigned.,6,1,1,97.61904761904762,97.61904761904762,,2221.0,2221.0
10944,2308,matched,A unique odds row was assigned.,3,1,1,97.85714285714286,97.85714285714286,,2220.0,2220.0
10945,2309,matched,A unique odds row was assigned.,4,1,1,98.0952380952381,98.0952380952381,,2218.0,2218.0
10946,2310,matched,A unique odds row was assigned.,1,1,1,97.85714285714286,97.85714285714286,,2219.0,2219.0
10947,2311,matched,A unique odds row was assigned.,1,1,1,97.38095238095238,97.38095238095238,,2222.0,2222.0
10948,2312,matched,A unique odds row was assigned.,1,1,1,97.14285714285714,97.14285714285714,,2223.0,2223.0
10949,2313,matched,A unique odds row was assigned.,3,1,1,96.9047619047619,96.9047619047619,,2224.0,2224.0
10950,2314,matched,A unique odds row was assigned.,1,1,1,98.57142857142857,98.57142857142857,,2251.0,2251.0
10951,2315,matched,A unique odds row was assigned.,1,1,1,98.80952380952381,98.80952380952381,,2249.0,2249.0
10952,2316,matched,A unique odds row was assigned.,1,1,1,98.80952380952381,98.80952380952381,,2250.0,2250.0
10953,2317,matched,A unique odds row was assigned.,1,1,1,99.04761904761905,99.04761904761905,,2246.0,2246.0
10954,2318,matched,A unique odds row was assigned.,3,1,1,99.04761904761905,99.04761904761905,,2248.0,2248.0
10955,2319,matched,A unique odds row was assigned.,1,1,1,99.04761904761905,99.04761904761905,,2245.0,2245.0
10956,2320,matched,A unique odds row was assigned.,1,1,1,99.04761904761905,99.04761904761905,,2247.0,2247.0
10957,2321,no_pair_candidate,No valid odds row contains the same unordered player pair.,0,0,0,,,,,
10958,2322,matched,A unique odds row was assigned.,1,1,1,99.28571428571429,99.28571428571429,,2243.0,2243.0
10959,2323,matched,A unique odds row was assigned.,1,1,1,99.52380952380952,99.52380952380952,,2239.0,2239.0
10960,2324,matched,A unique odds row was assigned.,1,1,1,99.52380952380952,99.52380952380952,,2240.0,2240.0
10961,2325,matched,A unique odds row was assigned.,1,1,1,99.28571428571429,99.28571428571429,,2241.0,2241.0
10962,2326,no_pair_candidate,No valid odds row contains the same unordered player pair.,0,0,0,,,,,
10963,2327,matched,A unique odds row was assigned.,1,1,1,99.28571428571429,99.28571428571429,,2244.0,2244.0
10964,2328,matched,A unique odds row was assigned.,1,1,1,99.52380952380952,99.52380952380952,,2237.0,2237.0
10965,2329,matched,A unique odds row was assigned.,1,1,1,99.76190476190476,99.76190476190476,,2236.0,2236.0
10966,2330,matched,A unique odds row was assigned.,1,1,1,100.0,100.0,,2226.0,2226.0
10967,2331,no_pair_candidate,No valid odds row contains the same unordered player pair.,0,0,0,,,,,
10968,2332,matched,A unique odds row was assigned.,2,1,1,99.76190476190476,99.76190476190476,,2234.0,2234.0
10969,2333,matched,A unique odds row was assigned.,1,1,1,99.76190476190476,99.76190476190476,,2235.0,2235.0
10970,2334,matched,A unique odds row was assigned.,1,1,1,99.76190476190476,99.76190476190476,,2232.0,2232.0
10971,2335,matched,A unique odds row was assigned.,1,1,1,99.76190476190476,99.76190476190476,,2230.0,2230.0
10972,2336,matched,A unique odds row was assigned.,1,1,1,100.0,100.0,,2225.0,2225.0
10973,2337,no_pair_candidate,No valid odds row contains the same unordered player pair.,0,0,0,,,,,
10974,2338,matched,A unique odds row was assigned.,1,1,1,99.76190476190476,99.76190476190476,,2231.0,2231.0
10975,2339,matched,A unique odds row was assigned.,1,1,1,99.76190476190476,99.76190476190476,,2228.0,2228.0
10976,2340,matched,A unique odds row was assigned.,1,1,1,99.76190476190476,99.76190476190476,,2229.0,2229.0
10977,2341,no_pair_candidate,No valid odds row contains the same unordered player pair.,0,0,0,,,,,
10978,2342,matched,A unique odds row was assigned.,1,1,1,98.80952380952381,98.80952380952381,,2276.0,2276.0
10979,2343,no_pair_candidate,No valid odds row contains the same unordered player pair.,0,0,0,,,,,
10980,2344,matched,A unique odds row was assigned.,2,1,1,99.04761904761905,99.04761904761905,,2272.0,2272.0
10981,2345,no_pair_candidate,No valid odds row contains the same unordered player pair.,0,0,0,,,,,
10982,2346,no_pair_candidate,No valid odds row contains the same unordered player pair.,0,0,0,,,,,
10983,2347,matched,A unique odds row was assigned.,1,1,1,99.04761904761905,99.04761904761905,,2273.0,2273.0
10984,2348,matched,A unique odds row was assigned.,1,1,1,99.28571428571429,99.28571428571429,,2270.0,2270.0
10985,2349,no_pair_candidate,No valid odds row contains the same unordered player pair.,0,0,0,,,,,
10986,2350,matched,A unique odds row was assigned.,1,1,1,99.52380952380952,99.52380952380952,,2266.0,2266.0
10987,2351,no_pair_candidate,No valid odds row contains the same unordered player pair.,0,0,0,,,,,
10988,2352,matched,A unique odds row was assigned.,1,1,1,99.52380952380952,99.52380952380952,,2265.0,2265.0
10989,2353,matched,A unique odds row was assigned.,1,1,1,99.28571428571429,99.28571428571429,,2268.0,2268.0
10990,2354,matched,A unique odds row was assigned.,1,1,1,99.28571428571429,99.28571428571429,,2269.0,2269.0
10991,2355,matched,A unique odds row was assigned.,2,1,1,99.52380952380952,99.52380952380952,,2264.0,2264.0
10992,2356,matched,A unique odds row was assigned.,1,1,1,100.0,100.0,,2253.0,2253.0
10993,2357,no_pair_candidate,No valid odds row contains the same unordered player pair.,0,0,0,,,,,
10994,2358,matched,A unique odds row was assigned.,1,1,1,100.0,100.0,,2252.0,2252.0
10995,2359,matched,A unique odds row was assigned.,1,1,1,99.76190476190476,99.76190476190476,,2255.0,2255.0
10996,2360,matched,A unique odds row was assigned.,1,1,1,99.76190476190476,99.76190476190476,,2262.0,2262.0
10997,2361,no_pair_candidate,No valid odds row contains the same unordered player pair.,0,0,0,,,,,
10998,2362,matched,A unique odds row was assigned.,2,1,1,99.76190476190476,99.76190476190476,,2259.0,2259.0
10999,2363,matched,A unique odds row was assigned.,1,1,1,100.0,100.0,,2254.0,2254.0
11000,2364,matched,A unique odds row was assigned.,1,1,1,99.76190476190476,99.76190476190476,,2256.0,2256.0
11001,2365,matched,A unique odds row was assigned.,1,1,1,99.76190476190476,99.76190476190476,,2258.0,2258.0
11002,2366,matched,A unique odds row was assigned.,1,1,1,99.76190476190476,99.76190476190476,,2260.0,2260.0
11003,2367,matched,A unique odds row was assigned.,1,1,1,99.76190476190476,99.76190476190476,,2261.0,2261.0
11004,2368,no_pair_candidate,No valid odds row contains the same unordered player pair.,0,0,0,,,,,
11005,2369,no_pair_candidate,No valid odds row contains the same unordered player pair.,0,0,0,,,,,
11006,2370,no_pair_candidate,No valid odds row contains the same unordered player pair.,0,0,0,,,,,
11007,2371,no_pair_candidate,No valid odds row contains the same unordered player pair.,0,0,0,,,,,
11008,2372,outside_date_window,"Pair candidates exist, but none fall in the allowed event window.",4,0,0,,,,,
11009,2373,no_pair_candidate,No valid odds row contains the same unordered player pair.,0,0,0,,,,,
11010,2374,no_pair_candidate,No valid odds row contains the same unordered player pair.,0,0,0,,,,,
11011,2375,outside_date_window,"Pair candidates exist, but none fall in the allowed event window.",1,0,0,,,,,
11012,2376,outside_date_window,"Pair candidates exist, but none fall in the allowed event window.",1,0,0,,,,,
11013,2377,matched,A unique odds row was assigned.,3,1,1,43.57142857142857,43.57142857142857,,2340.0,2340.0
11014,2378,matched,A unique odds row was assigned.,2,1,1,43.80952380952381,43.80952380952381,,2339.0,2339.0
11015,2379,matched,A unique odds row was assigned.,1,1,1,43.80952380952381,43.80952380952381,,2338.0,2338.0
11016,2380,matched,A unique odds row was assigned.,1,1,1,44.04761904761905,44.04761904761905,,2336.0,2336.0
11017,2381,matched,A unique odds row was assigned.,2,1,1,44.04761904761905,44.04761904761905,,2337.0,2337.0
11018,2382,matched,A unique odds row was assigned.,1,1,1,44.04761904761905,44.04761904761905,,2335.0,2335.0
11019,2383,matched,A unique odds row was assigned.,2,1,1,44.04761904761905,44.04761904761905,,2334.0,2334.0
11020,2384,matched,A unique odds row was assigned.,3,1,1,44.523809523809526,44.523809523809526,,2326.0,2326.0
11021,2385,matched,A unique odds row was assigned.,2,2,2,44.285714285714285,44.285714285714285,2.6190476190476204,2330.0,2330.0
11022,2386,matched,A unique odds row was assigned.,2,1,1,44.285714285714285,44.285714285714285,,2333.0,2333.0
11023,2387,matched,A unique odds row was assigned.,1,1,1,44.523809523809526,44.523809523809526,,2327.0,2327.0
11024,2388,matched,A unique odds row was assigned.,1,1,1,44.523809523809526,44.523809523809526,,2328.0,2328.0
11025,2389,matched,A unique odds row was assigned.,3,1,1,44.523809523809526,44.523809523809526,,2329.0,2329.0
11026,2390,no_pair_candidate,No valid odds row contains the same unordered player pair.,0,0,0,,,,,
11027,2391,matched,A unique odds row was assigned.,1,1,1,44.285714285714285,44.285714285714285,,2332.0,2332.0
11028,2392,matched,A unique odds row was assigned.,1,1,1,44.76190476190476,44.76190476190476,,2323.0,2323.0
11029,2393,matched,A unique odds row was assigned.,2,1,1,45.0,45.0,,2312.0,2312.0
11030,2394,matched,A unique odds row was assigned.,4,1,1,44.76190476190476,44.76190476190476,,2325.0,2325.0
11031,2395,matched,A unique odds row was assigned.,1,1,1,44.76190476190476,44.76190476190476,,2318.0,2318.0
11032,2396,matched,A unique odds row was assigned.,1,1,1,44.76190476190476,44.76190476190476,,2316.0,2316.0
11033,2397,matched,A unique odds row was assigned.,1,1,1,44.76190476190476,44.76190476190476,,2322.0,2322.0
11034,2398,matched,A unique odds row was assigned.,1,1,1,44.76190476190476,44.76190476190476,,2320.0,2320.0
11035,2399,matched,A unique odds row was assigned.,2,1,1,44.76190476190476,44.76190476190476,,2319.0,2319.0
11036,2400,matched,A unique odds row was assigned.,1,1,1,45.0,45.0,,2311.0,2311.0
11037,2401,matched,A unique odds row was assigned.,1,1,1,44.76190476190476,44.76190476190476,,2315.0,2315.0
11038,2402,matched,A unique odds row was assigned.,1,1,1,45.0,45.0,,2313.0,2313.0
11039,2403,matched,A unique odds row was assigned.,2,1,1,44.76190476190476,44.76190476190476,,2317.0,2317.0
11040,2404,matched,A unique odds row was assigned.,4,1,1,45.0,45.0,,2310.0,2310.0
11041,2405,matched,A unique odds row was assigned.,1,1,1,44.76190476190476,44.76190476190476,,2324.0,2324.0
11042,2406,matched,A unique odds row was assigned.,3,1,1,44.76190476190476,44.76190476190476,,2314.0,2314.0
11043,2407,no_pair_candidate,No valid odds row contains the same unordered player pair.,0,0,0,,,,,
11044,2408,matched,A unique odds row was assigned.,3,1,1,58.238095238095234,58.238095238095234,,2309.0,2309.0
11045,2409,no_pair_candidate,No valid odds row contains the same unordered player pair.,0,0,0,,,,,
11046,2410,matched,A unique odds row was assigned.,3,1,1,58.476190476190474,58.476190476190474,,2307.0,2307.0
11047,2411,matched,A unique odds row was assigned.,2,1,1,58.71428571428571,58.71428571428571,,2305.0,2305.0
11048,2412,matched,A unique odds row was assigned.,1,1,1,58.71428571428571,58.71428571428571,,2303.0,2303.0
11049,2413,matched,A unique odds row was assigned.,2,1,1,58.71428571428571,58.71428571428571,,2304.0,2304.0
11050,2414,no_pair_candidate,No valid odds row contains the same unordered player pair.,0,0,0,,,,,
11051,2415,matched,A unique odds row was assigned.,1,1,1,59.19047619047619,59.19047619047619,,2297.0,2297.0
11052,2416,matched,A unique odds row was assigned.,1,1,1,58.95238095238095,58.95238095238095,,2301.0,2301.0
11053,2417,matched,A unique odds row was assigned.,1,1,1,59.19047619047619,59.19047619047619,,2298.0,2298.0
11054,2418,matched,A unique odds row was assigned.,2,1,1,58.71428571428571,58.71428571428571,,2302.0,2302.0
11055,2419,no_pair_candidate,No valid odds row contains the same unordered player pair.,0,0,0,,,,,
11056,2420,matched,A unique odds row was assigned.,5,1,1,58.95238095238095,58.95238095238095,,2300.0,2300.0
11057,2421,matched,A unique odds row was assigned.,3,1,1,59.19047619047619,59.19047619047619,,2295.0,2295.0
11058,2422,matched,A unique odds row was assigned.,2,1,1,59.19047619047619,59.19047619047619,,2296.0,2296.0
11059,2423,matched,A unique odds row was assigned.,1,1,1,59.666666666666664,59.666666666666664,,2281.0,2281.0
11060,2424,no_pair_candidate,No valid odds row contains the same unordered player pair.,0,0,0,,,,,
11061,2425,matched,A unique odds row was assigned.,2,1,1,59.42857142857142,59.42857142857142,,2289.0,2289.0
11062,2426,matched,A unique odds row was assigned.,1,1,1,59.42857142857142,59.42857142857142,,2294.0,2294.0
11063,2427,matched,A unique odds row was assigned.,1,1,1,59.42857142857142,59.42857142857142,,2288.0,2288.0
11064,2428,matched,A unique odds row was assigned.,1,1,1,59.42857142857142,59.42857142857142,,2291.0,2291.0
11065,2429,matched,A unique odds row was assigned.,1,1,1,59.666666666666664,59.666666666666664,,2284.0,2284.0
11066,2430,matched,A unique odds row was assigned.,1,1,1,59.42857142857142,59.42857142857142,,2290.0,2290.0
11067,2431,no_pair_candidate,No valid odds row contains the same unordered player pair.,0,0,0,,,,,
11068,2432,matched,A unique odds row was assigned.,1,1,1,59.42857142857142,59.42857142857142,,2285.0,2285.0
11069,2433,no_pair_candidate,No valid odds row contains the same unordered player pair.,0,0,0,,,,,
11070,2434,matched,A unique odds row was assigned.,3,1,1,59.666666666666664,59.666666666666664,,2282.0,2282.0
11071,2435,matched,A unique odds row was assigned.,1,1,1,59.666666666666664,59.666666666666664,,2280.0,2280.0
11072,2436,matched,A unique odds row was assigned.,2,1,1,59.666666666666664,59.666666666666664,,2283.0,2283.0
11073,2437,matched,A unique odds row was assigned.,1,1,1,59.666666666666664,59.666666666666664,,2279.0,2279.0
11074,2438,matched,A unique odds row was assigned.,1,1,1,59.42857142857142,59.42857142857142,,2286.0,2286.0
11075,2439,matched,A unique odds row was assigned.,2,1,1,97.38095238095238,97.38095238095238,,2435.0,2435.0
11076,2440,matched,A unique odds row was assigned.,2,1,1,97.61904761904762,97.61904761904762,,2433.0,2433.0
11077,2441,matched,A unique odds row was assigned.,2,1,1,97.61904761904762,97.61904761904762,,2434.0,2434.0
11078,2442,matched,A unique odds row was assigned.,6,1,1,98.0952380952381,98.0952380952381,,2429.0,2429.0
11079,2443,matched,A unique odds row was assigned.,1,1,1,98.0952380952381,98.0952380952381,,2430.0,2430.0
11080,2444,matched,A unique odds row was assigned.,1,1,1,97.85714285714286,97.85714285714286,,2432.0,2432.0
11081,2445,matched,A unique odds row was assigned.,1,1,1,97.85714285714286,97.85714285714286,,2431.0,2431.0
11082,2446,matched,A unique odds row was assigned.,3,1,1,98.33333333333333,98.33333333333333,,2421.0,2421.0
11083,2447,matched,A unique odds row was assigned.,1,1,1,98.33333333333333,98.33333333333333,,2422.0,2422.0
11084,2448,matched,A unique odds row was assigned.,3,1,1,98.33333333333333,98.33333333333333,,2423.0,2423.0
11085,2449,matched,A unique odds row was assigned.,2,1,1,98.33333333333333,98.33333333333333,,2424.0,2424.0
11086,2450,matched,A unique odds row was assigned.,2,1,1,98.33333333333333,98.33333333333333,,2425.0,2425.0
11087,2451,matched,A unique odds row was assigned.,2,1,1,98.33333333333333,98.33333333333333,,2426.0,2426.0
11088,2452,matched,A unique odds row was assigned.,2,1,1,98.33333333333333,98.33333333333333,,2427.0,2427.0
11089,2453,matched,A unique odds row was assigned.,2,1,1,98.33333333333333,98.33333333333333,,2428.0,2428.0
11090,2454,matched,A unique odds row was assigned.,1,1,1,99.04761904761905,99.04761904761905,,2406.0,2406.0
11091,2455,matched,A unique odds row was assigned.,2,1,1,98.57142857142857,98.57142857142857,,2414.0,2414.0
11092,2456,matched,A unique odds row was assigned.,1,1,1,98.57142857142857,98.57142857142857,,2411.0,2411.0
11093,2457,matched,A unique odds row was assigned.,2,1,1,99.04761904761905,99.04761904761905,,2405.0,2405.0
11094,2458,matched,A unique odds row was assigned.,1,1,1,99.04761904761905,99.04761904761905,,2407.0,2407.0
11095,2459,matched,A unique odds row was assigned.,3,1,1,98.57142857142857,98.57142857142857,,2410.0,2410.0
11096,2460,matched,A unique odds row was assigned.,2,1,1,99.04761904761905,99.04761904761905,,2408.0,2408.0
11097,2461,matched,A unique odds row was assigned.,1,1,1,98.57142857142857,98.57142857142857,,2409.0,2409.0
11098,2462,matched,A unique odds row was assigned.,1,1,1,98.57142857142857,98.57142857142857,,2412.0,2412.0
11099,2463,matched,A unique odds row was assigned.,2,1,1,98.57142857142857,98.57142857142857,,2415.0,2415.0
11100,2464,matched,A unique odds row was assigned.,1,1,1,98.57142857142857,98.57142857142857,,2416.0,2416.0
11101,2465,matched,A unique odds row was assigned.,1,1,1,98.57142857142857,98.57142857142857,,2418.0,2418.0
11102,2466,matched,A unique odds row was assigned.,1,1,1,98.57142857142857,98.57142857142857,,2413.0,2413.0
11103,2467,matched,A unique odds row was assigned.,1,1,1,98.57142857142857,98.57142857142857,,2417.0,2417.0
11104,2468,matched,A unique odds row was assigned.,1,1,1,98.57142857142857,98.57142857142857,,2419.0,2419.0
11105,2469,matched,A unique odds row was assigned.,4,1,1,98.57142857142857,98.57142857142857,,2420.0,2420.0
11106,2470,matched,A unique odds row was assigned.,1,1,1,99.28571428571429,99.28571428571429,,2391.0,2391.0
11107,2471,matched,A unique odds row was assigned.,2,1,1,99.52380952380952,99.52380952380952,,2382.0,2382.0
11108,2472,matched,A unique odds row was assigned.,1,1,1,99.52380952380952,99.52380952380952,,2381.0,2381.0
11109,2473,matched,A unique odds row was assigned.,3,1,1,99.52380952380952,99.52380952380952,,2375.0,2375.0
11110,2474,matched,A unique odds row was assigned.,2,1,1,99.52380952380952,99.52380952380952,,2379.0,2379.0
11111,2475,matched,A unique odds row was assigned.,1,1,1,99.52380952380952,99.52380952380952,,2376.0,2376.0
11112,2476,matched,A unique odds row was assigned.,2,1,1,99.52380952380952,99.52380952380952,,2378.0,2378.0
11113,2477,matched,A unique odds row was assigned.,1,1,1,99.52380952380952,99.52380952380952,,2384.0,2384.0
11114,2478,matched,A unique odds row was assigned.,2,1,1,99.28571428571429,99.28571428571429,,2387.0,2387.0
11115,2479,matched,A unique odds row was assigned.,1,1,1,99.52380952380952,99.52380952380952,,2385.0,2385.0
11116,2480,matched,A unique odds row was assigned.,1,1,1,99.52380952380952,99.52380952380952,,2377.0,2377.0
11117,2481,matched,A unique odds row was assigned.,1,1,1,99.52380952380952,99.52380952380952,,2380.0,2380.0
11118,2482,matched,A unique odds row was assigned.,2,1,1,99.52380952380952,99.52380952380952,,2373.0,2373.0
11119,2483,matched,A unique odds row was assigned.,2,1,1,99.52380952380952,99.52380952380952,,2374.0,2374.0
11120,2484,matched,A unique odds row was assigned.,2,1,1,99.52380952380952,99.52380952380952,,2383.0,2383.0
11121,2485,matched,A unique odds row was assigned.,1,1,1,99.52380952380952,99.52380952380952,,2386.0,2386.0
11122,2486,matched,A unique odds row was assigned.,2,1,1,99.28571428571429,99.28571428571429,,2389.0,2389.0
11123,2487,matched,A unique odds row was assigned.,3,2,1,99.28571428571429,99.28571428571429,,2390.0,2390.0
11124,2488,matched,A unique odds row was assigned.,1,1,1,99.28571428571429,99.28571428571429,,2393.0,2393.0
11125,2489,matched,A unique odds row was assigned.,2,1,1,98.80952380952381,98.80952380952381,,2399.0,2399.0
11126,2490,matched,A unique odds row was assigned.,1,1,1,98.80952380952381,98.80952380952381,,2402.0,2402.0
11127,2491,matched,A unique odds row was assigned.,1,1,1,98.80952380952381,98.80952380952381,,2397.0,2397.0
11128,2492,matched,A unique odds row was assigned.,1,1,1,98.80952380952381,98.80952380952381,,2404.0,2404.0
11129,2493,matched,A unique odds row was assigned.,1,1,1,99.28571428571429,99.28571428571429,,2394.0,2394.0
11130,2494,matched,A unique odds row was assigned.,1,1,1,98.80952380952381,98.80952380952381,,2396.0,2396.0
11131,2495,matched,A unique odds row was assigned.,1,1,1,99.28571428571429,99.28571428571429,,2388.0,2388.0
11132,2496,matched,A unique odds row was assigned.,2,2,2,99.28571428571429,99.28571428571429,58.38095238095239,2392.0,2392.0
11133,2497,matched,A unique odds row was assigned.,2,1,1,98.80952380952381,98.80952380952381,,2403.0,2403.0
11134,2498,matched,A unique odds row was assigned.,1,1,1,98.80952380952381,98.80952380952381,,2400.0,2400.0
11135,2499,matched,A unique odds row was assigned.,1,1,1,98.80952380952381,98.80952380952381,,2401.0,2401.0
11136,2500,matched,A unique odds row was assigned.,1,1,1,98.80952380952381,98.80952380952381,,2398.0,2398.0
11137,2501,matched,A unique odds row was assigned.,1,1,1,99.28571428571429,99.28571428571429,,2395.0,2395.0
11138,2502,matched,A unique odds row was assigned.,1,1,1,100.0,100.0,,2354.0,2354.0
11139,2503,matched,A unique odds row was assigned.,1,1,1,100.0,100.0,,2344.0,2344.0
11140,2504,matched,A unique odds row was assigned.,2,1,1,100.0,100.0,,2346.0,2346.0
11141,2505,matched,A unique odds row was assigned.,1,1,1,100.0,100.0,,2349.0,2349.0
11142,2506,matched,A unique odds row was assigned.,1,1,1,100.0,100.0,,2356.0,2356.0
11143,2507,matched,A unique odds row was assigned.,2,1,1,100.0,100.0,,2341.0,2341.0
11144,2508,matched,A unique odds row was assigned.,1,1,1,100.0,100.0,,2351.0,2351.0
11145,2509,matched,A unique odds row was assigned.,1,1,1,100.0,100.0,,2355.0,2355.0
11146,2510,matched,A unique odds row was assigned.,1,1,1,100.0,100.0,,2352.0,2352.0
11147,2511,matched,A unique odds row was assigned.,1,1,1,100.0,100.0,,2343.0,2343.0
11148,2512,matched,A unique odds row was assigned.,1,1,1,100.0,100.0,,2345.0,2345.0
11149,2513,matched,A unique odds row was assigned.,1,1,1,100.0,100.0,,2347.0,2347.0
11150,2514,matched,A unique odds row was assigned.,1,1,1,100.0,100.0,,2348.0,2348.0
11151,2515,matched,A unique odds row was assigned.,1,1,1,100.0,100.0,,2342.0,2342.0
11152,2516,matched,A unique odds row was assigned.,1,1,1,100.0,100.0,,2353.0,2353.0
11153,2517,matched,A unique odds row was assigned.,1,1,1,100.0,100.0,,2350.0,2350.0
11154,2518,matched,A unique odds row was assigned.,1,1,1,99.76190476190476,99.76190476190476,,2362.0,2362.0
11155,2519,matched,A unique odds row was assigned.,1,1,1,99.76190476190476,99.76190476190476,,2366.0,2366.0
11156,2520,matched,A unique odds row was assigned.,2,1,1,99.76190476190476,99.76190476190476,,2357.0,2357.0
11157,2521,no_pair_candidate,No valid odds row contains the same unordered player pair.,0,0,0,,,,,
11158,2522,matched,A unique odds row was assigned.,1,1,1,99.76190476190476,99.76190476190476,,2360.0,2360.0
11159,2523,matched,A unique odds row was assigned.,1,1,1,99.76190476190476,99.76190476190476,,2367.0,2367.0
11160,2524,no_pair_candidate,No valid odds row contains the same unordered player pair.,0,0,0,,,,,
11161,2525,no_pair_candidate,No valid odds row contains the same unordered player pair.,0,0,0,,,,,
11162,2526,matched,A unique odds row was assigned.,1,1,1,99.76190476190476,99.76190476190476,,2370.0,2370.0
11163,2527,matched,A unique odds row was assigned.,1,1,1,99.76190476190476,99.76190476190476,,2365.0,2365.0
11164,2528,matched,A unique odds row was assigned.,1,1,1,99.76190476190476,99.76190476190476,,2358.0,2358.0
11165,2529,no_pair_candidate,No valid odds row contains the same unordered player pair.,0,0,0,,,,,
11166,2530,matched,A unique odds row was assigned.,1,1,1,99.76190476190476,99.76190476190476,,2359.0,2359.0
11167,2531,matched,A unique odds row was assigned.,1,1,1,99.76190476190476,99.76190476190476,,2364.0,2364.0
11168,2532,matched,A unique odds row was assigned.,1,1,1,99.76190476190476,99.76190476190476,,2363.0,2363.0
11169,2533,matched,A unique odds row was assigned.,1,1,1,99.76190476190476,99.76190476190476,,2369.0,2369.0
11170,2534,matched,A unique odds row was assigned.,2,1,1,98.57142857142857,98.57142857142857,,2462.0,2462.0
11171,2535,matched,A unique odds row was assigned.,2,1,1,98.80952380952381,98.80952380952381,,2461.0,2461.0
11172,2536,matched,A unique odds row was assigned.,1,1,1,98.80952380952381,98.80952380952381,,2460.0,2460.0
11173,2537,matched,A unique odds row was assigned.,1,1,1,99.04761904761905,99.04761904761905,,2458.0,2458.0
11174,2538,matched,A unique odds row was assigned.,1,1,1,99.04761904761905,99.04761904761905,,2459.0,2459.0
11175,2539,matched,A unique odds row was assigned.,3,1,1,99.04761904761905,99.04761904761905,,2457.0,2457.0
11176,2540,matched,A unique odds row was assigned.,1,1,1,99.04761904761905,99.04761904761905,,2456.0,2456.0
11177,2541,matched,A unique odds row was assigned.,1,1,1,99.28571428571429,99.28571428571429,,2455.0,2455.0
11178,2542,matched,A unique odds row was assigned.,2,1,1,99.28571428571429,99.28571428571429,,2454.0,2454.0
11179,2543,matched,A unique odds row was assigned.,1,1,1,99.28571428571429,99.28571428571429,,2453.0,2453.0
11180,2544,matched,A unique odds row was assigned.,1,1,1,99.28571428571429,99.28571428571429,,2452.0,2452.0
11181,2545,matched,A unique odds row was assigned.,2,1,1,99.52380952380952,99.52380952380952,,2451.0,2451.0
11182,2546,matched,A unique odds row was assigned.,1,1,1,99.52380952380952,99.52380952380952,,2448.0,2448.0
11183,2547,matched,A unique odds row was assigned.,1,1,1,99.52380952380952,99.52380952380952,,2449.0,2449.0
11184,2548,matched,A unique odds row was assigned.,1,1,1,99.52380952380952,99.52380952380952,,2450.0,2450.0
11185,2549,matched,A unique odds row was assigned.,1,1,1,99.76190476190476,99.76190476190476,,2443.0,2443.0
11186,2550,matched,A unique odds row was assigned.,1,1,1,99.52380952380952,99.52380952380952,,2446.0,2446.0
11187,2551,matched,A unique odds row was assigned.,1,1,1,99.76190476190476,99.76190476190476,,2440.0,2440.0
11188,2552,matched,A unique odds row was assigned.,1,1,1,99.76190476190476,99.76190476190476,,2441.0,2441.0
11189,2553,matched,A unique odds row was assigned.,1,1,1,99.76190476190476,99.76190476190476,,2442.0,2442.0
11190,2554,matched,A unique odds row was assigned.,1,1,1,99.52380952380952,99.52380952380952,,2447.0,2447.0
11191,2555,no_pair_candidate,No valid odds row contains the same unordered player pair.,0,0,0,,,,,
11192,2556,matched,A unique odds row was assigned.,2,1,1,99.76190476190476,99.76190476190476,,2445.0,2445.0
11193,2557,matched,A unique odds row was assigned.,1,1,1,100.0,100.0,,2436.0,2436.0
11194,2558,matched,A unique odds row was assigned.,1,1,1,100.0,100.0,,2438.0,2438.0
11195,2559,no_pair_candidate,No valid odds row contains the same unordered player pair.,0,0,0,,,,,
11196,2560,matched,A unique odds row was assigned.,1,1,1,100.0,100.0,,2437.0,2437.0
11197,2561,matched,A unique odds row was assigned.,2,1,1,55.304761904761904,55.304761904761904,,2489.0,2489.0
11198,2562,matched,A unique odds row was assigned.,1,1,1,55.542857142857144,55.542857142857144,,2487.0,2487.0
11199,2563,matched,A unique odds row was assigned.,1,1,1,55.542857142857144,55.542857142857144,,2488.0,2488.0
11200,2564,matched,A unique odds row was assigned.,1,1,1,55.780952380952385,55.780952380952385,,2484.0,2484.0
11201,2565,matched,A unique odds row was assigned.,1,1,1,55.780952380952385,55.780952380952385,,2483.0,2483.0
11202,2566,matched,A unique odds row was assigned.,1,1,1,55.780952380952385,55.780952380952385,,2486.0,2486.0
11203,2567,matched,A unique odds row was assigned.,2,1,1,55.780952380952385,55.780952380952385,,2485.0,2485.0
11204,2568,matched,A unique odds row was assigned.,2,1,1,56.25714285714286,56.25714285714286,,2477.0,2477.0
11205,2569,matched,A unique odds row was assigned.,1,1,1,56.25714285714286,56.25714285714286,,2476.0,2476.0
11206,2570,matched,A unique odds row was assigned.,1,1,1,56.25714285714286,56.25714285714286,,2478.0,2478.0
11207,2571,matched,A unique odds row was assigned.,1,1,1,56.25714285714286,56.25714285714286,,2475.0,2475.0
11208,2572,matched,A unique odds row was assigned.,1,1,1,56.01904761904762,56.01904761904762,,2480.0,2480.0
11209,2573,matched,A unique odds row was assigned.,1,1,1,56.01904761904762,56.01904761904762,,2482.0,2482.0
11210,2574,matched,A unique odds row was assigned.,1,1,1,56.01904761904762,56.01904761904762,,2479.0,2479.0
11211,2575,matched,A unique odds row was assigned.,1,1,1,56.01904761904762,56.01904761904762,,2481.0,2481.0
11212,2576,matched,A unique odds row was assigned.,2,1,1,56.733333333333334,56.733333333333334,,2463.0,2463.0
11213,2577,matched,A unique odds row was assigned.,1,1,1,56.49523809523809,56.49523809523809,,2468.0,2468.0
11214,2578,matched,A unique odds row was assigned.,1,1,1,56.733333333333334,56.733333333333334,,2464.0,2464.0
11215,2579,matched,A unique odds row was assigned.,1,1,1,56.733333333333334,56.733333333333334,,2466.0,2466.0
11216,2580,matched,A unique odds row was assigned.,1,1,1,56.49523809523809,56.49523809523809,,2470.0,2470.0
11217,2581,matched,A unique odds row was assigned.,1,1,1,56.733333333333334,56.733333333333334,,2465.0,2465.0
11218,2582,matched,A unique odds row was assigned.,1,1,1,56.49523809523809,56.49523809523809,,2469.0,2469.0
11219,2583,matched,A unique odds row was assigned.,1,1,1,56.49523809523809,56.49523809523809,,2473.0,2473.0
11220,2584,matched,A unique odds row was assigned.,1,1,1,56.49523809523809,56.49523809523809,,2472.0,2472.0
11221,2585,matched,A unique odds row was assigned.,2,1,1,56.49523809523809,56.49523809523809,,2467.0,2467.0
11222,2586,matched,A unique odds row was assigned.,1,1,1,56.25714285714286,56.25714285714286,,2474.0,2474.0
11223,2587,no_pair_candidate,No valid odds row contains the same unordered player pair.,0,0,0,,,,,
11224,2588,matched,A unique odds row was assigned.,1,1,1,55.304761904761904,55.304761904761904,,2516.0,2516.0
11225,2589,matched,A unique odds row was assigned.,1,1,1,55.542857142857144,55.542857142857144,,2514.0,2514.0
11226,2590,matched,A unique odds row was assigned.,2,1,1,55.542857142857144,55.542857142857144,,2515.0,2515.0
11227,2591,matched,A unique odds row was assigned.,1,1,1,55.780952380952385,55.780952380952385,,2511.0,2511.0
11228,2592,matched,A unique odds row was assigned.,2,1,1,55.780952380952385,55.780952380952385,,2510.0,2510.0
11229,2593,matched,A unique odds row was assigned.,1,1,1,55.780952380952385,55.780952380952385,,2513.0,2513.0
11230,2594,matched,A unique odds row was assigned.,1,1,1,55.780952380952385,55.780952380952385,,2512.0,2512.0
11231,2595,matched,A unique odds row was assigned.,2,1,1,56.01904761904762,56.01904761904762,,2508.0,2508.0
11232,2596,matched,A unique odds row was assigned.,1,1,1,56.01904761904762,56.01904761904762,,2507.0,2507.0
11233,2597,matched,A unique odds row was assigned.,1,1,1,56.25714285714286,56.25714285714286,,2505.0,2505.0
11234,2598,matched,A unique odds row was assigned.,1,1,1,56.01904761904762,56.01904761904762,,2506.0,2506.0
11235,2599,matched,A unique odds row was assigned.,1,1,1,56.25714285714286,56.25714285714286,,2503.0,2503.0
11236,2600,matched,A unique odds row was assigned.,1,1,1,56.01904761904762,56.01904761904762,,2509.0,2509.0
11237,2601,matched,A unique odds row was assigned.,1,1,1,56.25714285714286,56.25714285714286,,2502.0,2502.0
11238,2602,matched,A unique odds row was assigned.,1,1,1,56.25714285714286,56.25714285714286,,2504.0,2504.0
11239,2603,matched,A unique odds row was assigned.,1,1,1,56.49523809523809,56.49523809523809,,2498.0,2498.0
11240,2604,matched,A unique odds row was assigned.,1,1,1,56.25714285714286,56.25714285714286,,2499.0,2499.0
11241,2605,matched,A unique odds row was assigned.,1,1,1,56.25714285714286,56.25714285714286,,2500.0,2500.0
11242,2606,matched,A unique odds row was assigned.,1,1,1,56.49523809523809,56.49523809523809,,2496.0,2496.0
11243,2607,matched,A unique odds row was assigned.,1,1,1,56.49523809523809,56.49523809523809,,2495.0,2495.0
11244,2608,matched,A unique odds row was assigned.,1,1,1,56.49523809523809,56.49523809523809,,2497.0,2497.0
11245,2609,matched,A unique odds row was assigned.,1,1,1,56.733333333333334,56.733333333333334,,2493.0,2493.0
11246,2610,matched,A unique odds row was assigned.,1,1,1,56.733333333333334,56.733333333333334,,2490.0,2490.0
11247,2611,matched,A unique odds row was assigned.,1,1,1,56.25714285714286,56.25714285714286,,2501.0,2501.0
11248,2612,matched,A unique odds row was assigned.,1,1,1,56.733333333333334,56.733333333333334,,2492.0,2492.0
11249,2613,matched,A unique odds row was assigned.,1,1,1,56.49523809523809,56.49523809523809,,2494.0,2494.0
11250,2614,matched,A unique odds row was assigned.,1,1,1,56.733333333333334,56.733333333333334,,2491.0,2491.0
11251,2615,no_pair_candidate,No valid odds row contains the same unordered player pair.,0,0,0,,,,,
11252,2616,matched,A unique odds row was assigned.,2,1,1,48.698412698412696,48.698412698412696,,2545.0,2545.0
11253,2617,no_pair_candidate,No valid odds row contains the same unordered player pair.,0,0,0,,,,,
11254,2618,matched,A unique odds row was assigned.,1,1,1,48.93650793650794,48.93650793650794,,2542.0,2542.0
11255,2619,matched,A unique odds row was assigned.,1,1,1,48.93650793650794,48.93650793650794,,2541.0,2541.0
11256,2620,matched,A unique odds row was assigned.,1,1,1,48.93650793650794,48.93650793650794,,2543.0,2543.0
11257,2621,no_pair_candidate,No valid odds row contains the same unordered player pair.,0,0,0,,,,,
11258,2622,matched,A unique odds row was assigned.,1,1,1,49.41269841269841,49.41269841269841,,2534.0,2534.0
11259,2623,matched,A unique odds row was assigned.,1,1,1,49.17460317460317,49.17460317460317,,2537.0,2537.0
11260,2624,matched,A unique odds row was assigned.,1,1,1,49.17460317460317,49.17460317460317,,2535.0,2535.0
11261,2625,matched,A unique odds row was assigned.,2,1,1,49.17460317460317,49.17460317460317,,2536.0,2536.0
11262,2626,matched,A unique odds row was assigned.,2,1,1,49.41269841269841,49.41269841269841,,2533.0,2533.0
11263,2627,matched,A unique odds row was assigned.,1,1,1,49.17460317460317,49.17460317460317,,2539.0,2539.0
11264,2628,no_pair_candidate,No valid odds row contains the same unordered player pair.,0,0,0,,,,,
11265,2629,matched,A unique odds row was assigned.,2,1,1,49.17460317460317,49.17460317460317,,2538.0,2538.0
11266,2630,matched,A unique odds row was assigned.,1,1,1,49.888888888888886,49.888888888888886,,2521.0,2521.0
11267,2631,matched,A unique odds row was assigned.,1,1,1,49.650793650793645,49.650793650793645,,2526.0,2526.0
11268,2632,matched,A unique odds row was assigned.,2,1,1,49.41269841269841,49.41269841269841,,2532.0,2532.0
11269,2633,matched,A unique odds row was assigned.,3,1,1,49.650793650793645,49.650793650793645,,2525.0,2525.0
11270,2634,matched,A unique odds row was assigned.,2,2,2,59.11904761904762,49.650793650793645,-9.468253968253975,2528.0,2528.0
11271,2635,matched,A unique odds row was assigned.,1,1,1,49.650793650793645,49.650793650793645,,2524.0,2524.0
11272,2636,matched,A unique odds row was assigned.,2,1,1,49.41269841269841,49.41269841269841,,2530.0,2530.0
11273,2637,matched,A unique odds row was assigned.,4,1,1,49.888888888888886,49.888888888888886,,2519.0,2519.0
11274,2638,matched,A unique odds row was assigned.,1,1,1,49.888888888888886,49.888888888888886,,2517.0,2517.0
11275,2639,matched,A unique odds row was assigned.,1,1,1,49.888888888888886,49.888888888888886,,2518.0,2518.0
11276,2640,matched,A unique odds row was assigned.,1,1,1,49.650793650793645,49.650793650793645,,2523.0,2523.0
11277,2641,matched,A unique odds row was assigned.,1,1,1,49.650793650793645,49.650793650793645,,2527.0,2527.0
11278,2642,matched,A unique odds row was assigned.,1,1,1,49.41269841269841,49.41269841269841,,2529.0,2529.0
11279,2643,no_pair_candidate,No valid odds row contains the same unordered player pair.,0,0,0,,,,,
11280,2644,matched,A unique odds row was assigned.,1,1,1,49.650793650793645,49.650793650793645,,2522.0,2522.0
11281,2645,matched,A unique odds row was assigned.,1,1,1,49.41269841269841,49.41269841269841,,2531.0,2531.0
11282,2646,matched,A unique odds row was assigned.,1,1,1,98.57142857142857,98.57142857142857,,2578.0,2578.0
11283,2647,matched,A unique odds row was assigned.,1,1,1,98.80952380952381,98.80952380952381,,2576.0,2576.0
11284,2648,matched,A unique odds row was assigned.,1,1,1,98.80952380952381,98.80952380952381,,2577.0,2577.0
11285,2649,matched,A unique odds row was assigned.,1,1,1,99.04761904761905,99.04761904761905,,2573.0,2573.0
11286,2650,matched,A unique odds row was assigned.,3,1,1,99.04761904761905,99.04761904761905,,2572.0,2572.0
11287,2651,matched,A unique odds row was assigned.,1,1,1,99.04761904761905,99.04761904761905,,2574.0,2574.0
11288,2652,matched,A unique odds row was assigned.,1,1,1,99.04761904761905,99.04761904761905,,2575.0,2575.0
11289,2653,matched,A unique odds row was assigned.,2,1,1,99.52380952380952,99.52380952380952,,2564.0,2564.0
11290,2654,matched,A unique odds row was assigned.,2,1,1,99.28571428571429,99.28571428571429,,2568.0,2568.0
11291,2655,matched,A unique odds row was assigned.,1,1,1,99.28571428571429,99.28571428571429,,2569.0,2569.0
11292,2656,matched,A unique odds row was assigned.,1,1,1,99.28571428571429,99.28571428571429,,2567.0,2567.0
11293,2657,matched,A unique odds row was assigned.,1,1,1,99.52380952380952,99.52380952380952,,2565.0,2565.0
11294,2658,matched,A unique odds row was assigned.,1,1,1,99.28571428571429,99.28571428571429,,2571.0,2571.0
11295,2659,matched,A unique odds row was assigned.,1,1,1,99.28571428571429,99.28571428571429,,2566.0,2566.0
11296,2660,matched,A unique odds row was assigned.,2,1,1,99.28571428571429,99.28571428571429,,2570.0,2570.0
11297,2661,matched,A unique odds row was assigned.,1,1,1,100.0,100.0,,2550.0,2550.0
11298,2662,matched,A unique odds row was assigned.,2,1,1,99.76190476190476,99.76190476190476,,2554.0,2554.0
11299,2663,matched,A unique odds row was assigned.,1,1,1,99.76190476190476,99.76190476190476,,2556.0,2556.0
11300,2664,matched,A unique odds row was assigned.,1,1,1,99.76190476190476,99.76190476190476,,2558.0,2558.0
11301,2665,no_pair_candidate,No valid odds row contains the same unordered player pair.,0,0,0,,,,,
11302,2666,matched,A unique odds row was assigned.,1,1,1,99.52380952380952,99.52380952380952,,2561.0,2561.0
11303,2667,matched,A unique odds row was assigned.,1,1,1,99.76190476190476,99.76190476190476,,2557.0,2557.0
11304,2668,matched,A unique odds row was assigned.,1,1,1,99.76190476190476,99.76190476190476,,2559.0,2559.0
11305,2669,matched,A unique odds row was assigned.,1,1,1,99.76190476190476,99.76190476190476,,2555.0,2555.0
11306,2670,matched,A unique odds row was assigned.,2,1,1,100.0,100.0,,2549.0,2549.0
11307,2671,matched,A unique odds row was assigned.,2,1,1,99.52380952380952,99.52380952380952,,2562.0,2562.0
11308,2672,matched,A unique odds row was assigned.,2,1,1,99.52380952380952,99.52380952380952,,2563.0,2563.0
11309,2673,matched,A unique odds row was assigned.,2,1,1,100.0,100.0,,2551.0,2551.0
11310,2674,matched,A unique odds row was assigned.,1,1,1,99.76190476190476,99.76190476190476,,2552.0,2552.0
11311,2675,matched,A unique odds row was assigned.,2,1,1,100.0,100.0,,2548.0,2548.0
11312,2676,matched,A unique odds row was assigned.,3,1,1,99.76190476190476,99.76190476190476,,2553.0,2553.0
11313,2677,matched,A unique odds row was assigned.,1,1,1,71.07142857142857,71.07142857142857,,2633.0,2633.0
11314,2678,matched,A unique odds row was assigned.,3,1,1,71.30952380952381,71.30952380952381,,2631.0,2631.0
11315,2679,matched,A unique odds row was assigned.,1,1,1,71.30952380952381,71.30952380952381,,2632.0,2632.0
11316,2680,matched,A unique odds row was assigned.,1,1,1,71.54761904761905,71.54761904761905,,2628.0,2628.0
11317,2681,matched,A unique odds row was assigned.,2,1,1,71.54761904761905,71.54761904761905,,2627.0,2627.0
11318,2682,matched,A unique odds row was assigned.,2,1,1,71.54761904761905,71.54761904761905,,2630.0,2630.0
11319,2683,matched,A unique odds row was assigned.,3,1,1,71.54761904761905,71.54761904761905,,2629.0,2629.0
11320,2684,matched,A unique odds row was assigned.,2,1,1,59.785714285714285,59.785714285714285,,2625.0,2625.0
11321,2685,matched,A unique odds row was assigned.,3,1,1,59.785714285714285,59.785714285714285,,2623.0,2623.0
11322,2686,matched,A unique odds row was assigned.,3,1,1,59.785714285714285,59.785714285714285,,2622.0,2622.0
11323,2687,matched,A unique odds row was assigned.,2,1,1,59.785714285714285,59.785714285714285,,2620.0,2620.0
11324,2688,matched,A unique odds row was assigned.,2,1,1,59.785714285714285,59.785714285714285,,2626.0,2626.0
11325,2689,matched,A unique odds row was assigned.,2,1,1,59.785714285714285,59.785714285714285,,2621.0,2621.0
11326,2690,matched,A unique odds row was assigned.,1,1,1,59.785714285714285,59.785714285714285,,2619.0,2619.0
11327,2691,matched,A unique odds row was assigned.,2,1,1,59.785714285714285,59.785714285714285,,2624.0,2624.0
11328,2692,matched,A unique odds row was assigned.,1,1,1,60.023809523809526,60.023809523809526,,2618.0,2618.0
11329,2693,matched,A unique odds row was assigned.,1,1,1,60.023809523809526,60.023809523809526,,2613.0,2613.0
11330,2694,matched,A unique odds row was assigned.,1,1,1,60.023809523809526,60.023809523809526,,2615.0,2615.0
11331,2695,matched,A unique odds row was assigned.,2,1,1,60.023809523809526,60.023809523809526,,2617.0,2617.0
11332,2696,matched,A unique odds row was assigned.,4,1,1,60.023809523809526,60.023809523809526,,2616.0,2616.0
11333,2697,matched,A unique odds row was assigned.,1,1,1,60.023809523809526,60.023809523809526,,2611.0,2611.0
11334,2698,matched,A unique odds row was assigned.,1,1,1,60.26190476190476,60.26190476190476,,2605.0,2605.0
11335,2699,matched,A unique odds row was assigned.,2,1,1,60.26190476190476,60.26190476190476,,2603.0,2603.0
11336,2700,matched,A unique odds row was assigned.,1,1,1,60.023809523809526,60.023809523809526,,2607.0,2607.0
11337,2701,matched,A unique odds row was assigned.,2,1,1,60.023809523809526,60.023809523809526,,2608.0,2608.0
11338,2702,no_pair_candidate,No valid odds row contains the same unordered player pair.,0,0,0,,,,,
11339,2703,matched,A unique odds row was assigned.,1,1,1,60.023809523809526,60.023809523809526,,2609.0,2609.0
11340,2704,matched,A unique odds row was assigned.,4,1,1,60.26190476190476,60.26190476190476,,2606.0,2606.0
11341,2705,matched,A unique odds row was assigned.,1,1,1,60.023809523809526,60.023809523809526,,2610.0,2610.0
11342,2706,matched,A unique odds row was assigned.,1,1,1,60.023809523809526,60.023809523809526,,2612.0,2612.0
11343,2707,matched,A unique odds row was assigned.,2,1,1,60.26190476190476,60.26190476190476,,2604.0,2604.0
11344,2708,matched,A unique odds row was assigned.,1,1,1,60.26190476190476,60.26190476190476,,2601.0,2601.0
11345,2709,matched,A unique odds row was assigned.,1,1,1,60.5,60.5,,2587.0,2587.0
11346,2710,matched,A unique odds row was assigned.,1,1,1,60.26190476190476,60.26190476190476,,2598.0,2598.0
11347,2711,matched,A unique odds row was assigned.,1,1,1,60.26190476190476,60.26190476190476,,2600.0,2600.0
11348,2712,matched,A unique odds row was assigned.,2,1,1,60.5,60.5,,2586.0,2586.0
11349,2713,matched,A unique odds row was assigned.,2,1,1,60.26190476190476,60.26190476190476,,2602.0,2602.0
11350,2714,matched,A unique odds row was assigned.,2,1,1,60.5,60.5,,2580.0,2580.0
11351,2715,matched,A unique odds row was assigned.,1,1,1,60.26190476190476,60.26190476190476,,2594.0,2594.0
11352,2716,matched,A unique odds row was assigned.,1,1,1,60.26190476190476,60.26190476190476,,2592.0,2592.0
11353,2717,matched,A unique odds row was assigned.,2,1,1,60.5,60.5,,2588.0,2588.0
11354,2718,matched,A unique odds row was assigned.,1,1,1,60.5,60.5,,2590.0,2590.0
11355,2719,matched,A unique odds row was assigned.,1,1,1,60.5,60.5,,2582.0,2582.0
11356,2720,no_pair_candidate,No valid odds row contains the same unordered player pair.,0,0,0,,,,,
11357,2721,matched,A unique odds row was assigned.,1,1,1,60.5,60.5,,2579.0,2579.0
11358,2722,matched,A unique odds row was assigned.,1,1,1,60.26190476190476,60.26190476190476,,2593.0,2593.0
11359,2723,no_pair_candidate,No valid odds row contains the same unordered player pair.,0,0,0,,,,,
11360,2724,no_pair_candidate,No valid odds row contains the same unordered player pair.,0,0,0,,,,,
11361,2725,matched,A unique odds row was assigned.,1,1,1,60.26190476190476,60.26190476190476,,2595.0,2595.0
11362,2726,matched,A unique odds row was assigned.,1,1,1,60.5,60.5,,2581.0,2581.0
11363,2727,matched,A unique odds row was assigned.,1,1,1,60.26190476190476,60.26190476190476,,2599.0,2599.0
11364,2728,matched,A unique odds row was assigned.,1,1,1,60.5,60.5,,2591.0,2591.0
11365,2729,matched,A unique odds row was assigned.,3,1,1,60.5,60.5,,2585.0,2585.0
11366,2730,matched,A unique odds row was assigned.,1,1,1,60.5,60.5,,2584.0,2584.0
11367,2731,matched,A unique odds row was assigned.,1,1,1,60.5,60.5,,2589.0,2589.0
11368,2732,matched,A unique odds row was assigned.,1,1,1,98.80952380952381,98.80952380952381,,2660.0,2660.0
11369,2733,matched,A unique odds row was assigned.,1,1,1,99.04761904761905,99.04761904761905,,2659.0,2659.0
11370,2734,matched,A unique odds row was assigned.,1,1,1,99.04761904761905,99.04761904761905,,2658.0,2658.0
11371,2735,matched,A unique odds row was assigned.,1,1,1,99.28571428571429,99.28571428571429,,2656.0,2656.0
11372,2736,matched,A unique odds row was assigned.,1,1,1,99.28571428571429,99.28571428571429,,2657.0,2657.0
11373,2737,matched,A unique odds row was assigned.,1,1,1,99.28571428571429,99.28571428571429,,2654.0,2654.0
11374,2738,no_pair_candidate,No valid odds row contains the same unordered player pair.,0,0,0,,,,,
11375,2739,matched,A unique odds row was assigned.,1,1,1,99.52380952380952,99.52380952380952,,2653.0,2653.0
11376,2740,matched,A unique odds row was assigned.,1,1,1,99.52380952380952,99.52380952380952,,2652.0,2652.0
11377,2741,matched,A unique odds row was assigned.,2,1,1,99.52380952380952,99.52380952380952,,2649.0,2649.0
11378,2742,matched,A unique odds row was assigned.,2,1,1,99.76190476190476,99.76190476190476,,2646.0,2646.0
11379,2743,matched,A unique odds row was assigned.,1,1,1,99.76190476190476,99.76190476190476,,2647.0,2647.0
11380,2744,matched,A unique odds row was assigned.,1,1,1,99.76190476190476,99.76190476190476,,2648.0,2648.0
11381,2745,no_pair_candidate,No valid odds row contains the same unordered player pair.,0,0,0,,,,,
11382,2746,matched,A unique odds row was assigned.,1,1,1,99.52380952380952,99.52380952380952,,2651.0,2651.0
11383,2747,matched,A unique odds row was assigned.,1,1,1,99.76190476190476,99.76190476190476,,2645.0,2645.0
11384,2748,matched,A unique odds row was assigned.,1,1,1,98.33333333333333,98.33333333333333,,2634.0,2634.0
11385,2749,matched,A unique odds row was assigned.,1,1,1,100.0,100.0,,2641.0,2641.0
11386,2750,matched,A unique odds row was assigned.,2,1,1,99.76190476190476,99.76190476190476,,2644.0,2644.0
11387,2751,matched,A unique odds row was assigned.,1,1,1,100.0,100.0,,2639.0,2639.0
11388,2752,matched,A unique odds row was assigned.,1,1,1,98.33333333333333,98.33333333333333,,2635.0,2635.0
11389,2753,matched,A unique odds row was assigned.,1,1,1,100.0,100.0,,2638.0,2638.0
11390,2754,matched,A unique odds row was assigned.,1,1,1,100.0,100.0,,2640.0,2640.0
11391,2755,matched,A unique odds row was assigned.,1,1,1,100.0,100.0,,2637.0,2637.0
11392,2756,matched,A unique odds row was assigned.,1,1,1,100.0,100.0,,2636.0,2636.0
11393,2757,no_pair_candidate,No valid odds row contains the same unordered player pair.,0,0,0,,,,,
11394,2758,matched,A unique odds row was assigned.,1,1,1,100.0,100.0,,2642.0,2642.0
11395,2759,matched,A unique odds row was assigned.,1,1,1,56.38095238095238,56.38095238095238,,2687.0,2687.0
11396,2760,matched,A unique odds row was assigned.,1,1,1,56.61904761904762,56.61904761904762,,2685.0,2685.0
11397,2761,matched,A unique odds row was assigned.,1,1,1,56.61904761904762,56.61904761904762,,2686.0,2686.0
11398,2762,matched,A unique odds row was assigned.,1,1,1,56.857142857142854,56.857142857142854,,2681.0,2681.0
11399,2763,matched,A unique odds row was assigned.,1,1,1,56.857142857142854,56.857142857142854,,2682.0,2682.0
11400,2764,no_pair_candidate,No valid odds row contains the same unordered player pair.,0,0,0,,,,,
11401,2765,matched,A unique odds row was assigned.,1,1,1,56.857142857142854,56.857142857142854,,2683.0,2683.0
11402,2766,matched,A unique odds row was assigned.,1,1,1,57.33333333333333,57.33333333333333,,2673.0,2673.0
11403,2767,matched,A unique odds row was assigned.,1,1,1,57.33333333333333,57.33333333333333,,2675.0,2675.0
11404,2768,matched,A unique odds row was assigned.,2,1,1,57.095238095238095,57.095238095238095,,2678.0,2678.0
11405,2769,matched,A unique odds row was assigned.,1,1,1,57.095238095238095,57.095238095238095,,2677.0,2677.0
11406,2770,matched,A unique odds row was assigned.,1,1,1,57.33333333333333,57.33333333333333,,2674.0,2674.0
11407,2771,no_pair_candidate,No valid odds row contains the same unordered player pair.,0,0,0,,,,,
11408,2772,matched,A unique odds row was assigned.,1,1,1,57.095238095238095,57.095238095238095,,2676.0,2676.0
11409,2773,matched,A unique odds row was assigned.,1,1,1,57.095238095238095,57.095238095238095,,2679.0,2679.0
11410,2774,matched,A unique odds row was assigned.,1,1,1,57.57142857142857,57.57142857142857,,2663.0,2663.0
11411,2775,matched,A unique odds row was assigned.,2,1,1,55.904761904761905,55.904761904761905,,2661.0,2661.0
11412,2776,matched,A unique odds row was assigned.,1,1,1,57.57142857142857,57.57142857142857,,2664.0,2664.0
11413,2777,matched,A unique odds row was assigned.,1,1,1,57.57142857142857,57.57142857142857,,2668.0,2668.0
11414,2778,matched,A unique odds row was assigned.,1,1,1,57.33333333333333,57.33333333333333,,2669.0,2669.0
11415,2779,matched,A unique odds row was assigned.,1,1,1,57.33333333333333,57.33333333333333,,2670.0,2670.0
11416,2780,matched,A unique odds row was assigned.,1,1,1,55.904761904761905,55.904761904761905,,2662.0,2662.0
11417,2781,matched,A unique odds row was assigned.,1,1,1,57.57142857142857,57.57142857142857,,2667.0,2667.0
11418,2782,no_pair_candidate,No valid odds row contains the same unordered player pair.,0,0,0,,,,,
11419,2783,matched,A unique odds row was assigned.,1,1,1,57.57142857142857,57.57142857142857,,2665.0,2665.0
11420,2784,matched,A unique odds row was assigned.,1,1,1,57.57142857142857,57.57142857142857,,2666.0,2666.0
11421,2785,matched,A unique odds row was assigned.,1,1,1,57.33333333333333,57.33333333333333,,2672.0,2672.0
11422,2786,matched,A unique odds row was assigned.,3,2,1,49.857142857142854,49.857142857142854,,2702.0,2702.0
11423,2787,matched,A unique odds row was assigned.,1,1,1,50.095238095238095,50.095238095238095,,2701.0,2701.0
11424,2788,matched,A unique odds row was assigned.,4,1,1,50.095238095238095,50.095238095238095,,2700.0,2700.0
11425,2789,matched,A unique odds row was assigned.,6,1,1,50.57142857142857,50.57142857142857,,2697.0,2697.0
11426,2790,matched,A unique odds row was assigned.,3,2,1,51.047619047619044,51.047619047619044,,2693.0,2693.0
11427,2791,matched,A unique odds row was assigned.,2,1,1,49.61904761904762,49.61904761904762,,2689.0,2689.0
11428,2792,matched,A unique odds row was assigned.,1,1,1,49.61904761904762,49.61904761904762,,2688.0,2688.0
11429,2793,matched,A unique odds row was assigned.,2,1,1,51.047619047619044,51.047619047619044,,2692.0,2692.0
11430,2794,matched,A unique odds row was assigned.,1,1,1,50.57142857142857,50.57142857142857,,2696.0,2696.0
11431,2795,matched,A unique odds row was assigned.,4,1,1,50.33333333333333,50.33333333333333,,2698.0,2698.0
11432,2796,matched,A unique odds row was assigned.,2,1,1,50.80952380952381,50.80952380952381,,2695.0,2695.0
11433,2797,matched,A unique odds row was assigned.,1,1,1,51.285714285714285,51.285714285714285,,2691.0,2691.0
11434,2798,matched,A unique odds row was assigned.,1,1,1,51.285714285714285,51.285714285714285,,2690.0,2690.0
11435,2799,matched,A unique odds row was assigned.,2,1,1,50.80952380952381,50.80952380952381,,2694.0,2694.0
11436,2800,matched,A unique odds row was assigned.,1,1,1,50.33333333333333,50.33333333333333,,2699.0,2699.0
11437,2801,no_pair_candidate,No valid odds row contains the same unordered player pair.,0,0,0,,,,,
11438,2802,no_pair_candidate,No valid odds row contains the same unordered player pair.,0,0,0,,,,,
11439,2803,no_pair_candidate,No valid odds row contains the same unordered player pair.,0,0,0,,,,,
11440,2804,no_pair_candidate,No valid odds row contains the same unordered player pair.,0,0,0,,,,,
11441,2805,outside_date_window,"Pair candidates exist, but none fall in the allowed event window.",1,0,0,,,,,
11442,2806,outside_date_window,"Pair candidates exist, but none fall in the allowed event window.",1,0,0,,,,,
11443,2807,no_pair_candidate,No valid odds row contains the same unordered player pair.,0,0,0,,,,,
11444,2808,no_pair_candidate,No valid odds row contains the same unordered player pair.,0,0,0,,,,,
11445,2809,no_pair_candidate,No valid odds row contains the same unordered player pair.,0,0,0,,,,,
11446,2810,no_pair_candidate,No valid odds row contains the same unordered player pair.,0,0,0,,,,,
11447,2811,no_pair_candidate,No valid odds row contains the same unordered player pair.,0,0,0,,,,,
11448,2812,no_pair_candidate,No valid odds row contains the same unordered player pair.,0,0,0,,,,,
11449,2813,no_pair_candidate,No valid odds row contains the same unordered player pair.,0,0,0,,,,,
11450,2814,no_pair_candidate,No valid odds row contains the same unordered player pair.,0,0,0,,,,,
11451,2815,no_pair_candidate,No valid odds row contains the same unordered player pair.,0,0,0,,,,,
11452,2816,no_pair_candidate,No valid odds row contains the same unordered player pair.,0,0,0,,,,,
11453,2817,no_pair_candidate,No valid odds row contains the same unordered player pair.,0,0,0,,,,,
11454,2818,no_pair_candidate,No valid odds row contains the same unordered player pair.,0,0,0,,,,,
11455,2819,outside_date_window,"Pair candidates exist, but none fall in the allowed event window.",1,0,0,,,,,
11456,2820,no_pair_candidate,No valid odds row contains the same unordered player pair.,0,0,0,,,,,
11457,2821,no_pair_candidate,No valid odds row contains the same unordered player pair.,0,0,0,,,,,
11458,2822,below_min_score,"Date-valid candidates exist, but contextual agreement is too weak.",1,1,0,20.161904761904765,,,,
11459,2823,no_pair_candidate,No valid odds row contains the same unordered player pair.,0,0,0,,,,,
11460,2824,no_pair_candidate,No valid odds row contains the same unordered player pair.,0,0,0,,,,,
11461,2825,no_pair_candidate,No valid odds row contains the same unordered player pair.,0,0,0,,,,,
11462,2826,no_pair_candidate,No valid odds row contains the same unordered player pair.,0,0,0,,,,,
11463,2827,no_pair_candidate,No valid odds row contains the same unordered player pair.,0,0,0,,,,,
11464,2828,no_pair_candidate,No valid odds row contains the same unordered player pair.,0,0,0,,,,,
11465,2829,below_min_score,"Date-valid candidates exist, but contextual agreement is too weak.",2,1,0,19.209523809523812,,,,
11466,2830,no_pair_candidate,No valid odds row contains the same unordered player pair.,0,0,0,,,,,
11467,2831,outside_date_window,"Pair candidates exist, but none fall in the allowed event window.",1,0,0,,,,,
11468,2832,no_pair_candidate,No valid odds row contains the same unordered player pair.,0,0,0,,,,,
11469,2833,no_pair_candidate,No valid odds row contains the same unordered player pair.,0,0,0,,,,,
11470,2834,below_min_score,"Date-valid candidates exist, but contextual agreement is too weak.",2,1,0,21.00952380952381,,,,
11471,2835,outside_date_window,"Pair candidates exist, but none fall in the allowed event window.",1,0,0,,,,,
11472,2836,no_pair_candidate,No valid odds row contains the same unordered player pair.,0,0,0,,,,,
11473,2837,no_pair_candidate,No valid odds row contains the same unordered player pair.,0,0,0,,,,,
11474,2838,no_pair_candidate,No valid odds row contains the same unordered player pair.,0,0,0,,,,,
11475,2839,outside_date_window,"Pair candidates exist, but none fall in the allowed event window.",2,0,0,,,,,
11476,2840,no_pair_candidate,No valid odds row contains the same unordered player pair.,0,0,0,,,,,
11477,2841,outside_date_window,"Pair candidates exist, but none fall in the allowed event window.",2,0,0,,,,,
11478,2842,no_pair_candidate,No valid odds row contains the same unordered player pair.,0,0,0,,,,,
11479,2843,no_pair_candidate,No valid odds row contains the same unordered player pair.,0,0,0,,,,,
11480,2844,no_pair_candidate,No valid odds row contains the same unordered player pair.,0,0,0,,,,,
11481,2845,no_pair_candidate,No valid odds row contains the same unordered player pair.,0,0,0,,,,,
11482,2846,no_pair_candidate,No valid odds row contains the same unordered player pair.,0,0,0,,,,,
11483,2847,no_pair_candidate,No valid odds row contains the same unordered player pair.,0,0,0,,,,,
11484,2848,no_pair_candidate,No valid odds row contains the same unordered player pair.,0,0,0,,,,,
11485,2849,outside_date_window,"Pair candidates exist, but none fall in the allowed event window.",1,0,0,,,,,
11486,2850,no_pair_candidate,No valid odds row contains the same unordered player pair.,0,0,0,,,,,
11487,2851,no_pair_candidate,No valid odds row contains the same unordered player pair.,0,0,0,,,,,
11488,2852,no_pair_candidate,No valid odds row contains the same unordered player pair.,0,0,0,,,,,
11489,2853,outside_date_window,"Pair candidates exist, but none fall in the allowed event window.",1,0,0,,,,,
11490,2854,no_pair_candidate,No valid odds row contains the same unordered player pair.,0,0,0,,,,,
11491,2855,no_pair_candidate,No valid odds row contains the same unordered player pair.,0,0,0,,,,,
11492,2856,no_pair_candidate,No valid odds row contains the same unordered player pair.,0,0,0,,,,,
11493,2857,outside_date_window,"Pair candidates exist, but none fall in the allowed event window.",1,0,0,,,,,
11494,2858,no_pair_candidate,No valid odds row contains the same unordered player pair.,0,0,0,,,,,
11495,2859,no_pair_candidate,No valid odds row contains the same unordered player pair.,0,0,0,,,,,
11496,2860,no_pair_candidate,No valid odds row contains the same unordered player pair.,0,0,0,,,,,
11497,2861,no_pair_candidate,No valid odds row contains the same unordered player pair.,0,0,0,,,,,
11498,2862,no_pair_candidate,No valid odds row contains the same unordered player pair.,0,0,0,,,,,
11499,2863,no_pair_candidate,No valid odds row contains the same unordered player pair.,0,0,0,,,,,
11500,2864,no_pair_candidate,No valid odds row contains the same unordered player pair.,0,0,0,,,,,
11501,2865,no_pair_candidate,No valid odds row contains the same unordered player pair.,0,0,0,,,,,
11502,2866,no_pair_candidate,No valid odds row contains the same unordered player pair.,0,0,0,,,,,
11503,2867,no_pair_candidate,No valid odds row contains the same unordered player pair.,0,0,0,,,,,
11504,2868,outside_date_window,"Pair candidates exist, but none fall in the allowed event window.",1,0,0,,,,,
11505,2869,outside_date_window,"Pair candidates exist, but none fall in the allowed event window.",1,0,0,,,,,
11506,2870,no_pair_candidate,No valid odds row contains the same unordered player pair.,0,0,0,,,,,
11507,2871,outside_date_window,"Pair candidates exist, but none fall in the allowed event window.",2,0,0,,,,,
11508,2872,outside_date_window,"Pair candidates exist, but none fall in the allowed event window.",1,0,0,,,,,
11509,2873,outside_date_window,"Pair candidates exist, but none fall in the allowed event window.",3,0,0,,,,,
11510,2874,no_pair_candidate,No valid odds row contains the same unordered player pair.,0,0,0,,,,,
11511,2875,outside_date_window,"Pair candidates exist, but none fall in the allowed event window.",1,0,0,,,,,
11512,2876,no_pair_candidate,No valid odds row contains the same unordered player pair.,0,0,0,,,,,
11513,2877,outside_date_window,"Pair candidates exist, but none fall in the allowed event window.",1,0,0,,,,,
11514,2878,no_pair_candidate,No valid odds row contains the same unordered player pair.,0,0,0,,,,,
11515,2879,no_pair_candidate,No valid odds row contains the same unordered player pair.,0,0,0,,,,,
11516,2880,no_pair_candidate,No valid odds row contains the same unordered player pair.,0,0,0,,,,,
11517,2881,no_pair_candidate,No valid odds row contains the same unordered player pair.,0,0,0,,,,,
11518,2882,no_pair_candidate,No valid odds row contains the same unordered player pair.,0,0,0,,,,,
11519,2883,no_pair_candidate,No valid odds row contains the same unordered player pair.,0,0,0,,,,,
11520,2884,no_pair_candidate,No valid odds row contains the same unordered player pair.,0,0,0,,,,,
11521,2885,no_pair_candidate,No valid odds row contains the same unordered player pair.,0,0,0,,,,,
11522,2886,no_pair_candidate,No valid odds row contains the same unordered player pair.,0,0,0,,,,,
11523,2887,no_pair_candidate,No valid odds row contains the same unordered player pair.,0,0,0,,,,,
11524,2888,no_pair_candidate,No valid odds row contains the same unordered player pair.,0,0,0,,,,,
11525,2889,no_pair_candidate,No valid odds row contains the same unordered player pair.,0,0,0,,,,,
11526,2890,no_pair_candidate,No valid odds row contains the same unordered player pair.,0,0,0,,,,,
11527,2891,no_pair_candidate,No valid odds row contains the same unordered player pair.,0,0,0,,,,,
11528,2892,no_pair_candidate,No valid odds row contains the same unordered player pair.,0,0,0,,,,,
11529,2893,no_pair_candidate,No valid odds row contains the same unordered player pair.,0,0,0,,,,,
11530,2894,no_pair_candidate,No valid odds row contains the same unordered player pair.,0,0,0,,,,,
11531,2895,no_pair_candidate,No valid odds row contains the same unordered player pair.,0,0,0,,,,,
11532,2896,no_pair_candidate,No valid odds row contains the same unordered player pair.,0,0,0,,,,,
11533,2897,no_pair_candidate,No valid odds row contains the same unordered player pair.,0,0,0,,,,,
11534,2898,no_pair_candidate,No valid odds row contains the same unordered player pair.,0,0,0,,,,,
11535,2899,no_pair_candidate,No valid odds row contains the same unordered player pair.,0,0,0,,,,,
11536,2900,no_pair_candidate,No valid odds row contains the same unordered player pair.,0,0,0,,,,,
11537,2901,no_pair_candidate,No valid odds row contains the same unordered player pair.,0,0,0,,,,,
11538,2902,no_pair_candidate,No valid odds row contains the same unordered player pair.,0,0,0,,,,,
11539,2903,no_pair_candidate,No valid odds row contains the same unordered player pair.,0,0,0,,,,,
11540,2904,no_pair_candidate,No valid odds row contains the same unordered player pair.,0,0,0,,,,,
11541,2905,no_pair_candidate,No valid odds row contains the same unordered player pair.,0,0,0,,,,,
11542,2906,no_pair_candidate,No valid odds row contains the same unordered player pair.,0,0,0,,,,,
11543,2907,no_pair_candidate,No valid odds row contains the same unordered player pair.,0,0,0,,,,,
11544,2908,no_pair_candidate,No valid odds row contains the same unordered player pair.,0,0,0,,,,,
11545,2909,no_pair_candidate,No valid odds row contains the same unordered player pair.,0,0,0,,,,,
11546,2910,no_pair_candidate,No valid odds row contains the same unordered player pair.,0,0,0,,,,,
11547,2911,no_pair_candidate,No valid odds row contains the same unordered player pair.,0,0,0,,,,,
11548,2912,no_pair_candidate,No valid odds row contains the same unordered player pair.,0,0,0,,,,,
11549,2913,no_pair_candidate,No valid odds row contains the same unordered player pair.,0,0,0,,,,,
11550,2914,no_pair_candidate,No valid odds row contains the same unordered player pair.,0,0,0,,,,,
11551,2915,no_pair_candidate,No valid odds row contains the same unordered player pair.,0,0,0,,,,,
11552,2916,no_pair_candidate,No valid odds row contains the same unordered player pair.,0,0,0,,,,,
11553,2917,no_pair_candidate,No valid odds row contains the same unordered player pair.,0,0,0,,,,,
11554,2918,no_pair_candidate,No valid odds row contains the same unordered player pair.,0,0,0,,,,,
11555,2919,no_pair_candidate,No valid odds row contains the same unordered player pair.,0,0,0,,,,,
11556,2920,no_pair_candidate,No valid odds row contains the same unordered player pair.,0,0,0,,,,,
11557,2921,no_pair_candidate,No valid odds row contains the same unordered player pair.,0,0,0,,,,,
11558,2922,no_pair_candidate,No valid odds row contains the same unordered player pair.,0,0,0,,,,,
11559,2923,no_pair_candidate,No valid odds row contains the same unordered player pair.,0,0,0,,,,,
11560,2924,no_pair_candidate,No valid odds row contains the same unordered player pair.,0,0,0,,,,,
11561,2925,no_pair_candidate,No valid odds row contains the same unordered player pair.,0,0,0,,,,,
11562,2926,no_pair_candidate,No valid odds row contains the same unordered player pair.,0,0,0,,,,,
11563,2927,no_pair_candidate,No valid odds row contains the same unordered player pair.,0,0,0,,,,,
11564,2928,no_pair_candidate,No valid odds row contains the same unordered player pair.,0,0,0,,,,,
11565,2929,no_pair_candidate,No valid odds row contains the same unordered player pair.,0,0,0,,,,,
11566,2930,no_pair_candidate,No valid odds row contains the same unordered player pair.,0,0,0,,,,,
11567,2931,no_pair_candidate,No valid odds row contains the same unordered player pair.,0,0,0,,,,,
11568,2932,no_pair_candidate,No valid odds row contains the same unordered player pair.,0,0,0,,,,,
11569,2933,no_pair_candidate,No valid odds row contains the same unordered player pair.,0,0,0,,,,,
11570,2934,no_pair_candidate,No valid odds row contains the same unordered player pair.,0,0,0,,,,,
11571,2935,no_pair_candidate,No valid odds row contains the same unordered player pair.,0,0,0,,,,,
11572,2936,no_pair_candidate,No valid odds row contains the same unordered player pair.,0,0,0,,,,,
11573,2937,no_pair_candidate,No valid odds row contains the same unordered player pair.,0,0,0,,,,,
11574,2938,no_pair_candidate,No valid odds row contains the same unordered player pair.,0,0,0,,,,,
11575,2939,no_pair_candidate,No valid odds row contains the same unordered player pair.,0,0,0,,,,,
11576,2940,no_pair_candidate,No valid odds row contains the same unordered player pair.,0,0,0,,,,,
11577,2941,no_pair_candidate,No valid odds row contains the same unordered player pair.,0,0,0,,,,,
11578,2942,no_pair_candidate,No valid odds row contains the same unordered player pair.,0,0,0,,,,,
11579,2943,no_pair_candidate,No valid odds row contains the same unordered player pair.,0,0,0,,,,,
11580,2944,no_pair_candidate,No valid odds row contains the same unordered player pair.,0,0,0,,,,,
11581,2945,no_pair_candidate,No valid odds row contains the same unordered player pair.,0,0,0,,,,,
11582,2946,no_pair_candidate,No valid odds row contains the same unordered player pair.,0,0,0,,,,,
11583,2947,no_pair_candidate,No valid odds row contains the same unordered player pair.,0,0,0,,,,,
11584,2948,no_pair_candidate,No valid odds row contains the same unordered player pair.,0,0,0,,,,,
11585,2949,no_pair_candidate,No valid odds row contains the same unordered player pair.,0,0,0,,,,,
11586,2950,no_pair_candidate,No valid odds row contains the same unordered player pair.,0,0,0,,,,,
11587,2951,no_pair_candidate,No valid odds row contains the same unordered player pair.,0,0,0,,,,,
11588,2952,no_pair_candidate,No valid odds row contains the same unordered player pair.,0,0,0,,,,,
11589,2953,no_pair_candidate,No valid odds row contains the same unordered player pair.,0,0,0,,,,,
11590,2954,no_pair_candidate,No valid odds row contains the same unordered player pair.,0,0,0,,,,,
11591,2955,no_pair_candidate,No valid odds row contains the same unordered player pair.,0,0,0,,,,,
11592,2956,no_pair_candidate,No valid odds row contains the same unordered player pair.,0,0,0,,,,,
11593,2957,no_pair_candidate,No valid odds row contains the same unordered player pair.,0,0,0,,,,,
11594,2958,no_pair_candidate,No valid odds row contains the same unordered player pair.,0,0,0,,,,,
11595,2959,no_pair_candidate,No valid odds row contains the same unordered player pair.,0,0,0,,,,,
11596,2960,no_pair_candidate,No valid odds row contains the same unordered player pair.,0,0,0,,,,,
11597,2961,no_pair_candidate,No valid odds row contains the same unordered player pair.,0,0,0,,,,,
11598,2962,no_pair_candidate,No valid odds row contains the same unordered player pair.,0,0,0,,,,,
11599,2963,no_pair_candidate,No valid odds row contains the same unordered player pair.,0,0,0,,,,,
11600,2964,no_pair_candidate,No valid odds row contains the same unordered player pair.,0,0,0,,,,,
11601,2965,no_pair_candidate,No valid odds row contains the same unordered player pair.,0,0,0,,,,,
11602,2966,no_pair_candidate,No valid odds row contains the same unordered player pair.,0,0,0,,,,,
11603,2967,no_pair_candidate,No valid odds row contains the same unordered player pair.,0,0,0,,,,,
11604,2968,no_pair_candidate,No valid odds row contains the same unordered player pair.,0,0,0,,,,,
11605,2969,no_pair_candidate,No valid odds row contains the same unordered player pair.,0,0,0,,,,,
11606,2970,no_pair_candidate,No valid odds row contains the same unordered player pair.,0,0,0,,,,,
11607,2971,no_pair_candidate,No valid odds row contains the same unordered player pair.,0,0,0,,,,,
11608,2972,no_pair_candidate,No valid odds row contains the same unordered player pair.,0,0,0,,,,,
11609,2973,no_pair_candidate,No valid odds row contains the same unordered player pair.,0,0,0,,,,,
11610,2974,no_pair_candidate,No valid odds row contains the same unordered player pair.,0,0,0,,,,,
11611,2975,no_pair_candidate,No valid odds row contains the same unordered player pair.,0,0,0,,,,,
11612,2976,no_pair_candidate,No valid odds row contains the same unordered player pair.,0,0,0,,,,,
11613,2977,no_pair_candidate,No valid odds row contains the same unordered player pair.,0,0,0,,,,,
11614,2978,no_pair_candidate,No valid odds row contains the same unordered player pair.,0,0,0,,,,,
11615,2979,no_pair_candidate,No valid odds row contains the same unordered player pair.,0,0,0,,,,,
11616,2980,no_pair_candidate,No valid odds row contains the same unordered player pair.,0,0,0,,,,,
11617,2981,no_pair_candidate,No valid odds row contains the same unordered player pair.,0,0,0,,,,,
11618,2982,no_pair_candidate,No valid odds row contains the same unordered player pair.,0,0,0,,,,,
11619,2983,no_pair_candidate,No valid odds row contains the same unordered player pair.,0,0,0,,,,,
11620,2984,no_pair_candidate,No valid odds row contains the same unordered player pair.,0,0,0,,,,,
11621,2985,no_pair_candidate,No valid odds row contains the same unordered player pair.,0,0,0,,,,,
11622,2986,no_pair_candidate,No valid odds row contains the same unordered player pair.,0,0,0,,,,,
11623,2987,no_pair_candidate,No valid odds row contains the same unordered player pair.,0,0,0,,,,,
11624,2988,no_pair_candidate,No valid odds row contains the same unordered player pair.,0,0,0,,,,,
11625,2989,no_pair_candidate,No valid odds row contains the same unordered player pair.,0,0,0,,,,,
11626,2990,no_pair_candidate,No valid odds row contains the same unordered player pair.,0,0,0,,,,,
11627,2991,no_pair_candidate,No valid odds row contains the same unordered player pair.,0,0,0,,,,,
11628,2992,no_pair_candidate,No valid odds row contains the same unordered player pair.,0,0,0,,,,,
11629,2993,no_pair_candidate,No valid odds row contains the same unordered player pair.,0,0,0,,,,,
11630,2994,no_pair_candidate,No valid odds row contains the same unordered player pair.,0,0,0,,,,,
11631,2995,no_pair_candidate,No valid odds row contains the same unordered player pair.,0,0,0,,,,,
11632,2996,no_pair_candidate,No valid odds row contains the same unordered player pair.,0,0,0,,,,,
11633,2997,no_pair_candidate,No valid odds row contains the same unordered player pair.,0,0,0,,,,,
11634,2998,no_pair_candidate,No valid odds row contains the same unordered player pair.,0,0,0,,,,,
11635,2999,no_pair_candidate,No valid odds row contains the same unordered player pair.,0,0,0,,,,,
11636,3000,no_pair_candidate,No valid odds row contains the same unordered player pair.,0,0,0,,,,,
11637,3001,no_pair_candidate,No valid odds row contains the same unordered player pair.,0,0,0,,,,,
11638,3002,no_pair_candidate,No valid odds row contains the same unordered player pair.,0,0,0,,,,,
11639,3003,no_pair_candidate,No valid odds row contains the same unordered player pair.,0,0,0,,,,,
11640,3004,no_pair_candidate,No valid odds row contains the same unordered player pair.,0,0,0,,,,,
11641,3005,no_pair_candidate,No valid odds row contains the same unordered player pair.,0,0,0,,,,,
11642,3006,no_pair_candidate,No valid odds row contains the same unordered player pair.,0,0,0,,,,,
11643,3007,no_pair_candidate,No valid odds row contains the same unordered player pair.,0,0,0,,,,,
11644,3008,no_pair_candidate,No valid odds row contains the same unordered player pair.,0,0,0,,,,,
11645,3009,no_pair_candidate,No valid odds row contains the same unordered player pair.,0,0,0,,,,,
11646,3010,no_pair_candidate,No valid odds row contains the same unordered player pair.,0,0,0,,,,,
11647,3011,no_pair_candidate,No valid odds row contains the same unordered player pair.,0,0,0,,,,,
11648,3012,no_pair_candidate,No valid odds row contains the same unordered player pair.,0,0,0,,,,,
11649,3013,no_pair_candidate,No valid odds row contains the same unordered player pair.,0,0,0,,,,,
11650,3014,no_pair_candidate,No valid odds row contains the same unordered player pair.,0,0,0,,,,,
11651,3015,no_pair_candidate,No valid odds row contains the same unordered player pair.,0,0,0,,,,,
11652,3016,no_pair_candidate,No valid odds row contains the same unordered player pair.,0,0,0,,,,,
11653,3017,no_pair_candidate,No valid odds row contains the same unordered player pair.,0,0,0,,,,,
11654,3018,no_pair_candidate,No valid odds row contains the same unordered player pair.,0,0,0,,,,,
11655,3019,no_pair_candidate,No valid odds row contains the same unordered player pair.,0,0,0,,,,,
11656,3020,no_pair_candidate,No valid odds row contains the same unordered player pair.,0,0,0,,,,,
11657,3021,no_pair_candidate,No valid odds row contains the same unordered player pair.,0,0,0,,,,,
11658,3022,no_pair_candidate,No valid odds row contains the same unordered player pair.,0,0,0,,,,,
11659,3023,no_pair_candidate,No valid odds row contains the same unordered player pair.,0,0,0,,,,,
11660,3024,no_pair_candidate,No valid odds row contains the same unordered player pair.,0,0,0,,,,,
11661,3025,no_pair_candidate,No valid odds row contains the same unordered player pair.,0,0,0,,,,,
11662,3026,no_pair_candidate,No valid odds row contains the same unordered player pair.,0,0,0,,,,,
11663,3027,no_pair_candidate,No valid odds row contains the same unordered player pair.,0,0,0,,,,,
11664,3028,no_pair_candidate,No valid odds row contains the same unordered player pair.,0,0,0,,,,,
11665,3029,no_pair_candidate,No valid odds row contains the same unordered player pair.,0,0,0,,,,,
11666,3030,no_pair_candidate,No valid odds row contains the same unordered player pair.,0,0,0,,,,,
11667,3031,no_pair_candidate,No valid odds row contains the same unordered player pair.,0,0,0,,,,,
11668,3032,no_pair_candidate,No valid odds row contains the same unordered player pair.,0,0,0,,,,,
11669,3033,no_pair_candidate,No valid odds row contains the same unordered player pair.,0,0,0,,,,,
11670,3034,no_pair_candidate,No valid odds row contains the same unordered player pair.,0,0,0,,,,,
11671,3035,no_pair_candidate,No valid odds row contains the same unordered player pair.,0,0,0,,,,,
11672,3036,no_pair_candidate,No valid odds row contains the same unordered player pair.,0,0,0,,,,,
11673,3037,no_pair_candidate,No valid odds row contains the same unordered player pair.,0,0,0,,,,,
11674,3038,no_pair_candidate,No valid odds row contains the same unordered player pair.,0,0,0,,,,,
11675,3039,no_pair_candidate,No valid odds row contains the same unordered player pair.,0,0,0,,,,,
11676,3040,no_pair_candidate,No valid odds row contains the same unordered player pair.,0,0,0,,,,,
11677,3041,no_pair_candidate,No valid odds row contains the same unordered player pair.,0,0,0,,,,,
11678,3042,no_pair_candidate,No valid odds row contains the same unordered player pair.,0,0,0,,,,,
11679,3043,no_pair_candidate,No valid odds row contains the same unordered player pair.,0,0,0,,,,,
11680,3044,no_pair_candidate,No valid odds row contains the same unordered player pair.,0,0,0,,,,,
11681,3045,no_pair_candidate,No valid odds row contains the same unordered player pair.,0,0,0,,,,,
11682,3046,no_pair_candidate,No valid odds row contains the same unordered player pair.,0,0,0,,,,,
11683,3047,no_pair_candidate,No valid odds row contains the same unordered player pair.,0,0,0,,,,,
11684,3048,no_pair_candidate,No valid odds row contains the same unordered player pair.,0,0,0,,,,,
11685,3049,no_pair_candidate,No valid odds row contains the same unordered player pair.,0,0,0,,,,,
11686,3050,no_pair_candidate,No valid odds row contains the same unordered player pair.,0,0,0,,,,,
11687,3051,no_pair_candidate,No valid odds row contains the same unordered player pair.,0,0,0,,,,,
11688,3052,no_pair_candidate,No valid odds row contains the same unordered player pair.,0,0,0,,,,,
11689,3053,no_pair_candidate,No valid odds row contains the same unordered player pair.,0,0,0,,,,,
11690,3054,no_pair_candidate,No valid odds row contains the same unordered player pair.,0,0,0,,,,,
11691,3055,no_pair_candidate,No valid odds row contains the same unordered player pair.,0,0,0,,,,,
11692,3056,no_pair_candidate,No valid odds row contains the same unordered player pair.,0,0,0,,,,,
11693,3057,no_pair_candidate,No valid odds row contains the same unordered player pair.,0,0,0,,,,,
11694,3058,no_pair_candidate,No valid odds row contains the same unordered player pair.,0,0,0,,,,,
11695,3059,no_pair_candidate,No valid odds row contains the same unordered player pair.,0,0,0,,,,,
11696,3060,no_pair_candidate,No valid odds row contains the same unordered player pair.,0,0,0,,,,,
11697,3061,no_pair_candidate,No valid odds row contains the same unordered player pair.,0,0,0,,,,,
11698,3062,no_pair_candidate,No valid odds row contains the same unordered player pair.,0,0,0,,,,,
11699,3063,no_pair_candidate,No valid odds row contains the same unordered player pair.,0,0,0,,,,,
11700,3064,no_pair_candidate,No valid odds row contains the same unordered player pair.,0,0,0,,,,,
11701,3065,no_pair_candidate,No valid odds row contains the same unordered player pair.,0,0,0,,,,,
11702,3066,no_pair_candidate,No valid odds row contains the same unordered player pair.,0,0,0,,,,,
11703,3067,no_pair_candidate,No valid odds row contains the same unordered player pair.,0,0,0,,,,,
11704,3068,no_pair_candidate,No valid odds row contains the same unordered player pair.,0,0,0,,,,,
11705,3069,no_pair_candidate,No valid odds row contains the same unordered player pair.,0,0,0,,,,,
11706,3070,no_pair_candidate,No valid odds row contains the same unordered player pair.,0,0,0,,,,,
11707,3071,no_pair_candidate,No valid odds row contains the same unordered player pair.,0,0,0,,,,,
11708,3072,no_pair_candidate,No valid odds row contains the same unordered player pair.,0,0,0,,,,,
11709,3073,no_pair_candidate,No valid odds row contains the same unordered player pair.,0,0,0,,,,,
11710,3074,no_pair_candidate,No valid odds row contains the same unordered player pair.,0,0,0,,,,,
11711,3075,no_pair_candidate,No valid odds row contains the same unordered player pair.,0,0,0,,,,,
