sackmann_index,sackmann_position,odds_index,odds_position,tournament_start_date,actual_match_date,date_offset_days,player_pair_key,sackmann_tournament,odds_tournament,sackmann_round,odds_round,tournament_similarity,round_similarity,surface_similarity,date_similarity,link_score,odds_atp,odds_location,odds_source_tournament,odds_date,odds_series,odds_court,odds_surface,odds_source_round,odds_best_of,odds_winner,odds_loser,odds_wrank,odds_lrank,odds_wpts,odds_lpts,odds_w1,odds_l1,odds_w2,odds_l2,odds_w3,odds_l3,odds_w4,odds_l4,odds_w5,odds_l5,odds_wsets,odds_lsets,odds_comment,odds_b365w,odds_b365l,odds_psw,odds_psl,odds_maxw,odds_maxl,odds_avgw,odds_avgl,sackmann_source_row,chronology_order
8652,16,1,1,2024-01-01,2023-12-31,-1,shevchenko|a / van assche|l,Brisbane,Brisbane International,R32,R32,1.0,1.0,1.0,0.6666666666666667,98.33333333333333,1,Brisbane,Brisbane International,2023-12-31,ATP250,Outdoor,Hard,1st Round,3,Shevchenko A.,Van Assche L.,48,90.0,947,687.0,6.0,3.0,6.0,2.0,,,,,,,2.0,0.0,Completed,1.62,2.3,1.78,2.14,1.78,2.32,1.7,2.14,8652,0
8651,15,3,3,2024-01-01,2024-01-01,0,purcell|m / rune|h,Brisbane,Brisbane International,R32,R32,1.0,1.0,1.0,1.0,100.0,1,Brisbane,Brisbane International,2024-01-01,ATP250,Outdoor,Hard,1st Round,3,Rune H.,Purcell M.,8,45.0,3660,1012.0,4.0,6.0,6.0,4.0,6.0,2.0,,,,,2.0,1.0,Completed,1.25,4.0,1.32,3.68,1.32,4.01,1.28,3.65,8651,1
8655,19,2,2,2024-01-01,2024-01-01,0,safiullin|r / shelton|b,Brisbane,Brisbane International,R32,R32,1.0,1.0,1.0,1.0,100.0,1,Brisbane,Brisbane International,2024-01-01,ATP250,Outdoor,Hard,1st Round,3,Safiullin R.,Shelton B.,39,17.0,1122,2145.0,6.0,3.0,6.0,7.0,6.0,3.0,,,,,2.0,1.0,Completed,2.3,1.62,2.31,1.68,2.32,1.68,2.24,1.63,8655,2
8666,30,4,4,2024-01-01,2024-01-01,0,dimitrov|g / murray|a,Brisbane,Brisbane International,R32,R32,1.0,1.0,1.0,1.0,100.0,1,Brisbane,Brisbane International,2024-01-01,ATP250,Outdoor,Hard,1st Round,3,Dimitrov G.,Murray A.,14,42.0,2570,1050.0,4.0,6.0,7.0,5.0,6.0,2.0,,,,,2.0,1.0,Completed,1.33,3.4,1.35,3.47,1.36,3.5,1.33,3.25,8666,3
8711,75,34,34,2024-01-01,2024-01-01,0,mochizuki|s / van de zandschulp|b,Hong Kong,Hong Kong Tennis Open,R32,R32,1.0,1.0,1.0,1.0,100.0,2,Hong Kong,Hong Kong Tennis Open,2024-01-01,ATP250,Outdoor,Hard,1st Round,3,Van De Zandschulp B.,Mochizuki S.,50,137.0,930,457.0,7.0,5.0,6.0,1.0,,,,,,,2.0,0.0,Completed,1.3,3.5,1.28,4.06,1.33,4.06,1.3,3.48,8711,4
8712,76,31,31,2024-01-01,2024-01-01,0,djere|l / shang|j,Hong Kong,Hong Kong Tennis Open,R32,R32,1.0,1.0,1.0,1.0,100.0,2,Hong Kong,Hong Kong Tennis Open,2024-01-01,ATP250,Outdoor,Hard,1st Round,3,Shang J.,Djere L.,183,33.0,335,1285.0,6.0,7.0,6.0,3.0,7.0,6.0,,,,,2.0,1.0,Completed,2.3,1.62,2.07,1.83,2.3,1.83,2.13,1.7,8712,5
8717,81,32,32,2024-01-01,2024-01-01,0,borges|n / kotov|p,Hong Kong,Hong Kong Tennis Open,R32,R32,1.0,1.0,1.0,1.0,100.0,2,Hong Kong,Hong Kong Tennis Open,2024-01-01,ATP250,Outdoor,Hard,1st Round,3,Kotov P.,Borges N.,67,66.0,791,799.0,6.0,2.0,6.0,4.0,,,,,,,2.0,0.0,Completed,2.0,1.8,2.01,1.88,2.03,1.85,1.97,1.81,8717,6
8718,82,33,33,2024-01-01,2024-01-01,0,bonzi|b / ruusuvuori|e,Hong Kong,Hong Kong Tennis Open,R32,R32,1.0,1.0,1.0,1.0,100.0,2,Hong Kong,Hong Kong Tennis Open,2024-01-01,ATP250,Outdoor,Hard,1st Round,3,Ruusuvuori E.,Bonzi B.,69,73.0,771,738.0,6.0,7.0,6.0,2.0,6.0,1.0,,,,,2.0,1.0,Completed,1.62,2.3,1.58,2.53,1.6,2.6,1.55,2.38,8718,7
8653,17,7,7,2024-01-01,2024-01-02,1,duckworth|j / wolf|j,Brisbane,Brisbane International,R32,R32,1.0,1.0,1.0,0.9523809523809523,99.76190476190476,1,Brisbane,Brisbane International,2024-01-02,ATP250,Outdoor,Hard,1st Round,3,Duckworth J.,Wolf J.J.,116,53.0,573,910.0,6.0,3.0,6.0,4.0,,,,,,,2.0,0.0,Completed,2.38,1.57,2.21,1.74,2.4,1.74,2.24,1.63,8653,8
8654,18,5,5,2024-01-01,2024-01-02,1,hanfmann|y / korda|s,Brisbane,Brisbane International,R32,R32,1.0,1.0,1.0,0.9523809523809523,99.76190476190476,1,Brisbane,Brisbane International,2024-01-02,ATP250,Outdoor,Hard,1st Round,3,Hanfmann Y.,Korda S.,51,24.0,914,1530.0,7.0,5.0,6.0,4.0,,,,,,,2.0,0.0,Completed,4.5,1.2,4.54,1.25,4.54,1.25,4.16,1.22,8654,9
8657,21,12,12,2024-01-01,2024-01-02,1,arnaldi|m / fucsovics|m,Brisbane,Brisbane International,R32,R32,1.0,1.0,1.0,0.9523809523809523,99.76190476190476,1,Brisbane,Brisbane International,2024-01-02,ATP250,Outdoor,Hard,1st Round,3,Arnaldi M.,Fucsovics M.,44,59.0,1021,882.0,6.0,7.0,6.0,4.0,7.0,6.0,,,,,2.0,1.0,Completed,1.91,1.91,2.05,1.85,2.05,2.1,1.82,1.98,8657,10
8658,22,6,6,2024-01-01,2024-01-02,1,baez|s / klein|l,Brisbane,Brisbane International,R32,R32,1.0,1.0,1.0,0.9523809523809523,99.76190476190476,1,Brisbane,Brisbane International,2024-01-02,ATP250,Outdoor,Hard,1st Round,3,Klein L.,Baez S.,170,28.0,359,1435.0,4.0,6.0,6.0,3.0,6.0,4.0,,,,,2.0,1.0,Completed,2.0,1.8,2.02,1.88,2.22,1.88,2.04,1.76,8658,11
8659,23,11,11,2024-01-01,2024-01-02,1,karatsev|a / kubler|j,Brisbane,Brisbane International,R32,R32,1.0,1.0,1.0,0.9523809523809523,99.76190476190476,1,Brisbane,Brisbane International,2024-01-02,ATP250,Outdoor,Hard,1st Round,3,Kubler J.,Karatsev A.,102,35.0,631,1193.0,6.0,4.0,6.0,7.0,,,,,,,1.0,1.0,Retired,2.75,1.44,2.6,1.55,2.75,1.55,2.58,1.49,8659,12
8660,24,13,13,2024-01-01,2024-01-02,1,nadal|r / thiem|d,Brisbane,Brisbane International,R32,R32,1.0,1.0,1.0,0.9523809523809523,99.76190476190476,1,Brisbane,Brisbane International,2024-01-02,ATP250,Outdoor,Hard,1st Round,3,Nadal R.,Thiem D.,672,98.0,45,652.0,7.0,5.0,6.0,1.0,,,,,,,2.0,0.0,Completed,1.62,2.3,1.6,2.48,1.63,2.48,1.58,2.33,8660,13
8661,25,10,10,2024-01-01,2024-01-02,1,thompson|j / vukic|a,Brisbane,Brisbane International,R32,R32,1.0,1.0,1.0,0.9523809523809523,99.76190476190476,1,Brisbane,Brisbane International,2024-01-02,ATP250,Outdoor,Hard,1st Round,3,Thompson J.,Vukic A.,55,62.0,902,835.0,6.0,3.0,6.0,2.0,,,,,,,2.0,0.0,Completed,1.57,2.38,1.56,2.58,1.57,2.63,1.54,2.46,8661,14
8663,27,9,9,2024-01-01,2024-01-02,1,etcheverry|t / machac|t,Brisbane,Brisbane International,R32,R32,1.0,1.0,1.0,0.9523809523809523,99.76190476190476,1,Brisbane,Brisbane International,2024-01-02,ATP250,Outdoor,Hard,1st Round,3,Machac T.,Etcheverry T.,78,30.0,722,1375.0,6.0,7.0,7.0,5.0,7.0,6.0,,,,,2.0,1.0,Completed,1.36,3.2,1.4,3.17,1.41,3.2,1.37,3.02,8663,15
8664,28,14,14,2024-01-01,2024-01-02,1,hijikata|r / kokkinakis|t,Brisbane,Brisbane International,R32,R32,1.0,1.0,1.0,0.9523809523809523,99.76190476190476,1,Brisbane,Brisbane International,2024-01-02,ATP250,Outdoor,Hard,1st Round,3,Hijikata R.,Kokkinakis T.,71,65.0,744,802.0,7.0,6.0,6.0,2.0,,,,,,,2.0,0.0,Completed,2.63,1.5,2.71,1.52,2.75,1.55,2.57,1.49,8664,16
8665,29,8,8,2024-01-01,2024-01-02,1,altmaier|d / tu|l,Brisbane,Brisbane International,R32,R32,1.0,1.0,1.0,0.9523809523809523,99.76190476190476,1,Brisbane,Brisbane International,2024-01-02,ATP250,Outdoor,Hard,1st Round,3,Altmaier D.,Tu L.,56,225.0,891,280.0,7.0,6.0,7.0,6.0,,,,,,,2.0,0.0,Completed,1.57,2.38,1.64,2.39,1.64,2.4,1.59,2.32,8665,17
8707,71,36,36,2024-01-01,2024-01-02,1,broady|l / cachin|p,Hong Kong,Hong Kong Tennis Open,R32,R32,1.0,1.0,1.0,0.9523809523809523,99.76190476190476,2,Hong Kong,Hong Kong Tennis Open,2024-01-02,ATP250,Outdoor,Hard,1st Round,3,Broady L.,Cachin P.,108,70.0,608,763.0,6.0,4.0,6.0,0.0,,,,,,,2.0,0.0,Completed,1.36,3.2,1.42,3.06,1.42,3.2,1.37,3.03,8707,18
8708,72,40,40,2024-01-01,2024-01-02,1,huesler|m / sachko|v,Hong Kong,Hong Kong Tennis Open,R32,R32,1.0,1.0,1.0,0.9523809523809523,99.76190476190476,2,Hong Kong,Hong Kong Tennis Open,2024-01-02,ATP250,Outdoor,Hard,1st Round,3,Huesler M.A.,Sachko V.,194,169.0,312,360.0,6.0,4.0,6.0,4.0,,,,,,,2.0,0.0,Completed,1.53,2.5,1.53,2.67,1.55,2.67,1.51,2.51,8708,19
8709,73,41,41,2024-01-01,2024-01-02,1,fils|a / gojo|b,Hong Kong,Hong Kong Tennis Open,R32,R32,1.0,1.0,1.0,0.9523809523809523,99.76190476190476,2,Hong Kong,Hong Kong Tennis Open,2024-01-02,ATP250,Outdoor,Hard,1st Round,3,Fils A.,Gojo B.,36,72.0,1158,744.0,6.0,3.0,4.0,6.0,6.0,1.0,,,,,2.0,1.0,Completed,1.53,2.5,1.6,2.47,1.6,2.51,1.54,2.42,8709,20
8710,74,35,35,2024-01-01,2024-01-02,1,daniel|t / kecmanovic|m,Hong Kong,Hong Kong Tennis Open,R32,R32,1.0,1.0,1.0,0.9523809523809523,99.76190476190476,2,Hong Kong,Hong Kong Tennis Open,2024-01-02,ATP250,Outdoor,Hard,1st Round,3,Kecmanovic M.,Daniel T.,54,75.0,905,737.0,6.0,3.0,6.0,2.0,,,,,,,2.0,0.0,Completed,1.57,2.38,1.56,2.57,1.67,2.57,1.55,2.41,8710,21
8713,77,38,38,2024-01-01,2024-01-02,1,cilic|m / struff|j,Hong Kong,Hong Kong Tennis Open,R32,R32,1.0,1.0,1.0,0.9523809523809523,99.76190476190476,2,Hong Kong,Hong Kong Tennis Open,2024-01-02,ATP250,Outdoor,Hard,1st Round,3,Struff J.L.,Cilic M.,25,674.0,1522,45.0,3.0,6.0,7.0,6.0,7.0,6.0,,,,,2.0,1.0,Completed,1.53,2.5,1.6,2.47,1.9,2.6,1.56,2.41,8713,22
8714,78,37,37,2024-01-01,2024-01-02,1,mcdonald|m / ofner|s,Hong Kong,Hong Kong Tennis Open,R32,R32,1.0,1.0,1.0,0.9523809523809523,99.76190476190476,2,Hong Kong,Hong Kong Tennis Open,2024-01-02,ATP250,Outdoor,Hard,1st Round,3,Ofner S.,Mcdonald M.,43,41.0,1048,1055.0,6.0,1.0,6.0,2.0,,,,,,,2.0,0.0,Completed,2.75,1.44,2.72,1.51,2.78,1.51,2.66,1.46,8714,23
8715,79,39,39,2024-01-01,2024-01-02,1,agut|r / marozsan|f <> bautista agut|r / marozsan|f,Hong Kong,Hong Kong Tennis Open,R32,R32,1.0,1.0,1.0,0.9523809523809523,99.76190476190476,2,Hong Kong,Hong Kong Tennis Open,2024-01-02,ATP250,Outdoor,Hard,1st Round,3,Bautista Agut R.,Marozsan F.,57,64.0,886,805.0,6.0,2.0,6.0,3.0,,,,,,,2.0,0.0,Completed,1.62,2.3,1.64,2.39,1.7,2.39,1.63,2.24,8715,24
8716,80,42,42,2024-01-01,2024-01-02,1,musetti|l / wong|c,Hong Kong,Hong Kong Tennis Open,R32,R32,1.0,1.0,1.0,0.9523809523809523,99.76190476190476,2,Hong Kong,Hong Kong Tennis Open,2024-01-02,ATP250,Outdoor,Hard,1st Round,3,Musetti L.,Wong C.,27,253.0,1470,238.0,6.0,4.0,7.0,5.0,,,,,,,2.0,0.0,Completed,1.2,4.5,1.24,4.45,1.24,4.65,1.2,4.35,8716,25
8643,7,19,19,2024-01-01,2024-01-03,2,rune|h / shevchenko|a,Brisbane,Brisbane International,R16,R16,1.0,1.0,1.0,0.9047619047619048,99.52380952380952,1,Brisbane,Brisbane International,2024-01-03,ATP250,Outdoor,Hard,2nd Round,3,Rune H.,Shevchenko A.,8,48.0,3660,947.0,6.0,4.0,5.0,7.0,6.0,2.0,,,,,2.0,1.0,Completed,1.29,3.75,1.33,3.68,1.33,3.75,1.29,3.53,8643,26
8644,8,16,16,2024-01-01,2024-01-03,2,duckworth|j / hanfmann|y,Brisbane,Brisbane International,R16,R16,1.0,1.0,1.0,0.9047619047619048,99.52380952380952,1,Brisbane,Brisbane International,2024-01-03,ATP250,Outdoor,Hard,2nd Round,3,Duckworth J.,Hanfmann Y.,116,51.0,573,914.0,4.0,6.0,6.0,1.0,7.0,6.0,,,,,2.0,1.0,Completed,1.91,1.91,1.93,1.98,1.96,1.98,1.89,1.88,8644,27
8645,9,18,18,2024-01-01,2024-01-03,2,popyrin|a / safiullin|r,Brisbane,Brisbane International,R16,R16,1.0,1.0,1.0,0.9047619047619048,99.52380952380952,1,Brisbane,Brisbane International,2024-01-03,ATP250,Outdoor,Hard,2nd Round,3,Safiullin R.,Popyrin A.,39,40.0,1122,1084.0,6.0,7.0,6.0,4.0,7.0,6.0,,,,,2.0,1.0,Completed,1.53,2.5,1.53,2.68,1.55,2.68,1.52,2.49,8645,28
8646,10,17,17,2024-01-01,2024-01-03,2,arnaldi|m / klein|l,Brisbane,Brisbane International,R16,R16,1.0,1.0,1.0,0.9047619047619048,99.52380952380952,1,Brisbane,Brisbane International,2024-01-03,ATP250,Outdoor,Hard,2nd Round,3,Arnaldi M.,Klein L.,44,170.0,1021,359.0,6.0,4.0,3.0,6.0,7.0,5.0,,,,,2.0,1.0,Completed,1.53,2.5,1.61,2.49,1.65,2.6,1.54,2.43,8646,29
8662,26,15,15,2024-01-01,2024-01-03,2,humbert|u / michelsen|a,Brisbane,Brisbane International,R32,R32,1.0,1.0,1.0,0.9047619047619048,99.52380952380952,1,Brisbane,Brisbane International,2024-01-03,ATP250,Outdoor,Hard,1st Round,3,Humbert U.,Michelsen A.,20,97.0,1765,653.0,6.0,4.0,6.0,4.0,,,,,,,2.0,0.0,Completed,1.4,3.0,1.44,2.97,1.44,3.1,1.4,2.87,8662,30
8701,65,44,44,2024-01-01,2024-01-03,2,kecmanovic|m / tiafoe|f,Hong Kong,Hong Kong Tennis Open,R16,R16,1.0,1.0,1.0,0.9047619047619048,99.52380952380952,2,Hong Kong,Hong Kong Tennis Open,2024-01-03,ATP250,Outdoor,Hard,2nd Round,3,Tiafoe F.,Kecmanovic M.,16,54.0,2310,905.0,6.0,3.0,7.0,6.0,,,,,,,2.0,0.0,Completed,1.8,2.0,1.82,2.08,1.91,2.1,1.79,2.0,8701,31
8702,66,43,43,2024-01-01,2024-01-03,2,shang|j / van de zandschulp|b,Hong Kong,Hong Kong Tennis Open,R16,R16,1.0,1.0,1.0,0.9047619047619048,99.52380952380952,2,Hong Kong,Hong Kong Tennis Open,2024-01-03,ATP250,Outdoor,Hard,2nd Round,3,Shang J.,Van De Zandschulp B.,183,50.0,335,930.0,6.0,7.0,7.0,6.0,7.0,6.0,,,,,2.0,1.0,Completed,2.3,1.62,2.6,1.55,2.6,1.65,2.37,1.57,8702,32
8705,69,46,46,2024-01-01,2024-01-03,2,kotov|p / musetti|l,Hong Kong,Hong Kong Tennis Open,R16,R16,1.0,1.0,1.0,0.9047619047619048,99.52380952380952,2,Hong Kong,Hong Kong Tennis Open,2024-01-03,ATP250,Outdoor,Hard,2nd Round,3,Kotov P.,Musetti L.,67,27.0,791,1470.0,6.0,4.0,6.0,3.0,,,,,,,2.0,0.0,Completed,2.1,1.73,2.37,1.65,2.37,1.75,2.17,1.67,8705,33
8706,70,45,45,2024-01-01,2024-01-03,2,khachanov|k / ruusuvuori|e,Hong Kong,Hong Kong Tennis Open,R16,R16,1.0,1.0,1.0,0.9047619047619048,99.52380952380952,2,Hong Kong,Hong Kong Tennis Open,2024-01-03,ATP250,Outdoor,Hard,2nd Round,3,Ruusuvuori E.,Khachanov K.,69,15.0,771,2520.0,7.0,6.0,2.0,6.0,6.0,2.0,,,,,2.0,1.0,Completed,2.2,1.67,2.32,1.68,2.32,1.68,2.25,1.62,8706,34
8647,11,23,23,2024-01-01,2024-01-04,3,kubler|j / nadal|r,Brisbane,Brisbane International,R16,R16,1.0,1.0,1.0,0.8571428571428572,99.28571428571429,1,Brisbane,Brisbane International,2024-01-04,ATP250,Outdoor,Hard,2nd Round,3,Nadal R.,Kubler J.,672,102.0,45,631.0,6.0,1.0,6.0,2.0,,,,,,,2.0,0.0,Completed,1.14,5.5,1.17,5.93,1.18,5.93,1.15,5.22,8647,35
8648,12,21,21,2024-01-01,2024-01-04,3,humbert|u / thompson|j,Brisbane,Brisbane International,R16,R16,1.0,1.0,1.0,0.8571428571428572,99.28571428571429,1,Brisbane,Brisbane International,2024-01-04,ATP250,Outdoor,Hard,2nd Round,3,Thompson J.,Humbert U.,55,20.0,902,1765.0,,,,,,,,,,,0.0,0.0,Walkover,2.5,1.53,2.59,1.56,2.6,1.56,2.54,1.5,8648,36
8649,13,20,20,2024-01-01,2024-01-04,3,hijikata|r / machac|t,Brisbane,Brisbane International,R16,R16,1.0,1.0,1.0,0.8571428571428572,99.28571428571429,1,Brisbane,Brisbane International,2024-01-04,ATP250,Outdoor,Hard,2nd Round,3,Hijikata R.,Machac T.,71,78.0,744,722.0,5.0,7.0,6.0,2.0,7.0,6.0,,,,,2.0,1.0,Completed,2.3,1.62,2.66,1.54,2.66,1.62,2.48,1.53,8649,37
8650,14,22,22,2024-01-01,2024-01-04,3,altmaier|d / dimitrov|g,Brisbane,Brisbane International,R16,R16,1.0,1.0,1.0,0.8571428571428572,99.28571428571429,1,Brisbane,Brisbane International,2024-01-04,ATP250,Outdoor,Hard,2nd Round,3,Dimitrov G.,Altmaier D.,14,56.0,2570,891.0,6.0,1.0,6.0,2.0,,,,,,,2.0,0.0,Completed,1.14,5.5,1.13,7.16,1.15,7.16,1.13,5.83,8650,38
8699,63,50,50,2024-01-01,2024-01-04,3,broady|l / rublev|a,Hong Kong,Hong Kong Tennis Open,R16,R16,1.0,1.0,1.0,0.8571428571428572,99.28571428571429,2,Hong Kong,Hong Kong Tennis Open,2024-01-04,ATP250,Outdoor,Hard,2nd Round,3,Rublev A.,Broady L.,5,108.0,4805,608.0,6.0,4.0,7.0,6.0,,,,,,,2.0,0.0,Completed,1.08,8.0,1.11,7.85,1.11,8.01,1.09,7.05,8699,39
8700,64,49,49,2024-01-01,2024-01-04,3,fils|a / huesler|m,Hong Kong,Hong Kong Tennis Open,R16,R16,1.0,1.0,1.0,0.8571428571428572,99.28571428571429,2,Hong Kong,Hong Kong Tennis Open,2024-01-04,ATP250,Outdoor,Hard,2nd Round,3,Fils A.,Huesler M.A.,36,194.0,1158,312.0,7.0,5.0,7.0,5.0,,,,,,,2.0,0.0,Completed,1.4,3.0,1.44,3.02,1.46,3.05,1.4,2.91,8700,40
8703,67,47,47,2024-01-01,2024-01-04,3,ofner|s / struff|j,Hong Kong,Hong Kong Tennis Open,R16,R16,1.0,1.0,1.0,0.8571428571428572,99.28571428571429,2,Hong Kong,Hong Kong Tennis Open,2024-01-04,ATP250,Outdoor,Hard,2nd Round,3,Ofner S.,Struff J.L.,43,25.0,1048,1522.0,6.0,7.0,7.0,6.0,7.0,6.0,,,,,2.0,1.0,Completed,2.2,1.67,2.14,1.79,2.25,1.82,2.09,1.73,8703,41
8704,68,48,48,2024-01-01,2024-01-04,3,agut|r / cerundolo|f <> bautista agut|r / cerundolo|f,Hong Kong,Hong Kong Tennis Open,R16,R16,1.0,1.0,1.0,0.8571428571428572,99.28571428571429,2,Hong Kong,Hong Kong Tennis Open,2024-01-04,ATP250,Outdoor,Hard,2nd Round,3,Bautista Agut R.,Cerundolo F.,57,21.0,886,1760.0,7.0,5.0,6.0,3.0,,,,,,,2.0,0.0,Completed,1.4,3.0,1.47,2.9,1.47,3.2,1.41,2.85,8704,42
8639,3,25,25,2024-01-01,2024-01-05,4,duckworth|j / rune|h,Brisbane,Brisbane International,QF,QF,1.0,1.0,1.0,0.8095238095238095,99.04761904761905,1,Brisbane,Brisbane International,2024-01-05,ATP250,Outdoor,Hard,Quarterfinals,3,Rune H.,Duckworth J.,8,116.0,3660,573.0,6.0,2.0,7.0,6.0,,,,,,,2.0,0.0,Completed,1.17,5.0,1.18,5.7,1.22,5.7,1.16,5.04,8639,43
8640,4,24,24,2024-01-01,2024-01-05,4,arnaldi|m / safiullin|r,Brisbane,Brisbane International,QF,QF,1.0,1.0,1.0,0.8095238095238095,99.04761904761905,1,Brisbane,Brisbane International,2024-01-05,ATP250,Outdoor,Hard,Quarterfinals,3,Safiullin R.,Arnaldi M.,39,44.0,1122,1021.0,7.0,6.0,6.0,2.0,,,,,,,2.0,0.0,Completed,1.36,3.2,1.42,3.13,1.44,3.2,1.39,2.96,8640,44
8641,5,27,27,2024-01-01,2024-01-05,4,nadal|r / thompson|j,Brisbane,Brisbane International,QF,QF,1.0,1.0,1.0,0.8095238095238095,99.04761904761905,1,Brisbane,Brisbane International,2024-01-05,ATP250,Outdoor,Hard,Quarterfinals,3,Thompson J.,Nadal R.,55,672.0,902,45.0,5.0,7.0,7.0,6.0,6.0,3.0,,,,,2.0,1.0,Completed,6.0,1.13,6.62,1.18,6.62,1.18,5.54,1.14,8641,45
8642,6,26,26,2024-01-01,2024-01-05,4,dimitrov|g / hijikata|r,Brisbane,Brisbane International,QF,QF,1.0,1.0,1.0,0.8095238095238095,99.04761904761905,1,Brisbane,Brisbane International,2024-01-05,ATP250,Outdoor,Hard,Quarterfinals,3,Dimitrov G.,Hijikata R.,14,71.0,2570,744.0,6.0,1.0,6.0,4.0,,,,,,,2.0,0.0,Completed,1.13,6.0,1.13,7.11,1.14,7.13,1.13,5.88,8642,46
8695,59,54,54,2024-01-01,2024-01-05,4,fils|a / rublev|a,Hong Kong,Hong Kong Tennis Open,QF,QF,1.0,1.0,1.0,0.8095238095238095,99.04761904761905,2,Hong Kong,Hong Kong Tennis Open,2024-01-05,ATP250,Outdoor,Hard,Quarterfinals,3,Rublev A.,Fils A.,5,36.0,4805,1158.0,6.0,4.0,1.0,6.0,6.0,2.0,,,,,2.0,1.0,Completed,1.3,3.5,1.32,3.71,1.32,3.83,1.29,3.54,8695,47
8696,60,53,53,2024-01-01,2024-01-05,4,shang|j / tiafoe|f,Hong Kong,Hong Kong Tennis Open,QF,QF,1.0,1.0,1.0,0.8095238095238095,99.04761904761905,2,Hong Kong,Hong Kong Tennis Open,2024-01-05,ATP250,Outdoor,Hard,Quarterfinals,3,Shang J.,Tiafoe F.,183,16.0,335,2310.0,6.0,4.0,6.0,4.0,,,,,,,2.0,0.0,Completed,3.75,1.29,3.7,1.33,3.85,1.33,3.51,1.29,8696,48
8697,61,52,52,2024-01-01,2024-01-05,4,agut|r / ofner|s <> bautista agut|r / ofner|s,Hong Kong,Hong Kong Tennis Open,QF,QF,1.0,1.0,1.0,0.8095238095238095,99.04761904761905,2,Hong Kong,Hong Kong Tennis Open,2024-01-05,ATP250,Outdoor,Hard,Quarterfinals,3,Ofner S.,Bautista Agut R.,43,57.0,1048,886.0,6.0,4.0,6.0,4.0,,,,,,,2.0,0.0,Completed,3.2,1.36,2.85,1.48,3.2,1.48,2.83,1.42,8697,49
8698,62,51,51,2024-01-01,2024-01-05,4,kotov|p / ruusuvuori|e,Hong Kong,Hong Kong Tennis Open,QF,QF,1.0,1.0,1.0,0.8095238095238095,99.04761904761905,2,Hong Kong,Hong Kong Tennis Open,2024-01-05,ATP250,Outdoor,Hard,Quarterfinals,3,Ruusuvuori E.,Kotov P.,69,67.0,771,791.0,6.0,3.0,7.0,6.0,,,,,,,2.0,0.0,Completed,1.57,2.38,1.64,2.42,1.7,2.42,1.6,2.29,8698,50
8637,1,28,28,2024-01-01,2024-01-06,5,rune|h / safiullin|r,Brisbane,Brisbane International,SF,SF,1.0,1.0,1.0,0.7619047619047619,98.80952380952381,1,Brisbane,Brisbane International,2024-01-06,ATP250,Outdoor,Hard,Semifinals,3,Rune H.,Safiullin R.,8,39.0,3660,1122.0,6.0,4.0,7.0,6.0,,,,,,,2.0,0.0,Completed,1.57,2.38,1.63,2.43,1.63,2.63,1.56,2.4,8637,51
8638,2,29,29,2024-01-01,2024-01-06,5,dimitrov|g / thompson|j,Brisbane,Brisbane International,SF,SF,1.0,1.0,1.0,0.7619047619047619,98.80952380952381,1,Brisbane,Brisbane International,2024-01-06,ATP250,Outdoor,Hard,Semifinals,3,Dimitrov G.,Thompson J.,14,55.0,2570,902.0,6.0,3.0,7.0,5.0,,,,,,,2.0,0.0,Completed,1.22,4.33,1.26,4.34,1.26,4.34,1.23,4.07,8638,52
8693,57,56,56,2024-01-01,2024-01-06,5,rublev|a / shang|j,Hong Kong,Hong Kong Tennis Open,SF,SF,1.0,1.0,1.0,0.7619047619047619,98.80952380952381,2,Hong Kong,Hong Kong Tennis Open,2024-01-06,ATP250,Outdoor,Hard,Semifinals,3,Rublev A.,Shang J.,5,183.0,4805,335.0,4.0,6.0,6.0,2.0,6.0,3.0,,,,,2.0,1.0,Completed,1.14,5.5,1.18,5.78,1.18,5.78,1.15,5.27,8693,53
8694,58,55,55,2024-01-01,2024-01-06,5,ofner|s / ruusuvuori|e,Hong Kong,Hong Kong Tennis Open,SF,SF,1.0,1.0,1.0,0.7619047619047619,98.80952380952381,2,Hong Kong,Hong Kong Tennis Open,2024-01-06,ATP250,Outdoor,Hard,Semifinals,3,Ruusuvuori E.,Ofner S.,69,43.0,771,1048.0,4.0,6.0,7.0,5.0,6.0,3.0,,,,,2.0,1.0,Completed,1.57,2.38,1.67,2.35,1.67,2.4,1.62,2.28,8694,54
8636,0,30,30,2024-01-01,2024-01-07,6,dimitrov|g / rune|h,Brisbane,Brisbane International,F,F,1.0,1.0,1.0,0.7142857142857143,98.57142857142857,1,Brisbane,Brisbane International,2024-01-07,ATP250,Outdoor,Hard,The Final,3,Dimitrov G.,Rune H.,14,8.0,2570,3660.0,7.0,6.0,6.0,4.0,,,,,,,2.0,0.0,Completed,1.91,1.91,2.03,1.88,2.03,2.03,1.93,1.86,8636,55
8692,56,57,57,2024-01-01,2024-01-07,6,rublev|a / ruusuvuori|e,Hong Kong,Hong Kong Tennis Open,F,F,1.0,1.0,1.0,0.7142857142857143,98.57142857142857,2,Hong Kong,Hong Kong Tennis Open,2024-01-07,ATP250,Outdoor,Hard,The Final,3,Rublev A.,Ruusuvuori E.,5,69.0,4805,771.0,6.0,4.0,6.0,4.0,,,,,,,2.0,0.0,Completed,1.25,4.0,1.34,3.56,1.34,4.01,1.29,3.59,8692,56
8765,129,86,86,2024-01-08,2024-01-07,-1,daniel|t / vukic|a,Auckland,ASB Classic,R32,R32,0.3368421052631579,1.0,1.0,0.6666666666666667,61.85964912280702,4,Auckland,ASB Classic,2024-01-07,ATP250,Outdoor,Hard,1st Round,3,Daniel T.,Vukic A.,74,63.0,739,835.0,7.0,5.0,7.0,5.0,,,,,,,2.0,0.0,Completed,1.73,2.1,1.74,2.21,1.84,2.6,1.72,2.1,8765,57
8769,133,85,85,2024-01-08,2024-01-07,-1,altmaier|d / giron|m,Auckland,ASB Classic,R32,R32,0.3368421052631579,1.0,1.0,0.6666666666666667,61.85964912280702,4,Auckland,ASB Classic,2024-01-07,ATP250,Outdoor,Hard,1st Round,3,Altmaier D.,Giron M.,57,60.0,906,860.0,7.0,6.0,6.0,2.0,,,,,,,2.0,0.0,Completed,2.63,1.5,2.46,1.61,2.63,1.61,2.49,1.52,8769,58
8735,99,60,60,2024-01-08,2024-01-08,0,kecmanovic|m / mcdonald|m,Adelaide,Adelaide International,R32,R32,1.0,1.0,1.0,1.0,100.0,3,Adelaide,Adelaide International,2024-01-08,ATP250,Outdoor,Hard,1st Round,3,Kecmanovic M.,Mcdonald M.,55,42.0,910,1055.0,6.0,4.0,6.0,2.0,,,,,,,2.0,0.0,Completed,1.5,2.63,1.57,2.53,1.57,2.63,1.54,2.43,8735,59
8736,100,58,58,2024-01-08,2024-01-08,0,baez|s / draper|j,Adelaide,Adelaide International,R32,R32,1.0,1.0,1.0,1.0,100.0,3,Adelaide,Adelaide International,2024-01-08,ATP250,Outdoor,Hard,1st Round,3,Draper J.,Baez S.,62,26.0,836,1435.0,6.0,1.0,6.0,3.0,,,,,,,2.0,0.0,Completed,1.17,5.0,1.2,5.07,1.22,5.07,1.2,4.46,8736,60
8740,104,59,59,2024-01-08,2024-01-08,0,etcheverry|t / shevchenko|a,Adelaide,Adelaide International,R32,R32,1.0,1.0,1.0,1.0,100.0,3,Adelaide,Adelaide International,2024-01-08,ATP250,Outdoor,Hard,1st Round,3,Shevchenko A.,Etcheverry T.,48,30.0,961,1375.0,7.0,6.0,4.0,6.0,7.0,5.0,,,,,2.0,1.0,Completed,1.73,2.1,1.75,2.19,1.75,2.25,1.69,2.15,8740,61
8744,108,61,61,2024-01-08,2024-01-08,0,kokkinakis|t / lajovic|d,Adelaide,Adelaide International,R32,R32,1.0,1.0,1.0,1.0,100.0,3,Adelaide,Adelaide International,2024-01-08,ATP250,Outdoor,Hard,1st Round,3,Lajovic D.,Kokkinakis T.,52,68.0,914,792.0,3.0,6.0,6.0,1.0,6.0,4.0,,,,,2.0,1.0,Completed,2.75,1.44,2.69,1.52,2.75,1.54,2.59,1.48,8744,62
8745,109,62,62,2024-01-08,2024-01-08,0,arnaldi|m / miralles|b <> arnaldi|m / zapata miralles|b,Adelaide,Adelaide International,R32,R32,1.0,1.0,1.0,1.0,100.0,3,Adelaide,Adelaide International,2024-01-08,ATP250,Outdoor,Hard,1st Round,3,Arnaldi M.,Zapata Miralles B.,41,77.0,1062,715.0,6.0,4.0,6.0,3.0,,,,,,,2.0,0.0,Completed,1.13,6.0,1.17,5.65,1.17,6.0,1.15,5.29,8745,63
8761,125,92,92,2024-01-08,2024-01-08,0,marozsan|f / monfils|g,Auckland,ASB Classic,R32,R32,0.3368421052631579,1.0,1.0,1.0,63.526315789473685,4,Auckland,ASB Classic,2024-01-08,ATP250,Outdoor,Hard,1st Round,3,Marozsan F.,Monfils G.,65,75.0,805,737.0,6.0,4.0,6.0,7.0,7.0,6.0,,,,,2.0,1.0,Completed,2.5,1.53,2.59,1.56,2.65,1.56,2.53,1.51,8761,64
8762,126,93,93,2024-01-08,2024-01-08,0,agut|r / baena|r <> agut|r / carballes baena|r <> baena|r / bautista agut|r <> bautista agut|r / carballes baena|r,Auckland,ASB Classic,R32,R32,0.3368421052631579,1.0,1.0,1.0,63.526315789473685,4,Auckland,ASB Classic,2024-01-08,ATP250,Outdoor,Hard,1st Round,3,Carballes Baena R.,Bautista Agut R.,67,51.0,796,916.0,6.0,4.0,6.0,3.0,,,,,,,2.0,0.0,Completed,6.0,1.13,6.1,1.16,6.1,1.17,5.55,1.14,8762,65
8764,128,90,90,2024-01-08,2024-01-08,0,bonzi|b / muller|a,Auckland,ASB Classic,R32,R32,0.3368421052631579,1.0,1.0,1.0,63.526315789473685,4,Auckland,ASB Classic,2024-01-08,ATP250,Outdoor,Hard,1st Round,3,Muller A.,Bonzi B.,79,110.0,711,588.0,6.0,3.0,7.0,5.0,,,,,,,2.0,0.0,Completed,2.0,1.8,2.02,1.88,2.1,1.88,1.97,1.82,8764,66
8768,132,91,91,2024-01-08,2024-01-08,0,borges|n / michelsen|a,Auckland,ASB Classic,R32,R32,0.3368421052631579,1.0,1.0,1.0,63.526315789473685,4,Auckland,ASB Classic,2024-01-08,ATP250,Outdoor,Hard,1st Round,3,Borges N.,Michelsen A.,66,92.0,799,659.0,0.0,6.0,7.0,6.0,6.0,3.0,,,,,2.0,1.0,Completed,2.75,1.44,2.74,1.51,2.8,1.51,2.64,1.47,8768,67
8770,134,89,89,2024-01-08,2024-01-08,0,eubanks|c / van de zandschulp|b,Auckland,ASB Classic,R32,R32,0.3368421052631579,1.0,1.0,1.0,63.526315789473685,4,Auckland,ASB Classic,2024-01-08,ATP250,Outdoor,Hard,1st Round,3,Van De Zandschulp B.,Eubanks C.,59,34.0,865,1235.0,7.0,6.0,6.0,2.0,,,,,,,2.0,0.0,Completed,1.44,2.75,1.44,2.98,1.46,3.1,1.41,2.83,8770,68
8771,135,88,88,2024-01-08,2024-01-08,0,gojo|b / tabilo|a,Auckland,ASB Classic,R32,R32,0.3368421052631579,1.0,1.0,1.0,63.526315789473685,4,Auckland,ASB Classic,2024-01-08,ATP250,Outdoor,Hard,1st Round,3,Tabilo A.,Gojo B.,82,91.0,707,664.0,1.0,6.0,6.0,3.0,6.0,2.0,,,,,2.0,1.0,Completed,2.63,1.5,2.52,1.58,2.63,1.58,2.47,1.53,8771,69
8772,136,87,87,2024-01-08,2024-01-08,0,van assche|l / wolf|j,Auckland,ASB Classic,R32,R32,0.3368421052631579,1.0,1.0,1.0,63.526315789473685,4,Auckland,ASB Classic,2024-01-08,ATP250,Outdoor,Hard,1st Round,3,Van Assche L.,Wolf J.J.,87,54.0,687,910.0,6.0,4.0,6.0,2.0,,,,,,,2.0,0.0,Completed,2.3,1.62,2.21,1.74,2.3,1.74,2.19,1.66,8772,70
8734,98,64,64,2024-01-08,2024-01-09,1,bolt|a / seyboth wild|t <> bolt|a / wild|t,Adelaide,Adelaide International,R32,R32,1.0,1.0,1.0,0.9523809523809523,99.76190476190476,3,Adelaide,Adelaide International,2024-01-09,ATP250,Outdoor,Hard,1st Round,3,Bolt A.,Seyboth Wild T.,325,78.0,159,714.0,6.0,3.0,6.0,2.0,,,,,,,2.0,0.0,Completed,1.73,2.1,1.93,1.96,1.93,2.1,1.83,1.96,8734,71
8737,101,65,65,2024-01-08,2024-01-09,1,acosta|f / thompson|j <> diaz acosta|f / thompson|j,Adelaide,Adelaide International,R32,R32,1.0,1.0,1.0,0.9523809523809523,99.76190476190476,3,Adelaide,Adelaide International,2024-01-09,ATP250,Outdoor,Hard,1st Round,3,Thompson J.,Diaz Acosta F.,47,93.0,982,655.0,6.0,2.0,6.0,2.0,,,,,,,2.0,0.0,Completed,1.2,4.5,1.22,4.76,1.28,4.76,1.22,4.25,8737,72
8738,102,69,69,2024-01-08,2024-01-09,1,evans|d / hijikata|r,Adelaide,Adelaide International,R32,R32,1.0,1.0,1.0,0.9523809523809523,99.76190476190476,3,Adelaide,Adelaide International,2024-01-09,ATP250,Outdoor,Hard,1st Round,3,Evans D.,Hijikata R.,40,70.0,1096,782.0,6.0,3.0,6.0,4.0,,,,,,,2.0,0.0,Completed,1.8,2.0,1.83,2.07,1.83,2.07,1.78,2.01,8738,73
8739,103,68,68,2024-01-08,2024-01-09,1,bublik|a / mccabe|j,Adelaide,Adelaide International,R32,R32,1.0,1.0,1.0,0.9523809523809523,99.76190476190476,3,Adelaide,Adelaide International,2024-01-09,ATP250,Outdoor,Hard,1st Round,3,Bublik A.,Mccabe J.,31,278.0,1369,207.0,6.0,2.0,6.0,3.0,,,,,,,2.0,0.0,Completed,1.3,3.5,1.29,3.97,1.35,4.07,1.28,3.6,8739,74
8742,106,66,66,2024-01-08,2024-01-09,1,hanfmann|y / sonego|l,Adelaide,Adelaide International,R32,R32,1.0,1.0,1.0,0.9523809523809523,99.76190476190476,3,Adelaide,Adelaide International,2024-01-09,ATP250,Outdoor,Hard,1st Round,3,Sonego L.,Hanfmann Y.,46,49.0,990,929.0,7.0,5.0,2.0,6.0,7.0,6.0,,,,,2.0,1.0,Completed,1.62,2.3,1.5,2.75,1.63,2.75,1.56,2.41,8742,75
8743,107,67,67,2024-01-08,2024-01-09,1,lehecka|j / walton|a,Adelaide,Adelaide International,R32,R32,1.0,1.0,1.0,0.9523809523809523,99.76190476190476,3,Adelaide,Adelaide International,2024-01-09,ATP250,Outdoor,Hard,1st Round,3,Lehecka J.,Walton A.,32,176.0,1337,348.0,6.0,1.0,6.0,3.0,,,,,,,2.0,0.0,Completed,1.3,3.5,1.35,3.43,1.35,3.75,1.31,3.37,8743,76
8755,119,97,97,2024-01-08,2024-01-09,1,cerundolo|f / muller|a,Auckland,ASB Classic,R16,R16,0.3368421052631579,1.0,1.0,0.9523809523809523,63.288220551378444,4,Auckland,ASB Classic,2024-01-09,ATP250,Outdoor,Hard,2nd Round,3,Muller A.,Cerundolo F.,79,22.0,711,1760.0,6.0,1.0,6.0,1.0,,,,,,,2.0,0.0,Completed,2.38,1.57,2.24,1.74,2.4,1.75,2.23,1.64,8755,77
8758,122,98,98,2024-01-08,2024-01-09,1,aliassime|f / altmaier|d <> altmaier|d / auger aliassime|f,Auckland,ASB Classic,R16,R16,0.3368421052631579,1.0,1.0,0.9523809523809523,63.288220551378444,4,Auckland,ASB Classic,2024-01-09,ATP250,Outdoor,Hard,2nd Round,3,Altmaier D.,Auger-Aliassime F.,57,27.0,906,1425.0,7.0,6.0,7.0,5.0,,,,,,,2.0,0.0,Completed,3.0,1.4,3.2,1.41,3.2,1.42,2.96,1.39,8758,78
8763,127,94,94,2024-01-08,2024-01-09,1,ofner|s / shapovalov|d,Auckland,ASB Classic,R32,R32,0.3368421052631579,1.0,1.0,0.9523809523809523,63.288220551378444,4,Auckland,ASB Classic,2024-01-09,ATP250,Outdoor,Hard,1st Round,3,Ofner S.,Shapovalov D.,37,116.0,1132,560.0,6.0,4.0,6.0,2.0,,,,,,,2.0,0.0,Completed,1.8,2.0,1.94,1.94,1.94,2.36,1.8,1.99,8763,79
8766,130,95,95,2024-01-08,2024-01-09,1,pannu|k / purcell|m,Auckland,ASB Classic,R32,R32,0.3368421052631579,1.0,1.0,0.9523809523809523,63.288220551378444,4,Auckland,ASB Classic,2024-01-09,ATP250,Outdoor,Hard,1st Round,3,Purcell M.,Pannu K.,45,716.0,1006,37.0,6.0,4.0,6.0,4.0,,,,,,,2.0,0.0,Completed,1.04,13.0,1.06,12.27,1.07,13.0,1.04,10.18,8766,80
8767,131,96,96,2024-01-08,2024-01-09,1,fils|a / gasquet|r,Auckland,ASB Classic,R32,R32,0.3368421052631579,1.0,1.0,0.9523809523809523,63.288220551378444,4,Auckland,ASB Classic,2024-01-09,ATP250,Outdoor,Hard,1st Round,3,Fils A.,Gasquet R.,35,76.0,1208,735.0,6.0,3.0,6.0,4.0,,,,,,,2.0,0.0,Completed,1.33,3.4,1.35,3.48,1.4,3.5,1.34,3.19,8767,81
8726,90,74,74,2024-01-08,2024-01-10,2,bolt|a / paul|t,Adelaide,Adelaide International,R16,R16,1.0,1.0,1.0,0.9047619047619048,99.52380952380952,3,Adelaide,Adelaide International,2024-01-10,ATP250,Outdoor,Hard,2nd Round,3,Paul T.,Bolt A.,14,325.0,2665,159.0,6.0,3.0,6.0,2.0,,,,,,,2.0,0.0,Completed,1.25,4.0,1.3,3.94,1.3,4.25,1.26,3.8,8726,82
8727,91,72,72,2024-01-08,2024-01-10,2,draper|j / kecmanovic|m,Adelaide,Adelaide International,R16,R16,1.0,1.0,1.0,0.9047619047619048,99.52380952380952,3,Adelaide,Adelaide International,2024-01-10,ATP250,Outdoor,Hard,2nd Round,3,Draper J.,Kecmanovic M.,62,55.0,836,910.0,5.0,7.0,7.0,6.0,7.0,6.0,,,,,2.0,1.0,Completed,1.44,2.75,1.48,2.86,1.5,2.86,1.44,2.73,8727,83
8728,92,77,77,2024-01-08,2024-01-10,2,musetti|l / thompson|j,Adelaide,Adelaide International,R16,R16,1.0,1.0,1.0,0.9047619047619048,99.52380952380952,3,Adelaide,Adelaide International,2024-01-10,ATP250,Outdoor,Hard,2nd Round,3,Musetti L.,Thompson J.,25,47.0,1435,982.0,6.0,4.0,6.0,1.0,,,,,,,2.0,0.0,Completed,2.38,1.57,2.49,1.61,2.49,1.63,2.33,1.59,8728,84
8729,93,76,76,2024-01-08,2024-01-10,2,bublik|a / evans|d,Adelaide,Adelaide International,R16,R16,1.0,1.0,1.0,0.9047619047619048,99.52380952380952,3,Adelaide,Adelaide International,2024-01-10,ATP250,Outdoor,Hard,2nd Round,3,Bublik A.,Evans D.,31,40.0,1369,1096.0,4.0,6.0,6.0,2.0,6.0,1.0,,,,,2.0,1.0,Completed,1.8,2.0,1.95,1.95,1.95,2.1,1.85,1.94,8729,85
8731,95,73,73,2024-01-08,2024-01-10,2,korda|s / sonego|l,Adelaide,Adelaide International,R16,R16,1.0,1.0,1.0,0.9047619047619048,99.52380952380952,3,Adelaide,Adelaide International,2024-01-10,ATP250,Outdoor,Hard,2nd Round,3,Korda S.,Sonego L.,29,46.0,1380,990.0,6.0,4.0,7.0,6.0,,,,,,,2.0,0.0,Completed,1.57,2.38,1.6,2.5,1.63,2.5,1.57,2.37,8731,86
8732,96,75,75,2024-01-08,2024-01-10,2,lajovic|d / lehecka|j,Adelaide,Adelaide International,R16,R16,1.0,1.0,1.0,0.9047619047619048,99.52380952380952,3,Adelaide,Adelaide International,2024-01-10,ATP250,Outdoor,Hard,2nd Round,3,Lehecka J.,Lajovic D.,32,52.0,1337,914.0,7.0,5.0,4.0,6.0,6.0,3.0,,,,,2.0,1.0,Completed,1.4,3.0,1.47,2.9,1.49,3.0,1.44,2.73,8732,87
8733,97,71,71,2024-01-08,2024-01-10,2,arnaldi|m / jarry|n,Adelaide,Adelaide International,R16,R16,1.0,1.0,1.0,0.9047619047619048,99.52380952380952,3,Adelaide,Adelaide International,2024-01-10,ATP250,Outdoor,Hard,2nd Round,3,Jarry N.,Arnaldi M.,18,41.0,1830,1062.0,6.0,7.0,7.0,6.0,6.0,4.0,,,,,2.0,1.0,Completed,1.73,2.1,1.81,2.13,1.84,2.13,1.77,2.03,8733,88
8750,114,105,105,2024-01-08,2024-01-10,2,daniel|t / muller|a,Auckland,ASB Classic,QF,QF,0.3368421052631579,1.0,1.0,0.9047619047619048,63.05012531328321,4,Auckland,ASB Classic,2024-01-10,ATP250,Outdoor,Hard,Quarterfinals,3,Daniel T.,Muller A.,74,79.0,739,711.0,6.0,4.0,6.0,7.0,6.0,3.0,,,,,2.0,1.0,Completed,1.91,1.91,1.91,2.0,2.03,2.04,1.86,1.93,8750,89
8753,117,100,100,2024-01-08,2024-01-10,2,marozsan|f / shelton|b,Auckland,ASB Classic,R16,R16,0.3368421052631579,1.0,1.0,0.9047619047619048,63.05012531328321,4,Auckland,ASB Classic,2024-01-10,ATP250,Outdoor,Hard,2nd Round,3,Shelton B.,Marozsan F.,16,65.0,2145,805.0,6.0,3.0,6.0,4.0,,,,,,,2.0,0.0,Completed,1.44,2.75,1.5,2.79,1.53,2.88,1.46,2.69,8753,90
8754,118,101,101,2024-01-08,2024-01-10,2,baena|r / ofner|s <> carballes baena|r / ofner|s,Auckland,ASB Classic,R16,R16,0.3368421052631579,1.0,1.0,0.9047619047619048,63.05012531328321,4,Auckland,ASB Classic,2024-01-10,ATP250,Outdoor,Hard,2nd Round,3,Carballes Baena R.,Ofner S.,67,37.0,796,1132.0,7.0,5.0,6.0,3.0,,,,,,,2.0,0.0,Completed,3.5,1.3,3.35,1.38,3.6,1.38,3.33,1.32,8754,91
8756,120,99,99,2024-01-08,2024-01-10,2,daniel|t / purcell|m,Auckland,ASB Classic,R16,R16,0.3368421052631579,1.0,1.0,0.9047619047619048,63.05012531328321,4,Auckland,ASB Classic,2024-01-10,ATP250,Outdoor,Hard,2nd Round,3,Daniel T.,Purcell M.,74,45.0,739,1006.0,6.0,2.0,6.0,4.0,,,,,,,2.0,0.0,Completed,2.2,1.67,2.22,1.74,2.25,1.74,2.15,1.68,8756,92
8757,121,102,102,2024-01-08,2024-01-10,2,borges|n / fils|a,Auckland,ASB Classic,R16,R16,0.3368421052631579,1.0,1.0,0.9047619047619048,63.05012531328321,4,Auckland,ASB Classic,2024-01-10,ATP250,Outdoor,Hard,2nd Round,3,Fils A.,Borges N.,35,66.0,1208,799.0,6.0,2.0,6.0,0.0,,,,,,,2.0,0.0,Completed,1.25,4.0,1.27,4.23,1.3,4.23,1.26,3.75,8757,93
8759,123,103,103,2024-01-08,2024-01-10,2,tabilo|a / van de zandschulp|b,Auckland,ASB Classic,R16,R16,0.3368421052631579,1.0,1.0,0.9047619047619048,63.05012531328321,4,Auckland,ASB Classic,2024-01-10,ATP250,Outdoor,Hard,2nd Round,3,Tabilo A.,Van De Zandschulp B.,82,59.0,707,865.0,7.0,5.0,6.0,3.0,,,,,,,2.0,0.0,Completed,2.75,1.44,2.8,1.5,2.8,1.5,2.71,1.45,8759,94
8760,124,104,104,2024-01-08,2024-01-10,2,norrie|c / van assche|l,Auckland,ASB Classic,R16,R16,0.3368421052631579,1.0,1.0,0.9047619047619048,63.05012531328321,4,Auckland,ASB Classic,2024-01-10,ATP250,Outdoor,Hard,2nd Round,3,Norrie C.,Van Assche L.,19,87.0,1810,687.0,6.0,3.0,6.0,7.0,6.0,1.0,,,,,2.0,1.0,Completed,1.4,3.0,1.41,3.15,1.44,3.15,1.4,2.91,8760,95
8722,86,81,81,2024-01-08,2024-01-11,3,draper|j / paul|t,Adelaide,Adelaide International,QF,QF,1.0,1.0,1.0,0.8571428571428572,99.28571428571429,3,Adelaide,Adelaide International,2024-01-11,ATP250,Outdoor,Hard,Quarterfinals,3,Draper J.,Paul T.,62,14.0,836,2665.0,6.0,1.0,6.0,4.0,,,,,,,2.0,0.0,Completed,2.2,1.67,2.09,1.83,2.26,1.83,2.16,1.69,8722,96
8723,87,80,80,2024-01-08,2024-01-11,3,bublik|a / musetti|l,Adelaide,Adelaide International,QF,QF,1.0,1.0,1.0,0.8571428571428572,99.28571428571429,3,Adelaide,Adelaide International,2024-01-11,ATP250,Outdoor,Hard,Quarterfinals,3,Bublik A.,Musetti L.,31,25.0,1369,1435.0,6.0,3.0,6.0,7.0,7.0,5.0,,,,,2.0,1.0,Completed,1.91,1.91,1.99,1.92,1.99,2.0,1.9,1.89,8723,97
8725,89,79,79,2024-01-08,2024-01-11,3,jarry|n / lehecka|j,Adelaide,Adelaide International,QF,QF,1.0,1.0,1.0,0.8571428571428572,99.28571428571429,3,Adelaide,Adelaide International,2024-01-11,ATP250,Outdoor,Hard,Quarterfinals,3,Lehecka J.,Jarry N.,32,18.0,1337,1830.0,6.0,4.0,7.0,5.0,,,,,,,2.0,0.0,Completed,2.0,1.8,2.05,1.87,2.2,1.87,2.04,1.76,8725,98
8749,113,106,106,2024-01-08,2024-01-11,3,baena|r / shelton|b <> carballes baena|r / shelton|b,Auckland,ASB Classic,QF,QF,0.3368421052631579,1.0,1.0,0.8571428571428572,62.81203007518797,4,Auckland,ASB Classic,2024-01-11,ATP250,Outdoor,Hard,Quarterfinals,3,Shelton B.,Carballes Baena R.,16,67.0,2145,796.0,6.0,4.0,6.0,3.0,,,,,,,2.0,0.0,Completed,1.17,5.0,1.18,5.69,1.21,5.69,1.17,5.0,8749,99
8751,115,108,108,2024-01-08,2024-01-11,3,altmaier|d / fils|a,Auckland,ASB Classic,QF,QF,0.3368421052631579,1.0,1.0,0.8571428571428572,62.81203007518797,4,Auckland,ASB Classic,2024-01-11,ATP250,Outdoor,Hard,Quarterfinals,3,Fils A.,Altmaier D.,35,57.0,1208,906.0,7.0,6.0,1.0,0.0,,,,,,,1.0,0.0,Retired,1.29,3.75,1.31,3.83,1.31,3.85,1.29,3.6,8751,100
8752,116,107,107,2024-01-08,2024-01-11,3,norrie|c / tabilo|a,Auckland,ASB Classic,QF,QF,0.3368421052631579,1.0,1.0,0.8571428571428572,62.81203007518797,4,Auckland,ASB Classic,2024-01-11,ATP250,Outdoor,Hard,Quarterfinals,3,Tabilo A.,Norrie C.,82,19.0,707,1810.0,,,,,,,,,,,,,Walkover,3.4,1.33,3.27,1.39,3.5,1.39,3.26,1.33,8752,101
8720,84,83,83,2024-01-08,2024-01-12,4,bublik|a / draper|j,Adelaide,Adelaide International,SF,SF,1.0,1.0,1.0,0.8095238095238095,99.04761904761905,3,Adelaide,Adelaide International,2024-01-12,ATP250,Outdoor,Hard,Semifinals,3,Draper J.,Bublik A.,62,31.0,836,1369.0,7.0,6.0,6.0,4.0,,,,,,,2.0,0.0,Completed,1.44,2.75,1.46,2.96,1.48,2.99,1.44,2.77,8720,102
8721,85,82,82,2024-01-08,2024-01-12,4,korda|s / lehecka|j,Adelaide,Adelaide International,SF,SF,1.0,1.0,1.0,0.8095238095238095,99.04761904761905,3,Adelaide,Adelaide International,2024-01-12,ATP250,Outdoor,Hard,Semifinals,3,Lehecka J.,Korda S.,32,29.0,1337,1380.0,6.0,2.0,6.0,1.0,,,,,,,2.0,0.0,Completed,2.5,1.53,2.48,1.61,2.5,1.61,2.39,1.57,8721,103
8747,111,109,109,2024-01-08,2024-01-12,4,daniel|t / shelton|b,Auckland,ASB Classic,SF,SF,0.3368421052631579,1.0,1.0,0.8095238095238095,62.573934837092736,4,Auckland,ASB Classic,2024-01-12,ATP250,Outdoor,Hard,Semifinals,3,Daniel T.,Shelton B.,74,16.0,739,2145.0,7.0,5.0,7.0,6.0,,,,,,,2.0,0.0,Completed,4.33,1.22,4.39,1.26,4.46,1.28,4.02,1.24,8747,104
8748,112,110,110,2024-01-08,2024-01-12,4,fils|a / tabilo|a,Auckland,ASB Classic,SF,SF,0.3368421052631579,1.0,1.0,0.8095238095238095,62.573934837092736,4,Auckland,ASB Classic,2024-01-12,ATP250,Outdoor,Hard,Semifinals,3,Tabilo A.,Fils A.,82,35.0,707,1208.0,6.0,2.0,7.0,5.0,,,,,,,2.0,0.0,Completed,4.0,1.25,4.22,1.27,4.22,1.32,3.72,1.27,8748,105
8719,83,84,84,2024-01-08,2024-01-13,5,draper|j / lehecka|j,Adelaide,Adelaide International,F,F,1.0,1.0,1.0,0.7619047619047619,98.80952380952381,3,Adelaide,Adelaide International,2024-01-13,ATP250,Outdoor,Hard,The Final,3,Lehecka J.,Draper J.,32,62.0,1337,836.0,4.0,6.0,6.0,4.0,6.0,3.0,,,,,2.0,1.0,Completed,2.3,1.62,2.45,1.63,2.45,1.63,2.32,1.6,8719,106
8746,110,111,111,2024-01-08,2024-01-13,5,daniel|t / tabilo|a,Auckland,ASB Classic,F,F,0.3368421052631579,1.0,1.0,0.7619047619047619,62.335839598997495,4,Auckland,ASB Classic,2024-01-13,ATP250,Outdoor,Hard,The Final,3,Tabilo A.,Daniel T.,82,74.0,707,739.0,6.0,2.0,7.0,5.0,,,,,,,2.0,0.0,Completed,2.1,1.73,2.08,1.84,2.15,1.84,2.03,1.77,8746,107
8773,137,126,126,2024-01-15,2024-01-14,-1,djokovic|n / prizmic|d,Australian Open,Australian Open,R128,R128,1.0,1.0,1.0,0.6666666666666667,98.33333333333333,5,Melbourne,Australian Open,2024-01-14,Grand Slam,Outdoor,Hard,1st Round,5,Djokovic N.,Prizmic D.,1,187.0,11055,321.0,6.0,2.0,6.0,7.0,6.0,3.0,6.0,4.0,,,3.0,1.0,Completed,1.01,34.0,1.02,31.46,1.03,34.0,1.01,21.89,8773,108
8778,142,113,113,2024-01-15,2024-01-14,-1,munar|j / shevchenko|a,Australian Open,Australian Open,R128,R128,1.0,1.0,1.0,0.6666666666666667,98.33333333333333,5,Melbourne,Australian Open,2024-01-14,Grand Slam,Outdoor,Hard,1st Round,5,Munar J.,Shevchenko A.,82,48.0,706,975.0,6.0,3.0,6.0,3.0,6.0,1.0,,,,,3.0,0.0,Completed,3.2,1.36,3.06,1.43,3.51,1.48,3.0,1.4,8778,109
8781,145,123,123,2024-01-15,2024-01-14,-1,acosta|f / fritz|t <> diaz acosta|f / fritz|t,Australian Open,Australian Open,R128,R128,1.0,1.0,1.0,0.6666666666666667,98.33333333333333,5,Melbourne,Australian Open,2024-01-14,Grand Slam,Outdoor,Hard,1st Round,5,Fritz T.,Diaz Acosta F.,12,90.0,2840,661.0,4.0,6.0,6.0,3.0,3.0,6.0,6.0,2.0,6.0,4.0,3.0,2.0,Completed,1.03,15.0,1.04,17.97,1.05,32.26,1.03,14.76,8781,110
8783,147,117,117,2024-01-15,2024-01-14,-1,cilic|m / marozsan|f,Australian Open,Australian Open,R128,R128,1.0,1.0,1.0,0.6666666666666667,98.33333333333333,5,Melbourne,Australian Open,2024-01-14,Grand Slam,Outdoor,Hard,1st Round,5,Marozsan F.,Cilic M.,67,,823,,6.0,1.0,2.0,6.0,6.0,2.0,7.0,5.0,,,3.0,1.0,Completed,1.73,2.1,1.76,2.19,1.78,2.22,1.74,2.11,8783,111
8784,148,116,116,2024-01-15,2024-01-14,-1,cerundolo|f / sweeny|d,Australian Open,Australian Open,R128,R128,1.0,1.0,1.0,0.6666666666666667,98.33333333333333,5,Melbourne,Australian Open,2024-01-14,Grand Slam,Outdoor,Hard,1st Round,5,Cerundolo F.,Sweeny D.,21,257.0,1760,228.0,3.0,6.0,6.0,3.0,6.0,4.0,2.0,6.0,6.0,2.0,3.0,2.0,Completed,1.36,3.2,1.4,3.21,1.4,3.46,1.35,3.22,8784,112
8789,153,114,114,2024-01-15,2024-01-14,-1,sinner|j / van de zandschulp|b,Australian Open,Australian Open,R128,R128,1.0,1.0,1.0,0.6666666666666667,98.33333333333333,5,Melbourne,Australian Open,2024-01-14,Grand Slam,Outdoor,Hard,1st Round,5,Sinner J.,Van De Zandschulp B.,4,59.0,6490,890.0,6.0,4.0,7.0,5.0,6.0,3.0,,,,,3.0,0.0,Completed,1.06,10.0,1.06,13.9,1.08,15.96,1.05,10.8,8789,113
8790,154,121,121,2024-01-15,2024-01-14,-1,cachin|p / de jong|j,Australian Open,Australian Open,R128,R128,1.0,1.0,1.0,0.6666666666666667,98.33333333333333,5,Melbourne,Australian Open,2024-01-14,Grand Slam,Outdoor,Hard,1st Round,5,De Jong J.,Cachin P.,161,74.0,393,763.0,4.0,6.0,6.0,2.0,6.0,3.0,6.0,4.0,,,3.0,1.0,Completed,1.36,3.2,1.35,3.55,1.43,3.55,1.37,3.12,8790,114
8791,155,124,124,2024-01-15,2024-01-14,-1,galan|d / kubler|j,Australian Open,Australian Open,R128,R128,1.0,1.0,1.0,0.6666666666666667,98.33333333333333,5,Melbourne,Australian Open,2024-01-14,Grand Slam,Outdoor,Hard,1st Round,5,Galan D.E.,Kubler J.,87,113.0,676,561.0,2.0,6.0,6.0,3.0,7.0,6.0,4.0,6.0,7.0,6.0,3.0,2.0,Completed,2.5,1.53,2.49,1.61,2.65,1.61,2.46,1.55,8791,115
8792,156,122,122,2024-01-15,2024-01-14,-1,baez|s / wolf|j,Australian Open,Australian Open,R128,R128,1.0,1.0,1.0,0.6666666666666667,98.33333333333333,5,Melbourne,Australian Open,2024-01-14,Grand Slam,Outdoor,Hard,1st Round,5,Baez S.,Wolf J.J.,29,57.0,1435,900.0,3.0,6.0,6.0,2.0,6.0,3.0,3.0,0.0,,,2.0,1.0,Retired,2.38,1.57,2.45,1.62,2.46,1.62,2.38,1.58,8792,116
8793,157,127,127,2024-01-15,2024-01-14,-1,coric|b / tiafoe|f,Australian Open,Australian Open,R128,R128,1.0,1.0,1.0,0.6666666666666667,98.33333333333333,5,Melbourne,Australian Open,2024-01-14,Grand Slam,Outdoor,Hard,1st Round,5,Tiafoe F.,Coric B.,17,40.0,2100,1100.0,6.0,3.0,7.0,6.0,2.0,6.0,6.0,3.0,,,3.0,1.0,Completed,1.53,2.5,1.56,2.6,1.59,2.6,1.54,2.48,8793,117
8794,158,119,119,2024-01-15,2024-01-14,-1,machac|t / mochizuki|s,Australian Open,Australian Open,R128,R128,1.0,1.0,1.0,0.6666666666666667,98.33333333333333,5,Melbourne,Australian Open,2024-01-14,Grand Slam,Outdoor,Hard,1st Round,5,Machac T.,Mochizuki S.,75,136.0,748,457.0,7.0,5.0,6.0,1.0,7.0,5.0,,,,,3.0,0.0,Completed,1.25,4.0,1.3,3.92,1.31,4.0,1.27,3.82,8794,118
8798,162,112,112,2024-01-15,2024-01-14,-1,arnaldi|m / walton|a,Australian Open,Australian Open,R128,R128,1.0,1.0,1.0,0.6666666666666667,98.33333333333333,5,Melbourne,Australian Open,2024-01-14,Grand Slam,Outdoor,Hard,1st Round,5,Arnaldi M.,Walton A.,41,174.0,1077,354.0,7.0,6.0,6.0,2.0,6.0,4.0,,,,,3.0,0.0,Completed,1.2,4.5,1.22,4.84,1.23,4.84,1.21,4.48,8798,119
8799,163,115,115,2024-01-15,2024-01-14,-1,kotov|p / rinderknech|a,Australian Open,Australian Open,R128,R128,1.0,1.0,1.0,0.6666666666666667,98.33333333333333,5,Melbourne,Australian Open,2024-01-14,Grand Slam,Outdoor,Hard,1st Round,5,Kotov P.,Rinderknech A.,65,94.0,835,629.0,7.0,5.0,6.0,1.0,6.0,7.0,6.0,7.0,6.0,3.0,3.0,2.0,Completed,1.62,2.3,1.69,2.3,1.72,2.37,1.67,2.23,8799,120
8802,166,125,125,2024-01-15,2024-01-14,-1,halys|q / harris|l,Australian Open,Australian Open,R128,R128,1.0,1.0,1.0,0.6666666666666667,98.33333333333333,5,Melbourne,Australian Open,2024-01-14,Grand Slam,Outdoor,Hard,1st Round,5,Halys Q.,Harris L.,110,167.0,575,371.0,4.0,6.0,7.0,6.0,7.0,5.0,7.0,6.0,,,3.0,1.0,Completed,3.2,1.36,3.59,1.34,3.59,1.4,3.34,1.33,8802,121
8804,168,118,118,2024-01-15,2024-01-14,-1,rublev|a / seyboth wild|t <> rublev|a / wild|t,Australian Open,Australian Open,R128,R128,1.0,1.0,1.0,0.6666666666666667,98.33333333333333,5,Melbourne,Australian Open,2024-01-14,Grand Slam,Outdoor,Hard,1st Round,5,Rublev A.,Seyboth Wild T.,5,77.0,5010,718.0,7.0,5.0,6.0,4.0,3.0,6.0,4.0,6.0,7.0,6.0,3.0,2.0,Completed,1.03,17.0,1.03,25.21,1.04,25.34,1.02,16.12,8804,122
8774,138,136,136,2024-01-15,2024-01-15,0,polmans|m / popyrin|a,Australian Open,Australian Open,R128,R128,1.0,1.0,1.0,1.0,100.0,5,Melbourne,Australian Open,2024-01-15,Grand Slam,Outdoor,Hard,1st Round,5,Popyrin A.,Polmans M.,43,154.0,1052,406.0,6.0,3.0,7.0,6.0,6.0,2.0,,,,,3.0,0.0,Completed,1.17,5.0,1.2,5.18,1.21,5.5,1.17,5.03,8774,123
8775,139,147,147,2024-01-15,2024-01-15,0,hanfmann|y / monfils|g,Australian Open,Australian Open,R128,R128,1.0,1.0,1.0,1.0,100.0,5,Melbourne,Australian Open,2024-01-15,Grand Slam,Outdoor,Hard,1st Round,5,Monfils G.,Hanfmann Y.,76,52.0,737,929.0,6.0,4.0,6.0,3.0,7.0,5.0,,,,,3.0,0.0,Completed,1.53,2.5,1.53,2.7,1.54,2.75,1.51,2.59,8775,124
8776,140,146,146,2024-01-15,2024-01-15,0,etcheverry|t / murray|a,Australian Open,Australian Open,R128,R128,1.0,1.0,1.0,1.0,100.0,5,Melbourne,Australian Open,2024-01-15,Grand Slam,Outdoor,Hard,1st Round,5,Etcheverry T.,Murray A.,32,44.0,1375,1050.0,6.0,4.0,6.0,2.0,6.0,2.0,,,,,3.0,0.0,Completed,2.2,1.67,2.42,1.64,2.42,1.68,2.3,1.62,8776,125
8777,141,137,137,2024-01-15,2024-01-15,0,mannarino|a / wawrinka|s,Australian Open,Australian Open,R128,R128,1.0,1.0,1.0,1.0,100.0,5,Melbourne,Australian Open,2024-01-15,Grand Slam,Outdoor,Hard,1st Round,5,Mannarino A.,Wawrinka S.,19,56.0,1765,907.0,6.0,4.0,3.0,6.0,5.0,7.0,6.0,3.0,6.0,0.0,3.0,2.0,Completed,1.4,3.0,1.49,2.84,1.49,3.01,1.43,2.84,8777,126
8780,144,134,134,2024-01-15,2024-01-15,0,agut|r / shelton|b <> bautista agut|r / shelton|b,Australian Open,Australian Open,R128,R128,1.0,1.0,1.0,1.0,100.0,5,Melbourne,Australian Open,2024-01-15,Grand Slam,Outdoor,Hard,1st Round,5,Shelton B.,Bautista Agut R.,16,72.0,2225,776.0,6.0,2.0,7.0,6.0,7.0,5.0,,,,,3.0,0.0,Completed,1.33,3.4,1.45,2.98,1.5,3.4,1.42,2.9,8780,127
8782,146,132,132,2024-01-15,2024-01-15,0,baena|r / gaston|h <> carballes baena|r / gaston|h,Australian Open,Australian Open,R128,R128,1.0,1.0,1.0,1.0,100.0,5,Melbourne,Australian Open,2024-01-15,Grand Slam,Outdoor,Hard,1st Round,5,Gaston H.,Carballes Baena R.,97,63.0,626,846.0,6.0,3.0,6.0,2.0,3.0,6.0,6.0,4.0,,,3.0,1.0,Completed,2.2,1.67,2.41,1.64,2.41,1.7,2.29,1.63,8782,128
8785,149,130,130,2024-01-15,2024-01-15,0,bonzi|b / musetti|l,Australian Open,Australian Open,R128,R128,1.0,1.0,1.0,1.0,100.0,5,Melbourne,Australian Open,2024-01-15,Grand Slam,Outdoor,Hard,1st Round,5,Musetti L.,Bonzi B.,28,106.0,1440,588.0,7.0,6.0,7.0,6.0,4.0,6.0,6.0,2.0,,,3.0,1.0,Completed,1.36,3.2,1.32,3.73,1.4,3.73,1.35,3.25,8785,129
8786,150,138,138,2024-01-15,2024-01-15,0,duckworth|j / van assche|l,Australian Open,Australian Open,R128,R128,1.0,1.0,1.0,1.0,100.0,5,Melbourne,Australian Open,2024-01-15,Grand Slam,Outdoor,Hard,1st Round,5,Van Assche L.,Duckworth J.,79,95.0,715,628.0,6.0,7.0,6.0,3.0,3.0,6.0,6.0,3.0,6.0,3.0,3.0,2.0,Completed,1.73,2.1,1.93,1.98,1.93,2.12,1.82,2.0,8786,130
8787,151,142,142,2024-01-15,2024-01-15,0,thompson|j / vukic|a,Australian Open,Australian Open,R128,R128,1.0,1.0,1.0,1.0,100.0,5,Melbourne,Australian Open,2024-01-15,Grand Slam,Outdoor,Hard,1st Round,5,Thompson J.,Vukic A.,47,64.0,982,835.0,3.0,6.0,7.0,6.0,6.0,2.0,3.0,6.0,6.0,4.0,3.0,2.0,Completed,1.4,3.0,1.35,3.54,1.4,3.56,1.35,3.24,8787,131
8788,152,139,139,2024-01-15,2024-01-15,0,bergs|z / tsitsipas|s,Australian Open,Australian Open,R128,R128,1.0,1.0,1.0,1.0,100.0,5,Melbourne,Australian Open,2024-01-15,Grand Slam,Outdoor,Hard,1st Round,5,Tsitsipas S.,Bergs Z.,7,129.0,4025,508.0,5.0,7.0,6.0,1.0,6.0,1.0,6.0,3.0,,,3.0,1.0,Completed,1.1,7.0,1.12,7.79,1.12,8.9,1.09,7.42,8788,132
8795,159,143,143,2024-01-15,2024-01-15,0,kovacevic|a / tabilo|a,Australian Open,Australian Open,R128,R128,1.0,1.0,1.0,1.0,100.0,5,Melbourne,Australian Open,2024-01-15,Grand Slam,Outdoor,Hard,1st Round,5,Kovacevic A.,Tabilo A.,101,49.0,611,970.0,6.0,7.0,7.0,6.0,1.0,6.0,6.0,1.0,6.0,3.0,3.0,2.0,Completed,2.2,1.67,2.5,1.6,2.5,1.7,2.32,1.62,8795,133
8796,160,141,141,2024-01-15,2024-01-15,0,altmaier|d / khachanov|k,Australian Open,Australian Open,R128,R128,1.0,1.0,1.0,1.0,100.0,5,Melbourne,Australian Open,2024-01-15,Grand Slam,Outdoor,Hard,1st Round,5,Khachanov K.,Altmaier D.,15,50.0,2430,946.0,5.0,7.0,6.0,3.0,7.0,6.0,7.0,6.0,,,3.0,1.0,Completed,1.22,4.33,1.22,4.95,1.25,4.95,1.21,4.48,8796,134
8797,161,151,151,2024-01-15,2024-01-15,0,de minaur|a / raonic|m,Australian Open,Australian Open,R128,R128,1.0,1.0,1.0,1.0,100.0,5,Melbourne,Australian Open,2024-01-15,Grand Slam,Outdoor,Hard,1st Round,5,De Minaur A.,Raonic M.,10,319.0,2950,165.0,6.0,7.0,6.0,3.0,2.0,0.0,,,,,1.0,1.0,Retired,1.11,6.5,1.1,8.66,1.12,8.66,1.1,7.15,8797,135
8800,164,131,131,2024-01-15,2024-01-15,0,cobolli|f / jarry|n,Australian Open,Australian Open,R128,R128,1.0,1.0,1.0,1.0,100.0,5,Melbourne,Australian Open,2024-01-15,Grand Slam,Outdoor,Hard,1st Round,5,Cobolli F.,Jarry N.,100,18.0,617,1870.0,6.0,4.0,3.0,6.0,6.0,3.0,2.0,6.0,7.0,5.0,3.0,2.0,Completed,4.5,1.2,4.46,1.25,4.73,1.26,4.24,1.23,8800,136
8801,165,128,128,2024-01-15,2024-01-15,0,kopriva|v / korda|s,Australian Open,Australian Open,R128,R128,1.0,1.0,1.0,1.0,100.0,5,Melbourne,Australian Open,2024-01-15,Grand Slam,Outdoor,Hard,1st Round,5,Korda S.,Kopriva V.,26,132.0,1480,498.0,6.0,1.0,6.0,4.0,2.0,6.0,4.0,6.0,6.0,2.0,3.0,2.0,Completed,1.08,8.0,1.08,10.76,1.11,10.76,1.08,8.5,8801,137
8803,167,145,145,2024-01-15,2024-01-15,0,daniel|t / eubanks|c,Australian Open,Australian Open,R128,R128,1.0,1.0,1.0,1.0,100.0,5,Melbourne,Australian Open,2024-01-15,Grand Slam,Outdoor,Hard,1st Round,5,Eubanks C.,Daniel T.,35,58.0,1215,893.0,6.0,4.0,6.0,2.0,6.0,3.0,,,,,3.0,0.0,Completed,2.2,1.67,2.53,1.59,2.6,1.68,2.37,1.59,8803,138
8809,173,148,148,2024-01-15,2024-01-15,0,goffin|d / humbert|u,Australian Open,Australian Open,R128,R128,1.0,1.0,1.0,1.0,100.0,5,Melbourne,Australian Open,2024-01-15,Grand Slam,Outdoor,Hard,1st Round,5,Humbert U.,Goffin D.,20,112.0,1765,570.0,6.0,2.0,7.0,5.0,5.0,7.0,6.0,3.0,,,3.0,1.0,Completed,1.36,3.2,1.42,3.12,1.46,3.2,1.39,3.0,8809,139
8811,175,140,140,2024-01-15,2024-01-15,0,mensik|j / shapovalov|d,Australian Open,Australian Open,R128,R128,1.0,1.0,1.0,1.0,100.0,5,Melbourne,Australian Open,2024-01-15,Grand Slam,Outdoor,Hard,1st Round,5,Mensik J.,Shapovalov D.,142,114.0,433,560.0,6.0,3.0,7.0,5.0,7.0,5.0,,,,,3.0,0.0,Completed,1.62,2.3,1.74,2.22,1.74,2.32,1.67,2.22,8811,140
8812,176,152,152,2024-01-15,2024-01-15,0,hurkacz|h / jasika|o,Australian Open,Australian Open,R128,R128,1.0,1.0,1.0,1.0,100.0,5,Melbourne,Australian Open,2024-01-15,Grand Slam,Outdoor,Hard,1st Round,5,Hurkacz H.,Jasika O.,9,343.0,3320,148.0,7.0,6.0,6.0,4.0,6.0,2.0,,,,,3.0,0.0,Completed,1.02,19.0,1.03,20.95,1.03,21.63,1.02,15.59,8812,141
8815,179,149,149,2024-01-15,2024-01-15,0,borges|n / marterer|m,Australian Open,Australian Open,R128,R128,1.0,1.0,1.0,1.0,100.0,5,Melbourne,Australian Open,2024-01-15,Grand Slam,Outdoor,Hard,1st Round,5,Borges N.,Marterer M.,69,96.0,814,626.0,7.0,5.0,7.0,6.0,6.0,2.0,,,,,3.0,0.0,Completed,2.0,1.8,2.24,1.73,2.24,1.82,2.12,1.74,8815,142
8816,180,135,135,2024-01-15,2024-01-15,0,davidovich fokina|a / lestienne|c <> fokina|a / lestienne|c,Australian Open,Australian Open,R128,R128,1.0,1.0,1.0,1.0,100.0,5,Melbourne,Australian Open,2024-01-15,Grand Slam,Outdoor,Hard,1st Round,5,Davidovich Fokina A.,Lestienne C.,24,99.0,1530,619.0,6.0,4.0,6.0,4.0,7.0,6.0,,,,,3.0,0.0,Completed,1.17,5.0,1.25,4.46,1.25,5.5,1.19,4.82,8816,143
8817,181,154,154,2024-01-15,2024-01-15,0,aliassime|f / thiem|d <> auger aliassime|f / thiem|d,Australian Open,Australian Open,R128,R128,1.0,1.0,1.0,1.0,100.0,5,Melbourne,Australian Open,2024-01-15,Grand Slam,Outdoor,Hard,1st Round,5,Auger-Aliassime F.,Thiem D.,30,92.0,1425,654.0,6.0,3.0,7.0,5.0,6.0,7.0,5.0,7.0,6.0,3.0,3.0,2.0,Completed,1.44,2.75,1.45,2.97,1.5,3.01,1.45,2.8,8817,144
8818,182,150,150,2024-01-15,2024-01-15,0,grenier|h / muller|a,Australian Open,Australian Open,R128,R128,1.0,1.0,1.0,1.0,100.0,5,Melbourne,Australian Open,2024-01-15,Grand Slam,Outdoor,Hard,1st Round,5,Grenier H.,Muller A.,178,73.0,340,774.0,2.0,6.0,7.0,6.0,4.0,6.0,6.0,4.0,7.0,6.0,3.0,2.0,Completed,3.2,1.36,3.19,1.41,3.32,1.41,3.1,1.38,8818,145
8819,183,129,129,2024-01-15,2024-01-15,0,kypson|p / ruusuvuori|e,Australian Open,Australian Open,R128,R128,1.0,1.0,1.0,1.0,100.0,5,Melbourne,Australian Open,2024-01-15,Grand Slam,Outdoor,Hard,1st Round,5,Ruusuvuori E.,Kypson P.,53,183.0,921,330.0,4.0,6.0,6.0,3.0,6.0,4.0,7.0,6.0,,,3.0,1.0,Completed,1.1,7.0,1.12,7.85,1.14,8.17,1.11,6.76,8819,146
8820,184,133,133,2024-01-15,2024-01-15,0,atmane|t / medvedev|d,Australian Open,Australian Open,R128,R128,1.0,1.0,1.0,1.0,100.0,5,Melbourne,Australian Open,2024-01-15,Grand Slam,Outdoor,Hard,1st Round,5,Medvedev D.,Atmane T.,3,144.0,7555,429.0,5.0,7.0,6.0,2.0,6.0,4.0,1.0,0.0,,,2.0,1.0,Retired,1.01,23.0,1.02,29.45,1.03,29.45,1.02,17.02,8820,147
8831,195,153,153,2024-01-15,2024-01-15,0,kecmanovic|m / watanuki|y,Australian Open,Australian Open,R128,R128,1.0,1.0,1.0,1.0,100.0,5,Melbourne,Australian Open,2024-01-15,Grand Slam,Outdoor,Hard,1st Round,5,Kecmanovic M.,Watanuki Y.,60,102.0,890,610.0,4.0,6.0,7.0,5.0,6.0,3.0,6.0,4.0,,,3.0,1.0,Completed,1.3,3.5,1.33,3.67,1.33,3.67,1.31,3.49,8831,148
8832,196,155,155,2024-01-15,2024-01-15,0,hijikata|r / struff|j,Australian Open,Australian Open,R128,R128,1.0,1.0,1.0,1.0,100.0,5,Melbourne,Australian Open,2024-01-15,Grand Slam,Outdoor,Hard,1st Round,5,Struff J.L.,Hijikata R.,25,71.0,1511,782.0,3.0,6.0,6.0,3.0,6.0,2.0,6.0,7.0,7.0,6.0,3.0,2.0,Completed,1.62,2.3,1.68,2.34,1.7,2.44,1.61,2.33,8832,149
8805,169,168,168,2024-01-15,2024-01-16,1,nishioka|y / rune|h,Australian Open,Australian Open,R128,R128,1.0,1.0,1.0,0.9523809523809523,99.76190476190476,5,Melbourne,Australian Open,2024-01-16,Grand Slam,Outdoor,Hard,1st Round,5,Rune H.,Nishioka Y.,8,61.0,3815,865.0,6.0,2.0,4.0,6.0,7.0,6.0,6.0,4.0,,,3.0,1.0,Completed,1.11,6.5,1.14,7.03,1.14,7.03,1.12,6.39,8805,150
8806,170,159,159,2024-01-15,2024-01-16,1,cazaux|a / djere|l,Australian Open,Australian Open,R128,R128,1.0,1.0,1.0,0.9523809523809523,99.76190476190476,5,Melbourne,Australian Open,2024-01-16,Grand Slam,Outdoor,Hard,1st Round,5,Cazaux A.,Djere L.,122,33.0,529,1250.0,6.0,2.0,6.0,7.0,6.0,2.0,3.0,6.0,6.0,2.0,3.0,2.0,Completed,2.1,1.73,2.0,1.91,2.21,1.91,2.04,1.79,8806,151
8807,171,160,160,2024-01-15,2024-01-16,1,fils|a / vesely|j,Australian Open,Australian Open,R128,R128,1.0,1.0,1.0,0.9523809523809523,99.76190476190476,5,Melbourne,Australian Open,2024-01-16,Grand Slam,Outdoor,Hard,1st Round,5,Fils A.,Vesely J.,34,293.0,1233,188.0,4.0,6.0,7.0,5.0,6.0,2.0,6.0,3.0,,,3.0,1.0,Completed,1.08,8.0,1.11,8.44,1.13,9.19,1.09,7.49,8807,152
8808,172,161,161,2024-01-15,2024-01-16,1,griekspoor|t / safiullin|r,Australian Open,Australian Open,R128,R128,1.0,1.0,1.0,0.9523809523809523,99.76190476190476,5,Melbourne,Australian Open,2024-01-16,Grand Slam,Outdoor,Hard,1st Round,5,Griekspoor T.,Safiullin R.,31,36.0,1410,1190.0,2.0,6.0,3.0,6.0,7.0,6.0,6.0,4.0,7.0,5.0,3.0,2.0,Completed,2.63,1.5,2.73,1.52,2.75,1.58,2.57,1.52,8808,153
8813,177,164,164,2024-01-15,2024-01-16,1,dimitrov|g / fucsovics|m,Australian Open,Australian Open,R128,R128,1.0,1.0,1.0,0.9523809523809523,99.76190476190476,5,Melbourne,Australian Open,2024-01-16,Grand Slam,Outdoor,Hard,1st Round,5,Dimitrov G.,Fucsovics M.,13,70.0,2775,782.0,4.0,6.0,6.0,3.0,7.0,6.0,6.0,2.0,,,3.0,1.0,Completed,1.17,5.0,1.15,6.57,1.18,6.57,1.16,5.36,8813,154
8814,178,172,172,2024-01-15,2024-01-16,1,kokkinakis|t / ofner|s,Australian Open,Australian Open,R128,R128,1.0,1.0,1.0,0.9523809523809523,99.76190476190476,5,Melbourne,Australian Open,2024-01-16,Grand Slam,Outdoor,Hard,1st Round,5,Kokkinakis T.,Ofner S.,80,37.0,711,1141.0,7.0,6.0,2.0,6.0,6.0,7.0,6.0,1.0,7.0,6.0,3.0,2.0,Completed,2.0,1.8,2.04,1.87,2.08,1.87,1.99,1.82,8814,155
8821,185,174,174,2024-01-15,2024-01-16,1,koepfer|d / zverev|a,Australian Open,Australian Open,R128,R128,1.0,1.0,1.0,0.9523809523809523,99.76190476190476,5,Melbourne,Australian Open,2024-01-16,Grand Slam,Outdoor,Hard,1st Round,5,Zverev A.,Koepfer D.,6,62.0,4275,858.0,4.0,6.0,6.0,3.0,7.0,6.0,6.0,3.0,,,3.0,1.0,Completed,1.06,10.0,1.07,11.89,1.09,11.89,1.06,9.55,8821,156
8822,186,166,166,2024-01-15,2024-01-16,1,klein|l / kwon|s,Australian Open,Australian Open,R128,R128,1.0,1.0,1.0,0.9523809523809523,99.76190476190476,5,Melbourne,Australian Open,2024-01-16,Grand Slam,Outdoor,Hard,1st Round,5,Klein L.,Kwon S.W.,163,697.0,391,40.0,7.0,6.0,4.0,6.0,7.0,6.0,6.0,3.0,,,3.0,1.0,Completed,1.33,3.4,1.36,3.45,1.38,3.67,1.34,3.3,8822,157
8823,187,156,156,2024-01-15,2024-01-16,1,mccabe|j / michelsen|a,Australian Open,Australian Open,R128,R128,1.0,1.0,1.0,0.9523809523809523,99.76190476190476,5,Melbourne,Australian Open,2024-01-16,Grand Slam,Outdoor,Hard,1st Round,5,Michelsen A.,Mccabe J.,91,269.0,656,214.0,7.0,6.0,3.0,6.0,6.0,1.0,6.0,2.0,,,3.0,1.0,Completed,1.17,5.0,1.19,5.48,1.21,5.48,1.18,4.97,8823,158
8824,188,157,157,2024-01-15,2024-01-16,1,lehecka|j / miralles|b <> lehecka|j / zapata miralles|b,Australian Open,Australian Open,R128,R128,1.0,1.0,1.0,0.9523809523809523,99.76190476190476,5,Melbourne,Australian Open,2024-01-16,Grand Slam,Outdoor,Hard,1st Round,5,Lehecka J.,Zapata Miralles B.,23,78.0,1555,715.0,6.0,3.0,6.0,2.0,6.0,3.0,,,,,3.0,0.0,Completed,1.07,9.0,1.06,13.84,1.08,13.84,1.06,9.98,8824,159
8825,189,158,158,2024-01-15,2024-01-16,1,norrie|c / varillas|j,Australian Open,Australian Open,R128,R128,1.0,1.0,1.0,0.9523809523809523,99.76190476190476,5,Melbourne,Australian Open,2024-01-16,Grand Slam,Outdoor,Hard,1st Round,5,Norrie C.,Varillas J. P.,22,81.0,1710,709.0,6.0,4.0,6.0,4.0,6.0,2.0,,,,,3.0,0.0,Completed,1.1,7.0,1.13,7.18,1.17,7.18,1.13,6.18,8825,160
8826,190,162,162,2024-01-15,2024-01-16,1,lajovic|d / zeppieri|g,Australian Open,Australian Open,R128,R128,1.0,1.0,1.0,0.9523809523809523,99.76190476190476,5,Melbourne,Australian Open,2024-01-16,Grand Slam,Outdoor,Hard,1st Round,5,Zeppieri G.,Lajovic D.,133,51.0,487,939.0,6.0,3.0,3.0,6.0,6.0,3.0,7.0,6.0,,,3.0,1.0,Completed,2.0,1.8,1.98,1.93,2.1,1.93,2.0,1.82,8826,161
8827,191,165,165,2024-01-15,2024-01-16,1,purcell|m / valkusz|m,Australian Open,Australian Open,R128,R128,1.0,1.0,1.0,0.9523809523809523,99.76190476190476,5,Melbourne,Australian Open,2024-01-16,Grand Slam,Outdoor,Hard,1st Round,5,Purcell M.,Valkusz M.,45,214.0,1021,291.0,3.0,6.0,7.0,6.0,6.0,4.0,7.0,5.0,,,3.0,1.0,Completed,1.29,3.75,1.35,3.51,1.36,3.77,1.31,3.48,8827,162
8829,193,171,171,2024-01-15,2024-01-16,1,barrere|g / paul|t,Australian Open,Australian Open,R128,R128,1.0,1.0,1.0,0.9523809523809523,99.76190476190476,5,Melbourne,Australian Open,2024-01-16,Grand Slam,Outdoor,Hard,1st Round,5,Paul T.,Barrere G.,14,83.0,2670,696.0,6.0,2.0,6.0,3.0,6.0,3.0,,,,,3.0,0.0,Completed,1.11,6.5,1.16,6.31,1.16,7.0,1.12,6.15,8829,163
8830,194,167,167,2024-01-15,2024-01-16,1,draper|j / giron|m,Australian Open,Australian Open,R128,R128,1.0,1.0,1.0,0.9523809523809523,99.76190476190476,5,Melbourne,Australian Open,2024-01-16,Grand Slam,Outdoor,Hard,1st Round,5,Draper J.,Giron M.,55,66.0,911,825.0,6.0,4.0,3.0,6.0,4.0,6.0,6.0,0.0,6.0,2.0,3.0,2.0,Completed,1.25,4.0,1.25,4.51,1.3,4.51,1.24,4.06,8830,164
8833,197,169,169,2024-01-15,2024-01-16,1,bublik|a / nagal|s,Australian Open,Australian Open,R128,R128,1.0,1.0,1.0,0.9523809523809523,99.76190476190476,5,Melbourne,Australian Open,2024-01-16,Grand Slam,Outdoor,Hard,1st Round,5,Nagal S.,Bublik A.,137,27.0,450,1459.0,6.0,4.0,6.0,2.0,7.0,6.0,,,,,3.0,0.0,Completed,5.0,1.17,5.18,1.2,5.18,1.2,4.78,1.19,8833,165
8834,198,170,170,2024-01-15,2024-01-16,1,mcdonald|m / shang|j,Australian Open,Australian Open,R128,R128,1.0,1.0,1.0,0.9523809523809523,99.76190476190476,5,Melbourne,Australian Open,2024-01-16,Grand Slam,Outdoor,Hard,1st Round,5,Shang J.,Mcdonald M.,140,42.0,435,1055.0,6.0,3.0,1.0,6.0,3.0,6.0,6.0,4.0,6.0,2.0,3.0,2.0,Completed,1.67,2.2,1.77,2.18,1.77,2.29,1.71,2.15,8834,166
8835,199,173,173,2024-01-15,2024-01-16,1,evans|d / sonego|l,Australian Open,Australian Open,R128,R128,1.0,1.0,1.0,0.9523809523809523,99.76190476190476,5,Melbourne,Australian Open,2024-01-16,Grand Slam,Outdoor,Hard,1st Round,5,Sonego L.,Evans D.,46,38.0,1005,1121.0,4.0,6.0,7.0,6.0,6.0,2.0,7.0,6.0,,,3.0,1.0,Completed,1.8,2.0,1.85,2.07,1.88,2.07,1.8,2.01,8835,167
8836,200,175,175,2024-01-15,2024-01-16,1,alcaraz|c / gasquet|r,Australian Open,Australian Open,R128,R128,1.0,1.0,1.0,0.9523809523809523,99.76190476190476,5,Melbourne,Australian Open,2024-01-16,Grand Slam,Outdoor,Hard,1st Round,5,Alcaraz C.,Gasquet R.,2,131.0,8855,500.0,7.0,6.0,6.0,1.0,6.0,2.0,,,,,3.0,0.0,Completed,1.02,19.0,1.01,40.62,1.05,40.62,1.02,17.45,8836,168
8837,201,191,191,2024-01-15,2024-01-17,2,djokovic|n / popyrin|a,Australian Open,Australian Open,R64,R64,1.0,1.0,1.0,0.9047619047619048,99.52380952380952,5,Melbourne,Australian Open,2024-01-17,Grand Slam,Outdoor,Hard,2nd Round,5,Djokovic N.,Popyrin A.,1,43.0,11055,1052.0,6.0,3.0,4.0,6.0,7.0,6.0,6.0,3.0,,,3.0,1.0,Completed,1.02,19.0,1.04,19.56,1.05,19.56,1.02,14.37,8837,169
8838,202,187,187,2024-01-15,2024-01-17,2,etcheverry|t / monfils|g,Australian Open,Australian Open,R64,R64,1.0,1.0,1.0,0.9047619047619048,99.52380952380952,5,Melbourne,Australian Open,2024-01-17,Grand Slam,Outdoor,Hard,2nd Round,5,Etcheverry T.,Monfils G.,32,76.0,1375,737.0,6.0,4.0,6.0,4.0,6.0,4.0,,,,,3.0,0.0,Completed,2.38,1.57,2.64,1.55,2.64,1.6,2.48,1.54,8838,170
8839,203,185,185,2024-01-15,2024-01-17,2,mannarino|a / munar|j,Australian Open,Australian Open,R64,R64,1.0,1.0,1.0,0.9047619047619048,99.52380952380952,5,Melbourne,Australian Open,2024-01-17,Grand Slam,Outdoor,Hard,2nd Round,5,Mannarino A.,Munar J.,19,82.0,1765,706.0,6.0,3.0,6.0,3.0,1.0,6.0,2.0,6.0,6.0,3.0,3.0,2.0,Completed,1.33,3.4,1.34,3.56,1.38,3.56,1.33,3.33,8839,171
8841,205,182,182,2024-01-15,2024-01-17,2,fritz|t / gaston|h,Australian Open,Australian Open,R64,R64,1.0,1.0,1.0,0.9047619047619048,99.52380952380952,5,Melbourne,Australian Open,2024-01-17,Grand Slam,Outdoor,Hard,2nd Round,5,Fritz T.,Gaston H.,12,97.0,2840,626.0,6.0,0.0,6.0,3.0,6.0,1.0,,,,,3.0,0.0,Completed,1.11,6.5,1.14,6.86,1.15,6.86,1.13,6.12,8841,172
8842,206,183,183,2024-01-15,2024-01-17,2,cerundolo|f / marozsan|f,Australian Open,Australian Open,R64,R64,1.0,1.0,1.0,0.9047619047619048,99.52380952380952,5,Melbourne,Australian Open,2024-01-17,Grand Slam,Outdoor,Hard,2nd Round,5,Marozsan F.,Cerundolo F.,67,21.0,823,1760.0,7.0,6.0,6.0,4.0,6.0,2.0,,,,,3.0,0.0,Completed,1.57,2.38,1.54,2.66,1.6,2.66,1.55,2.46,8842,173
8843,207,180,180,2024-01-15,2024-01-17,2,musetti|l / van assche|l,Australian Open,Australian Open,R64,R64,1.0,1.0,1.0,0.9047619047619048,99.52380952380952,5,Melbourne,Australian Open,2024-01-17,Grand Slam,Outdoor,Hard,2nd Round,5,Van Assche L.,Musetti L.,79,28.0,715,1440.0,6.0,3.0,3.0,6.0,6.0,7.0,6.0,3.0,6.0,0.0,3.0,2.0,Completed,2.75,1.44,2.75,1.51,2.9,1.51,2.76,1.45,8843,174
8844,208,188,188,2024-01-15,2024-01-17,2,thompson|j / tsitsipas|s,Australian Open,Australian Open,R64,R64,1.0,1.0,1.0,0.9047619047619048,99.52380952380952,5,Melbourne,Australian Open,2024-01-17,Grand Slam,Outdoor,Hard,2nd Round,5,Tsitsipas S.,Thompson J.,7,47.0,4025,982.0,4.0,6.0,7.0,6.0,6.0,2.0,7.0,6.0,,,3.0,1.0,Completed,1.2,4.5,1.25,4.4,1.25,4.54,1.22,4.34,8844,175
8845,209,176,176,2024-01-15,2024-01-17,2,de jong|j / sinner|j,Australian Open,Australian Open,R64,R64,1.0,1.0,1.0,0.9047619047619048,99.52380952380952,5,Melbourne,Australian Open,2024-01-17,Grand Slam,Outdoor,Hard,2nd Round,5,Sinner J.,De Jong J.,4,161.0,6490,393.0,6.0,2.0,6.0,2.0,6.0,2.0,,,,,3.0,0.0,Completed,1.02,21.0,1.02,27.16,1.03,28.0,1.02,17.56,8845,176
8846,210,178,178,2024-01-15,2024-01-17,2,baez|s / galan|d,Australian Open,Australian Open,R64,R64,1.0,1.0,1.0,0.9047619047619048,99.52380952380952,5,Melbourne,Australian Open,2024-01-17,Grand Slam,Outdoor,Hard,2nd Round,5,Baez S.,Galan D.E.,29,87.0,1435,676.0,7.0,5.0,2.0,6.0,6.0,2.0,6.0,4.0,,,3.0,1.0,Completed,1.4,3.0,1.44,2.97,1.44,3.06,1.41,2.9,8846,177
8847,211,186,186,2024-01-15,2024-01-17,2,machac|t / tiafoe|f,Australian Open,Australian Open,R64,R64,1.0,1.0,1.0,0.9047619047619048,99.52380952380952,5,Melbourne,Australian Open,2024-01-17,Grand Slam,Outdoor,Hard,2nd Round,5,Machac T.,Tiafoe F.,75,17.0,748,2100.0,6.0,4.0,6.0,4.0,7.0,6.0,,,,,3.0,0.0,Completed,2.75,1.44,2.78,1.51,2.86,1.51,2.69,1.47,8847,178
8848,212,181,181,2024-01-15,2024-01-17,2,khachanov|k / kovacevic|a,Australian Open,Australian Open,R64,R64,1.0,1.0,1.0,0.9047619047619048,99.52380952380952,5,Melbourne,Australian Open,2024-01-17,Grand Slam,Outdoor,Hard,2nd Round,5,Khachanov K.,Kovacevic A.,15,101.0,2430,611.0,6.0,4.0,6.0,3.0,4.0,6.0,6.0,3.0,,,3.0,1.0,Completed,1.14,5.5,1.17,6.02,1.18,6.25,1.15,5.4,8848,179
8849,213,177,177,2024-01-15,2024-01-17,2,arnaldi|m / de minaur|a,Australian Open,Australian Open,R64,R64,1.0,1.0,1.0,0.9047619047619048,99.52380952380952,5,Melbourne,Australian Open,2024-01-17,Grand Slam,Outdoor,Hard,2nd Round,5,De Minaur A.,Arnaldi M.,10,41.0,2950,1077.0,6.0,3.0,6.0,0.0,6.0,3.0,,,,,3.0,0.0,Completed,1.17,5.0,1.2,5.24,1.23,5.24,1.18,4.83,8849,180
8850,214,179,179,2024-01-15,2024-01-17,2,cobolli|f / kotov|p,Australian Open,Australian Open,R64,R64,1.0,1.0,1.0,0.9047619047619048,99.52380952380952,5,Melbourne,Australian Open,2024-01-17,Grand Slam,Outdoor,Hard,2nd Round,5,Cobolli F.,Kotov P.,100,65.0,617,835.0,7.0,5.0,6.0,3.0,5.0,7.0,6.0,2.0,,,3.0,1.0,Completed,2.5,1.53,2.52,1.6,2.55,1.6,2.45,1.55,8850,181
8851,215,189,189,2024-01-15,2024-01-17,2,halys|q / korda|s,Australian Open,Australian Open,R64,R64,1.0,1.0,1.0,0.9047619047619048,99.52380952380952,5,Melbourne,Australian Open,2024-01-17,Grand Slam,Outdoor,Hard,2nd Round,5,Korda S.,Halys Q.,26,110.0,1480,575.0,6.0,4.0,6.0,4.0,6.0,4.0,,,,,3.0,0.0,Completed,1.25,4.0,1.31,3.85,1.31,4.01,1.26,3.87,8851,182
8852,216,190,190,2024-01-15,2024-01-17,2,eubanks|c / rublev|a,Australian Open,Australian Open,R64,R64,1.0,1.0,1.0,0.9047619047619048,99.52380952380952,5,Melbourne,Australian Open,2024-01-17,Grand Slam,Outdoor,Hard,2nd Round,5,Rublev A.,Eubanks C.,5,35.0,5010,1215.0,6.0,4.0,6.0,4.0,6.0,4.0,,,,,3.0,0.0,Completed,1.07,9.0,1.09,9.56,1.1,9.56,1.07,8.26,8852,183
8853,217,204,204,2024-01-15,2024-01-18,3,cazaux|a / rune|h,Australian Open,Australian Open,R64,R64,1.0,1.0,1.0,0.8571428571428572,99.28571428571429,5,Melbourne,Australian Open,2024-01-18,Grand Slam,Outdoor,Hard,2nd Round,5,Cazaux A.,Rune H.,122,8.0,529,3815.0,7.0,6.0,6.0,4.0,4.0,6.0,6.0,3.0,,,3.0,1.0,Completed,5.5,1.14,5.66,1.18,5.92,1.18,5.44,1.15,8853,184
8854,218,201,201,2024-01-15,2024-01-18,3,fils|a / griekspoor|t,Australian Open,Australian Open,R64,R64,1.0,1.0,1.0,0.8571428571428572,99.28571428571429,5,Melbourne,Australian Open,2024-01-18,Grand Slam,Outdoor,Hard,2nd Round,5,Griekspoor T.,Fils A.,31,34.0,1410,1233.0,3.0,6.0,6.0,1.0,7.0,5.0,6.0,4.0,,,3.0,1.0,Completed,2.38,1.57,2.4,1.65,2.45,1.7,2.34,1.6,8854,185
8856,220,206,206,2024-01-15,2024-01-18,3,hurkacz|h / mensik|j,Australian Open,Australian Open,R64,R64,1.0,1.0,1.0,0.8571428571428572,99.28571428571429,5,Melbourne,Australian Open,2024-01-18,Grand Slam,Outdoor,Hard,2nd Round,5,Hurkacz H.,Mensik J.,9,142.0,3320,433.0,6.0,7.0,6.0,1.0,5.0,7.0,6.0,1.0,6.0,3.0,3.0,2.0,Completed,1.25,4.0,1.26,4.38,1.26,4.5,1.23,4.16,8856,186
8857,221,203,203,2024-01-15,2024-01-18,3,dimitrov|g / kokkinakis|t,Australian Open,Australian Open,R64,R64,1.0,1.0,1.0,0.8571428571428572,99.28571428571429,5,Melbourne,Australian Open,2024-01-18,Grand Slam,Outdoor,Hard,2nd Round,5,Dimitrov G.,Kokkinakis T.,13,80.0,2775,711.0,6.0,3.0,6.0,2.0,4.0,6.0,6.0,4.0,,,3.0,1.0,Completed,1.13,6.0,1.15,6.58,1.16,6.58,1.13,5.89,8857,187
8858,222,199,199,2024-01-15,2024-01-18,3,borges|n / davidovich fokina|a <> borges|n / fokina|a,Australian Open,Australian Open,R64,R64,1.0,1.0,1.0,0.8571428571428572,99.28571428571429,5,Melbourne,Australian Open,2024-01-18,Grand Slam,Outdoor,Hard,2nd Round,5,Borges N.,Davidovich Fokina A.,69,24.0,814,1530.0,7.0,6.0,6.0,3.0,6.0,3.0,,,,,3.0,0.0,Completed,4.5,1.2,4.48,1.25,4.75,1.25,4.36,1.21,8858,188
8859,223,205,205,2024-01-15,2024-01-18,3,aliassime|f / grenier|h <> auger aliassime|f / grenier|h,Australian Open,Australian Open,R64,R64,1.0,1.0,1.0,0.8571428571428572,99.28571428571429,5,Melbourne,Australian Open,2024-01-18,Grand Slam,Outdoor,Hard,2nd Round,5,Auger-Aliassime F.,Grenier H.,30,178.0,1425,340.0,6.0,1.0,3.0,6.0,6.0,1.0,6.0,2.0,,,3.0,1.0,Completed,1.13,6.0,1.11,8.12,1.15,8.12,1.1,6.83,8859,189
8860,224,207,207,2024-01-15,2024-01-18,3,medvedev|d / ruusuvuori|e,Australian Open,Australian Open,R64,R64,1.0,1.0,1.0,0.8571428571428572,99.28571428571429,5,Melbourne,Australian Open,2024-01-18,Grand Slam,Outdoor,Hard,2nd Round,5,Medvedev D.,Ruusuvuori E.,3,53.0,7555,921.0,3.0,6.0,6.0,7.0,6.0,4.0,7.0,6.0,6.0,0.0,3.0,2.0,Completed,1.1,7.0,1.13,7.3,1.18,8.0,1.11,6.68,8860,190
8861,225,194,194,2024-01-15,2024-01-18,3,klein|l / zverev|a,Australian Open,Australian Open,R64,R64,1.0,1.0,1.0,0.8571428571428572,99.28571428571429,5,Melbourne,Australian Open,2024-01-18,Grand Slam,Outdoor,Hard,2nd Round,5,Zverev A.,Klein L.,6,163.0,4275,391.0,7.0,5.0,3.0,6.0,4.0,6.0,7.0,6.0,7.0,6.0,3.0,2.0,Completed,1.06,10.0,1.07,12.1,1.07,12.1,1.05,9.88,8861,191
8862,226,193,193,2024-01-15,2024-01-18,3,lehecka|j / michelsen|a,Australian Open,Australian Open,R64,R64,1.0,1.0,1.0,0.8571428571428572,99.28571428571429,5,Melbourne,Australian Open,2024-01-18,Grand Slam,Outdoor,Hard,2nd Round,5,Michelsen A.,Lehecka J.,91,23.0,656,1555.0,4.0,6.0,6.0,3.0,6.0,4.0,6.0,4.0,,,3.0,1.0,Completed,4.33,1.22,4.11,1.28,4.34,1.3,4.0,1.25,8862,192
8863,227,192,192,2024-01-15,2024-01-18,3,norrie|c / zeppieri|g,Australian Open,Australian Open,R64,R64,1.0,1.0,1.0,0.8571428571428572,99.28571428571429,5,Melbourne,Australian Open,2024-01-18,Grand Slam,Outdoor,Hard,2nd Round,5,Norrie C.,Zeppieri G.,22,133.0,1710,487.0,3.0,6.0,6.0,7.0,6.0,2.0,6.0,4.0,6.0,4.0,3.0,2.0,Completed,1.3,3.5,1.41,3.19,1.41,3.53,1.35,3.22,8863,193
8864,228,195,195,2024-01-15,2024-01-18,3,purcell|m / ruud|c,Australian Open,Australian Open,R64,R64,1.0,1.0,1.0,0.8571428571428572,99.28571428571429,5,Melbourne,Australian Open,2024-01-18,Grand Slam,Outdoor,Hard,2nd Round,5,Ruud C.,Purcell M.,11,45.0,2910,1021.0,6.0,3.0,6.0,7.0,6.0,3.0,3.0,6.0,7.0,6.0,3.0,2.0,Completed,1.17,5.0,1.18,5.62,1.19,5.62,1.16,5.23,8864,194
8865,229,196,196,2024-01-15,2024-01-18,3,draper|j / paul|t,Australian Open,Australian Open,R64,R64,1.0,1.0,1.0,0.8571428571428572,99.28571428571429,5,Melbourne,Australian Open,2024-01-18,Grand Slam,Outdoor,Hard,2nd Round,5,Paul T.,Draper J.,14,55.0,2670,911.0,6.0,2.0,3.0,6.0,6.0,3.0,7.0,5.0,,,3.0,1.0,Completed,1.91,1.91,2.04,1.87,2.04,2.03,1.92,1.88,8865,195
8866,230,197,197,2024-01-15,2024-01-18,3,kecmanovic|m / struff|j,Australian Open,Australian Open,R64,R64,1.0,1.0,1.0,0.8571428571428572,99.28571428571429,5,Melbourne,Australian Open,2024-01-18,Grand Slam,Outdoor,Hard,2nd Round,5,Kecmanovic M.,Struff J.L.,60,25.0,890,1511.0,6.0,4.0,1.0,6.0,7.0,6.0,1.0,6.0,7.0,6.0,3.0,2.0,Completed,1.5,2.63,1.55,2.64,1.57,2.64,1.52,2.57,8866,196
8867,231,200,200,2024-01-15,2024-01-18,3,nagal|s / shang|j,Australian Open,Australian Open,R64,R64,1.0,1.0,1.0,0.8571428571428572,99.28571428571429,5,Melbourne,Australian Open,2024-01-18,Grand Slam,Outdoor,Hard,2nd Round,5,Shang J.,Nagal S.,140,137.0,435,450.0,2.0,6.0,6.0,3.0,7.0,5.0,6.0,4.0,,,3.0,1.0,Completed,1.4,3.0,1.48,2.86,1.5,3.19,1.44,2.8,8867,197
8868,232,198,198,2024-01-15,2024-01-18,3,alcaraz|c / sonego|l,Australian Open,Australian Open,R64,R64,1.0,1.0,1.0,0.8571428571428572,99.28571428571429,5,Melbourne,Australian Open,2024-01-18,Grand Slam,Outdoor,Hard,2nd Round,5,Alcaraz C.,Sonego L.,2,46.0,8855,1005.0,6.0,4.0,6.0,7.0,6.0,3.0,7.0,6.0,,,3.0,1.0,Completed,1.04,13.0,1.05,15.2,1.05,28.0,1.03,14.22,8868,198
8869,233,213,213,2024-01-15,2024-01-19,4,djokovic|n / etcheverry|t,Australian Open,Australian Open,R32,R32,1.0,1.0,1.0,0.8095238095238095,99.04761904761905,5,Melbourne,Australian Open,2024-01-19,Grand Slam,Outdoor,Hard,3rd Round,5,Djokovic N.,Etcheverry T.,1,32.0,11055,1375.0,6.0,3.0,6.0,3.0,7.0,6.0,,,,,3.0,0.0,Completed,1.05,11.0,1.06,13.85,1.09,13.85,1.05,10.36,8869,199
8870,234,212,212,2024-01-15,2024-01-19,4,mannarino|a / shelton|b,Australian Open,Australian Open,R32,R32,1.0,1.0,1.0,0.8095238095238095,99.04761904761905,5,Melbourne,Australian Open,2024-01-19,Grand Slam,Outdoor,Hard,3rd Round,5,Mannarino A.,Shelton B.,19,16.0,1765,2225.0,7.0,6.0,1.0,6.0,6.0,7.0,6.0,3.0,6.0,4.0,3.0,2.0,Completed,3.2,1.36,3.23,1.4,4.12,1.4,3.19,1.36,8870,200
8871,235,210,210,2024-01-15,2024-01-19,4,fritz|t / marozsan|f,Australian Open,Australian Open,R32,R32,1.0,1.0,1.0,0.8095238095238095,99.04761904761905,5,Melbourne,Australian Open,2024-01-19,Grand Slam,Outdoor,Hard,3rd Round,5,Fritz T.,Marozsan F.,12,67.0,2840,823.0,3.0,6.0,6.0,4.0,6.0,2.0,6.0,2.0,,,3.0,1.0,Completed,1.3,3.5,1.32,3.68,1.35,3.68,1.31,3.51,8871,201
8872,236,211,211,2024-01-15,2024-01-19,4,tsitsipas|s / van assche|l,Australian Open,Australian Open,R32,R32,1.0,1.0,1.0,0.8095238095238095,99.04761904761905,5,Melbourne,Australian Open,2024-01-19,Grand Slam,Outdoor,Hard,3rd Round,5,Tsitsipas S.,Van Assche L.,7,79.0,4025,715.0,6.0,3.0,6.0,0.0,6.0,4.0,,,,,3.0,0.0,Completed,1.2,4.5,1.21,5.03,1.25,5.03,1.2,4.6,8872,202
8873,237,209,209,2024-01-15,2024-01-19,4,baez|s / sinner|j,Australian Open,Australian Open,R32,R32,1.0,1.0,1.0,0.8095238095238095,99.04761904761905,5,Melbourne,Australian Open,2024-01-19,Grand Slam,Outdoor,Hard,3rd Round,5,Sinner J.,Baez S.,4,29.0,6490,1435.0,6.0,0.0,6.0,1.0,6.0,3.0,,,,,3.0,0.0,Completed,1.03,17.0,1.02,27.15,1.03,30.0,1.02,17.61,8873,203
8874,238,208,208,2024-01-15,2024-01-19,4,khachanov|k / machac|t,Australian Open,Australian Open,R32,R32,1.0,1.0,1.0,0.8095238095238095,99.04761904761905,5,Melbourne,Australian Open,2024-01-19,Grand Slam,Outdoor,Hard,3rd Round,5,Khachanov K.,Machac T.,15,75.0,2430,748.0,6.0,4.0,7.0,6.0,4.0,6.0,7.0,6.0,,,3.0,1.0,Completed,1.62,2.3,1.68,2.34,1.68,2.43,1.61,2.32,8874,204
8875,239,214,214,2024-01-15,2024-01-19,4,cobolli|f / de minaur|a,Australian Open,Australian Open,R32,R32,1.0,1.0,1.0,0.8095238095238095,99.04761904761905,5,Melbourne,Australian Open,2024-01-19,Grand Slam,Outdoor,Hard,3rd Round,5,De Minaur A.,Cobolli F.,10,100.0,2950,617.0,6.0,3.0,6.0,3.0,6.0,1.0,,,,,3.0,0.0,Completed,1.07,9.0,1.06,13.01,1.08,13.01,1.06,9.15,8875,205
8876,240,215,215,2024-01-15,2024-01-19,4,korda|s / rublev|a,Australian Open,Australian Open,R32,R32,1.0,1.0,1.0,0.8095238095238095,99.04761904761905,5,Melbourne,Australian Open,2024-01-19,Grand Slam,Outdoor,Hard,3rd Round,5,Rublev A.,Korda S.,5,26.0,5010,1480.0,6.0,2.0,7.0,6.0,6.0,4.0,,,,,3.0,0.0,Completed,1.36,3.2,1.39,3.26,1.42,3.4,1.36,3.15,8876,206
8877,241,218,218,2024-01-15,2024-01-20,5,cazaux|a / griekspoor|t,Australian Open,Australian Open,R32,R32,1.0,1.0,1.0,0.7619047619047619,98.80952380952381,5,Melbourne,Australian Open,2024-01-20,Grand Slam,Outdoor,Hard,3rd Round,5,Cazaux A.,Griekspoor T.,122,31.0,529,1410.0,6.0,3.0,6.0,3.0,6.0,1.0,,,,,3.0,0.0,Completed,2.3,1.62,2.22,1.74,2.39,1.75,2.22,1.67,8877,207
8878,242,217,217,2024-01-15,2024-01-20,5,humbert|u / hurkacz|h,Australian Open,Australian Open,R32,R32,1.0,1.0,1.0,0.7619047619047619,98.80952380952381,5,Melbourne,Australian Open,2024-01-20,Grand Slam,Outdoor,Hard,3rd Round,5,Hurkacz H.,Humbert U.,9,20.0,3320,1765.0,3.0,6.0,6.0,1.0,7.0,6.0,6.0,3.0,,,3.0,1.0,Completed,1.57,2.38,1.68,2.34,1.68,2.45,1.62,2.31,8878,208
8879,243,221,221,2024-01-15,2024-01-20,5,borges|n / dimitrov|g,Australian Open,Australian Open,R32,R32,1.0,1.0,1.0,0.7619047619047619,98.80952380952381,5,Melbourne,Australian Open,2024-01-20,Grand Slam,Outdoor,Hard,3rd Round,5,Borges N.,Dimitrov G.,69,13.0,814,2775.0,6.0,7.0,6.0,4.0,6.0,2.0,7.0,6.0,,,3.0,1.0,Completed,10.0,1.06,9.79,1.09,10.0,1.09,8.69,1.07,8879,209
8880,244,222,222,2024-01-15,2024-01-20,5,aliassime|f / medvedev|d <> auger aliassime|f / medvedev|d,Australian Open,Australian Open,R32,R32,1.0,1.0,1.0,0.7619047619047619,98.80952380952381,5,Melbourne,Australian Open,2024-01-20,Grand Slam,Outdoor,Hard,3rd Round,5,Medvedev D.,Auger-Aliassime F.,3,30.0,7555,1425.0,6.0,3.0,6.0,4.0,6.0,3.0,,,,,3.0,0.0,Completed,1.17,5.0,1.22,4.86,1.24,5.05,1.2,4.65,8880,210
8881,245,223,223,2024-01-15,2024-01-20,5,michelsen|a / zverev|a,Australian Open,Australian Open,R32,R32,1.0,1.0,1.0,0.7619047619047619,98.80952380952381,5,Melbourne,Australian Open,2024-01-20,Grand Slam,Outdoor,Hard,3rd Round,5,Zverev A.,Michelsen A.,6,91.0,4275,656.0,6.0,2.0,7.0,6.0,6.0,2.0,,,,,3.0,0.0,Completed,1.17,5.0,1.18,5.96,1.21,5.96,1.17,5.07,8881,211
8882,246,220,220,2024-01-15,2024-01-20,5,norrie|c / ruud|c,Australian Open,Australian Open,R32,R32,1.0,1.0,1.0,0.7619047619047619,98.80952380952381,5,Melbourne,Australian Open,2024-01-20,Grand Slam,Outdoor,Hard,3rd Round,5,Norrie C.,Ruud C.,22,11.0,1710,2910.0,6.0,4.0,6.0,7.0,6.0,4.0,6.0,3.0,,,3.0,1.0,Completed,3.2,1.36,3.05,1.43,3.2,1.43,3.03,1.39,8882,212
8883,247,216,216,2024-01-15,2024-01-20,5,kecmanovic|m / paul|t,Australian Open,Australian Open,R32,R32,1.0,1.0,1.0,0.7619047619047619,98.80952380952381,5,Melbourne,Australian Open,2024-01-20,Grand Slam,Outdoor,Hard,3rd Round,5,Kecmanovic M.,Paul T.,60,14.0,890,2670.0,6.0,4.0,3.0,6.0,2.0,6.0,7.0,6.0,6.0,0.0,3.0,2.0,Completed,3.2,1.36,3.38,1.37,3.38,1.4,3.17,1.36,8883,213
8884,248,219,219,2024-01-15,2024-01-20,5,alcaraz|c / shang|j,Australian Open,Australian Open,R32,R32,1.0,1.0,1.0,0.7619047619047619,98.80952380952381,5,Melbourne,Australian Open,2024-01-20,Grand Slam,Outdoor,Hard,3rd Round,5,Alcaraz C.,Shang J.,2,140.0,8855,435.0,6.0,1.0,6.0,1.0,1.0,0.0,,,,,2.0,0.0,Retired,1.03,15.0,1.03,20.85,1.03,20.85,1.02,15.24,8884,214
8885,249,224,224,2024-01-15,2024-01-21,6,djokovic|n / mannarino|a,Australian Open,Australian Open,R16,R16,1.0,1.0,1.0,0.7142857142857143,98.57142857142857,5,Melbourne,Australian Open,2024-01-21,Grand Slam,Outdoor,Hard,4th Round,5,Djokovic N.,Mannarino A.,1,19.0,11055,1765.0,6.0,0.0,6.0,0.0,6.0,3.0,,,,,3.0,0.0,Completed,1.02,19.0,1.05,15.74,1.05,19.0,1.02,14.16,8885,215
8886,250,225,225,2024-01-15,2024-01-21,6,fritz|t / tsitsipas|s,Australian Open,Australian Open,R16,R16,1.0,1.0,1.0,0.7142857142857143,98.57142857142857,5,Melbourne,Australian Open,2024-01-21,Grand Slam,Outdoor,Hard,4th Round,5,Fritz T.,Tsitsipas S.,12,7.0,2840,4025.0,7.0,6.0,5.0,7.0,6.0,3.0,6.0,3.0,,,3.0,1.0,Completed,2.2,1.67,2.22,1.74,2.4,1.74,2.22,1.67,8886,216
8887,251,226,226,2024-01-15,2024-01-21,6,khachanov|k / sinner|j,Australian Open,Australian Open,R16,R16,1.0,1.0,1.0,0.7142857142857143,98.57142857142857,5,Melbourne,Australian Open,2024-01-21,Grand Slam,Outdoor,Hard,4th Round,5,Sinner J.,Khachanov K.,4,15.0,6490,2430.0,6.0,4.0,7.0,5.0,6.0,3.0,,,,,3.0,0.0,Completed,1.08,8.0,1.13,7.23,1.13,8.2,1.1,7.22,8887,217
8888,252,227,227,2024-01-15,2024-01-21,6,de minaur|a / rublev|a,Australian Open,Australian Open,R16,R16,1.0,1.0,1.0,0.7142857142857143,98.57142857142857,5,Melbourne,Australian Open,2024-01-21,Grand Slam,Outdoor,Hard,4th Round,5,Rublev A.,De Minaur A.,5,10.0,5010,2950.0,6.0,4.0,6.0,7.0,6.0,7.0,6.0,3.0,6.0,0.0,3.0,2.0,Completed,1.73,2.1,1.85,2.06,1.85,2.23,1.77,2.07,8888,218
8889,253,229,229,2024-01-15,2024-01-22,7,cazaux|a / hurkacz|h,Australian Open,Australian Open,R16,R16,1.0,1.0,1.0,0.6666666666666667,98.33333333333333,5,Melbourne,Australian Open,2024-01-22,Grand Slam,Outdoor,Hard,4th Round,5,Hurkacz H.,Cazaux A.,9,122.0,3320,529.0,7.0,6.0,7.0,6.0,6.0,4.0,,,,,3.0,0.0,Completed,1.33,3.4,1.41,3.17,1.44,3.4,1.38,3.07,8889,219
8890,254,228,228,2024-01-15,2024-01-22,7,borges|n / medvedev|d,Australian Open,Australian Open,R16,R16,1.0,1.0,1.0,0.6666666666666667,98.33333333333333,5,Melbourne,Australian Open,2024-01-22,Grand Slam,Outdoor,Hard,4th Round,5,Medvedev D.,Borges N.,3,69.0,7555,814.0,6.0,3.0,7.0,6.0,5.0,7.0,6.0,1.0,,,3.0,1.0,Completed,1.04,13.0,1.07,10.92,1.07,13.0,1.05,10.51,8890,220
8891,255,230,230,2024-01-15,2024-01-22,7,norrie|c / zverev|a,Australian Open,Australian Open,R16,R16,1.0,1.0,1.0,0.6666666666666667,98.33333333333333,5,Melbourne,Australian Open,2024-01-22,Grand Slam,Outdoor,Hard,4th Round,5,Zverev A.,Norrie C.,6,22.0,4275,1710.0,7.0,5.0,3.0,6.0,6.0,3.0,4.0,6.0,7.0,6.0,3.0,2.0,Completed,1.25,4.0,1.25,4.46,1.31,4.46,1.24,4.03,8891,221
8892,256,231,231,2024-01-15,2024-01-22,7,alcaraz|c / kecmanovic|m,Australian Open,Australian Open,R16,R16,1.0,1.0,1.0,0.6666666666666667,98.33333333333333,5,Melbourne,Australian Open,2024-01-22,Grand Slam,Outdoor,Hard,4th Round,5,Alcaraz C.,Kecmanovic M.,2,60.0,8855,890.0,6.0,4.0,6.0,4.0,6.0,0.0,,,,,3.0,0.0,Completed,1.05,11.0,1.06,13.28,1.08,13.28,1.05,10.79,8892,222
8893,257,232,232,2024-01-15,2024-01-23,8,djokovic|n / fritz|t,Australian Open,Australian Open,QF,QF,1.0,1.0,1.0,0.6190476190476191,98.0952380952381,5,Melbourne,Australian Open,2024-01-23,Grand Slam,Outdoor,Hard,Quarterfinals,5,Djokovic N.,Fritz T.,1,12.0,11055,2840.0,7.0,6.0,4.0,6.0,6.0,2.0,6.0,3.0,,,3.0,1.0,Completed,1.1,7.0,1.11,8.55,1.11,8.55,1.1,7.3,8893,223
8894,258,233,233,2024-01-15,2024-01-23,8,rublev|a / sinner|j,Australian Open,Australian Open,QF,QF,1.0,1.0,1.0,0.6190476190476191,98.0952380952381,5,Melbourne,Australian Open,2024-01-23,Grand Slam,Outdoor,Hard,Quarterfinals,5,Sinner J.,Rublev A.,4,5.0,6490,5010.0,6.0,4.0,7.0,6.0,6.0,3.0,,,,,3.0,0.0,Completed,1.2,4.5,1.22,4.85,1.24,4.85,1.21,4.42,8894,224
8895,259,234,234,2024-01-15,2024-01-24,9,hurkacz|h / medvedev|d,Australian Open,Australian Open,QF,QF,1.0,1.0,1.0,0.5714285714285714,97.85714285714286,5,Melbourne,Australian Open,2024-01-24,Grand Slam,Outdoor,Hard,Quarterfinals,5,Medvedev D.,Hurkacz H.,3,9.0,7555,3320.0,7.0,6.0,2.0,6.0,6.0,3.0,5.0,7.0,6.0,4.0,3.0,2.0,Completed,1.4,3.0,1.42,3.14,1.44,3.14,1.39,3.0,8895,225
8896,260,235,235,2024-01-15,2024-01-24,9,alcaraz|c / zverev|a,Australian Open,Australian Open,QF,QF,1.0,1.0,1.0,0.5714285714285714,97.85714285714286,5,Melbourne,Australian Open,2024-01-24,Grand Slam,Outdoor,Hard,Quarterfinals,5,Zverev A.,Alcaraz C.,6,2.0,4275,8855.0,6.0,1.0,6.0,3.0,6.0,7.0,6.0,4.0,,,3.0,1.0,Completed,4.5,1.2,4.35,1.26,4.85,1.26,4.26,1.23,8896,226
8897,261,236,236,2024-01-15,2024-01-26,11,djokovic|n / sinner|j,Australian Open,Australian Open,SF,SF,1.0,1.0,1.0,0.47619047619047616,97.38095238095238,5,Melbourne,Australian Open,2024-01-26,Grand Slam,Outdoor,Hard,Semifinals,5,Sinner J.,Djokovic N.,4,1.0,6490,11055.0,6.0,1.0,6.0,2.0,6.0,7.0,6.0,3.0,,,3.0,1.0,Completed,2.63,1.5,2.66,1.54,2.75,1.54,2.6,1.5,8897,227
8898,262,237,237,2024-01-15,2024-01-26,11,medvedev|d / zverev|a,Australian Open,Australian Open,SF,SF,1.0,1.0,1.0,0.47619047619047616,97.38095238095238,5,Melbourne,Australian Open,2024-01-26,Grand Slam,Outdoor,Hard,Semifinals,5,Medvedev D.,Zverev A.,3,6.0,7555,4275.0,5.0,7.0,3.0,6.0,7.0,6.0,7.0,6.0,6.0,3.0,3.0,2.0,Completed,1.73,2.1,1.75,2.21,1.79,2.25,1.71,2.16,8898,228
8899,263,238,238,2024-01-15,2024-01-28,13,medvedev|d / sinner|j,Australian Open,Australian Open,F,F,1.0,1.0,1.0,0.38095238095238093,96.9047619047619,5,Melbourne,Australian Open,2024-01-28,Grand Slam,Outdoor,Hard,The Final,5,Sinner J.,Medvedev D.,4,3.0,6490,7555.0,3.0,6.0,3.0,6.0,6.0,4.0,6.0,4.0,6.0,3.0,3.0,2.0,Completed,1.36,3.25,1.33,3.67,1.4,3.75,1.35,3.29,8899,229
8916,280,239,239,2024-01-29,2024-01-29,0,bonzi|b / mmoh|m,Montpellier,Open Sud de France,R32,R32,0.13333333333333333,1.0,1.0,1.0,52.333333333333336,6,Montpellier,Open Sud de France,2024-01-29,ATP250,Indoor,Hard,1st Round,3,Mmoh M.,Bonzi B.,133,126.0,497,508.0,6.0,3.0,7.0,5.0,,,,,,,2.0,0.0,Completed,2.3,1.62,2.2,1.74,2.32,1.74,2.19,1.66,8916,230
8918,282,241,241,2024-01-29,2024-01-29,0,martinez|p / munar|j,Montpellier,Open Sud de France,R32,R32,0.13333333333333333,1.0,1.0,1.0,52.333333333333336,6,Montpellier,Open Sud de France,2024-01-29,ATP250,Indoor,Hard,1st Round,3,Martinez P.,Munar J.,99,75.0,616,746.0,6.0,4.0,7.0,6.0,,,,,,,2.0,0.0,Completed,1.91,1.91,1.94,1.94,1.95,2.0,1.88,1.9,8918,231
8921,285,240,240,2024-01-29,2024-01-29,0,murray|a / paire|b,Montpellier,Open Sud de France,R32,R32,0.13333333333333333,1.0,1.0,1.0,52.333333333333336,6,Montpellier,Open Sud de France,2024-01-29,ATP250,Indoor,Hard,1st Round,3,Paire B.,Murray A.,112,49.0,551,970.0,2.0,6.0,7.0,6.0,6.0,3.0,,,,,2.0,1.0,Completed,3.75,1.29,3.05,1.43,3.8,1.43,3.46,1.3,8921,232
8915,279,247,247,2024-01-29,2024-01-30,1,gasquet|r / llamas ruiz|p <> gasquet|r / ruiz|p,Montpellier,Open Sud de France,R32,R32,0.13333333333333333,1.0,1.0,0.9523809523809523,52.095238095238095,6,Montpellier,Open Sud de France,2024-01-30,ATP250,Indoor,Hard,1st Round,3,Llamas Ruiz P.,Gasquet R.,156,130.0,404,500.0,7.0,6.0,7.0,5.0,,,,,,,2.0,0.0,Completed,2.63,1.5,2.44,1.61,2.95,1.61,2.51,1.52,8915,233
8917,281,242,242,2024-01-29,2024-01-30,1,escoffier|a / muller|a,Montpellier,Open Sud de France,R32,R32,0.13333333333333333,1.0,1.0,0.9523809523809523,52.095238095238095,6,Montpellier,Open Sud de France,2024-01-30,ATP250,Indoor,Hard,1st Round,3,Muller A.,Escoffier A.,71,172.0,768,354.0,7.0,6.0,6.0,3.0,,,,,,,2.0,0.0,Completed,1.44,2.75,1.49,2.79,1.49,2.8,1.45,2.71,8917,234
8922,286,244,244,2024-01-29,2024-01-30,1,mayot|h / pouille|l,Montpellier,Open Sud de France,R32,R32,0.13333333333333333,1.0,1.0,0.9523809523809523,52.095238095238095,6,Montpellier,Open Sud de France,2024-01-30,ATP250,Indoor,Hard,1st Round,3,Mayot H.,Pouille L.,144,315.0,449,172.0,6.0,4.0,7.0,5.0,,,,,,,2.0,0.0,Completed,1.91,1.91,1.99,1.89,1.99,2.1,1.89,1.9,8922,235
8923,287,246,246,2024-01-29,2024-01-30,1,cazaux|a / marterer|m,Montpellier,Open Sud de France,R32,R32,0.13333333333333333,1.0,1.0,0.9523809523809523,52.095238095238095,6,Montpellier,Open Sud de France,2024-01-30,ATP250,Indoor,Hard,1st Round,3,Cazaux A.,Marterer M.,83,92.0,696,636.0,6.0,1.0,6.0,3.0,,,,,,,2.0,0.0,Completed,1.4,3.0,1.4,3.18,1.41,3.2,1.38,2.99,8923,236
8925,289,243,243,2024-01-29,2024-01-30,1,barrere|g / blanchet|u,Montpellier,Open Sud de France,R32,R32,0.13333333333333333,1.0,1.0,0.9523809523809523,52.095238095238095,6,Montpellier,Open Sud de France,2024-01-30,ATP250,Indoor,Hard,1st Round,3,Barrere G.,Blanchet U.,104,214.0,591,287.0,6.0,7.0,6.0,4.0,6.0,2.0,,,,,2.0,1.0,Completed,1.53,2.5,1.63,2.41,1.63,2.88,1.55,2.42,8925,237
8926,290,245,245,2024-01-29,2024-01-30,1,gaston|h / shapovalov|d,Montpellier,Open Sud de France,R32,R32,0.13333333333333333,1.0,1.0,0.9523809523809523,52.095238095238095,6,Montpellier,Open Sud de France,2024-01-30,ATP250,Indoor,Hard,1st Round,3,Shapovalov D.,Gaston H.,137,88.0,480,684.0,6.0,1.0,6.0,3.0,,,,,,,2.0,0.0,Completed,1.8,2.0,1.92,1.97,1.92,2.12,1.78,2.01,8926,238
8908,272,251,251,2024-01-29,2024-01-31,2,mmoh|m / muller|a,Montpellier,Open Sud de France,R16,R16,0.13333333333333333,1.0,1.0,0.9047619047619048,51.85714285714286,6,Montpellier,Open Sud de France,2024-01-31,ATP250,Indoor,Hard,2nd Round,3,Mmoh M.,Muller A.,133,71.0,497,768.0,6.0,4.0,6.0,4.0,,,,,,,2.0,0.0,Completed,2.1,1.73,2.19,1.76,2.19,1.8,2.04,1.76,8908,239
8911,275,252,252,2024-01-29,2024-01-31,2,mayot|h / paire|b,Montpellier,Open Sud de France,R16,R16,0.13333333333333333,1.0,1.0,0.9047619047619048,51.85714285714286,6,Montpellier,Open Sud de France,2024-01-31,ATP250,Indoor,Hard,2nd Round,3,Mayot H.,Paire B.,144,112.0,449,551.0,6.0,1.0,6.0,4.0,,,,,,,2.0,0.0,Completed,1.53,2.5,1.5,2.78,1.58,2.78,1.52,2.49,8911,240
8914,278,253,253,2024-01-29,2024-01-31,2,bublik|a / shapovalov|d,Montpellier,Open Sud de France,R16,R16,0.13333333333333333,1.0,1.0,0.9047619047619048,51.85714285714286,6,Montpellier,Open Sud de France,2024-01-31,ATP250,Indoor,Hard,2nd Round,3,Bublik A.,Shapovalov D.,27,137.0,1459,480.0,1.0,6.0,7.0,6.0,6.0,3.0,,,,,2.0,1.0,Completed,1.73,2.1,1.8,2.13,1.8,2.13,1.76,2.04,8914,241
8919,283,249,249,2024-01-29,2024-01-31,2,lestienne|c / miralles|b <> lestienne|c / zapata miralles|b,Montpellier,Open Sud de France,R32,R32,0.13333333333333333,1.0,1.0,0.9047619047619048,51.85714285714286,6,Montpellier,Open Sud de France,2024-01-31,ATP250,Indoor,Hard,1st Round,3,Lestienne C.,Zapata Miralles B.,106,80.0,584,715.0,4.0,6.0,6.0,4.0,6.0,2.0,,,,,2.0,1.0,Completed,1.25,4.0,1.33,3.6,1.33,4.05,1.25,3.81,8919,242
8920,284,250,250,2024-01-29,2024-01-31,2,cobolli|f / monfils|g,Montpellier,Open Sud de France,R32,R32,0.13333333333333333,1.0,1.0,0.9047619047619048,51.85714285714286,6,Montpellier,Open Sud de France,2024-01-31,ATP250,Indoor,Hard,1st Round,3,Cobolli F.,Monfils G.,76,70.0,738,787.0,6.0,7.0,6.0,3.0,6.0,0.0,,,,,2.0,1.0,Completed,3.4,1.33,3.6,1.33,3.6,1.35,3.29,1.32,8920,243
8924,288,248,248,2024-01-29,2024-01-31,2,shevchenko|a / svrcina|d,Montpellier,Open Sud de France,R32,R32,0.13333333333333333,1.0,1.0,0.9047619047619048,51.85714285714286,6,Montpellier,Open Sud de France,2024-01-31,ATP250,Indoor,Hard,1st Round,3,Shevchenko A.,Svrcina D.,59,194.0,885,315.0,6.0,4.0,4.0,6.0,6.0,4.0,,,,,2.0,1.0,Completed,1.36,3.2,1.43,3.02,1.43,3.25,1.36,3.08,8924,244
8907,271,258,258,2024-01-29,2024-02-01,3,llamas ruiz|p / rune|h <> ruiz|p / rune|h,Montpellier,Open Sud de France,R16,R16,0.13333333333333333,1.0,1.0,0.8571428571428572,51.61904761904762,6,Montpellier,Open Sud de France,2024-02-01,ATP250,Indoor,Hard,2nd Round,3,Rune H.,Llamas Ruiz P.,7,156.0,3685,404.0,7.0,5.0,6.0,2.0,,,,,,,2.0,0.0,Completed,1.14,5.5,1.16,6.15,1.16,6.25,1.13,5.79,8907,245
8909,273,255,255,2024-01-29,2024-02-01,3,coric|b / martinez|p,Montpellier,Open Sud de France,R16,R16,0.13333333333333333,1.0,1.0,0.8571428571428572,51.61904761904762,6,Montpellier,Open Sud de France,2024-02-01,ATP250,Indoor,Hard,2nd Round,3,Coric B.,Martinez P.,37,99.0,1154,616.0,6.0,4.0,6.0,0.0,,,,,,,2.0,0.0,Completed,1.36,3.2,1.43,3.07,1.43,3.2,1.37,3.02,8909,246
8910,274,256,256,2024-01-29,2024-02-01,3,cobolli|f / lestienne|c,Montpellier,Open Sud de France,R16,R16,0.13333333333333333,1.0,1.0,0.8571428571428572,51.61904761904762,6,Montpellier,Open Sud de France,2024-02-01,ATP250,Indoor,Hard,2nd Round,3,Cobolli F.,Lestienne C.,76,106.0,738,584.0,6.0,4.0,6.0,1.0,,,,,,,2.0,0.0,Completed,1.53,2.5,1.69,2.3,1.69,2.67,1.56,2.4,8910,247
8912,276,257,257,2024-01-29,2024-02-01,3,aliassime|f / cazaux|a <> auger aliassime|f / cazaux|a,Montpellier,Open Sud de France,R16,R16,0.13333333333333333,1.0,1.0,0.8571428571428572,51.61904761904762,6,Montpellier,Open Sud de France,2024-02-01,ATP250,Indoor,Hard,2nd Round,3,Auger-Aliassime F.,Cazaux A.,30,83.0,1345,696.0,7.0,5.0,2.0,6.0,7.0,6.0,,,,,2.0,1.0,Completed,2.0,1.8,2.1,1.83,2.1,1.83,2.01,1.79,8912,248
8913,277,254,254,2024-01-29,2024-02-01,3,barrere|g / shevchenko|a,Montpellier,Open Sud de France,R16,R16,0.13333333333333333,1.0,1.0,0.8571428571428572,51.61904761904762,6,Montpellier,Open Sud de France,2024-02-01,ATP250,Indoor,Hard,2nd Round,3,Shevchenko A.,Barrere G.,59,104.0,885,591.0,7.0,6.0,2.0,6.0,6.0,3.0,,,,,2.0,1.0,Completed,1.8,2.0,1.93,1.98,1.93,2.14,1.83,1.95,8913,249
8903,267,261,261,2024-01-29,2024-02-02,4,mmoh|m / rune|h,Montpellier,Open Sud de France,QF,QF,0.13333333333333333,1.0,1.0,0.8095238095238095,51.38095238095238,6,Montpellier,Open Sud de France,2024-02-02,ATP250,Indoor,Hard,Quarterfinals,3,Rune H.,Mmoh M.,7,133.0,3685,497.0,7.0,6.0,6.0,4.0,,,,,,,2.0,0.0,Completed,1.2,4.5,1.24,4.59,1.24,5.24,1.2,4.38,8903,250
8904,268,262,262,2024-01-29,2024-02-02,4,cobolli|f / coric|b,Montpellier,Open Sud de France,QF,QF,0.13333333333333333,1.0,1.0,0.8095238095238095,51.38095238095238,6,Montpellier,Open Sud de France,2024-02-02,ATP250,Indoor,Hard,Quarterfinals,3,Coric B.,Cobolli F.,37,76.0,1154,738.0,6.0,3.0,6.0,4.0,,,,,,,2.0,0.0,Completed,1.44,2.75,1.49,2.85,1.52,2.85,1.46,2.66,8904,251
8905,269,260,260,2024-01-29,2024-02-02,4,aliassime|f / mayot|h <> auger aliassime|f / mayot|h,Montpellier,Open Sud de France,QF,QF,0.13333333333333333,1.0,1.0,0.8095238095238095,51.38095238095238,6,Montpellier,Open Sud de France,2024-02-02,ATP250,Indoor,Hard,Quarterfinals,3,Auger-Aliassime F.,Mayot H.,30,144.0,1345,449.0,7.0,5.0,6.0,1.0,,,,,,,2.0,0.0,Completed,1.29,3.75,1.26,4.29,1.32,4.29,1.25,3.84,8905,252
8906,270,259,259,2024-01-29,2024-02-02,4,bublik|a / shevchenko|a,Montpellier,Open Sud de France,QF,QF,0.13333333333333333,1.0,1.0,0.8095238095238095,51.38095238095238,6,Montpellier,Open Sud de France,2024-02-02,ATP250,Indoor,Hard,Quarterfinals,3,Bublik A.,Shevchenko A.,27,59.0,1459,885.0,4.0,6.0,6.0,3.0,6.0,4.0,,,,,2.0,1.0,Completed,1.5,2.63,1.52,2.72,1.52,2.75,1.48,2.61,8906,253
8901,265,264,264,2024-01-29,2024-02-03,5,coric|b / rune|h,Montpellier,Open Sud de France,SF,SF,0.13333333333333333,1.0,1.0,0.7619047619047619,51.142857142857146,6,Montpellier,Open Sud de France,2024-02-03,ATP250,Indoor,Hard,Semifinals,3,Coric B.,Rune H.,37,7.0,1154,3685.0,6.0,3.0,4.0,1.0,,,,,,,1.0,0.0,Retired,2.75,1.44,2.75,1.52,2.86,1.52,2.71,1.45,8901,254
8902,266,263,263,2024-01-29,2024-02-03,5,aliassime|f / bublik|a <> auger aliassime|f / bublik|a,Montpellier,Open Sud de France,SF,SF,0.13333333333333333,1.0,1.0,0.7619047619047619,51.142857142857146,6,Montpellier,Open Sud de France,2024-02-03,ATP250,Indoor,Hard,Semifinals,3,Bublik A.,Auger-Aliassime F.,27,30.0,1459,1345.0,4.0,6.0,6.0,4.0,6.0,4.0,,,,,2.0,1.0,Completed,2.63,1.5,2.62,1.56,2.75,1.56,2.59,1.49,8902,255
8900,264,265,265,2024-01-29,2024-02-04,6,bublik|a / coric|b,Montpellier,Open Sud de France,F,F,0.13333333333333333,1.0,1.0,0.7142857142857143,50.904761904761905,6,Montpellier,Open Sud de France,2024-02-04,ATP250,Indoor,Hard,The Final,3,Bublik A.,Coric B.,27,37.0,1459,1154.0,5.0,7.0,6.0,2.0,6.0,3.0,,,,,2.0,1.0,Completed,2.0,1.8,2.06,1.85,2.06,1.91,1.98,1.81,8900,256
8942,306,266,266,2024-02-05,2024-02-05,0,galan|d / munar|j,Cordoba,Cordoba Open,R32,R32,1.0,1.0,1.0,1.0,100.0,7,Cordoba,Cordoba Open,2024-02-05,ATP250,Outdoor,Clay,1st Round,3,Munar J.,Galan D.E.,74,78.0,746,716.0,6.0,2.0,6.0,4.0,,,,,,,2.0,0.0,Completed,1.73,2.1,1.74,2.21,1.79,2.21,1.69,2.14,8942,257
8943,307,267,267,2024-02-05,2024-02-05,0,bagnis|f / cerundolo|j,Cordoba,Cordoba Open,R32,R32,1.0,1.0,1.0,1.0,100.0,7,Cordoba,Cordoba Open,2024-02-05,ATP250,Outdoor,Clay,1st Round,3,Bagnis F.,Cerundolo J.M.,207,148.0,295,435.0,6.0,4.0,6.0,2.0,,,,,,,2.0,0.0,Completed,1.67,2.2,1.74,2.2,1.78,2.2,1.71,2.11,8943,258
8953,317,268,268,2024-02-05,2024-02-05,0,dellien|h / seyboth wild|t <> dellien|h / wild|t,Cordoba,Cordoba Open,R32,R32,1.0,1.0,1.0,1.0,100.0,7,Cordoba,Cordoba Open,2024-02-05,ATP250,Outdoor,Clay,1st Round,3,Dellien H.,Seyboth Wild T.,112,81.0,559,708.0,6.0,4.0,2.0,6.0,6.0,3.0,,,,,2.0,1.0,Completed,2.75,1.44,2.64,1.54,2.78,1.54,2.61,1.48,8953,259
8980,344,293,293,2024-02-05,2024-02-05,0,daniel|t / lestienne|c,Dallas,Dallas Open,R32,R32,1.0,1.0,1.0,1.0,100.0,8,Dallas,Dallas Open,2024-02-05,ATP250,Indoor,Hard,1st Round,3,Daniel T.,Lestienne C.,62,104.0,858,599.0,4.0,6.0,6.0,4.0,5.0,0.0,,,,,1.0,1.0,Retired,1.53,2.5,1.6,2.47,1.64,2.52,1.56,2.38,8980,260
8996,360,322,322,2024-02-05,2024-02-05,0,bonzi|b / shevchenko|a,Marseille,Open 13,R32,R32,0.5,1.0,1.0,1.0,72.5,9,Marseille,Open 13,2024-02-05,ATP250,Indoor,Hard,1st Round,3,Shevchenko A.,Bonzi B.,56,126.0,915,508.0,7.0,6.0,6.0,4.0,,,,,,,2.0,0.0,Completed,1.73,2.1,1.83,2.07,1.83,2.12,1.77,2.02,8996,261
8998,362,320,320,2024-02-05,2024-02-05,0,marterer|m / musetti|l,Marseille,Open 13,R32,R32,0.5,1.0,1.0,1.0,72.5,9,Marseille,Open 13,2024-02-05,ATP250,Indoor,Hard,1st Round,3,Musetti L.,Marterer M.,27,99.0,1480,616.0,6.0,4.0,6.0,2.0,,,,,,,2.0,0.0,Completed,1.53,2.5,1.58,2.51,1.58,2.51,1.54,2.42,8998,262
9004,368,321,321,2024-02-05,2024-02-05,0,agut|r / gasquet|r <> bautista agut|r / gasquet|r,Marseille,Open 13,R32,R32,0.5,1.0,1.0,1.0,72.5,9,Marseille,Open 13,2024-02-05,ATP250,Indoor,Hard,1st Round,3,Bautista Agut R.,Gasquet R.,102,131.0,606,500.0,6.0,3.0,7.0,5.0,,,,,,,2.0,0.0,Completed,1.5,2.63,1.52,2.69,1.55,2.75,1.49,2.57,9004,263
8944,308,273,273,2024-02-05,2024-02-06,1,baena|r / navone|m <> carballes baena|r / navone|m,Cordoba,Cordoba Open,R32,R32,1.0,1.0,1.0,0.9523809523809523,99.76190476190476,7,Cordoba,Cordoba Open,2024-02-06,ATP250,Outdoor,Clay,1st Round,3,Carballes Baena R.,Navone M.,65,118.0,846,538.0,3.0,6.0,6.0,3.0,6.0,3.0,,,,,2.0,1.0,Completed,1.8,2.0,1.91,1.98,1.91,2.1,1.83,1.96,8944,264
8945,309,274,274,2024-02-05,2024-02-06,1,garin|c / miralles|b <> garin|c / zapata miralles|b,Cordoba,Cordoba Open,R32,R32,1.0,1.0,1.0,0.9523809523809523,99.76190476190476,7,Cordoba,Cordoba Open,2024-02-06,ATP250,Outdoor,Clay,1st Round,3,Zapata Miralles B.,Garin C.,79,87.0,715,680.0,1.0,6.0,7.0,6.0,3.0,0.0,,,,,1.0,1.0,Retired,2.2,1.67,2.13,1.79,2.25,1.79,2.14,1.69,8945,265
8947,311,271,271,2024-02-05,2024-02-06,1,altmaier|d / coria|f,Cordoba,Cordoba Open,R32,R32,1.0,1.0,1.0,0.9523809523809523,99.76190476190476,7,Cordoba,Cordoba Open,2024-02-06,ATP250,Outdoor,Clay,1st Round,3,Coria F.,Altmaier D.,93,52.0,638,946.0,5.0,7.0,6.0,3.0,6.0,4.0,,,,,2.0,1.0,Completed,2.5,1.53,2.7,1.52,2.75,1.54,2.54,1.5,8947,266
8948,312,276,276,2024-02-05,2024-02-06,1,hanfmann|y / varillas|j,Cordoba,Cordoba Open,R32,R32,1.0,1.0,1.0,0.9523809523809523,99.76190476190476,7,Cordoba,Cordoba Open,2024-02-06,ATP250,Outdoor,Clay,1st Round,3,Hanfmann Y.,Varillas J.P.,59,85.0,889,684.0,5.0,7.0,7.0,6.0,6.0,1.0,,,,,2.0,1.0,Completed,1.44,2.75,1.54,2.64,1.55,2.78,1.48,2.62,8948,267
8949,313,275,275,2024-02-05,2024-02-06,1,burruchaga|r / schwartzman|d,Cordoba,Cordoba Open,R32,R32,1.0,1.0,1.0,0.9523809523809523,99.76190476190476,7,Cordoba,Cordoba Open,2024-02-06,ATP250,Outdoor,Clay,1st Round,3,Burruchaga R.,Schwartzman D.,170,117.0,359,538.0,6.0,1.0,4.0,6.0,6.0,4.0,,,,,2.0,1.0,Completed,1.91,1.91,1.97,1.92,2.0,1.92,1.93,1.85,8949,268
8952,316,270,270,2024-02-05,2024-02-06,1,acosta|f / gomez|f <> diaz acosta|f / gomez|f,Cordoba,Cordoba Open,R32,R32,1.0,1.0,1.0,0.9523809523809523,99.76190476190476,7,Cordoba,Cordoba Open,2024-02-06,ATP250,Outdoor,Clay,1st Round,3,Diaz Acosta F.,Gomez F.,95,365.0,634,135.0,6.0,1.0,6.0,4.0,,,,,,,2.0,0.0,Completed,1.25,4.0,1.3,3.87,1.3,4.0,1.27,3.66,8952,269
8969,333,295,295,2024-02-05,2024-02-06,1,michelsen|a / sandgren|t,Dallas,Dallas Open,R32,R32,1.0,1.0,1.0,0.9523809523809523,99.76190476190476,8,Dallas,Dallas Open,2024-02-06,ATP250,Indoor,Hard,1st Round,3,Michelsen A.,Sandgren T.,75,281.0,741,200.0,6.0,3.0,3.0,6.0,6.0,1.0,,,,,2.0,1.0,Completed,1.4,3.0,1.46,2.92,1.46,3.0,1.41,2.83,8969,270
8971,335,294,294,2024-02-05,2024-02-06,1,krueger|m / purcell|m,Dallas,Dallas Open,R32,R32,1.0,1.0,1.0,0.9523809523809523,99.76190476190476,8,Dallas,Dallas Open,2024-02-06,ATP250,Indoor,Hard,1st Round,3,Purcell M.,Krueger M.,43,244.0,1036,243.0,6.0,2.0,4.0,6.0,7.0,6.0,,,,,2.0,1.0,Completed,1.36,3.2,1.41,3.1,1.44,3.2,1.39,2.93,8971,271
8972,336,300,300,2024-02-05,2024-02-06,1,atmane|t / nishioka|y,Dallas,Dallas Open,R32,R32,1.0,1.0,1.0,0.9523809523809523,99.76190476190476,8,Dallas,Dallas Open,2024-02-06,ATP250,Indoor,Hard,1st Round,3,Nishioka Y.,Atmane T.,83,144.0,695,453.0,7.0,6.0,4.0,6.0,6.0,3.0,,,,,2.0,1.0,Completed,1.67,2.2,1.71,2.25,1.8,1.95,1.8,1.95,8972,272
8973,337,296,296,2024-02-05,2024-02-06,1,duckworth|j / svajda|z,Dallas,Dallas Open,R32,R32,1.0,1.0,1.0,0.9523809523809523,99.76190476190476,8,Dallas,Dallas Open,2024-02-06,ATP250,Indoor,Hard,1st Round,3,Duckworth J.,Svajda Z.,106,145.0,591,442.0,7.0,6.0,6.0,1.0,,,,,,,2.0,0.0,Completed,1.73,2.1,1.86,2.03,1.86,2.15,1.78,2.01,8973,273
8974,338,298,298,2024-02-05,2024-02-06,1,eubanks|c / johnson|s,Dallas,Dallas Open,R32,R32,1.0,1.0,1.0,0.9523809523809523,99.76190476190476,8,Dallas,Dallas Open,2024-02-06,ATP250,Indoor,Hard,1st Round,3,Eubanks C.,Johnson S.,33,246.0,1220,240.0,6.0,1.0,6.0,4.0,,,,,,,2.0,0.0,Completed,1.5,2.63,1.51,2.71,1.52,2.71,1.49,2.57,8974,274
8977,341,299,299,2024-02-05,2024-02-06,1,mmoh|m / nava|e,Dallas,Dallas Open,R32,R32,1.0,1.0,1.0,0.9523809523809523,99.76190476190476,8,Dallas,Dallas Open,2024-02-06,ATP250,Indoor,Hard,1st Round,3,Mmoh M.,Nava E.,115,149.0,547,430.0,7.0,5.0,6.0,2.0,,,,,,,2.0,0.0,Completed,1.67,2.2,1.71,2.25,1.71,2.25,1.66,2.18,8977,275
8997,361,325,325,2024-02-05,2024-02-06,1,machac|t / murray|a,Marseille,Open 13,R32,R32,0.5,1.0,1.0,0.9523809523809523,72.26190476190476,9,Marseille,Open 13,2024-02-06,ATP250,Indoor,Hard,1st Round,3,Machac T.,Murray A.,66,49.0,838,970.0,7.0,5.0,6.0,4.0,,,,,,,2.0,0.0,Completed,1.44,2.75,1.5,2.77,1.53,2.82,1.46,2.67,8997,276
8999,363,327,327,2024-02-05,2024-02-06,1,gaston|h / shapovalov|d,Marseille,Open 13,R32,R32,0.5,1.0,1.0,0.9523809523809523,72.26190476190476,9,Marseille,Open 13,2024-02-06,ATP250,Indoor,Hard,1st Round,3,Gaston H.,Shapovalov D.,86,127.0,684,505.0,7.0,5.0,1.0,6.0,6.0,3.0,,,,,2.0,1.0,Completed,2.75,1.44,2.87,1.47,2.87,1.47,2.71,1.45,8999,277
9001,365,323,323,2024-02-05,2024-02-06,1,barrere|g / davidovich fokina|a <> barrere|g / fokina|a,Marseille,Open 13,R32,R32,0.5,1.0,1.0,0.9523809523809523,72.26190476190476,9,Marseille,Open 13,2024-02-06,ATP250,Indoor,Hard,1st Round,3,Davidovich Fokina A.,Barrere G.,24,105.0,1535,596.0,4.0,6.0,6.0,4.0,6.0,4.0,,,,,2.0,1.0,Completed,1.53,2.5,1.58,2.53,1.58,2.53,1.54,2.42,9001,278
9005,369,329,329,2024-02-05,2024-02-06,1,goffin|d / lehecka|j,Marseille,Open 13,R32,R32,0.5,1.0,1.0,0.9523809523809523,72.26190476190476,9,Marseille,Open 13,2024-02-06,ATP250,Indoor,Hard,1st Round,3,Lehecka J.,Goffin D.,32,134.0,1245,496.0,3.0,6.0,7.0,5.0,6.0,2.0,,,,,2.0,1.0,Completed,1.53,2.5,1.53,2.68,1.54,2.68,1.51,2.52,9005,279
9006,370,326,326,2024-02-05,2024-02-06,1,cressy|m / rinderknech|a,Marseille,Open 13,R32,R32,0.5,1.0,1.0,0.9523809523809523,72.26190476190476,9,Marseille,Open 13,2024-02-06,ATP250,Indoor,Hard,1st Round,3,Rinderknech A.,Cressy M.,94,128.0,635,505.0,6.0,7.0,7.0,5.0,6.0,2.0,,,,,2.0,1.0,Completed,2.0,1.8,1.89,2.0,2.0,2.0,1.9,1.88,9006,280
9007,371,328,328,2024-02-05,2024-02-06,1,grenier|h / korda|s,Marseille,Open 13,R32,R32,0.5,1.0,1.0,0.9523809523809523,72.26190476190476,9,Marseille,Open 13,2024-02-06,ATP250,Indoor,Hard,1st Round,3,Korda S.,Grenier H.,34,155.0,1220,411.0,6.0,3.0,2.0,6.0,7.0,6.0,,,,,2.0,1.0,Completed,1.2,4.5,1.21,4.99,1.23,4.99,1.2,4.47,9007,281
8934,298,280,280,2024-02-05,2024-02-07,2,cerundolo|f / munar|j,Cordoba,Cordoba Open,R16,R16,1.0,1.0,1.0,0.9047619047619048,99.52380952380952,7,Cordoba,Cordoba Open,2024-02-07,ATP250,Outdoor,Clay,2nd Round,3,Munar J.,Cerundolo F.,74,22.0,746,1720.0,7.0,5.0,6.0,4.0,,,,,,,2.0,0.0,Completed,2.3,1.62,2.29,1.7,2.3,1.71,2.21,1.65,8934,282
8935,299,279,279,2024-02-05,2024-02-07,2,baena|r / bagnis|f <> bagnis|f / carballes baena|r,Cordoba,Cordoba Open,R16,R16,1.0,1.0,1.0,0.9047619047619048,99.52380952380952,7,Cordoba,Cordoba Open,2024-02-07,ATP250,Outdoor,Clay,2nd Round,3,Bagnis F.,Carballes Baena R.,207,65.0,295,846.0,7.0,6.0,6.0,4.0,,,,,,,2.0,0.0,Completed,2.2,1.67,2.21,1.75,2.22,1.75,2.14,1.69,8935,283
8951,315,277,277,2024-02-05,2024-02-07,2,comesana|f / tirante|t,Cordoba,Cordoba Open,R32,R32,1.0,1.0,1.0,0.9047619047619048,99.52380952380952,7,Cordoba,Cordoba Open,2024-02-07,ATP250,Outdoor,Clay,1st Round,3,Tirante T.A.,Comesana F.,109,120.0,573,534.0,6.0,1.0,7.0,6.0,,,,,,,2.0,0.0,Completed,2.0,1.8,2.14,1.78,2.14,1.85,2.02,1.77,8951,284
8962,326,305,305,2024-02-05,2024-02-07,2,giron|m / purcell|m,Dallas,Dallas Open,R16,R16,1.0,1.0,1.0,0.9047619047619048,99.52380952380952,8,Dallas,Dallas Open,2024-02-07,ATP250,Indoor,Hard,2nd Round,3,Giron M.,Purcell M.,67,43.0,825,1036.0,6.0,4.0,6.0,3.0,,,,,,,2.0,0.0,Completed,1.53,2.5,1.54,2.66,1.57,2.66,1.52,2.49,8962,285
8964,328,306,306,2024-02-05,2024-02-07,2,duckworth|j / eubanks|c,Dallas,Dallas Open,R16,R16,1.0,1.0,1.0,0.9047619047619048,99.52380952380952,8,Dallas,Dallas Open,2024-02-07,ATP250,Indoor,Hard,2nd Round,3,Duckworth J.,Eubanks C.,106,33.0,591,1220.0,7.0,6.0,6.0,4.0,,,,,,,2.0,0.0,Completed,2.38,1.57,2.41,1.64,2.41,1.64,2.32,1.59,8964,286
8975,339,301,301,2024-02-05,2024-02-07,2,neff|a / thompson|j,Dallas,Dallas Open,R32,R32,1.0,1.0,1.0,0.9047619047619048,99.52380952380952,8,Dallas,Dallas Open,2024-02-07,ATP250,Indoor,Hard,1st Round,3,Thompson J.,Neff A.,44,829.0,1022,23.0,6.0,3.0,6.0,1.0,,,,,,,2.0,0.0,Completed,1.03,15.0,1.03,24.17,1.03,24.17,1.02,14.34,8975,287
8976,340,303,303,2024-02-05,2024-02-07,2,albot|r / kudla|d,Dallas,Dallas Open,R32,R32,1.0,1.0,1.0,0.9047619047619048,99.52380952380952,8,Dallas,Dallas Open,2024-02-07,ATP250,Indoor,Hard,1st Round,3,Kudla D.,Albot R.,174,137.0,355,489.0,6.0,3.0,7.0,6.0,,,,,,,2.0,0.0,Completed,1.73,2.1,1.79,2.12,1.79,2.17,1.72,2.09,8976,288
8978,342,302,302,2024-02-05,2024-02-07,2,koepfer|d / kovacevic|a,Dallas,Dallas Open,R32,R32,1.0,1.0,1.0,0.9047619047619048,99.52380952380952,8,Dallas,Dallas Open,2024-02-07,ATP250,Indoor,Hard,1st Round,3,Koepfer D.,Kovacevic A.,60,100.0,868,616.0,6.0,4.0,7.0,6.0,,,,,,,2.0,0.0,Completed,1.36,3.2,1.43,3.05,1.43,3.25,1.35,3.09,8978,289
8979,343,304,304,2024-02-05,2024-02-07,2,hijikata|r / quinn|e,Dallas,Dallas Open,R32,R32,1.0,1.0,1.0,0.9047619047619048,99.52380952380952,8,Dallas,Dallas Open,2024-02-07,ATP250,Indoor,Hard,1st Round,3,Hijikata R.,Quinn E.,88,288.0,680,196.0,6.0,4.0,6.0,4.0,,,,,,,2.0,0.0,Completed,1.67,2.2,1.7,2.27,1.7,2.38,1.63,2.24,8979,290
8989,353,332,332,2024-02-05,2024-02-07,2,machac|t / musetti|l,Marseille,Open 13,R16,R16,0.5,1.0,1.0,0.9047619047619048,72.02380952380952,9,Marseille,Open 13,2024-02-07,ATP250,Indoor,Hard,2nd Round,3,Machac T.,Musetti L.,66,27.0,838,1480.0,6.0,3.0,6.0,2.0,,,,,,,2.0,0.0,Completed,1.62,2.3,1.64,2.41,1.64,2.5,1.6,2.29,8989,291
8990,354,334,334,2024-02-05,2024-02-07,2,gaston|h / humbert|u,Marseille,Open 13,R16,R16,0.5,1.0,1.0,0.9047619047619048,72.02380952380952,9,Marseille,Open 13,2024-02-07,ATP250,Indoor,Hard,2nd Round,3,Humbert U.,Gaston H.,21,86.0,1775,684.0,2.0,6.0,6.0,1.0,6.0,3.0,,,,,2.0,1.0,Completed,1.22,4.33,1.23,4.67,1.25,4.67,1.22,4.14,8990,292
8993,357,333,333,2024-02-05,2024-02-07,2,agut|r / khachanov|k <> bautista agut|r / khachanov|k,Marseille,Open 13,R16,R16,0.5,1.0,1.0,0.9047619047619048,72.02380952380952,9,Marseille,Open 13,2024-02-07,ATP250,Indoor,Hard,2nd Round,3,Khachanov K.,Bautista Agut R.,18,102.0,1910,606.0,6.0,2.0,6.0,2.0,,,,,,,2.0,0.0,Completed,1.44,2.75,1.48,2.86,1.5,2.86,1.46,2.68,8993,293
9000,364,330,330,2024-02-05,2024-02-07,2,ruusuvuori|e / van assche|l,Marseille,Open 13,R32,R32,0.5,1.0,1.0,0.9047619047619048,72.02380952380952,9,Marseille,Open 13,2024-02-07,ATP250,Indoor,Hard,1st Round,3,Ruusuvuori E.,Van Assche L.,55,68.0,926,814.0,7.0,6.0,6.0,4.0,,,,,,,2.0,0.0,Completed,1.36,3.2,1.41,3.11,1.41,3.3,1.37,3.03,9000,294
9002,366,331,331,2024-02-05,2024-02-07,2,aliassime|f / halys|q <> auger aliassime|f / halys|q,Marseille,Open 13,R32,R32,0.5,1.0,1.0,0.9047619047619048,72.02380952380952,9,Marseille,Open 13,2024-02-07,ATP250,Indoor,Hard,1st Round,3,Auger-Aliassime F.,Halys Q.,28,101.0,1445,615.0,6.0,2.0,7.0,5.0,,,,,,,2.0,0.0,Completed,1.25,4.0,1.26,4.23,1.26,4.25,1.24,3.94,9002,295
8936,300,281,281,2024-02-05,2024-02-08,3,etcheverry|t / miralles|b <> etcheverry|t / zapata miralles|b,Cordoba,Cordoba Open,R16,R16,1.0,1.0,1.0,0.8571428571428572,99.28571428571429,7,Cordoba,Cordoba Open,2024-02-08,ATP250,Outdoor,Clay,2nd Round,3,Etcheverry T.,Zapata Miralles B.,29,79.0,1430,715.0,7.0,5.0,6.0,4.0,,,,,,,2.0,0.0,Completed,1.29,3.75,1.32,3.73,1.33,3.75,1.3,3.46,8936,296
8939,303,282,282,2024-02-05,2024-02-08,3,darderi|l / ofner|s,Cordoba,Cordoba Open,R16,R16,1.0,1.0,1.0,0.8571428571428572,99.28571428571429,7,Cordoba,Cordoba Open,2024-02-08,ATP250,Outdoor,Clay,2nd Round,3,Darderi L.,Ofner S.,136,38.0,491,1091.0,6.0,0.0,6.0,3.0,,,,,,,2.0,0.0,Completed,2.1,1.73,2.06,1.85,2.21,1.85,2.01,1.78,8939,297
8965,329,310,310,2024-02-05,2024-02-08,3,kudla|d / thompson|j,Dallas,Dallas Open,R16,R16,1.0,1.0,1.0,0.8571428571428572,99.28571428571429,8,Dallas,Dallas Open,2024-02-08,ATP250,Indoor,Hard,2nd Round,3,Thompson J.,Kudla D.,44,174.0,1022,355.0,6.0,1.0,6.0,1.0,,,,,,,2.0,0.0,Completed,1.29,3.75,1.29,4.0,1.3,4.0,1.28,3.59,8965,298
8966,330,307,307,2024-02-05,2024-02-08,3,mmoh|m / shelton|b,Dallas,Dallas Open,R16,R16,1.0,1.0,1.0,0.8571428571428572,99.28571428571429,8,Dallas,Dallas Open,2024-02-08,ATP250,Indoor,Hard,2nd Round,3,Shelton B.,Mmoh M.,16,115.0,1965,547.0,6.0,3.0,6.0,3.0,,,,,,,2.0,0.0,Completed,1.3,3.5,1.36,3.49,1.36,3.53,1.31,3.34,8966,299
8967,331,309,309,2024-02-05,2024-02-08,3,hijikata|r / koepfer|d,Dallas,Dallas Open,R16,R16,1.0,1.0,1.0,0.8571428571428572,99.28571428571429,8,Dallas,Dallas Open,2024-02-08,ATP250,Indoor,Hard,2nd Round,3,Koepfer D.,Hijikata R.,60,88.0,868,680.0,6.0,3.0,7.0,6.0,,,,,,,2.0,0.0,Completed,1.44,2.75,1.46,2.95,1.5,2.95,1.44,2.74,8967,300
8968,332,308,308,2024-02-05,2024-02-08,3,daniel|t / paul|t,Dallas,Dallas Open,R16,R16,1.0,1.0,1.0,0.8571428571428572,99.28571428571429,8,Dallas,Dallas Open,2024-02-08,ATP250,Indoor,Hard,2nd Round,3,Paul T.,Daniel T.,15,62.0,2050,858.0,6.0,3.0,6.0,2.0,,,,,,,2.0,0.0,Completed,1.25,4.0,1.27,4.18,1.3,4.18,1.26,3.77,8968,301
8988,352,338,338,2024-02-05,2024-02-08,3,hurkacz|h / shevchenko|a,Marseille,Open 13,R16,R16,0.5,1.0,1.0,0.8571428571428572,71.78571428571429,9,Marseille,Open 13,2024-02-08,ATP250,Indoor,Hard,2nd Round,3,Hurkacz H.,Shevchenko A.,8,56.0,3540,915.0,6.0,1.0,6.0,4.0,,,,,,,2.0,0.0,Completed,1.25,4.0,1.3,3.95,1.3,4.25,1.27,3.7,8988,302
8991,355,335,335,2024-02-05,2024-02-08,3,davidovich fokina|a / ruusuvuori|e <> fokina|a / ruusuvuori|e,Marseille,Open 13,R16,R16,0.5,1.0,1.0,0.8571428571428572,71.78571428571429,9,Marseille,Open 13,2024-02-08,ATP250,Indoor,Hard,2nd Round,3,Davidovich Fokina A.,Ruusuvuori E.,24,55.0,1535,926.0,6.0,3.0,7.0,5.0,,,,,,,2.0,0.0,Completed,2.5,1.53,2.58,1.57,2.6,1.57,2.48,1.52,8991,303
8994,358,339,339,2024-02-05,2024-02-08,3,lehecka|j / rinderknech|a,Marseille,Open 13,R16,R16,0.5,1.0,1.0,0.8571428571428572,71.78571428571429,9,Marseille,Open 13,2024-02-08,ATP250,Indoor,Hard,2nd Round,3,Rinderknech A.,Lehecka J.,94,32.0,635,1245.0,7.0,5.0,7.0,6.0,,,,,,,2.0,0.0,Completed,2.75,1.44,2.82,1.51,2.82,1.52,2.7,1.45,8994,304
8995,359,337,337,2024-02-05,2024-02-08,3,dimitrov|g / korda|s,Marseille,Open 13,R16,R16,0.5,1.0,1.0,0.8571428571428572,71.78571428571429,9,Marseille,Open 13,2024-02-08,ATP250,Indoor,Hard,2nd Round,3,Dimitrov G.,Korda S.,13,34.0,2785,1220.0,6.0,1.0,7.0,6.0,,,,,,,2.0,0.0,Completed,1.44,2.75,1.49,2.84,1.49,2.84,1.45,2.71,8995,305
8930,294,287,287,2024-02-05,2024-02-09,4,bagnis|f / munar|j,Cordoba,Cordoba Open,QF,QF,1.0,1.0,1.0,0.8095238095238095,99.04761904761905,7,Cordoba,Cordoba Open,2024-02-09,ATP250,Outdoor,Clay,Quarterfinals,3,Bagnis F.,Munar J.,207,74.0,295,746.0,7.0,5.0,6.0,4.0,,,,,,,2.0,0.0,Completed,2.5,1.53,2.42,1.63,2.5,1.63,2.4,1.55,8930,306
8931,295,286,286,2024-02-05,2024-02-09,4,coria|f / etcheverry|t,Cordoba,Cordoba Open,QF,QF,1.0,1.0,1.0,0.8095238095238095,99.04761904761905,7,Cordoba,Cordoba Open,2024-02-09,ATP250,Outdoor,Clay,Quarterfinals,3,Coria F.,Etcheverry T.,93,29.0,638,1430.0,6.0,3.0,6.0,4.0,,,,,,,2.0,0.0,Completed,3.0,1.4,3.28,1.39,3.28,1.44,2.93,1.39,8931,307
8932,296,288,288,2024-02-05,2024-02-09,4,darderi|l / hanfmann|y,Cordoba,Cordoba Open,QF,QF,1.0,1.0,1.0,0.8095238095238095,99.04761904761905,7,Cordoba,Cordoba Open,2024-02-09,ATP250,Outdoor,Clay,Quarterfinals,3,Darderi L.,Hanfmann Y.,136,59.0,491,889.0,7.0,6.0,6.0,1.0,,,,,,,2.0,0.0,Completed,1.8,2.0,1.75,2.18,1.85,2.18,1.79,2.01,8932,308
8933,297,289,289,2024-02-05,2024-02-09,4,acosta|f / baez|s <> baez|s / diaz acosta|f,Cordoba,Cordoba Open,QF,QF,1.0,1.0,1.0,0.8095238095238095,99.04761904761905,7,Cordoba,Cordoba Open,2024-02-09,ATP250,Outdoor,Clay,Quarterfinals,3,Baez S.,Diaz Acosta F.,26,95.0,1525,634.0,6.0,3.0,6.0,1.0,,,,,,,2.0,0.0,Completed,1.3,3.5,1.35,3.45,1.36,3.51,1.32,3.32,8933,309
8938,302,283,283,2024-02-05,2024-02-09,4,burruchaga|r / hanfmann|y,Cordoba,Cordoba Open,R16,R16,1.0,1.0,1.0,0.8095238095238095,99.04761904761905,7,Cordoba,Cordoba Open,2024-02-09,ATP250,Outdoor,Clay,2nd Round,3,Hanfmann Y.,Burruchaga R.,59,170.0,889,359.0,3.0,6.0,6.0,1.0,6.0,4.0,,,,,2.0,1.0,Completed,1.5,2.63,1.52,2.74,1.56,2.74,1.5,2.55,8938,310
8940,304,285,285,2024-02-05,2024-02-09,4,acosta|f / tirante|t <> diaz acosta|f / tirante|t,Cordoba,Cordoba Open,R16,R16,1.0,1.0,1.0,0.8095238095238095,99.04761904761905,7,Cordoba,Cordoba Open,2024-02-09,ATP250,Outdoor,Clay,2nd Round,3,Diaz Acosta F.,Tirante T.A.,95,109.0,634,573.0,6.0,2.0,6.0,7.0,6.0,2.0,,,,,2.0,1.0,Completed,1.62,2.3,1.61,2.47,1.67,2.47,1.6,2.29,8940,311
8941,305,284,284,2024-02-05,2024-02-09,4,baez|s / dellien|h,Cordoba,Cordoba Open,R16,R16,1.0,1.0,1.0,0.8095238095238095,99.04761904761905,7,Cordoba,Cordoba Open,2024-02-09,ATP250,Outdoor,Clay,2nd Round,3,Baez S.,Dellien H.,26,112.0,1525,559.0,4.0,6.0,6.0,3.0,6.0,4.0,,,,,2.0,1.0,Completed,1.17,5.0,1.2,5.19,1.2,5.19,1.18,4.73,8941,312
8959,323,314,314,2024-02-05,2024-02-09,4,shelton|b / thompson|j,Dallas,Dallas Open,QF,QF,1.0,1.0,1.0,0.8095238095238095,99.04761904761905,8,Dallas,Dallas Open,2024-02-09,ATP250,Indoor,Hard,Quarterfinals,3,Shelton B.,Thompson J.,16,44.0,1965,1022.0,6.0,7.0,6.0,4.0,6.0,4.0,,,,,2.0,1.0,Completed,1.44,2.75,1.46,2.94,1.47,2.94,1.43,2.78,8959,313
8960,324,313,313,2024-02-05,2024-02-09,4,koepfer|d / paul|t,Dallas,Dallas Open,QF,QF,1.0,1.0,1.0,0.8095238095238095,99.04761904761905,8,Dallas,Dallas Open,2024-02-09,ATP250,Indoor,Hard,Quarterfinals,3,Paul T.,Koepfer D.,15,60.0,2050,868.0,7.0,5.0,6.0,3.0,,,,,,,2.0,0.0,Completed,1.36,3.2,1.41,3.18,1.45,3.2,1.37,3.03,8960,314
8961,325,311,311,2024-02-05,2024-02-09,4,michelsen|a / tiafoe|f,Dallas,Dallas Open,R16,R16,1.0,1.0,1.0,0.8095238095238095,99.04761904761905,8,Dallas,Dallas Open,2024-02-09,ATP250,Indoor,Hard,2nd Round,3,Tiafoe F.,Michelsen A.,14,75.0,2060,741.0,6.0,4.0,6.0,3.0,,,,,,,2.0,0.0,Completed,1.53,2.5,1.62,2.46,1.62,2.63,1.54,2.43,8961,315
8963,327,312,312,2024-02-05,2024-02-09,4,mannarino|a / nishioka|y,Dallas,Dallas Open,R16,R16,1.0,1.0,1.0,0.8095238095238095,99.04761904761905,8,Dallas,Dallas Open,2024-02-09,ATP250,Indoor,Hard,2nd Round,3,Mannarino A.,Nishioka Y.,17,83.0,1920,695.0,,,,,,,,,,,,,Walkover,1.44,2.75,1.61,2.49,1.61,2.75,1.49,2.56,8963,316
8984,348,341,341,2024-02-05,2024-02-09,4,hurkacz|h / machac|t,Marseille,Open 13,QF,QF,0.5,1.0,1.0,0.8095238095238095,71.54761904761905,9,Marseille,Open 13,2024-02-09,ATP250,Indoor,Hard,Quarterfinals,3,Hurkacz H.,Machac T.,8,66.0,3540,838.0,6.0,3.0,6.0,4.0,,,,,,,2.0,0.0,Completed,1.36,3.2,1.38,3.34,1.4,3.4,1.36,3.07,8984,317
8985,349,340,340,2024-02-05,2024-02-09,4,davidovich fokina|a / humbert|u <> fokina|a / humbert|u,Marseille,Open 13,QF,QF,0.5,1.0,1.0,0.8095238095238095,71.54761904761905,9,Marseille,Open 13,2024-02-09,ATP250,Indoor,Hard,Quarterfinals,3,Humbert U.,Davidovich Fokina A.,21,24.0,1775,1535.0,6.0,1.0,6.0,4.0,,,,,,,2.0,0.0,Completed,1.57,2.38,1.59,2.54,1.62,2.54,1.57,2.36,8985,318
8987,351,343,343,2024-02-05,2024-02-09,4,dimitrov|g / rinderknech|a,Marseille,Open 13,QF,QF,0.5,1.0,1.0,0.8095238095238095,71.54761904761905,9,Marseille,Open 13,2024-02-09,ATP250,Indoor,Hard,Quarterfinals,3,Dimitrov G.,Rinderknech A.,13,94.0,2785,635.0,6.0,3.0,7.0,6.0,,,,,,,2.0,0.0,Completed,1.2,4.5,1.21,5.05,1.21,5.05,1.19,4.54,8987,319
8928,292,290,290,2024-02-05,2024-02-10,5,bagnis|f / coria|f,Cordoba,Cordoba Open,SF,SF,1.0,1.0,1.0,0.7619047619047619,98.80952380952381,7,Cordoba,Cordoba Open,2024-02-10,ATP250,Outdoor,Clay,Semifinals,3,Bagnis F.,Coria F.,207,93.0,295,638.0,6.0,3.0,7.0,5.0,,,,,,,2.0,0.0,Completed,2.38,1.57,2.33,1.68,2.38,1.68,2.25,1.63,8928,320
8929,293,291,291,2024-02-05,2024-02-10,5,baez|s / darderi|l,Cordoba,Cordoba Open,SF,SF,1.0,1.0,1.0,0.7619047619047619,98.80952380952381,7,Cordoba,Cordoba Open,2024-02-10,ATP250,Outdoor,Clay,Semifinals,3,Darderi L.,Baez S.,136,26.0,491,1525.0,6.0,1.0,3.0,6.0,6.0,3.0,,,,,2.0,1.0,Completed,3.0,1.4,2.93,1.47,3.0,1.5,2.77,1.44,8929,321
8955,319,318,318,2024-02-05,2024-02-10,5,giron|m / mannarino|a,Dallas,Dallas Open,SF,SF,1.0,1.0,1.0,0.7619047619047619,98.80952380952381,8,Dallas,Dallas Open,2024-02-10,ATP250,Indoor,Hard,Semifinals,3,Giron M.,Mannarino A.,67,17.0,825,1920.0,6.0,1.0,6.0,3.0,,,,,,,2.0,0.0,Completed,1.91,1.91,1.91,2.0,1.91,2.0,1.88,1.9,8955,322
8956,320,317,317,2024-02-05,2024-02-10,5,paul|t / shelton|b,Dallas,Dallas Open,SF,SF,1.0,1.0,1.0,0.7619047619047619,98.80952380952381,8,Dallas,Dallas Open,2024-02-10,ATP250,Indoor,Hard,Semifinals,3,Paul T.,Shelton B.,15,16.0,2050,1965.0,6.0,2.0,6.0,4.0,,,,,,,2.0,0.0,Completed,2.0,1.8,2.0,1.91,2.03,1.91,1.97,1.82,8956,323
8957,321,315,315,2024-02-05,2024-02-10,5,giron|m / tiafoe|f,Dallas,Dallas Open,QF,QF,1.0,1.0,1.0,0.7619047619047619,98.80952380952381,8,Dallas,Dallas Open,2024-02-10,ATP250,Indoor,Hard,Quarterfinals,3,Giron M.,Tiafoe F.,67,14.0,825,2060.0,6.0,1.0,6.0,4.0,,,,,,,2.0,0.0,Completed,2.3,1.62,2.22,1.74,2.3,1.74,2.21,1.65,8957,324
8958,322,316,316,2024-02-05,2024-02-10,5,duckworth|j / mannarino|a,Dallas,Dallas Open,QF,QF,1.0,1.0,1.0,0.7619047619047619,98.80952380952381,8,Dallas,Dallas Open,2024-02-10,ATP250,Indoor,Hard,Quarterfinals,3,Mannarino A.,Duckworth J.,17,106.0,1920,591.0,6.0,2.0,3.0,1.0,,,,,,,1.0,0.0,Retired,1.44,2.75,1.51,2.77,1.51,2.8,1.45,2.69,8958,325
8982,346,344,344,2024-02-05,2024-02-10,5,humbert|u / hurkacz|h,Marseille,Open 13,SF,SF,0.5,1.0,1.0,0.7619047619047619,71.30952380952381,9,Marseille,Open 13,2024-02-10,ATP250,Indoor,Hard,Semifinals,3,Humbert U.,Hurkacz H.,21,8.0,1775,3540.0,6.0,4.0,6.0,4.0,,,,,,,2.0,0.0,Completed,2.63,1.5,2.64,1.55,2.75,1.55,2.61,1.48,8982,326
8983,347,345,345,2024-02-05,2024-02-10,5,dimitrov|g / khachanov|k,Marseille,Open 13,SF,SF,0.5,1.0,1.0,0.7619047619047619,71.30952380952381,9,Marseille,Open 13,2024-02-10,ATP250,Indoor,Hard,Semifinals,3,Dimitrov G.,Khachanov K.,13,18.0,2785,1910.0,6.0,7.0,6.0,4.0,7.0,6.0,,,,,2.0,1.0,Completed,1.5,2.63,1.52,2.74,1.52,2.75,1.49,2.6,8983,327
8927,291,292,292,2024-02-05,2024-02-11,6,bagnis|f / darderi|l,Cordoba,Cordoba Open,F,F,1.0,1.0,1.0,0.7142857142857143,98.57142857142857,7,Cordoba,Cordoba Open,2024-02-11,ATP250,Outdoor,Clay,The Final,3,Darderi L.,Bagnis F.,136,207.0,491,295.0,6.0,1.0,6.0,4.0,,,,,,,2.0,0.0,Completed,1.53,2.5,1.6,2.52,1.61,2.52,1.56,2.39,8927,328
8954,318,319,319,2024-02-05,2024-02-11,6,giron|m / paul|t,Dallas,Dallas Open,F,F,1.0,1.0,1.0,0.7142857142857143,98.57142857142857,8,Dallas,Dallas Open,2024-02-11,ATP250,Indoor,Hard,The Final,3,Paul T.,Giron M.,15,67.0,2050,825.0,7.0,6.0,5.0,7.0,6.0,3.0,,,,,2.0,1.0,Completed,1.53,2.5,1.57,2.58,1.57,2.65,1.52,2.48,8954,329
8981,345,346,346,2024-02-05,2024-02-11,6,dimitrov|g / humbert|u,Marseille,Open 13,F,F,0.5,1.0,1.0,0.7142857142857143,71.07142857142857,9,Marseille,Open 13,2024-02-11,ATP250,Indoor,Hard,The Final,3,Humbert U.,Dimitrov G.,21,13.0,1775,2785.0,6.0,4.0,6.0,3.0,,,,,,,2.0,0.0,Completed,2.38,1.57,2.41,1.65,2.51,1.65,2.35,1.58,8981,330
9023,387,376,376,2024-02-12,2024-02-12,0,borges|n / diallo|g,Delray Beach,Delray Beach Open,R32,R32,1.0,1.0,1.0,1.0,100.0,11,Delray Beach,Delray Beach Open,2024-02-12,ATP250,Outdoor,Hard,1st Round,3,Borges N.,Diallo G.,46,136.0,1004,481.0,6.0,4.0,7.0,6.0,,,,,,,2.0,0.0,Completed,1.73,2.1,1.83,2.06,1.83,2.12,1.76,2.04,9023,331
9025,389,375,375,2024-02-12,2024-02-12,0,arnaldi|m / nishioka|y,Delray Beach,Delray Beach Open,R32,R32,1.0,1.0,1.0,1.0,100.0,11,Delray Beach,Delray Beach Open,2024-02-12,ATP250,Outdoor,Hard,1st Round,3,Arnaldi M.,Nishioka Y.,43,77.0,1046,720.0,4.0,6.0,6.0,4.0,6.0,3.0,,,,,2.0,1.0,Completed,1.67,2.2,1.72,2.22,1.73,2.22,1.67,2.15,9025,332
9027,391,374,374,2024-02-12,2024-02-12,0,lestienne|c / vukic|a,Delray Beach,Delray Beach Open,R32,R32,1.0,1.0,1.0,1.0,100.0,11,Delray Beach,Delray Beach Open,2024-02-12,ATP250,Outdoor,Hard,1st Round,3,Lestienne C.,Vukic A.,104,69.0,599,810.0,6.0,4.0,6.0,4.0,,,,,,,2.0,0.0,Completed,2.1,1.73,2.25,1.71,2.25,1.75,2.11,1.71,9027,333
9052,416,348,348,2024-02-12,2024-02-12,0,cilic|m / djere|l,Buenos Aires,Argentina Open,R32,R32,0.22857142857142856,1.0,1.0,1.0,57.57142857142857,10,Buenos Aires,Argentina Open,2024-02-12,ATP250,Outdoor,Clay,1st Round,3,Djere L.,Cilic M.,35,1044.0,1215,10.0,4.0,6.0,6.0,3.0,6.0,0.0,,,,,2.0,1.0,Completed,1.44,2.75,1.46,2.9,1.46,2.9,1.44,2.75,9052,334
9053,417,349,349,2024-02-12,2024-02-12,0,cachin|p / wawrinka|s,Buenos Aires,Argentina Open,R32,R32,0.22857142857142856,1.0,1.0,1.0,57.57142857142857,10,Buenos Aires,Argentina Open,2024-02-12,ATP250,Outdoor,Clay,1st Round,3,Wawrinka S.,Cachin P.,60,74.0,907,763.0,6.0,7.0,6.0,1.0,6.0,2.0,,,,,2.0,1.0,Completed,1.62,2.3,1.68,2.3,1.68,2.3,1.66,2.21,9053,335
9058,422,347,347,2024-02-12,2024-02-12,0,acosta|f / altmaier|d <> altmaier|d / diaz acosta|f,Buenos Aires,Argentina Open,R32,R32,0.22857142857142856,1.0,1.0,1.0,57.57142857142857,10,Buenos Aires,Argentina Open,2024-02-12,ATP250,Outdoor,Clay,1st Round,3,Diaz Acosta F.,Altmaier D.,87,53.0,677,936.0,6.0,3.0,7.0,6.0,,,,,,,2.0,0.0,Completed,2.2,1.67,2.18,1.75,2.31,1.75,2.17,1.68,9058,336
9079,443,402,402,2024-02-12,2024-02-12,0,de jong|j / raonic|m,Rotterdam,ABN AMRO World Tennis Tournament,R32,R32,0.2782608695652174,1.0,1.0,1.0,60.30434782608695,12,Rotterdam,ABN AMRO World Tennis Tournament,2024-02-12,ATP500,Indoor,Hard,1st Round,3,Raonic M.,De Jong J.,309,141.0,175,463.0,7.0,6.0,6.0,4.0,,,,,,,2.0,0.0,Completed,1.67,2.2,1.68,2.31,1.75,2.31,1.65,2.21,9079,337
9082,446,403,403,2024-02-12,2024-02-12,0,griekspoor|t / musetti|l,Rotterdam,ABN AMRO World Tennis Tournament,R32,R32,0.2782608695652174,1.0,1.0,1.0,60.30434782608695,12,Rotterdam,ABN AMRO World Tennis Tournament,2024-02-12,ATP500,Indoor,Hard,1st Round,3,Griekspoor T.,Musetti L.,29,26.0,1420,1480.0,3.0,6.0,7.0,6.0,7.0,6.0,,,,,2.0,1.0,Completed,1.44,2.75,1.44,2.81,1.5,2.81,1.44,2.72,9082,338
9090,454,401,401,2024-02-12,2024-02-12,0,goffin|d / prizmic|d,Rotterdam,ABN AMRO World Tennis Tournament,R32,R32,0.2782608695652174,1.0,1.0,1.0,60.30434782608695,12,Rotterdam,ABN AMRO World Tennis Tournament,2024-02-12,ATP500,Indoor,Hard,1st Round,3,Goffin D.,Prizmic D.,133,171.0,498,361.0,6.0,4.0,6.0,7.0,6.0,1.0,,,,,2.0,1.0,Completed,1.67,2.2,1.74,2.21,1.74,2.31,1.67,2.17,9090,339
9091,455,404,404,2024-02-12,2024-02-12,0,aliassime|f / cressy|m <> auger aliassime|f / cressy|m,Rotterdam,ABN AMRO World Tennis Tournament,R32,R32,0.2782608695652174,1.0,1.0,1.0,60.30434782608695,12,Rotterdam,ABN AMRO World Tennis Tournament,2024-02-12,ATP500,Indoor,Hard,1st Round,3,Auger-Aliassime F.,Cressy M.,28,170.0,1460,368.0,7.0,6.0,7.0,6.0,,,,,,,2.0,0.0,Completed,1.29,3.75,1.29,3.9,1.33,3.9,1.3,3.46,9091,340
9024,388,378,378,2024-02-12,2024-02-13,1,broady|l / hijikata|r,Delray Beach,Delray Beach Open,R32,R32,1.0,1.0,1.0,0.9523809523809523,99.76190476190476,11,Delray Beach,Delray Beach Open,2024-02-13,ATP250,Outdoor,Hard,1st Round,3,Hijikata R.,Broady L.,84,121.0,697,524.0,6.0,2.0,1.0,6.0,6.0,1.0,,,,,2.0,1.0,Completed,1.57,2.38,1.59,2.5,1.62,2.6,1.57,2.37,9024,341
9026,390,384,384,2024-02-12,2024-02-13,1,giron|m / nava|e,Delray Beach,Delray Beach Open,R32,R32,1.0,1.0,1.0,0.9523809523809523,99.76190476190476,11,Delray Beach,Delray Beach Open,2024-02-13,ATP250,Outdoor,Hard,1st Round,3,Giron M.,Nava E.,52,144.0,945,443.0,6.0,4.0,7.0,6.0,,,,,,,2.0,0.0,Completed,1.33,3.4,1.33,3.58,1.35,3.58,1.32,3.31,9026,342
9028,392,377,377,2024-02-12,2024-02-13,1,kecmanovic|m / kypson|p,Delray Beach,Delray Beach Open,R32,R32,1.0,1.0,1.0,0.9523809523809523,99.76190476190476,11,Delray Beach,Delray Beach Open,2024-02-13,ATP250,Outdoor,Hard,1st Round,3,Kypson P.,Kecmanovic M.,155,40.0,404,1080.0,6.0,4.0,7.0,6.0,,,,,,,2.0,0.0,Completed,3.5,1.3,3.61,1.33,3.61,1.37,3.33,1.32,9028,343
9029,393,379,379,2024-02-12,2024-02-13,1,evans|d / thompson|j,Delray Beach,Delray Beach Open,R32,R32,1.0,1.0,1.0,0.9523809523809523,99.76190476190476,11,Delray Beach,Delray Beach Open,2024-02-13,ATP250,Outdoor,Hard,1st Round,3,Thompson J.,Evans D.,42,44.0,1047,1041.0,7.0,5.0,6.0,0.0,,,,,,,2.0,0.0,Completed,1.57,2.38,1.62,2.43,1.65,2.43,1.59,2.33,9029,344
9032,396,380,380,2024-02-12,2024-02-13,1,purcell|m / svajda|z,Delray Beach,Delray Beach Open,R32,R32,1.0,1.0,1.0,0.9523809523809523,99.76190476190476,11,Delray Beach,Delray Beach Open,2024-02-13,ATP250,Outdoor,Hard,1st Round,3,Svajda Z.,Purcell M.,146,41.0,430,1051.0,7.0,5.0,6.0,3.0,,,,,,,2.0,0.0,Completed,1.91,1.91,1.9,1.99,1.95,1.99,1.87,1.91,9032,345
9033,397,382,382,2024-02-12,2024-02-13,1,cobolli|f / daniel|t,Delray Beach,Delray Beach Open,R32,R32,1.0,1.0,1.0,0.9523809523809523,99.76190476190476,11,Delray Beach,Delray Beach Open,2024-02-13,ATP250,Outdoor,Hard,1st Round,3,Cobolli F.,Daniel T.,72,63.0,779,870.0,1.0,6.0,6.0,2.0,7.0,6.0,,,,,2.0,1.0,Completed,1.8,2.0,1.93,1.93,1.95,2.1,1.84,1.93,9033,346
9034,398,383,383,2024-02-12,2024-02-13,1,albot|r / shang|j,Delray Beach,Delray Beach Open,R32,R32,1.0,1.0,1.0,0.9523809523809523,99.76190476190476,11,Delray Beach,Delray Beach Open,2024-02-13,ATP250,Outdoor,Hard,1st Round,3,Albot R.,Shang J.,137,139.0,475,465.0,4.0,6.0,6.0,4.0,6.0,2.0,,,,,2.0,1.0,Completed,2.1,1.73,2.08,1.83,2.11,1.83,2.05,1.75,9034,347
9050,414,354,354,2024-02-12,2024-02-13,1,carabelli|c / varillas|j <> ugo carabelli|c / varillas|j,Buenos Aires,Argentina Open,R32,R32,0.22857142857142856,1.0,1.0,0.9523809523809523,57.33333333333333,10,Buenos Aires,Argentina Open,2024-02-13,ATP250,Outdoor,Clay,1st Round,3,Ugo Carabelli C.,Varillas J.P.,134,85.0,494,684.0,7.0,6.0,6.0,4.0,,,,,,,2.0,0.0,Completed,1.62,2.3,1.68,2.3,1.68,2.32,1.64,2.24,9050,348
9051,415,353,353,2024-02-12,2024-02-13,1,seyboth wild|t / vavassori|a <> vavassori|a / wild|t,Buenos Aires,Argentina Open,R32,R32,0.22857142857142856,1.0,1.0,0.9523809523809523,57.33333333333333,10,Buenos Aires,Argentina Open,2024-02-13,ATP250,Outdoor,Clay,1st Round,3,Vavassori A.,Seyboth Wild T.,152,83.0,414,708.0,6.0,3.0,6.0,1.0,,,,,,,2.0,0.0,Completed,1.91,1.91,1.88,2.02,1.92,2.02,1.86,1.92,9051,349
9054,418,355,355,2024-02-12,2024-02-13,1,galan|d / schwartzman|d,Buenos Aires,Argentina Open,R32,R32,0.22857142857142856,1.0,1.0,0.9523809523809523,57.33333333333333,10,Buenos Aires,Argentina Open,2024-02-13,ATP250,Outdoor,Clay,1st Round,3,Galan D.E.,Schwartzman D.,80,116.0,716,538.0,2.0,6.0,6.0,1.0,6.0,4.0,,,,,2.0,1.0,Completed,2.0,1.8,1.91,1.98,2.0,1.98,1.91,1.87,9054,350
9055,419,350,350,2024-02-12,2024-02-13,1,baena|r / etcheverry|t <> carballes baena|r / etcheverry|t,Buenos Aires,Argentina Open,R32,R32,0.22857142857142856,1.0,1.0,0.9523809523809523,57.33333333333333,10,Buenos Aires,Argentina Open,2024-02-13,ATP250,Outdoor,Clay,1st Round,3,Etcheverry T.,Carballes Baena R.,27,64.0,1465,861.0,6.0,4.0,6.0,1.0,,,,,,,2.0,0.0,Completed,1.33,3.4,1.36,3.4,1.4,3.4,1.34,3.18,9055,351
9056,420,357,357,2024-02-12,2024-02-13,1,fils|a / lajovic|d,Buenos Aires,Argentina Open,R32,R32,0.22857142857142856,1.0,1.0,0.9523809523809523,57.33333333333333,10,Buenos Aires,Argentina Open,2024-02-13,ATP250,Outdoor,Clay,1st Round,3,Lajovic D.,Fils A.,58,36.0,919,1118.0,6.0,3.0,6.0,4.0,,,,,,,2.0,0.0,Completed,2.75,1.44,2.82,1.37,2.82,1.5,2.69,1.45,9056,352
9057,421,351,351,2024-02-12,2024-02-13,1,hanfmann|y / tabilo|a,Buenos Aires,Argentina Open,R32,R32,0.22857142857142856,1.0,1.0,0.9523809523809523,57.33333333333333,10,Buenos Aires,Argentina Open,2024-02-13,ATP250,Outdoor,Clay,1st Round,3,Tabilo A.,Hanfmann Y.,54,56.0,936,929.0,6.0,1.0,6.0,3.0,,,,,,,2.0,0.0,Completed,2.0,1.8,1.99,1.9,2.1,1.9,1.98,1.81,9057,353
9060,424,356,356,2024-02-12,2024-02-13,1,darderi|l / navone|m,Buenos Aires,Argentina Open,R32,R32,0.22857142857142856,1.0,1.0,0.9523809523809523,57.33333333333333,10,Buenos Aires,Argentina Open,2024-02-13,ATP250,Outdoor,Clay,1st Round,3,Darderi L.,Navone M.,76,117.0,722,538.0,6.0,2.0,6.0,1.0,,,,,,,2.0,0.0,Completed,1.8,2.0,1.8,2.11,1.96,2.11,1.8,2.0,9060,354
9061,425,352,352,2024-02-12,2024-02-13,1,coria|f / ofner|s,Buenos Aires,Argentina Open,R32,R32,0.22857142857142856,1.0,1.0,0.9523809523809523,57.33333333333333,10,Buenos Aires,Argentina Open,2024-02-13,ATP250,Outdoor,Clay,1st Round,3,Coria F.,Ofner S.,106,38.0,588,1091.0,7.0,5.0,4.0,6.0,7.0,5.0,,,,,2.0,1.0,Completed,1.8,2.0,1.88,2.02,1.88,2.1,1.78,2.01,9061,355
9080,444,405,405,2024-02-12,2024-02-13,1,bublik|a / coric|b,Rotterdam,ABN AMRO World Tennis Tournament,R32,R32,0.2782608695652174,1.0,1.0,0.9523809523809523,60.06625258799171,12,Rotterdam,ABN AMRO World Tennis Tournament,2024-02-13,ATP500,Indoor,Hard,1st Round,3,Bublik A.,Coric B.,23,31.0,1699,1274.0,6.0,3.0,6.0,4.0,,,,,,,2.0,0.0,Completed,1.91,1.91,1.96,1.93,1.96,2.05,1.86,1.92,9080,356
9081,445,411,411,2024-02-12,2024-02-13,1,hurkacz|h / lehecka|j,Rotterdam,ABN AMRO World Tennis Tournament,R32,R32,0.2782608695652174,1.0,1.0,0.9523809523809523,60.06625258799171,12,Rotterdam,ABN AMRO World Tennis Tournament,2024-02-13,ATP500,Indoor,Hard,1st Round,3,Hurkacz H.,Lehecka J.,8,32.0,3595,1250.0,6.0,3.0,6.0,7.0,7.0,6.0,,,,,2.0,1.0,Completed,1.36,3.2,1.37,3.35,1.38,3.35,1.34,3.17,9081,357
9083,447,409,409,2024-02-12,2024-02-13,1,davidovich fokina|a / struff|j <> fokina|a / struff|j,Rotterdam,ABN AMRO World Tennis Tournament,R32,R32,0.2782608695652174,1.0,1.0,0.9523809523809523,60.06625258799171,12,Rotterdam,ABN AMRO World Tennis Tournament,2024-02-13,ATP500,Indoor,Hard,1st Round,3,Struff J.L.,Davidovich Fokina A.,25,24.0,1526,1575.0,4.0,6.0,7.0,6.0,7.0,6.0,,,,,2.0,1.0,Completed,2.3,1.62,2.33,1.67,2.33,1.72,2.24,1.63,9083,358
9086,450,407,407,2024-02-12,2024-02-13,1,fucsovics|m / marozsan|f,Rotterdam,ABN AMRO World Tennis Tournament,R32,R32,0.2782608695652174,1.0,1.0,0.9523809523809523,60.06625258799171,12,Rotterdam,ABN AMRO World Tennis Tournament,2024-02-13,ATP500,Indoor,Hard,1st Round,3,Fucsovics M.,Marozsan F.,86,61.0,682,896.0,7.0,6.0,6.0,1.0,,,,,,,2.0,0.0,Completed,1.67,2.2,1.68,2.31,1.68,2.31,1.64,2.22,9086,359
9089,453,408,408,2024-02-12,2024-02-13,1,de minaur|a / korda|s,Rotterdam,ABN AMRO World Tennis Tournament,R32,R32,0.2782608695652174,1.0,1.0,0.9523809523809523,60.06625258799171,12,Rotterdam,ABN AMRO World Tennis Tournament,2024-02-13,ATP500,Indoor,Hard,1st Round,3,De Minaur A.,Korda S.,11,33.0,2970,1245.0,6.0,4.0,6.0,3.0,,,,,,,2.0,0.0,Completed,1.53,2.5,1.51,2.72,1.53,2.75,1.5,2.54,9089,360
9092,456,410,410,2024-02-12,2024-02-13,1,bergs|z / rublev|a,Rotterdam,ABN AMRO World Tennis Tournament,R32,R32,0.2782608695652174,1.0,1.0,0.9523809523809523,60.06625258799171,12,Rotterdam,ABN AMRO World Tennis Tournament,2024-02-13,ATP500,Indoor,Hard,1st Round,3,Rublev A.,Bergs Z.,5,132.0,5050,499.0,7.0,5.0,6.0,3.0,,,,,,,2.0,0.0,Completed,1.17,5.0,1.18,5.48,1.18,5.48,1.17,4.96,9092,361
9016,380,387,387,2024-02-12,2024-02-14,2,arnaldi|m / hijikata|r,Delray Beach,Delray Beach Open,R16,R16,1.0,1.0,1.0,0.9047619047619048,99.52380952380952,11,Delray Beach,Delray Beach Open,2024-02-14,ATP250,Outdoor,Hard,2nd Round,3,Hijikata R.,Arnaldi M.,84,43.0,697,1046.0,6.0,2.0,3.0,6.0,6.0,4.0,,,,,2.0,1.0,Completed,2.75,1.44,2.72,1.52,2.75,1.57,2.55,1.5,9016,362
9017,381,388,388,2024-02-12,2024-02-14,2,giron|m / mannarino|a,Delray Beach,Delray Beach Open,R16,R16,1.0,1.0,1.0,0.9047619047619048,99.52380952380952,11,Delray Beach,Delray Beach Open,2024-02-14,ATP250,Outdoor,Hard,2nd Round,3,Giron M.,Mannarino A.,52,19.0,945,1975.0,6.0,0.0,6.0,7.0,6.0,1.0,,,,,2.0,1.0,Completed,1.67,2.2,1.76,2.19,1.76,2.22,1.68,2.15,9017,363
9018,382,386,386,2024-02-12,2024-02-14,2,kypson|p / lestienne|c,Delray Beach,Delray Beach Open,R16,R16,1.0,1.0,1.0,0.9047619047619048,99.52380952380952,11,Delray Beach,Delray Beach Open,2024-02-14,ATP250,Outdoor,Hard,2nd Round,3,Kypson P.,Lestienne C.,155,104.0,404,599.0,6.0,4.0,6.0,4.0,,,,,,,2.0,0.0,Completed,1.67,2.2,1.68,2.32,1.73,2.32,1.67,2.18,9018,364
9031,395,385,385,2024-02-12,2024-02-14,2,kokkinakis|t / michelsen|a,Delray Beach,Delray Beach Open,R32,R32,1.0,1.0,1.0,0.9047619047619048,99.52380952380952,11,Delray Beach,Delray Beach Open,2024-02-14,ATP250,Outdoor,Hard,1st Round,3,Michelsen A.,Kokkinakis T.,75,79.0,759,716.0,6.0,1.0,6.0,2.0,,,,,,,2.0,0.0,Completed,2.0,1.8,1.96,1.93,2.03,1.93,1.96,1.82,9031,365
9044,408,362,362,2024-02-12,2024-02-14,2,jarry|n / wawrinka|s,Buenos Aires,Argentina Open,R16,R16,0.22857142857142856,1.0,1.0,0.9047619047619048,57.095238095238095,10,Buenos Aires,Argentina Open,2024-02-14,ATP250,Outdoor,Clay,2nd Round,3,Jarry N.,Wawrinka S.,21,60.0,1810,907.0,6.0,7.0,6.0,2.0,7.0,6.0,,,,,2.0,1.0,Completed,1.57,2.38,1.6,2.5,1.6,2.5,1.55,2.41,9044,366
9045,409,359,359,2024-02-12,2024-02-14,2,etcheverry|t / galan|d,Buenos Aires,Argentina Open,R16,R16,0.22857142857142856,1.0,1.0,0.9047619047619048,57.095238095238095,10,Buenos Aires,Argentina Open,2024-02-14,ATP250,Outdoor,Clay,2nd Round,3,Etcheverry T.,Galan D.E.,27,80.0,1465,716.0,6.0,3.0,6.0,0.0,,,,,,,2.0,0.0,Completed,1.3,3.5,1.34,3.58,1.34,3.58,1.31,3.38,9045,367
9046,410,360,360,2024-02-12,2024-02-14,2,lajovic|d / tabilo|a,Buenos Aires,Argentina Open,R16,R16,0.22857142857142856,1.0,1.0,0.9047619047619048,57.095238095238095,10,Buenos Aires,Argentina Open,2024-02-14,ATP250,Outdoor,Clay,2nd Round,3,Lajovic D.,Tabilo A.,58,54.0,919,936.0,6.0,4.0,1.0,6.0,6.0,1.0,,,,,2.0,1.0,Completed,2.1,1.73,2.25,1.72,2.25,1.74,2.16,1.68,9046,368
9047,411,361,361,2024-02-12,2024-02-14,2,acosta|f / cerundolo|f <> cerundolo|f / diaz acosta|f,Buenos Aires,Argentina Open,R16,R16,0.22857142857142856,1.0,1.0,0.9047619047619048,57.095238095238095,10,Buenos Aires,Argentina Open,2024-02-14,ATP250,Outdoor,Clay,2nd Round,3,Diaz Acosta F.,Cerundolo F.,87,22.0,677,1720.0,7.0,6.0,6.0,0.0,,,,,,,2.0,0.0,Completed,2.3,1.62,2.34,1.68,2.34,1.68,2.27,1.62,9047,369
9059,423,358,358,2024-02-12,2024-02-14,2,baez|s / miralles|b <> baez|s / zapata miralles|b,Buenos Aires,Argentina Open,R32,R32,0.22857142857142856,1.0,1.0,0.9047619047619048,57.095238095238095,10,Buenos Aires,Argentina Open,2024-02-14,ATP250,Outdoor,Clay,1st Round,3,Baez S.,Zapata Miralles B.,30,78.0,1375,720.0,6.0,3.0,6.0,3.0,,,,,,,2.0,0.0,Completed,1.2,4.5,1.27,4.11,1.3,4.57,1.23,4.03,9059,370
9070,434,417,417,2024-02-12,2024-02-14,2,bublik|a / raonic|m,Rotterdam,ABN AMRO World Tennis Tournament,R16,R16,0.2782608695652174,1.0,1.0,0.9047619047619048,59.82815734989648,12,Rotterdam,ABN AMRO World Tennis Tournament,2024-02-14,ATP500,Indoor,Hard,2nd Round,3,Raonic M.,Bublik A.,309,23.0,175,1699.0,6.0,4.0,6.0,4.0,,,,,,,2.0,0.0,Completed,2.5,1.53,2.59,1.56,2.63,1.56,2.5,1.52,9070,371
9075,439,418,418,2024-02-12,2024-02-14,2,de minaur|a / goffin|d,Rotterdam,ABN AMRO World Tennis Tournament,R16,R16,0.2782608695652174,1.0,1.0,0.9047619047619048,59.82815734989648,12,Rotterdam,ABN AMRO World Tennis Tournament,2024-02-14,ATP500,Indoor,Hard,2nd Round,3,De Minaur A.,Goffin D.,11,133.0,2970,498.0,6.0,3.0,6.0,1.0,,,,,,,2.0,0.0,Completed,1.2,4.5,1.2,5.21,1.2,5.25,1.18,4.64,9075,372
9076,440,419,419,2024-02-12,2024-02-14,2,aliassime|f / rublev|a <> auger aliassime|f / rublev|a,Rotterdam,ABN AMRO World Tennis Tournament,R16,R16,0.2782608695652174,1.0,1.0,0.9047619047619048,59.82815734989648,12,Rotterdam,ABN AMRO World Tennis Tournament,2024-02-14,ATP500,Indoor,Hard,2nd Round,3,Rublev A.,Auger-Aliassime F.,5,28.0,5050,1460.0,3.0,6.0,7.0,6.0,7.0,5.0,,,,,2.0,1.0,Completed,1.44,2.75,1.48,2.86,1.49,3.08,1.44,2.73,9076,373
9077,441,416,416,2024-02-12,2024-02-14,2,sinner|j / van de zandschulp|b,Rotterdam,ABN AMRO World Tennis Tournament,R32,R32,0.2782608695652174,1.0,1.0,0.9047619047619048,59.82815734989648,12,Rotterdam,ABN AMRO World Tennis Tournament,2024-02-14,ATP500,Indoor,Hard,1st Round,3,Sinner J.,Van De Zandschulp B.,4,66.0,8070,855.0,6.0,3.0,6.0,3.0,,,,,,,2.0,0.0,Completed,1.1,7.0,1.12,7.56,1.12,7.56,1.1,6.84,9077,374
9078,442,413,413,2024-02-12,2024-02-14,2,monfils|g / shapovalov|d,Rotterdam,ABN AMRO World Tennis Tournament,R32,R32,0.2782608695652174,1.0,1.0,0.9047619047619048,59.82815734989648,12,Rotterdam,ABN AMRO World Tennis Tournament,2024-02-14,ATP500,Indoor,Hard,1st Round,3,Monfils G.,Shapovalov D.,70,127.0,787,505.0,7.0,6.0,7.0,6.0,,,,,,,2.0,0.0,Completed,2.3,1.62,2.44,1.62,2.44,1.62,2.35,1.58,9078,375
9084,448,412,412,2024-02-12,2024-02-14,2,humbert|u / ruusuvuori|e,Rotterdam,ABN AMRO World Tennis Tournament,R32,R32,0.2782608695652174,1.0,1.0,0.9047619047619048,59.82815734989648,12,Rotterdam,ABN AMRO World Tennis Tournament,2024-02-14,ATP500,Indoor,Hard,1st Round,3,Ruusuvuori E.,Humbert U.,55,18.0,931,1990.0,7.0,6.0,4.0,6.0,6.0,3.0,,,,,2.0,1.0,Completed,2.2,1.67,2.37,1.65,2.37,1.79,2.17,1.67,9084,376
9085,449,414,414,2024-02-12,2024-02-14,2,dimitrov|g / sonego|l,Rotterdam,ABN AMRO World Tennis Tournament,R32,R32,0.2782608695652174,1.0,1.0,0.9047619047619048,59.82815734989648,12,Rotterdam,ABN AMRO World Tennis Tournament,2024-02-14,ATP500,Indoor,Hard,1st Round,3,Dimitrov G.,Sonego L.,13,48.0,2905,975.0,7.0,6.0,6.0,3.0,,,,,,,2.0,0.0,Completed,1.22,4.33,1.22,4.77,1.23,4.77,1.2,4.42,9085,377
9088,452,415,415,2024-02-12,2024-02-14,2,rune|h / safiullin|r,Rotterdam,ABN AMRO World Tennis Tournament,R32,R32,0.2782608695652174,1.0,1.0,0.9047619047619048,59.82815734989648,12,Rotterdam,ABN AMRO World Tennis Tournament,2024-02-14,ATP500,Indoor,Hard,1st Round,3,Rune H.,Safiullin R.,7,39.0,3695,1090.0,6.0,4.0,2.0,6.0,6.0,1.0,,,,,2.0,1.0,Completed,1.8,2.0,1.81,2.09,1.82,2.11,1.78,2.01,9088,378
9015,379,389,389,2024-02-12,2024-02-15,3,borges|n / fritz|t,Delray Beach,Delray Beach Open,R16,R16,1.0,1.0,1.0,0.8571428571428572,99.28571428571429,11,Delray Beach,Delray Beach Open,2024-02-15,ATP250,Outdoor,Hard,2nd Round,3,Fritz T.,Borges N.,9,46.0,3150,1004.0,7.0,6.0,6.0,4.0,,,,,,,2.0,0.0,Completed,1.17,5.0,1.23,4.7,1.23,5.0,1.2,4.38,9015,379
9020,384,391,391,2024-02-12,2024-02-15,3,michelsen|a / paul|t,Delray Beach,Delray Beach Open,R16,R16,1.0,1.0,1.0,0.8571428571428572,99.28571428571429,11,Delray Beach,Delray Beach Open,2024-02-15,ATP250,Outdoor,Hard,2nd Round,3,Paul T.,Michelsen A.,14,75.0,2255,759.0,5.0,7.0,6.0,4.0,7.0,6.0,,,,,2.0,1.0,Completed,1.36,3.2,1.39,3.26,1.39,3.5,1.34,3.17,9020,380
9021,385,392,392,2024-02-12,2024-02-15,3,cobolli|f / svajda|z,Delray Beach,Delray Beach Open,R16,R16,1.0,1.0,1.0,0.8571428571428572,99.28571428571429,11,Delray Beach,Delray Beach Open,2024-02-15,ATP250,Outdoor,Hard,2nd Round,3,Cobolli F.,Svajda Z.,72,146.0,779,430.0,6.0,4.0,6.0,7.0,6.0,2.0,,,,,2.0,1.0,Completed,1.8,2.0,1.94,1.96,1.94,2.05,1.86,1.92,9021,381
9042,406,365,365,2024-02-12,2024-02-15,3,alcaraz|c / carabelli|c <> alcaraz|c / ugo carabelli|c,Buenos Aires,Argentina Open,R16,R16,0.22857142857142856,1.0,1.0,0.8571428571428572,56.857142857142854,10,Buenos Aires,Argentina Open,2024-02-15,ATP250,Outdoor,Clay,2nd Round,3,Alcaraz C.,Ugo Carabelli C.,2,134.0,9255,494.0,6.0,2.0,7.0,5.0,,,,,,,2.0,0.0,Completed,1.07,9.0,1.08,10.39,1.09,10.39,1.07,8.21,9042,382
9043,407,363,363,2024-02-12,2024-02-15,3,djere|l / vavassori|a,Buenos Aires,Argentina Open,R16,R16,0.22857142857142856,1.0,1.0,0.8571428571428572,56.857142857142854,10,Buenos Aires,Argentina Open,2024-02-15,ATP250,Outdoor,Clay,2nd Round,3,Vavassori A.,Djere L.,152,35.0,414,1215.0,6.0,4.0,7.0,5.0,,,,,,,2.0,0.0,Completed,2.3,1.62,2.26,1.72,2.41,1.72,2.23,1.64,9043,383
9048,412,366,366,2024-02-12,2024-02-15,3,baez|s / darderi|l,Buenos Aires,Argentina Open,R16,R16,0.22857142857142856,1.0,1.0,0.8571428571428572,56.857142857142854,10,Buenos Aires,Argentina Open,2024-02-15,ATP250,Outdoor,Clay,2nd Round,3,Baez S.,Darderi L.,30,76.0,1375,722.0,6.0,4.0,7.0,5.0,,,,,,,2.0,0.0,Completed,1.53,2.5,1.62,2.47,1.62,2.5,1.57,2.36,9048,384
9049,413,364,364,2024-02-12,2024-02-15,3,coria|f / norrie|c,Buenos Aires,Argentina Open,R16,R16,0.22857142857142856,1.0,1.0,0.8571428571428572,56.857142857142854,10,Buenos Aires,Argentina Open,2024-02-15,ATP250,Outdoor,Clay,2nd Round,3,Coria F.,Norrie C.,106,20.0,588,1820.0,6.0,2.0,4.0,6.0,6.0,3.0,,,,,2.0,1.0,Completed,2.75,1.44,2.6,1.56,2.83,1.56,2.66,1.47,9049,385
9069,433,423,423,2024-02-12,2024-02-15,3,monfils|g / sinner|j,Rotterdam,ABN AMRO World Tennis Tournament,R16,R16,0.2782608695652174,1.0,1.0,0.8571428571428572,59.59006211180124,12,Rotterdam,ABN AMRO World Tennis Tournament,2024-02-15,ATP500,Indoor,Hard,2nd Round,3,Sinner J.,Monfils G.,4,70.0,8070,787.0,6.0,3.0,3.0,6.0,6.0,3.0,,,,,2.0,1.0,Completed,1.07,9.0,1.1,9.2,1.1,9.2,1.07,7.88,9069,386
9071,435,422,422,2024-02-12,2024-02-15,3,griekspoor|t / hurkacz|h,Rotterdam,ABN AMRO World Tennis Tournament,R16,R16,0.2782608695652174,1.0,1.0,0.8571428571428572,59.59006211180124,12,Rotterdam,ABN AMRO World Tennis Tournament,2024-02-15,ATP500,Indoor,Hard,2nd Round,3,Griekspoor T.,Hurkacz H.,29,8.0,1420,3595.0,6.0,7.0,7.0,6.0,7.0,6.0,,,,,2.0,1.0,Completed,2.75,1.44,3.09,1.43,3.09,1.48,2.83,1.42,9071,387
9072,436,424,424,2024-02-12,2024-02-15,3,ruusuvuori|e / struff|j,Rotterdam,ABN AMRO World Tennis Tournament,R16,R16,0.2782608695652174,1.0,1.0,0.8571428571428572,59.59006211180124,12,Rotterdam,ABN AMRO World Tennis Tournament,2024-02-15,ATP500,Indoor,Hard,2nd Round,3,Ruusuvuori E.,Struff J.L.,55,25.0,931,1526.0,6.0,3.0,6.0,3.0,,,,,,,2.0,0.0,Completed,1.53,2.5,1.58,2.54,1.58,2.55,1.53,2.47,9072,388
9073,437,420,420,2024-02-12,2024-02-15,3,dimitrov|g / fucsovics|m,Rotterdam,ABN AMRO World Tennis Tournament,R16,R16,0.2782608695652174,1.0,1.0,0.8571428571428572,59.59006211180124,12,Rotterdam,ABN AMRO World Tennis Tournament,2024-02-15,ATP500,Indoor,Hard,2nd Round,3,Dimitrov G.,Fucsovics M.,13,86.0,2905,682.0,6.0,3.0,7.0,5.0,,,,,,,2.0,0.0,Completed,1.3,3.5,1.28,4.11,1.31,4.11,1.28,3.63,9073,389
9074,438,421,421,2024-02-12,2024-02-15,3,rune|h / shevchenko|a,Rotterdam,ABN AMRO World Tennis Tournament,R16,R16,0.2782608695652174,1.0,1.0,0.8571428571428572,59.59006211180124,12,Rotterdam,ABN AMRO World Tennis Tournament,2024-02-15,ATP500,Indoor,Hard,2nd Round,3,Shevchenko A.,Rune H.,57,7.0,920,3695.0,6.0,4.0,1.0,6.0,6.0,3.0,,,,,2.0,1.0,Completed,3.4,1.33,3.38,1.37,3.53,1.37,3.27,1.33,9074,390
9012,376,396,396,2024-02-12,2024-02-16,4,giron|m / kypson|p,Delray Beach,Delray Beach Open,QF,QF,1.0,1.0,1.0,0.8095238095238095,99.04761904761905,11,Delray Beach,Delray Beach Open,2024-02-16,ATP250,Outdoor,Hard,Quarterfinals,3,Giron M.,Kypson P.,52,155.0,945,404.0,6.0,4.0,6.0,4.0,,,,,,,2.0,0.0,Completed,1.3,3.5,1.29,3.97,1.33,4.0,1.27,3.65,9012,391
9013,377,394,394,2024-02-12,2024-02-16,4,paul|t / thompson|j,Delray Beach,Delray Beach Open,QF,QF,1.0,1.0,1.0,0.8095238095238095,99.04761904761905,11,Delray Beach,Delray Beach Open,2024-02-16,ATP250,Outdoor,Hard,Quarterfinals,3,Paul T.,Thompson J.,14,42.0,2255,1047.0,6.0,4.0,6.0,3.0,,,,,,,2.0,0.0,Completed,1.57,2.38,1.65,2.39,1.65,2.45,1.59,2.33,9013,392
9014,378,395,395,2024-02-12,2024-02-16,4,cobolli|f / tiafoe|f,Delray Beach,Delray Beach Open,QF,QF,1.0,1.0,1.0,0.8095238095238095,99.04761904761905,11,Delray Beach,Delray Beach Open,2024-02-16,ATP250,Outdoor,Hard,Quarterfinals,3,Tiafoe F.,Cobolli F.,15,72.0,2065,779.0,6.0,4.0,6.0,2.0,,,,,,,2.0,0.0,Completed,1.36,3.2,1.4,3.21,1.4,3.21,1.36,3.06,9014,393
9022,386,393,393,2024-02-12,2024-02-16,4,albot|r / tiafoe|f,Delray Beach,Delray Beach Open,R16,R16,1.0,1.0,1.0,0.8095238095238095,99.04761904761905,11,Delray Beach,Delray Beach Open,2024-02-16,ATP250,Outdoor,Hard,2nd Round,3,Tiafoe F.,Albot R.,15,137.0,2065,475.0,7.0,6.0,7.0,6.0,,,,,,,2.0,0.0,Completed,1.29,3.75,1.3,3.93,1.3,3.93,1.28,3.61,9022,394
9038,402,369,369,2024-02-12,2024-02-16,4,alcaraz|c / vavassori|a,Buenos Aires,Argentina Open,QF,QF,0.22857142857142856,1.0,1.0,0.8095238095238095,56.61904761904762,10,Buenos Aires,Argentina Open,2024-02-16,ATP250,Outdoor,Clay,Quarterfinals,3,Alcaraz C.,Vavassori A.,2,152.0,9255,414.0,7.0,6.0,6.0,1.0,,,,,,,2.0,0.0,Completed,1.05,11.0,1.07,12.31,1.07,12.31,1.04,10.31,9038,395
9039,403,370,370,2024-02-12,2024-02-16,4,etcheverry|t / jarry|n,Buenos Aires,Argentina Open,QF,QF,0.22857142857142856,1.0,1.0,0.8095238095238095,56.61904761904762,10,Buenos Aires,Argentina Open,2024-02-16,ATP250,Outdoor,Clay,Quarterfinals,3,Jarry N.,Etcheverry T.,21,27.0,1810,1465.0,4.0,6.0,7.0,5.0,,,,,,,1.0,1.0,Retired,2.1,1.73,2.25,1.72,2.25,1.75,2.13,1.7,9039,396
9040,404,367,367,2024-02-12,2024-02-16,4,acosta|f / lajovic|d <> diaz acosta|f / lajovic|d,Buenos Aires,Argentina Open,QF,QF,0.22857142857142856,1.0,1.0,0.8095238095238095,56.61904761904762,10,Buenos Aires,Argentina Open,2024-02-16,ATP250,Outdoor,Clay,Quarterfinals,3,Diaz Acosta F.,Lajovic D.,87,58.0,677,919.0,6.0,4.0,6.0,3.0,,,,,,,2.0,0.0,Completed,2.0,1.8,2.07,1.85,2.07,1.87,1.99,1.79,9040,397
9041,405,368,368,2024-02-12,2024-02-16,4,baez|s / coria|f,Buenos Aires,Argentina Open,QF,QF,0.22857142857142856,1.0,1.0,0.8095238095238095,56.61904761904762,10,Buenos Aires,Argentina Open,2024-02-16,ATP250,Outdoor,Clay,Quarterfinals,3,Coria F.,Baez S.,106,30.0,588,1375.0,6.0,1.0,6.0,4.0,,,,,,,2.0,0.0,Completed,3.4,1.33,3.73,1.32,3.73,1.33,3.43,1.3,9041,398
9065,429,428,428,2024-02-12,2024-02-16,4,raonic|m / sinner|j,Rotterdam,ABN AMRO World Tennis Tournament,QF,QF,0.2782608695652174,1.0,1.0,0.8095238095238095,59.351966873706004,12,Rotterdam,ABN AMRO World Tennis Tournament,2024-02-16,ATP500,Indoor,Hard,Quarterfinals,3,Sinner J.,Raonic M.,4,309.0,8070,175.0,7.0,6.0,1.0,1.0,,,,,,,1.0,0.0,Retired,1.1,7.0,1.12,7.84,1.13,7.84,1.1,6.74,9065,399
9066,430,427,427,2024-02-12,2024-02-16,4,griekspoor|t / ruusuvuori|e,Rotterdam,ABN AMRO World Tennis Tournament,QF,QF,0.2782608695652174,1.0,1.0,0.8095238095238095,59.351966873706004,12,Rotterdam,ABN AMRO World Tennis Tournament,2024-02-16,ATP500,Indoor,Hard,Quarterfinals,3,Griekspoor T.,Ruusuvuori E.,29,55.0,1420,931.0,7.0,5.0,7.0,6.0,,,,,,,2.0,0.0,Completed,1.91,1.91,2.04,1.87,2.04,2.05,1.91,1.87,9066,400
9067,431,425,425,2024-02-12,2024-02-16,4,dimitrov|g / shevchenko|a,Rotterdam,ABN AMRO World Tennis Tournament,QF,QF,0.2782608695652174,1.0,1.0,0.8095238095238095,59.351966873706004,12,Rotterdam,ABN AMRO World Tennis Tournament,2024-02-16,ATP500,Indoor,Hard,Quarterfinals,3,Dimitrov G.,Shevchenko A.,13,57.0,2905,920.0,7.0,6.0,3.0,6.0,6.0,4.0,,,,,2.0,1.0,Completed,1.17,5.0,1.19,5.48,1.2,5.48,1.17,4.84,9067,401
9068,432,426,426,2024-02-12,2024-02-16,4,de minaur|a / rublev|a,Rotterdam,ABN AMRO World Tennis Tournament,QF,QF,0.2782608695652174,1.0,1.0,0.8095238095238095,59.351966873706004,12,Rotterdam,ABN AMRO World Tennis Tournament,2024-02-16,ATP500,Indoor,Hard,Quarterfinals,3,De Minaur A.,Rublev A.,11,5.0,2970,5050.0,7.0,6.0,4.0,6.0,6.0,3.0,,,,,2.0,1.0,Completed,2.1,1.73,2.27,1.71,2.27,1.73,2.14,1.69,9068,402
9010,374,398,398,2024-02-12,2024-02-17,5,paul|t / tiafoe|f,Delray Beach,Delray Beach Open,SF,SF,1.0,1.0,1.0,0.7619047619047619,98.80952380952381,11,Delray Beach,Delray Beach Open,2024-02-17,ATP250,Outdoor,Hard,Semifinals,3,Paul T.,Tiafoe F.,14,15.0,2255,2065.0,6.0,2.0,6.0,2.0,,,,,,,2.0,0.0,Completed,1.62,2.3,1.57,2.57,1.62,2.57,1.57,2.37,9010,403
9011,375,397,397,2024-02-12,2024-02-17,5,fritz|t / hijikata|r,Delray Beach,Delray Beach Open,QF,QF,1.0,1.0,1.0,0.7619047619047619,98.80952380952381,11,Delray Beach,Delray Beach Open,2024-02-17,ATP250,Outdoor,Hard,Quarterfinals,3,Fritz T.,Hijikata R.,9,84.0,3150,697.0,6.0,3.0,6.0,3.0,,,,,,,2.0,0.0,Completed,1.14,5.5,1.15,6.36,1.17,6.36,1.14,5.51,9011,404
9036,400,372,372,2024-02-12,2024-02-17,5,alcaraz|c / jarry|n,Buenos Aires,Argentina Open,SF,SF,0.22857142857142856,1.0,1.0,0.7619047619047619,56.38095238095238,10,Buenos Aires,Argentina Open,2024-02-17,ATP250,Outdoor,Clay,Semifinals,3,Jarry N.,Alcaraz C.,21,2.0,1810,9255.0,7.0,6.0,6.0,3.0,,,,,,,2.0,0.0,Completed,5.0,1.17,6.39,1.15,6.39,1.18,5.31,1.15,9036,405
9037,401,371,371,2024-02-12,2024-02-17,5,acosta|f / coria|f <> coria|f / diaz acosta|f,Buenos Aires,Argentina Open,SF,SF,0.22857142857142856,1.0,1.0,0.7619047619047619,56.38095238095238,10,Buenos Aires,Argentina Open,2024-02-17,ATP250,Outdoor,Clay,Semifinals,3,Diaz Acosta F.,Coria F.,87,106.0,677,588.0,6.0,2.0,6.0,3.0,,,,,,,2.0,0.0,Completed,1.8,2.0,1.86,2.05,1.95,2.05,1.84,1.95,9037,406
9063,427,430,430,2024-02-12,2024-02-17,5,griekspoor|t / sinner|j,Rotterdam,ABN AMRO World Tennis Tournament,SF,SF,0.2782608695652174,1.0,1.0,0.7619047619047619,59.113871635610764,12,Rotterdam,ABN AMRO World Tennis Tournament,2024-02-17,ATP500,Indoor,Hard,Semifinals,3,Sinner J.,Griekspoor T.,4,29.0,8070,1420.0,6.0,2.0,6.0,4.0,,,,,,,2.0,0.0,Completed,1.13,6.0,1.14,6.88,1.14,7.0,1.12,5.98,9063,407
9064,428,429,429,2024-02-12,2024-02-17,5,de minaur|a / dimitrov|g,Rotterdam,ABN AMRO World Tennis Tournament,SF,SF,0.2782608695652174,1.0,1.0,0.7619047619047619,59.113871635610764,12,Rotterdam,ABN AMRO World Tennis Tournament,2024-02-17,ATP500,Indoor,Hard,Semifinals,3,De Minaur A.,Dimitrov G.,11,13.0,2970,2905.0,6.0,4.0,6.0,3.0,,,,,,,2.0,0.0,Completed,1.73,2.1,1.84,2.08,1.85,2.12,1.76,2.04,9064,408
9009,373,399,399,2024-02-12,2024-02-18,6,fritz|t / giron|m,Delray Beach,Delray Beach Open,SF,SF,1.0,1.0,1.0,0.7142857142857143,98.57142857142857,11,Delray Beach,Delray Beach Open,2024-02-18,ATP250,Outdoor,Hard,Semifinals,3,Fritz T.,Giron M.,9,52.0,3150,945.0,7.0,6.0,6.0,2.0,,,,,,,2.0,0.0,Completed,1.36,3.2,1.43,3.08,1.43,3.2,1.38,3.01,9009,409
9035,399,373,373,2024-02-12,2024-02-18,6,acosta|f / jarry|n <> diaz acosta|f / jarry|n,Buenos Aires,Argentina Open,F,F,0.22857142857142856,1.0,1.0,0.7142857142857143,56.14285714285714,10,Buenos Aires,Argentina Open,2024-02-18,ATP250,Outdoor,Clay,The Final,3,Diaz Acosta F.,Jarry N.,87,21.0,677,1810.0,6.0,3.0,6.0,4.0,,,,,,,2.0,0.0,Completed,2.75,1.44,2.94,1.46,2.94,1.47,2.75,1.44,9035,410
9062,426,431,431,2024-02-12,2024-02-18,6,de minaur|a / sinner|j,Rotterdam,ABN AMRO World Tennis Tournament,F,F,0.2782608695652174,1.0,1.0,0.7142857142857143,58.87577639751552,12,Rotterdam,ABN AMRO World Tennis Tournament,2024-02-18,ATP500,Indoor,Hard,The Final,3,Sinner J.,De Minaur A.,4,11.0,8070,2970.0,7.0,5.0,6.0,4.0,,,,,,,2.0,0.0,Completed,1.22,4.33,1.28,4.15,1.29,4.33,1.24,4.01,9062,411
9008,372,400,400,2024-02-12,2024-02-19,7,fritz|t / paul|t,Delray Beach,Delray Beach Open,F,F,1.0,1.0,1.0,0.6666666666666667,98.33333333333333,11,Delray Beach,Delray Beach Open,2024-02-19,ATP250,Outdoor,Hard,The Final,3,Fritz T.,Paul T.,9,14.0,3150,2255.0,6.0,2.0,6.0,3.0,,,,,,,2.0,0.0,Completed,1.67,2.2,1.62,2.45,1.76,2.45,1.62,2.27,9008,412
9111,475,432,432,2024-02-19,2024-02-19,0,kotov|p / sonego|l,Doha,Qatar Exxon Mobil Open,R32,R32,0.0761904761904762,1.0,1.0,1.0,49.19047619047619,13,Doha,Qatar Exxon Mobil Open,2024-02-19,ATP250,Outdoor,Hard,1st Round,3,Kotov P.,Sonego L.,64,49.0,859,975.0,6.0,2.0,7.0,5.0,,,,,,,2.0,0.0,Completed,2.2,1.67,2.22,1.73,2.31,1.73,2.18,1.66,9111,413
9115,479,436,436,2024-02-19,2024-02-19,0,popyrin|a / shelbayh|a,Doha,Qatar Exxon Mobil Open,R32,R32,0.0761904761904762,1.0,1.0,1.0,49.19047619047619,13,Doha,Qatar Exxon Mobil Open,2024-02-19,ATP250,Outdoor,Hard,1st Round,3,Popyrin A.,Shelbayh A.,46,230.0,997,265.0,3.0,6.0,6.0,3.0,6.0,4.0,,,,,2.0,1.0,Completed,1.5,2.63,1.47,2.86,1.5,3.13,1.45,2.69,9115,414
9116,480,434,434,2024-02-19,2024-02-19,0,agut|r / fucsovics|m <> bautista agut|r / fucsovics|m,Doha,Qatar Exxon Mobil Open,R32,R32,0.0761904761904762,1.0,1.0,1.0,49.19047619047619,13,Doha,Qatar Exxon Mobil Open,2024-02-19,ATP250,Outdoor,Hard,1st Round,3,Fucsovics M.,Bautista Agut R.,80,97.0,732,621.0,6.0,1.0,6.0,3.0,,,,,,,2.0,0.0,Completed,1.73,2.1,1.81,2.1,1.81,2.12,1.73,2.07,9116,415
9119,483,435,435,2024-02-19,2024-02-19,0,kopriva|v / marozsan|f,Doha,Qatar Exxon Mobil Open,R32,R32,0.0761904761904762,1.0,1.0,1.0,49.19047619047619,13,Doha,Qatar Exxon Mobil Open,2024-02-19,ATP250,Outdoor,Hard,1st Round,3,Marozsan F.,Kopriva V.,60,118.0,896,535.0,7.0,5.0,7.0,6.0,,,,,,,2.0,0.0,Completed,1.44,2.75,1.55,2.61,1.55,2.75,1.48,2.6,9119,416
9137,501,459,459,2024-02-19,2024-02-19,0,evans|d / safiullin|r,Los Cabos,Los Cabos Open,R32,R32,1.0,1.0,1.0,1.0,100.0,14,Los Cabos,Los Cabos Open,2024-02-19,ATP250,Outdoor,Hard,1st Round,3,Evans D.,Safiullin R.,42,38.0,1041,1080.0,6.0,2.0,6.0,4.0,,,,,,,2.0,0.0,Completed,2.75,1.44,3.02,1.43,3.02,1.46,2.79,1.42,9137,417
9138,502,460,460,2024-02-19,2024-02-19,0,lestienne|c / michelsen|a,Los Cabos,Los Cabos Open,R32,R32,1.0,1.0,1.0,1.0,100.0,14,Los Cabos,Los Cabos Open,2024-02-19,ATP250,Outdoor,Hard,1st Round,3,Michelsen A.,Lestienne C.,74,104.0,776,604.0,6.0,3.0,7.0,6.0,,,,,,,2.0,0.0,Completed,1.33,3.4,1.36,3.41,1.42,3.41,1.36,3.1,9138,418
9166,530,488,488,2024-02-19,2024-02-19,0,cerundolo|f / comesana|f,Rio De Janeiro,Rio Open,R32,R32,0.3333333333333333,1.0,1.0,1.0,63.33333333333333,15,Rio de Janeiro,Rio Open,2024-02-19,ATP500,Outdoor,Clay,1st Round,3,Cerundolo F.,Comesana F.,22,119.0,1685,534.0,6.0,1.0,1.0,6.0,6.0,2.0,,,,,2.0,1.0,Completed,1.73,2.1,1.67,2.33,1.73,2.33,1.66,2.19,9166,419
9177,541,489,489,2024-02-19,2024-02-19,0,dellien|h / norrie|c,Rio De Janeiro,Rio Open,R32,R32,0.3333333333333333,1.0,1.0,1.0,63.33333333333333,15,Rio de Janeiro,Rio Open,2024-02-19,ATP500,Outdoor,Clay,1st Round,3,Norrie C.,Dellien H.,23,135.0,1680,489.0,6.0,3.0,6.0,2.0,,,,,,,2.0,0.0,Completed,1.33,3.4,1.36,3.43,1.36,3.5,1.33,3.29,9177,420
9108,472,440,440,2024-02-19,2024-02-20,1,gasquet|r / shevchenko|a,Doha,Qatar Exxon Mobil Open,R32,R32,0.0761904761904762,1.0,1.0,0.9523809523809523,48.95238095238095,13,Doha,Qatar Exxon Mobil Open,2024-02-20,ATP250,Outdoor,Hard,1st Round,3,Gasquet R.,Shevchenko A.,126,45.0,519,1000.0,6.0,4.0,6.0,4.0,,,,,,,2.0,0.0,Completed,3.2,1.36,2.81,1.49,3.2,1.5,2.79,1.43,9108,421
9109,473,442,442,2024-02-19,2024-02-20,1,muller|a / murray|a,Doha,Qatar Exxon Mobil Open,R32,R32,0.0761904761904762,1.0,1.0,0.9523809523809523,48.95238095238095,13,Doha,Qatar Exxon Mobil Open,2024-02-20,ATP250,Outdoor,Hard,1st Round,3,Murray A.,Muller A.,50,75.0,970,773.0,6.0,1.0,7.0,6.0,,,,,,,2.0,0.0,Completed,1.91,1.91,1.89,2.0,1.92,2.0,1.86,1.92,9109,422
9110,474,438,438,2024-02-19,2024-02-20,1,davidovich fokina|a / mensik|j <> fokina|a / mensik|j,Doha,Qatar Exxon Mobil Open,R32,R32,0.0761904761904762,1.0,1.0,0.9523809523809523,48.95238095238095,13,Doha,Qatar Exxon Mobil Open,2024-02-20,ATP250,Outdoor,Hard,1st Round,3,Mensik J.,Davidovich Fokina A.,116,24.0,536,1575.0,7.0,6.0,6.0,4.0,,,,,,,2.0,0.0,Completed,2.5,1.53,2.68,1.52,2.75,1.53,2.6,1.48,9110,423
9112,476,443,443,2024-02-19,2024-02-20,1,monfils|g / van de zandschulp|b,Doha,Qatar Exxon Mobil Open,R32,R32,0.0761904761904762,1.0,1.0,0.9523809523809523,48.95238095238095,13,Doha,Qatar Exxon Mobil Open,2024-02-20,ATP250,Outdoor,Hard,1st Round,3,Monfils G.,Van De Zandschulp B.,68,70.0,837,810.0,6.0,1.0,7.0,6.0,,,,,,,2.0,0.0,Completed,1.67,2.2,1.7,2.27,1.73,2.27,1.67,2.18,9112,424
9114,478,441,441,2024-02-19,2024-02-20,1,grenier|h / marterer|m,Doha,Qatar Exxon Mobil Open,R32,R32,0.0761904761904762,1.0,1.0,0.9523809523809523,48.95238095238095,13,Doha,Qatar Exxon Mobil Open,2024-02-20,ATP250,Outdoor,Hard,1st Round,3,Grenier H.,Marterer M.,151,99.0,417,616.0,7.0,6.0,7.0,5.0,,,,,,,2.0,0.0,Completed,2.0,1.8,1.94,1.91,2.01,1.92,1.96,1.82,9114,425
9118,482,437,437,2024-02-19,2024-02-20,1,ruusuvuori|e / zeppieri|g,Doha,Qatar Exxon Mobil Open,R32,R32,0.0761904761904762,1.0,1.0,0.9523809523809523,48.95238095238095,13,Doha,Qatar Exxon Mobil Open,2024-02-20,ATP250,Outdoor,Hard,1st Round,3,Ruusuvuori E.,Zeppieri G.,43,133.0,1011,498.0,7.0,6.0,7.0,5.0,,,,,,,2.0,0.0,Completed,1.33,3.4,1.41,3.12,1.41,3.51,1.36,3.09,9118,426
9136,500,463,463,2024-02-19,2024-02-20,1,draper|j / kokkinakis|t,Los Cabos,Los Cabos Open,R32,R32,1.0,1.0,1.0,0.9523809523809523,99.76190476190476,14,Los Cabos,Los Cabos Open,2024-02-20,ATP250,Outdoor,Hard,1st Round,3,Kokkinakis T.,Draper J.,103,53.0,604,951.0,4.0,6.0,7.0,6.0,6.0,4.0,,,,,2.0,1.0,Completed,3.75,1.29,4.0,1.28,4.0,1.3,3.67,1.27,9136,427
9140,504,466,466,2024-02-19,2024-02-20,1,escobedo|e / thompson|j,Los Cabos,Los Cabos Open,R32,R32,1.0,1.0,1.0,0.9523809523809523,99.76190476190476,14,Los Cabos,Los Cabos Open,2024-02-20,ATP250,Outdoor,Hard,1st Round,3,Thompson J.,Escobedo E.,40,494.0,1071,82.0,6.0,4.0,6.0,3.0,,,,,,,2.0,0.0,Completed,1.14,5.5,1.15,6.26,1.17,6.26,1.14,5.63,9140,428
9141,505,461,461,2024-02-19,2024-02-20,1,arnaldi|m / purcell|m,Los Cabos,Los Cabos Open,R32,R32,1.0,1.0,1.0,0.9523809523809523,99.76190476190476,14,Los Cabos,Los Cabos Open,2024-02-20,ATP250,Outdoor,Hard,1st Round,3,Purcell M.,Arnaldi M.,51,41.0,961,1061.0,6.0,4.0,4.0,6.0,6.0,4.0,,,,,2.0,1.0,Completed,2.38,1.57,2.58,1.56,2.58,1.6,2.4,1.56,9141,429
9142,506,464,464,2024-02-19,2024-02-20,1,borges|n / koepfer|d,Los Cabos,Los Cabos Open,R32,R32,1.0,1.0,1.0,0.9523809523809523,99.76190476190476,14,Los Cabos,Los Cabos Open,2024-02-20,ATP250,Outdoor,Hard,1st Round,3,Borges N.,Koepfer D.,47,57.0,997,918.0,7.0,6.0,6.0,2.0,,,,,,,2.0,0.0,Completed,2.0,1.8,2.09,1.81,2.09,1.88,1.99,1.8,9142,430
9144,508,465,465,2024-02-19,2024-02-20,1,hijikata|r / kecmanovic|m,Los Cabos,Los Cabos Open,R32,R32,1.0,1.0,1.0,0.9523809523809523,99.76190476190476,14,Los Cabos,Los Cabos Open,2024-02-20,ATP250,Outdoor,Hard,1st Round,3,Hijikata R.,Kecmanovic M.,79,54.0,737,940.0,6.0,3.0,7.0,6.0,,,,,,,2.0,0.0,Completed,3.0,1.4,3.02,1.43,3.02,1.44,2.88,1.4,9144,431
9145,509,462,462,2024-02-19,2024-02-20,1,holt|b / kovacevic|a,Los Cabos,Los Cabos Open,R32,R32,1.0,1.0,1.0,0.9523809523809523,99.76190476190476,14,Los Cabos,Los Cabos Open,2024-02-20,ATP250,Outdoor,Hard,1st Round,3,Kovacevic A.,Holt B.,100,295.0,616,190.0,6.0,1.0,6.0,4.0,,,,,,,2.0,0.0,Completed,1.67,2.2,1.67,2.32,1.73,2.32,1.66,2.19,9145,432
9163,527,495,495,2024-02-19,2024-02-20,1,alves|f / cachin|p <> cachin|p / meligeni alves|f,Rio De Janeiro,Rio Open,R32,R32,0.3333333333333333,1.0,1.0,0.9523809523809523,63.09523809523809,15,Rio de Janeiro,Rio Open,2024-02-20,ATP500,Outdoor,Clay,1st Round,3,Meligeni Alves F.,Cachin P.,153,76.0,416,754.0,6.0,2.0,3.0,6.0,6.0,3.0,,,,,2.0,1.0,Completed,1.67,2.2,1.62,2.44,1.73,2.44,1.63,2.25,9163,433
9164,528,496,496,2024-02-19,2024-02-20,1,acosta|f / wawrinka|s <> diaz acosta|f / wawrinka|s,Rio De Janeiro,Rio Open,R32,R32,0.3333333333333333,1.0,1.0,0.9523809523809523,63.09523809523809,15,Rio de Janeiro,Rio Open,2024-02-20,ATP500,Outdoor,Clay,1st Round,3,Diaz Acosta F.,Wawrinka S.,59,67.0,907,842.0,7.0,5.0,6.0,4.0,,,,,,,2.0,0.0,Completed,2.2,1.67,2.17,1.76,2.3,1.76,2.16,1.68,9164,434
9165,529,494,494,2024-02-19,2024-02-20,1,baez|s / moutet|c,Rio De Janeiro,Rio Open,R32,R32,0.3333333333333333,1.0,1.0,0.9523809523809523,63.09523809523809,15,Rio de Janeiro,Rio Open,2024-02-20,ATP500,Outdoor,Clay,1st Round,3,Baez S.,Moutet C.,30,147.0,1415,439.0,6.0,4.0,6.0,3.0,,,,,,,2.0,0.0,Completed,1.3,3.5,1.3,3.88,1.32,3.88,1.29,3.54,9165,435
9168,532,493,493,2024-02-19,2024-02-20,1,galan|d / lajovic|d,Rio De Janeiro,Rio Open,R32,R32,0.3333333333333333,1.0,1.0,0.9523809523809523,63.09523809523809,15,Rio de Janeiro,Rio Open,2024-02-20,ATP500,Outdoor,Clay,1st Round,3,Lajovic D.,Galan D.E.,58,78.0,912,744.0,4.0,6.0,7.0,6.0,6.0,1.0,,,,,2.0,1.0,Completed,1.57,2.38,1.6,2.48,1.6,2.5,1.56,2.38,9168,436
9169,533,491,491,2024-02-19,2024-02-20,1,djere|l / miralles|b <> djere|l / zapata miralles|b,Rio De Janeiro,Rio Open,R32,R32,0.3333333333333333,1.0,1.0,0.9523809523809523,63.09523809523809,15,Rio de Janeiro,Rio Open,2024-02-20,ATP500,Outdoor,Clay,1st Round,3,Djere L.,Zapata Miralles B.,35,93.0,1220,637.0,6.0,3.0,6.0,1.0,,,,,,,2.0,0.0,Completed,1.44,2.75,1.48,2.83,1.48,2.83,1.45,2.7,9169,437
9174,538,492,492,2024-02-19,2024-02-20,1,munar|j / ofner|s,Rio De Janeiro,Rio Open,R32,R32,0.3333333333333333,1.0,1.0,0.9523809523809523,63.09523809523809,15,Rio de Janeiro,Rio Open,2024-02-20,ATP500,Outdoor,Clay,1st Round,3,Munar J.,Ofner S.,73,37.0,776,1091.0,6.0,3.0,6.0,1.0,,,,,,,2.0,0.0,Completed,1.67,2.2,1.81,2.1,1.81,2.22,1.72,2.09,9174,438
9175,539,490,490,2024-02-19,2024-02-20,1,seyboth wild|t / tabilo|a <> tabilo|a / wild|t,Rio De Janeiro,Rio Open,R32,R32,0.3333333333333333,1.0,1.0,0.9523809523809523,63.09523809523809,15,Rio de Janeiro,Rio Open,2024-02-20,ATP500,Outdoor,Clay,1st Round,3,Seyboth Wild T.,Tabilo A.,82,52.0,708,961.0,2.0,6.0,6.0,4.0,6.0,4.0,,,,,2.0,1.0,Completed,2.2,1.67,2.17,1.76,2.31,1.76,2.16,1.68,9175,439
9100,464,450,450,2024-02-19,2024-02-21,2,gasquet|r / rublev|a,Doha,Qatar Exxon Mobil Open,R16,R16,0.0761904761904762,1.0,1.0,0.9047619047619048,48.714285714285715,13,Doha,Qatar Exxon Mobil Open,2024-02-21,ATP250,Outdoor,Hard,2nd Round,3,Rublev A.,Gasquet R.,5,126.0,5105,519.0,6.0,3.0,6.0,4.0,,,,,,,2.0,0.0,Completed,1.1,7.0,1.11,8.54,1.11,8.54,1.09,6.86,9100,440
9101,465,447,447,2024-02-19,2024-02-21,2,mensik|j / murray|a,Doha,Qatar Exxon Mobil Open,R16,R16,0.0761904761904762,1.0,1.0,0.9047619047619048,48.714285714285715,13,Doha,Qatar Exxon Mobil Open,2024-02-21,ATP250,Outdoor,Hard,2nd Round,3,Mensik J.,Murray A.,116,50.0,536,970.0,7.0,6.0,6.0,7.0,7.0,6.0,,,,,2.0,1.0,Completed,1.67,2.2,1.81,2.12,1.81,2.22,1.72,2.09,9101,441
9102,466,449,449,2024-02-19,2024-02-21,2,humbert|u / kotov|p,Doha,Qatar Exxon Mobil Open,R16,R16,0.0761904761904762,1.0,1.0,0.9047619047619048,48.714285714285715,13,Doha,Qatar Exxon Mobil Open,2024-02-21,ATP250,Outdoor,Hard,2nd Round,3,Humbert U.,Kotov P.,18,64.0,1990,859.0,6.0,4.0,6.0,1.0,,,,,,,2.0,0.0,Completed,1.3,3.5,1.32,3.73,1.33,3.73,1.3,3.4,9102,442
9104,468,448,448,2024-02-19,2024-02-21,2,grenier|h / popyrin|a,Doha,Qatar Exxon Mobil Open,R16,R16,0.0761904761904762,1.0,1.0,0.9047619047619048,48.714285714285715,13,Doha,Qatar Exxon Mobil Open,2024-02-21,ATP250,Outdoor,Hard,2nd Round,3,Popyrin A.,Grenier H.,46,151.0,997,417.0,7.0,6.0,6.0,7.0,6.0,1.0,,,,,2.0,1.0,Completed,1.44,2.75,1.44,3.01,1.47,3.01,1.43,2.77,9104,443
9105,469,446,446,2024-02-19,2024-02-21,2,bublik|a / fucsovics|m,Doha,Qatar Exxon Mobil Open,R16,R16,0.0761904761904762,1.0,1.0,0.9047619047619048,48.714285714285715,13,Doha,Qatar Exxon Mobil Open,2024-02-21,ATP250,Outdoor,Hard,2nd Round,3,Bublik A.,Fucsovics M.,21,80.0,1739,732.0,2.0,6.0,6.0,3.0,6.0,4.0,,,,,2.0,1.0,Completed,2.1,1.73,2.16,1.78,2.16,1.8,2.04,1.76,9105,444
9107,471,445,445,2024-02-19,2024-02-21,2,khachanov|k / marozsan|f,Doha,Qatar Exxon Mobil Open,R16,R16,0.0761904761904762,1.0,1.0,0.9047619047619048,48.714285714285715,13,Doha,Qatar Exxon Mobil Open,2024-02-21,ATP250,Outdoor,Hard,2nd Round,3,Khachanov K.,Marozsan F.,17,60.0,2010,896.0,6.0,4.0,7.0,5.0,,,,,,,2.0,0.0,Completed,1.29,3.75,1.32,3.72,1.33,3.8,1.29,3.52,9107,445
9129,493,472,472,2024-02-19,2024-02-21,2,de minaur|a / michelsen|a,Los Cabos,Los Cabos Open,R16,R16,1.0,1.0,1.0,0.9047619047619048,99.52380952380952,14,Los Cabos,Los Cabos Open,2024-02-21,ATP250,Outdoor,Hard,2nd Round,3,Michelsen A.,De Minaur A.,74,9.0,776,3210.0,6.0,4.0,6.0,1.0,,,,,,,2.0,0.0,Completed,4.33,1.22,3.84,1.31,4.34,1.31,3.87,1.25,9129,446
9133,497,471,471,2024-02-19,2024-02-21,2,hijikata|r / kovacevic|a,Los Cabos,Los Cabos Open,R16,R16,1.0,1.0,1.0,0.9047619047619048,99.52380952380952,14,Los Cabos,Los Cabos Open,2024-02-21,ATP250,Outdoor,Hard,2nd Round,3,Kovacevic A.,Hijikata R.,100,79.0,616,737.0,6.0,3.0,4.0,6.0,6.0,4.0,,,,,2.0,1.0,Completed,1.91,1.91,1.97,1.93,2.0,1.93,1.93,1.86,9133,447
9135,499,467,467,2024-02-19,2024-02-21,2,cobolli|f / nishioka|y,Los Cabos,Los Cabos Open,R32,R32,1.0,1.0,1.0,0.9047619047619048,99.52380952380952,14,Los Cabos,Los Cabos Open,2024-02-21,ATP250,Outdoor,Hard,1st Round,3,Nishioka Y.,Cobolli F.,84,69.0,700,825.0,6.0,1.0,6.0,0.0,,,,,,,2.0,0.0,Completed,1.8,2.0,1.93,1.96,1.93,2.01,1.85,1.93,9135,448
9139,503,468,468,2024-02-19,2024-02-21,2,nava|e / schwartzman|d,Los Cabos,Los Cabos Open,R32,R32,1.0,1.0,1.0,0.9047619047619048,99.52380952380952,14,Los Cabos,Los Cabos Open,2024-02-21,ATP250,Outdoor,Hard,1st Round,3,Nava E.,Schwartzman D.,146,115.0,443,538.0,6.0,4.0,6.0,3.0,,,,,,,2.0,0.0,Completed,1.8,2.0,1.85,2.05,1.87,2.05,1.81,1.97,9139,449
9143,507,469,469,2024-02-19,2024-02-21,2,daniel|t / giron|m,Los Cabos,Los Cabos Open,R32,R32,1.0,1.0,1.0,0.9047619047619048,99.52380952380952,14,Los Cabos,Los Cabos Open,2024-02-21,ATP250,Outdoor,Hard,1st Round,3,Giron M.,Daniel T.,44,62.0,1000,870.0,6.0,4.0,7.0,5.0,,,,,,,2.0,0.0,Completed,1.4,3.0,1.45,2.94,1.45,3.0,1.4,2.88,9143,450
9146,510,470,470,2024-02-19,2024-02-21,2,mendez|r / vukic|a <> pacheco mendez|r / vukic|a,Los Cabos,Los Cabos Open,R32,R32,1.0,1.0,1.0,0.9047619047619048,99.52380952380952,14,Los Cabos,Los Cabos Open,2024-02-21,ATP250,Outdoor,Hard,1st Round,3,Vukic A.,Pacheco Mendez R.,72,692.0,792,41.0,7.0,6.0,7.0,6.0,,,,,,,2.0,0.0,Completed,1.22,4.33,1.25,4.31,1.25,4.34,1.23,4.1,9146,451
9162,526,499,499,2024-02-19,2024-02-21,2,alcaraz|c / monteiro|t,Rio De Janeiro,Rio Open,R32,R32,0.3333333333333333,1.0,1.0,0.9047619047619048,62.857142857142854,15,Rio de Janeiro,Rio Open,2024-02-21,ATP500,Outdoor,Clay,1st Round,3,Monteiro T.,Alcaraz C.,117,2.0,536,9105.0,1.0,1.0,,,,,,,,,0.0,0.0,Retired,10.0,1.06,10.81,1.07,10.81,1.07,9.01,1.06,9162,452
9170,534,501,501,2024-02-19,2024-02-21,2,fils|a / fonseca|j,Rio De Janeiro,Rio Open,R32,R32,0.3333333333333333,1.0,1.0,0.9047619047619048,62.857142857142854,15,Rio de Janeiro,Rio Open,2024-02-21,ATP500,Outdoor,Clay,1st Round,3,Fonseca J.,Fils A.,655,36.0,49,1118.0,6.0,0.0,6.0,4.0,,,,,,,2.0,0.0,Completed,4.0,1.25,4.47,1.24,4.47,1.26,4.08,1.23,9170,453
9171,535,497,497,2024-02-19,2024-02-21,2,baena|r / garin|c <> carballes baena|r / garin|c,Rio De Janeiro,Rio Open,R32,R32,0.3333333333333333,1.0,1.0,0.9047619047619048,62.857142857142854,15,Rio de Janeiro,Rio Open,2024-02-21,ATP500,Outdoor,Clay,1st Round,3,Garin C.,Carballes Baena R.,88,66.0,660,851.0,2.0,6.0,7.0,6.0,6.0,3.0,,,,,2.0,1.0,Completed,2.2,1.67,2.25,1.71,2.25,1.75,2.16,1.68,9171,454
9172,536,500,500,2024-02-19,2024-02-21,2,coria|f / navone|m,Rio De Janeiro,Rio Open,R32,R32,0.3333333333333333,1.0,1.0,0.9047619047619048,62.857142857142854,15,Rio de Janeiro,Rio Open,2024-02-21,ATP500,Outdoor,Clay,1st Round,3,Navone M.,Coria F.,113,85.0,551,678.0,1.0,6.0,6.0,4.0,6.0,2.0,,,,,2.0,1.0,Completed,1.67,2.2,1.75,2.18,1.75,2.3,1.67,2.18,9172,455
9173,537,498,498,2024-02-19,2024-02-21,2,hanfmann|y / jarry|n,Rio De Janeiro,Rio Open,R32,R32,0.3333333333333333,1.0,1.0,0.9047619047619048,62.857142857142854,15,Rio de Janeiro,Rio Open,2024-02-21,ATP500,Outdoor,Clay,1st Round,3,Hanfmann Y.,Jarry N.,56,19.0,927,1965.0,6.0,1.0,1.0,6.0,7.0,5.0,,,,,2.0,1.0,Completed,2.5,1.53,2.69,1.52,2.75,1.54,2.59,1.48,9173,456
9096,460,454,454,2024-02-19,2024-02-22,3,mensik|j / rublev|a,Doha,Qatar Exxon Mobil Open,QF,QF,0.0761904761904762,1.0,1.0,0.8571428571428572,48.476190476190474,13,Doha,Qatar Exxon Mobil Open,2024-02-22,ATP250,Outdoor,Hard,Quarterfinals,3,Mensik J.,Rublev A.,116,5.0,536,5105.0,6.0,4.0,7.0,6.0,,,,,,,2.0,0.0,Completed,6.0,1.13,6.68,1.14,6.68,1.14,5.84,1.13,9096,457
9097,461,455,455,2024-02-19,2024-02-22,3,humbert|u / monfils|g,Doha,Qatar Exxon Mobil Open,QF,QF,0.0761904761904762,1.0,1.0,0.8571428571428572,48.476190476190474,13,Doha,Qatar Exxon Mobil Open,2024-02-22,ATP250,Outdoor,Hard,Quarterfinals,3,Monfils G.,Humbert U.,68,18.0,837,1990.0,6.0,2.0,6.0,4.0,,,,,,,2.0,0.0,Completed,3.2,1.36,3.61,1.34,3.61,1.4,3.12,1.35,9097,458
9098,462,452,452,2024-02-19,2024-02-22,3,bublik|a / popyrin|a,Doha,Qatar Exxon Mobil Open,QF,QF,0.0761904761904762,1.0,1.0,0.8571428571428572,48.476190476190474,13,Doha,Qatar Exxon Mobil Open,2024-02-22,ATP250,Outdoor,Hard,Quarterfinals,3,Popyrin A.,Bublik A.,46,21.0,997,1739.0,6.0,4.0,6.0,4.0,,,,,,,2.0,0.0,Completed,2.2,1.67,2.23,1.74,2.31,1.74,2.19,1.66,9098,459
9099,463,453,453,2024-02-19,2024-02-22,3,khachanov|k / ruusuvuori|e,Doha,Qatar Exxon Mobil Open,QF,QF,0.0761904761904762,1.0,1.0,0.8571428571428572,48.476190476190474,13,Doha,Qatar Exxon Mobil Open,2024-02-22,ATP250,Outdoor,Hard,Quarterfinals,3,Khachanov K.,Ruusuvuori E.,17,43.0,2010,1011.0,3.0,0.0,,,,,,,,,0.0,0.0,Retired,1.62,2.3,1.68,2.32,1.68,2.32,1.64,2.22,9099,460
9124,488,480,480,2024-02-19,2024-02-22,3,michelsen|a / thompson|j,Los Cabos,Los Cabos Open,QF,QF,1.0,1.0,1.0,0.8571428571428572,99.28571428571429,14,Los Cabos,Los Cabos Open,2024-02-22,ATP250,Outdoor,Hard,Quarterfinals,3,Thompson J.,Michelsen A.,40,74.0,1071,776.0,0.0,6.0,7.0,6.0,7.0,5.0,,,,,2.0,1.0,Completed,1.8,2.0,1.7,2.29,1.82,2.29,1.74,2.08,9124,461
9125,489,479,479,2024-02-19,2024-02-22,3,borges|n / ruud|c,Los Cabos,Los Cabos Open,QF,QF,1.0,1.0,1.0,0.8571428571428572,99.28571428571429,14,Los Cabos,Los Cabos Open,2024-02-22,ATP250,Outdoor,Hard,Quarterfinals,3,Ruud C.,Borges N.,12,47.0,2965,997.0,6.0,3.0,6.0,2.0,,,,,,,2.0,0.0,Completed,1.36,3.2,1.38,3.31,1.4,3.31,1.37,3.05,9125,462
9127,491,478,478,2024-02-19,2024-02-22,3,nishioka|y / zverev|a,Los Cabos,Los Cabos Open,R16,R16,1.0,1.0,1.0,0.8571428571428572,99.28571428571429,14,Los Cabos,Los Cabos Open,2024-02-22,ATP250,Outdoor,Hard,2nd Round,3,Zverev A.,Nishioka Y.,6,84.0,5030,700.0,6.0,3.0,6.0,0.0,,,,,,,2.0,0.0,Completed,1.17,5.0,1.2,5.27,1.2,5.27,1.17,4.92,9127,463
9128,492,477,477,2024-02-19,2024-02-22,3,evans|d / kokkinakis|t,Los Cabos,Los Cabos Open,R16,R16,1.0,1.0,1.0,0.8571428571428572,99.28571428571429,14,Los Cabos,Los Cabos Open,2024-02-22,ATP250,Outdoor,Hard,2nd Round,3,Kokkinakis T.,Evans D.,103,42.0,604,1041.0,6.0,4.0,6.0,2.0,,,,,,,2.0,0.0,Completed,2.0,1.8,2.09,1.83,2.09,1.83,2.0,1.8,9128,464
9130,494,473,473,2024-02-19,2024-02-22,3,nava|e / thompson|j,Los Cabos,Los Cabos Open,R16,R16,1.0,1.0,1.0,0.8571428571428572,99.28571428571429,14,Los Cabos,Los Cabos Open,2024-02-22,ATP250,Outdoor,Hard,2nd Round,3,Thompson J.,Nava E.,40,146.0,1071,443.0,7.0,6.0,6.0,3.0,,,,,,,2.0,0.0,Completed,1.3,3.5,1.28,4.13,1.32,4.13,1.28,3.63,9130,465
9131,495,474,474,2024-02-19,2024-02-22,3,borges|n / purcell|m,Los Cabos,Los Cabos Open,R16,R16,1.0,1.0,1.0,0.8571428571428572,99.28571428571429,14,Los Cabos,Los Cabos Open,2024-02-22,ATP250,Outdoor,Hard,2nd Round,3,Borges N.,Purcell M.,47,51.0,997,961.0,6.0,3.0,6.0,3.0,,,,,,,2.0,0.0,Completed,1.57,2.38,1.63,2.44,1.65,2.44,1.59,2.32,9131,466
9132,496,476,476,2024-02-19,2024-02-22,3,giron|m / ruud|c,Los Cabos,Los Cabos Open,R16,R16,1.0,1.0,1.0,0.8571428571428572,99.28571428571429,14,Los Cabos,Los Cabos Open,2024-02-22,ATP250,Outdoor,Hard,2nd Round,3,Ruud C.,Giron M.,12,44.0,2965,1000.0,6.0,1.0,6.0,0.0,,,,,,,2.0,0.0,Completed,1.67,2.2,1.74,2.23,1.75,2.3,1.68,2.16,9132,467
9134,498,475,475,2024-02-19,2024-02-22,3,tsitsipas|s / vukic|a,Los Cabos,Los Cabos Open,R16,R16,1.0,1.0,1.0,0.8571428571428572,99.28571428571429,14,Los Cabos,Los Cabos Open,2024-02-22,ATP250,Outdoor,Hard,2nd Round,3,Tsitsipas S.,Vukic A.,11,72.0,2990,792.0,6.0,3.0,6.0,0.0,,,,,,,2.0,0.0,Completed,1.13,6.0,1.13,7.13,1.14,7.13,1.12,6.1,9134,468
9154,518,507,507,2024-02-19,2024-02-22,3,alves|f / monteiro|t <> meligeni alves|f / monteiro|t,Rio De Janeiro,Rio Open,R16,R16,0.3333333333333333,1.0,1.0,0.8571428571428572,62.61904761904761,15,Rio de Janeiro,Rio Open,2024-02-22,ATP500,Outdoor,Clay,2nd Round,3,Monteiro T.,Meligeni Alves F.,117,153.0,536,416.0,7.0,5.0,6.0,3.0,,,,,,,2.0,0.0,Completed,1.73,2.1,1.76,2.19,1.76,2.2,1.71,2.11,9154,469
9155,519,506,506,2024-02-19,2024-02-22,3,acosta|f / baez|s <> baez|s / diaz acosta|f,Rio De Janeiro,Rio Open,R16,R16,0.3333333333333333,1.0,1.0,0.8571428571428572,62.61904761904761,15,Rio de Janeiro,Rio Open,2024-02-22,ATP500,Outdoor,Clay,2nd Round,3,Baez S.,Diaz Acosta F.,30,59.0,1415,907.0,7.0,6.0,6.0,3.0,,,,,,,2.0,0.0,Completed,1.53,2.5,1.53,2.58,1.57,2.63,1.52,2.49,9155,470
9157,521,503,503,2024-02-19,2024-02-22,3,djere|l / lajovic|d,Rio De Janeiro,Rio Open,R16,R16,0.3333333333333333,1.0,1.0,0.8571428571428572,62.61904761904761,15,Rio de Janeiro,Rio Open,2024-02-22,ATP500,Outdoor,Clay,2nd Round,3,Lajovic D.,Djere L.,58,35.0,912,1220.0,6.0,2.0,7.0,5.0,,,,,,,2.0,0.0,Completed,2.3,1.62,2.3,1.69,2.3,1.69,2.25,1.63,9157,471
9159,523,508,508,2024-02-19,2024-02-22,3,hanfmann|y / navone|m,Rio De Janeiro,Rio Open,R16,R16,0.3333333333333333,1.0,1.0,0.8571428571428572,62.61904761904761,15,Rio de Janeiro,Rio Open,2024-02-22,ATP500,Outdoor,Clay,2nd Round,3,Navone M.,Hanfmann Y.,113,56.0,551,927.0,6.0,1.0,6.0,2.0,,,,,,,2.0,0.0,Completed,2.2,1.67,2.2,1.75,2.22,1.75,2.15,1.69,9159,472
9160,524,504,504,2024-02-19,2024-02-22,3,munar|j / seyboth wild|t <> munar|j / wild|t,Rio De Janeiro,Rio Open,R16,R16,0.3333333333333333,1.0,1.0,0.8571428571428572,62.61904761904761,15,Rio de Janeiro,Rio Open,2024-02-22,ATP500,Outdoor,Clay,2nd Round,3,Seyboth Wild T.,Munar J.,82,73.0,708,776.0,6.0,2.0,4.0,6.0,6.0,3.0,,,,,2.0,1.0,Completed,2.1,1.73,2.25,1.72,2.25,1.75,2.12,1.7,9160,473
9094,458,457,457,2024-02-19,2024-02-23,4,mensik|j / monfils|g,Doha,Qatar Exxon Mobil Open,SF,SF,0.0761904761904762,1.0,1.0,0.8095238095238095,48.23809523809524,13,Doha,Qatar Exxon Mobil Open,2024-02-23,ATP250,Outdoor,Hard,Semifinals,3,Mensik J.,Monfils G.,116,68.0,536,837.0,6.0,4.0,1.0,6.0,6.0,3.0,,,,,2.0,1.0,Completed,2.2,1.67,2.31,1.69,2.31,1.7,2.21,1.65,9094,474
9095,459,456,456,2024-02-19,2024-02-23,4,khachanov|k / popyrin|a,Doha,Qatar Exxon Mobil Open,SF,SF,0.0761904761904762,1.0,1.0,0.8095238095238095,48.23809523809524,13,Doha,Qatar Exxon Mobil Open,2024-02-23,ATP250,Outdoor,Hard,Semifinals,3,Khachanov K.,Popyrin A.,17,46.0,2010,997.0,7.0,6.0,6.0,2.0,,,,,,,2.0,0.0,Completed,1.36,3.2,1.45,2.97,1.45,3.2,1.39,2.95,9095,475
9123,487,482,482,2024-02-19,2024-02-23,4,kokkinakis|t / zverev|a,Los Cabos,Los Cabos Open,QF,QF,1.0,1.0,1.0,0.8095238095238095,99.04761904761905,14,Los Cabos,Los Cabos Open,2024-02-23,ATP250,Outdoor,Hard,Quarterfinals,3,Zverev A.,Kokkinakis T.,6,103.0,5030,604.0,6.0,3.0,6.0,4.0,,,,,,,2.0,0.0,Completed,1.17,5.0,1.17,5.88,1.19,5.88,1.16,5.11,9123,476
9126,490,481,481,2024-02-19,2024-02-23,4,kovacevic|a / tsitsipas|s,Los Cabos,Los Cabos Open,QF,QF,1.0,1.0,1.0,0.8095238095238095,99.04761904761905,14,Los Cabos,Los Cabos Open,2024-02-23,ATP250,Outdoor,Hard,Quarterfinals,3,Tsitsipas S.,Kovacevic A.,11,100.0,2990,616.0,7.0,6.0,6.0,3.0,,,,,,,2.0,0.0,Completed,1.14,5.5,1.14,6.95,1.17,6.95,1.14,5.58,9126,477
9150,514,511,511,2024-02-19,2024-02-23,4,baez|s / monteiro|t,Rio De Janeiro,Rio Open,QF,QF,0.3333333333333333,1.0,1.0,0.8095238095238095,62.38095238095238,15,Rio de Janeiro,Rio Open,2024-02-23,ATP500,Outdoor,Clay,Quarterfinals,3,Baez S.,Monteiro T.,30,117.0,1415,536.0,6.0,4.0,1.0,6.0,6.0,2.0,,,,,2.0,1.0,Completed,1.4,3.0,1.4,3.23,1.4,3.23,1.37,3.01,9150,478
9151,515,510,510,2024-02-19,2024-02-23,4,cerundolo|f / lajovic|d,Rio De Janeiro,Rio Open,QF,QF,0.3333333333333333,1.0,1.0,0.8095238095238095,62.38095238095238,15,Rio de Janeiro,Rio Open,2024-02-23,ATP500,Outdoor,Clay,Quarterfinals,3,Cerundolo F.,Lajovic D.,22,58.0,1685,912.0,3.0,6.0,6.0,4.0,6.0,4.0,,,,,2.0,1.0,Completed,1.62,2.3,1.67,2.35,1.73,2.4,1.64,2.23,9151,479
9153,517,512,512,2024-02-19,2024-02-23,4,norrie|c / seyboth wild|t <> norrie|c / wild|t,Rio De Janeiro,Rio Open,QF,QF,0.3333333333333333,1.0,1.0,0.8095238095238095,62.38095238095238,15,Rio de Janeiro,Rio Open,2024-02-23,ATP500,Outdoor,Clay,Quarterfinals,3,Norrie C.,Seyboth Wild T.,23,82.0,1680,708.0,6.0,1.0,3.0,6.0,6.0,2.0,,,,,2.0,1.0,Completed,1.36,3.2,1.38,3.31,1.38,3.31,1.36,3.05,9153,480
9158,522,509,509,2024-02-19,2024-02-23,4,fonseca|j / garin|c,Rio De Janeiro,Rio Open,R16,R16,0.3333333333333333,1.0,1.0,0.8095238095238095,62.38095238095238,15,Rio de Janeiro,Rio Open,2024-02-23,ATP500,Outdoor,Clay,2nd Round,3,Fonseca J.,Garin C.,655,88.0,49,660.0,6.0,4.0,6.0,4.0,,,,,,,2.0,0.0,Completed,2.0,1.8,2.07,1.85,2.14,1.86,2.0,1.79,9158,481
9093,457,458,458,2024-02-19,2024-02-24,5,khachanov|k / mensik|j,Doha,Qatar Exxon Mobil Open,F,F,0.0761904761904762,1.0,1.0,0.7619047619047619,48.0,13,Doha,Qatar Exxon Mobil Open,2024-02-24,ATP250,Outdoor,Hard,The Final,3,Khachanov K.,Mensik J.,17,116.0,2010,536.0,7.0,6.0,6.0,4.0,,,,,,,2.0,0.0,Completed,1.36,3.2,1.44,3.04,1.44,3.2,1.38,3.0,9093,482
9121,485,484,484,2024-02-19,2024-02-24,5,thompson|j / zverev|a,Los Cabos,Los Cabos Open,SF,SF,1.0,1.0,1.0,0.7619047619047619,98.80952380952381,14,Los Cabos,Los Cabos Open,2024-02-24,ATP250,Outdoor,Hard,Semifinals,3,Thompson J.,Zverev A.,40,6.0,1071,5030.0,7.0,5.0,4.0,6.0,7.0,6.0,,,,,2.0,1.0,Completed,4.5,1.2,4.67,1.23,4.67,1.25,4.31,1.21,9121,483
9122,486,483,483,2024-02-19,2024-02-24,5,ruud|c / tsitsipas|s,Los Cabos,Los Cabos Open,SF,SF,1.0,1.0,1.0,0.7619047619047619,98.80952380952381,14,Los Cabos,Los Cabos Open,2024-02-24,ATP250,Outdoor,Hard,Semifinals,3,Ruud C.,Tsitsipas S.,12,11.0,2965,2990.0,6.0,4.0,7.0,6.0,,,,,,,2.0,0.0,Completed,1.91,1.91,1.93,1.97,1.96,1.97,1.91,1.88,9122,484
9148,512,514,514,2024-02-19,2024-02-24,5,baez|s / cerundolo|f,Rio De Janeiro,Rio Open,SF,SF,0.3333333333333333,1.0,1.0,0.7619047619047619,62.14285714285714,15,Rio de Janeiro,Rio Open,2024-02-24,ATP500,Outdoor,Clay,Semifinals,3,Baez S.,Cerundolo F.,30,22.0,1415,1685.0,7.0,5.0,6.0,0.0,,,,,,,2.0,0.0,Completed,1.53,2.5,1.62,2.46,1.62,2.67,1.56,2.39,9148,485
9149,513,515,515,2024-02-19,2024-02-24,5,navone|m / norrie|c,Rio De Janeiro,Rio Open,SF,SF,0.3333333333333333,1.0,1.0,0.7619047619047619,62.14285714285714,15,Rio de Janeiro,Rio Open,2024-02-24,ATP500,Outdoor,Clay,Semifinals,3,Navone M.,Norrie C.,113,23.0,551,1680.0,6.0,4.0,6.0,2.0,,,,,,,2.0,0.0,Completed,3.5,1.3,3.5,1.36,3.53,1.36,3.36,1.31,9149,486
9152,516,513,513,2024-02-19,2024-02-24,5,fonseca|j / navone|m,Rio De Janeiro,Rio Open,QF,QF,0.3333333333333333,1.0,1.0,0.7619047619047619,62.14285714285714,15,Rio de Janeiro,Rio Open,2024-02-24,ATP500,Outdoor,Clay,Quarterfinals,3,Navone M.,Fonseca J.,113,655.0,551,49.0,2.0,6.0,6.0,3.0,6.0,3.0,,,,,2.0,1.0,Completed,2.0,1.8,2.02,1.89,2.02,2.1,1.91,1.88,9152,487
9120,484,485,485,2024-02-19,2024-02-25,6,ruud|c / thompson|j,Los Cabos,Los Cabos Open,F,F,1.0,1.0,1.0,0.7142857142857143,98.57142857142857,14,Los Cabos,Los Cabos Open,2024-02-25,ATP250,Outdoor,Hard,The Final,3,Thompson J.,Ruud C.,40,12.0,1071,2965.0,6.0,3.0,7.0,6.0,,,,,,,2.0,0.0,Completed,3.5,1.3,3.29,1.37,3.53,1.44,3.26,1.33,9120,488
9147,511,516,516,2024-02-19,2024-02-25,6,baez|s / navone|m,Rio De Janeiro,Rio Open,F,F,0.3333333333333333,1.0,1.0,0.7142857142857143,61.9047619047619,15,Rio de Janeiro,Rio Open,2024-02-25,ATP500,Outdoor,Clay,The Final,3,Baez S.,Navone M.,30,113.0,1415,551.0,6.0,2.0,6.0,1.0,,,,,,,2.0,0.0,Completed,1.36,3.2,1.42,3.14,1.45,3.2,1.38,3.0,9147,489
9228,592,554,554,2024-02-26,2024-02-26,0,hurkacz|h / struff|j,Dubai,Dubai Tennis Championships,R32,R32,1.0,1.0,1.0,1.0,100.0,17,Dubai ,Dubai Tennis Championships,2024-02-26,ATP500,Outdoor,Hard,1st Round,3,Hurkacz H.,Struff J.L.,8,25.0,3395,1531.0,7.0,6.0,6.0,7.0,7.0,6.0,,,,,2.0,1.0,Completed,1.17,5.0,1.23,4.64,1.23,5.0,1.19,4.5,9228,490
9230,594,550,550,2024-02-26,2024-02-26,0,murray|a / shapovalov|d,Dubai,Dubai Tennis Championships,R32,R32,1.0,1.0,1.0,1.0,100.0,17,Dubai ,Dubai Tennis Championships,2024-02-26,ATP500,Outdoor,Hard,1st Round,3,Murray A.,Shapovalov D.,67,120.0,845,530.0,4.0,6.0,7.0,6.0,6.0,3.0,,,,,2.0,1.0,Completed,2.1,1.73,2.11,1.81,2.11,1.81,2.07,1.74,9230,491
9232,596,551,551,2024-02-26,2024-02-26,0,bublik|a / machac|t,Dubai,Dubai Tennis Championships,R32,R32,1.0,1.0,1.0,1.0,100.0,17,Dubai ,Dubai Tennis Championships,2024-02-26,ATP500,Outdoor,Hard,1st Round,3,Bublik A.,Machac T.,23,65.0,1699,863.0,2.0,6.0,6.0,3.0,7.0,6.0,,,,,2.0,1.0,Completed,2.1,1.73,2.28,1.69,2.28,1.73,2.17,1.67,9232,492
9233,597,552,552,2024-02-26,2024-02-26,0,griekspoor|t / shelbayh|a,Dubai,Dubai Tennis Championships,R32,R32,1.0,1.0,1.0,1.0,100.0,17,Dubai ,Dubai Tennis Championships,2024-02-26,ATP500,Outdoor,Hard,1st Round,3,Griekspoor T.,Shelbayh A.,28,228.0,1440,265.0,7.0,5.0,2.0,0.0,,,,,,,1.0,0.0,Retired,1.25,4.0,1.3,3.88,1.31,4.05,1.26,3.73,9233,493
9236,600,548,548,2024-02-26,2024-02-26,0,mannarino|a / van de zandschulp|b,Dubai,Dubai Tennis Championships,R32,R32,1.0,1.0,1.0,1.0,100.0,17,Dubai ,Dubai Tennis Championships,2024-02-26,ATP500,Outdoor,Hard,1st Round,3,Van De Zandschulp B.,Mannarino A.,75,19.0,790,1950.0,7.0,6.0,7.0,5.0,,,,,,,2.0,0.0,Completed,1.91,1.91,1.92,1.97,2.03,1.97,1.87,1.91,9236,494
9237,601,549,549,2024-02-26,2024-02-26,0,korda|s / kotov|p,Dubai,Dubai Tennis Championships,R32,R32,1.0,1.0,1.0,1.0,100.0,17,Dubai ,Dubai Tennis Championships,2024-02-26,ATP500,Outdoor,Hard,1st Round,3,Korda S.,Kotov P.,33,63.0,1245,878.0,6.0,0.0,6.0,2.0,,,,,,,2.0,0.0,Completed,1.36,3.2,1.43,3.01,1.44,3.2,1.38,2.98,9237,495
9255,619,580,580,2024-02-26,2024-02-26,0,coria|f / molcan|a,Santiago,Chile Open,R32,R32,0.12307692307692308,1.0,1.0,1.0,51.769230769230774,18,Santiago,Chile Open,2024-02-26,ATP250,Indoor,Clay,1st Round,3,Coria F.,Molcan A.,88,135.0,678,473.0,6.0,1.0,7.0,6.0,,,,,,,2.0,0.0,Completed,2.2,1.67,2.13,1.79,2.24,1.8,2.14,1.69,9255,496
9261,625,581,581,2024-02-26,2024-02-26,0,acosta|f / cachin|p <> cachin|p / diaz acosta|f,Santiago,Chile Open,R32,R32,0.12307692307692308,1.0,1.0,1.0,51.769230769230774,18,Santiago,Chile Open,2024-02-26,ATP250,Indoor,Clay,1st Round,3,Diaz Acosta F.,Cachin P.,52,78.0,948,754.0,5.0,7.0,6.0,3.0,7.0,6.0,,,,,2.0,1.0,Completed,1.44,2.75,1.46,2.9,1.47,2.9,1.45,2.7,9261,497
9262,626,579,579,2024-02-26,2024-02-26,0,martinez|p / passaro|f,Santiago,Chile Open,R32,R32,0.12307692307692308,1.0,1.0,1.0,51.769230769230774,18,Santiago,Chile Open,2024-02-26,ATP250,Indoor,Clay,1st Round,3,Martinez P.,Passaro F.,101,224.0,596,271.0,6.0,4.0,6.0,1.0,,,,,,,2.0,0.0,Completed,1.5,2.63,1.45,2.95,1.5,3.03,1.44,2.74,9262,498
9194,558,518,518,2024-02-26,2024-02-27,1,kecmanovic|m / schwartzman|d,Acapulco,Abierto Mexicano,R32,R32,0.26666666666666666,1.0,1.0,0.9523809523809523,59.42857142857142,16,Acapulco,Abierto Mexicano,2024-02-27,ATP500,Outdoor,Hard,1st Round,3,Kecmanovic M.,Schwartzman D.,53,117.0,940,538.0,4.0,6.0,6.0,3.0,6.0,1.0,,,,,2.0,1.0,Completed,1.4,3.0,1.44,2.98,1.45,3.0,1.42,2.78,9194,499
9195,559,521,521,2024-02-26,2024-02-27,1,borges|n / nishioka|y,Acapulco,Abierto Mexicano,R32,R32,0.26666666666666666,1.0,1.0,0.9523809523809523,59.42857142857142,16,Acapulco,Abierto Mexicano,2024-02-27,ATP500,Outdoor,Hard,1st Round,3,Nishioka Y.,Borges N.,82,56.0,725,922.0,3.0,6.0,6.0,2.0,6.0,4.0,,,,,2.0,1.0,Completed,2.38,1.57,2.41,1.63,2.41,1.67,2.29,1.6,9195,500
9196,560,519,519,2024-02-26,2024-02-27,1,draper|j / paul|t,Acapulco,Abierto Mexicano,R32,R32,0.26666666666666666,1.0,1.0,0.9523809523809523,59.42857142857142,16,Acapulco,Abierto Mexicano,2024-02-27,ATP500,Outdoor,Hard,1st Round,3,Draper J.,Paul T.,50,14.0,951,2375.0,6.0,0.0,6.0,4.0,,,,,,,2.0,0.0,Completed,2.1,1.73,2.15,1.78,2.15,1.8,2.05,1.74,9196,501
9197,561,522,522,2024-02-26,2024-02-27,1,daniel|t / de minaur|a,Acapulco,Abierto Mexicano,R32,R32,0.26666666666666666,1.0,1.0,0.9523809523809523,59.42857142857142,16,Acapulco,Abierto Mexicano,2024-02-27,ATP500,Outdoor,Hard,1st Round,3,De Minaur A.,Daniel T.,9,64.0,3210,870.0,6.0,2.0,6.0,1.0,,,,,,,2.0,0.0,Completed,1.13,6.0,1.12,7.6,1.13,7.6,1.11,6.26,9197,502
9198,562,520,520,2024-02-26,2024-02-27,1,escobedo|e / ofner|s,Acapulco,Abierto Mexicano,R32,R32,0.26666666666666666,1.0,1.0,0.9523809523809523,59.42857142857142,16,Acapulco,Abierto Mexicano,2024-02-27,ATP500,Outdoor,Hard,1st Round,3,Ofner S.,Escobedo E.,37,493.0,1091,82.0,6.0,7.0,6.0,4.0,7.0,6.0,,,,,2.0,1.0,Completed,1.33,3.4,1.36,3.43,1.36,3.55,1.31,3.34,9198,503
9199,563,524,524,2024-02-26,2024-02-27,1,aliassime|f / cobolli|f <> auger aliassime|f / cobolli|f,Acapulco,Abierto Mexicano,R32,R32,0.26666666666666666,1.0,1.0,0.9523809523809523,59.42857142857142,16,Acapulco,Abierto Mexicano,2024-02-27,ATP500,Outdoor,Hard,1st Round,3,Cobolli F.,Auger-Aliassime F.,69,30.0,825,1340.0,2.0,6.0,6.0,3.0,6.0,2.0,,,,,2.0,1.0,Completed,3.0,1.4,3.32,1.37,3.5,1.4,3.08,1.36,9199,504
9203,567,517,517,2024-02-26,2024-02-27,1,evans|d / shelton|b,Acapulco,Abierto Mexicano,R32,R32,0.26666666666666666,1.0,1.0,0.9523809523809523,59.42857142857142,16,Acapulco,Abierto Mexicano,2024-02-27,ATP500,Outdoor,Hard,1st Round,3,Shelton B.,Evans D.,17,41.0,2055,1066.0,2.0,6.0,7.0,5.0,7.0,6.0,,,,,2.0,1.0,Completed,1.36,3.2,1.39,3.22,1.4,3.4,1.36,3.07,9203,505
9204,568,523,523,2024-02-26,2024-02-27,1,arnaldi|m / fritz|t,Acapulco,Abierto Mexicano,R32,R32,0.26666666666666666,1.0,1.0,0.9523809523809523,59.42857142857142,16,Acapulco,Abierto Mexicano,2024-02-27,ATP500,Outdoor,Hard,1st Round,3,Arnaldi M.,Fritz T.,42,10.0,1061,3150.0,6.0,4.0,4.0,6.0,6.0,3.0,,,,,2.0,1.0,Completed,5.0,1.17,5.28,1.19,5.28,1.2,4.88,1.17,9204,506
9224,588,562,562,2024-02-26,2024-02-27,1,medvedev|d / shevchenko|a,Dubai,Dubai Tennis Championships,R32,R32,1.0,1.0,1.0,0.9523809523809523,99.76190476190476,17,Dubai ,Dubai Tennis Championships,2024-02-27,ATP500,Outdoor,Hard,1st Round,3,Medvedev D.,Shevchenko A.,4,47.0,8015,1000.0,6.0,3.0,7.0,5.0,,,,,,,2.0,0.0,Completed,1.1,7.0,1.14,6.71,1.14,7.03,1.11,6.33,9224,507
9225,589,563,563,2024-02-26,2024-02-27,1,nagal|s / sonego|l,Dubai,Dubai Tennis Championships,R32,R32,1.0,1.0,1.0,0.9523809523809523,99.76190476190476,17,Dubai ,Dubai Tennis Championships,2024-02-27,ATP500,Outdoor,Hard,1st Round,3,Sonego L.,Nagal S.,48,97.0,975,612.0,6.0,4.0,5.0,7.0,6.0,1.0,,,,,2.0,1.0,Completed,1.53,2.5,1.52,2.67,1.54,2.75,1.49,2.56,9225,508
9226,590,561,561,2024-02-26,2024-02-27,1,coric|b / mensik|j,Dubai,Dubai Tennis Championships,R32,R32,1.0,1.0,1.0,0.9523809523809523,99.76190476190476,17,Dubai ,Dubai Tennis Championships,2024-02-27,ATP500,Outdoor,Hard,1st Round,3,Mensik J.,Coric B.,87,31.0,701,1274.0,4.0,6.0,6.0,3.0,7.0,6.0,,,,,2.0,1.0,Completed,2.1,1.73,1.99,1.9,2.12,1.9,2.05,1.75,9226,509
9227,591,556,556,2024-02-26,2024-02-27,1,davidovich fokina|a / marozsan|f <> fokina|a / marozsan|f,Dubai,Dubai Tennis Championships,R32,R32,1.0,1.0,1.0,0.9523809523809523,99.76190476190476,17,Dubai ,Dubai Tennis Championships,2024-02-27,ATP500,Outdoor,Hard,1st Round,3,Davidovich Fokina A.,Marozsan F.,24,59.0,1540,914.0,6.0,3.0,4.0,6.0,6.0,1.0,,,,,2.0,1.0,Completed,1.53,2.5,1.63,2.4,1.63,2.51,1.57,2.35,9227,510
9231,595,557,557,2024-02-26,2024-02-27,1,humbert|u / monfils|g,Dubai,Dubai Tennis Championships,R32,R32,1.0,1.0,1.0,0.9523809523809523,99.76190476190476,17,Dubai ,Dubai Tennis Championships,2024-02-27,ATP500,Outdoor,Hard,1st Round,3,Humbert U.,Monfils G.,18,54.0,1990,937.0,4.0,6.0,6.0,3.0,6.0,3.0,,,,,2.0,1.0,Completed,1.53,2.5,1.51,2.72,1.58,2.72,1.51,2.5,9231,511
9234,598,555,555,2024-02-26,2024-02-27,1,fucsovics|m / lehecka|j,Dubai,Dubai Tennis Championships,R32,R32,1.0,1.0,1.0,0.9523809523809523,99.76190476190476,17,Dubai ,Dubai Tennis Championships,2024-02-27,ATP500,Outdoor,Hard,1st Round,3,Lehecka J.,Fucsovics M.,36,77.0,1180,757.0,6.0,4.0,3.0,6.0,7.0,5.0,,,,,2.0,1.0,Completed,1.62,2.3,1.74,2.2,1.74,2.32,1.67,2.16,9234,512
9235,599,560,560,2024-02-26,2024-02-27,1,khachanov|k / van assche|l,Dubai,Dubai Tennis Championships,R32,R32,1.0,1.0,1.0,0.9523809523809523,99.76190476190476,17,Dubai ,Dubai Tennis Championships,2024-02-27,ATP500,Outdoor,Hard,1st Round,3,Khachanov K.,Van Assche L.,15,72.0,2260,808.0,6.0,2.0,6.0,3.0,,,,,,,2.0,0.0,Completed,1.2,4.5,1.2,5.05,1.23,5.05,1.2,4.44,9235,513
9238,602,558,558,2024-02-26,2024-02-27,1,cazaux|a / musetti|l,Dubai,Dubai Tennis Championships,R32,R32,1.0,1.0,1.0,0.9523809523809523,99.76190476190476,17,Dubai ,Dubai Tennis Championships,2024-02-27,ATP500,Outdoor,Hard,1st Round,3,Cazaux A.,Musetti L.,86,26.0,701,1480.0,6.0,4.0,7.0,6.0,,,,,,,2.0,0.0,Completed,1.44,2.75,1.5,2.78,1.5,2.9,1.43,2.75,9238,514
9256,620,587,587,2024-02-26,2024-02-27,1,fonseca|j / tirante|t,Santiago,Chile Open,R32,R32,0.12307692307692308,1.0,1.0,0.9523809523809523,51.53113553113553,18,Santiago,Chile Open,2024-02-27,ATP250,Indoor,Clay,1st Round,3,Tirante T.A.,Fonseca J.,100,343.0,598,149.0,7.0,5.0,7.0,6.0,,,,,,,2.0,0.0,Completed,2.2,1.67,2.25,1.71,2.25,1.73,2.15,1.68,9256,515
9257,621,582,582,2024-02-26,2024-02-27,1,baena|r / moutet|c <> carballes baena|r / moutet|c,Santiago,Chile Open,R32,R32,0.12307692307692308,1.0,1.0,0.9523809523809523,51.53113553113553,18,Santiago,Chile Open,2024-02-27,ATP250,Indoor,Clay,1st Round,3,Moutet C.,Carballes Baena R.,140,66.0,464,851.0,6.0,3.0,5.0,7.0,6.0,2.0,,,,,2.0,1.0,Completed,2.0,1.8,2.06,1.84,2.06,1.84,1.99,1.79,9257,516
9260,624,584,584,2024-02-26,2024-02-27,1,cerundolo|j / hanfmann|y,Santiago,Chile Open,R32,R32,0.12307692307692308,1.0,1.0,0.9523809523809523,51.53113553113553,18,Santiago,Chile Open,2024-02-27,ATP250,Indoor,Clay,1st Round,3,Cerundolo J.M.,Hanfmann Y.,161,49.0,393,967.0,3.0,6.0,6.0,3.0,7.0,5.0,,,,,2.0,1.0,Completed,2.38,1.57,2.44,1.62,2.44,1.62,2.35,1.57,9260,517
9263,627,583,583,2024-02-26,2024-02-27,1,burruchaga|r / seyboth wild|t <> burruchaga|r / wild|t,Santiago,Chile Open,R32,R32,0.12307692307692308,1.0,1.0,0.9523809523809523,51.53113553113553,18,Santiago,Chile Open,2024-02-27,ATP250,Indoor,Clay,1st Round,3,Seyboth Wild T.,Burruchaga R.,73,159.0,802,397.0,6.0,4.0,6.0,4.0,,,,,,,2.0,0.0,Completed,1.53,2.5,1.61,2.44,1.61,2.5,1.56,2.38,9263,518
9264,628,585,585,2024-02-26,2024-02-27,1,miralles|b / munar|j <> munar|j / zapata miralles|b,Santiago,Chile Open,R32,R32,0.12307692307692308,1.0,1.0,0.9523809523809523,51.53113553113553,18,Santiago,Chile Open,2024-02-27,ATP250,Indoor,Clay,1st Round,3,Munar J.,Zapata Miralles B.,70,143.0,816,457.0,6.0,4.0,6.0,1.0,,,,,,,2.0,0.0,Completed,1.44,2.75,1.49,2.78,1.53,2.82,1.46,2.66,9264,519
9266,630,588,588,2024-02-26,2024-02-27,1,comesana|f / varillas|j,Santiago,Chile Open,R32,R32,0.12307692307692308,1.0,1.0,0.9523809523809523,51.53113553113553,18,Santiago,Chile Open,2024-02-27,ATP250,Indoor,Clay,1st Round,3,Varillas J.P.,Comesana F.,119,114.0,537,552.0,6.0,2.0,3.0,6.0,6.0,1.0,,,,,2.0,1.0,Completed,1.73,2.1,1.8,2.11,1.86,2.12,1.78,2.0,9266,520
9193,557,531,531,2024-02-26,2024-02-28,2,altmaier|d / zverev|a,Acapulco,Abierto Mexicano,R32,R32,0.26666666666666666,1.0,1.0,0.9047619047619048,59.19047619047619,16,Acapulco,Abierto Mexicano,2024-02-28,ATP500,Outdoor,Hard,1st Round,3,Altmaier D.,Zverev A.,57,6.0,921,5085.0,6.0,3.0,3.0,6.0,6.0,3.0,,,,,2.0,1.0,Completed,10.0,1.06,8.37,1.1,10.0,1.1,7.4,1.08,9193,521
9200,564,527,527,2024-02-26,2024-02-28,2,safiullin|r / tsitsipas|s,Acapulco,Abierto Mexicano,R32,R32,0.26666666666666666,1.0,1.0,0.9047619047619048,59.19047619047619,16,Acapulco,Abierto Mexicano,2024-02-28,ATP500,Outdoor,Hard,1st Round,3,Tsitsipas S.,Safiullin R.,12,39.0,3080,1080.0,6.0,3.0,6.0,4.0,,,,,,,2.0,0.0,Completed,1.4,3.0,1.4,3.18,1.45,3.18,1.4,2.9,9200,522
9201,565,529,529,2024-02-26,2024-02-28,2,eubanks|c / ruud|c,Acapulco,Abierto Mexicano,R32,R32,0.26666666666666666,1.0,1.0,0.9047619047619048,59.19047619047619,16,Acapulco,Abierto Mexicano,2024-02-28,ATP500,Outdoor,Hard,1st Round,3,Ruud C.,Eubanks C.,11,34.0,3120,1234.0,6.0,4.0,6.0,7.0,6.0,3.0,,,,,2.0,1.0,Completed,1.17,5.0,1.2,5.1,1.22,5.1,1.18,4.65,9201,523
9202,566,532,532,2024-02-26,2024-02-28,2,lajovic|d / mendez|r <> lajovic|d / pacheco mendez|r,Acapulco,Abierto Mexicano,R32,R32,0.26666666666666666,1.0,1.0,0.9047619047619048,59.19047619047619,16,Acapulco,Abierto Mexicano,2024-02-28,ATP500,Outdoor,Hard,1st Round,3,Lajovic D.,Pacheco Mendez R.,55,700.0,922,40.0,6.0,2.0,6.0,2.0,,,,,,,2.0,0.0,Completed,1.2,4.5,1.25,4.39,1.25,4.54,1.21,4.24,9202,524
9205,569,525,525,2024-02-26,2024-02-28,2,purcell|m / tiafoe|f,Acapulco,Abierto Mexicano,R32,R32,0.26666666666666666,1.0,1.0,0.9047619047619048,59.19047619047619,16,Acapulco,Abierto Mexicano,2024-02-28,ATP500,Outdoor,Hard,1st Round,3,Tiafoe F.,Purcell M.,16,62.0,2155,886.0,4.0,6.0,6.0,3.0,6.0,0.0,,,,,2.0,1.0,Completed,1.36,3.2,1.39,3.22,1.4,3.22,1.36,3.07,9205,525
9206,570,526,526,2024-02-26,2024-02-28,2,atmane|t / koepfer|d,Acapulco,Abierto Mexicano,R32,R32,0.26666666666666666,1.0,1.0,0.9047619047619048,59.19047619047619,16,Acapulco,Abierto Mexicano,2024-02-28,ATP500,Outdoor,Hard,1st Round,3,Koepfer D.,Atmane T.,58,146.0,918,453.0,6.0,4.0,4.0,6.0,6.0,0.0,,,,,2.0,1.0,Completed,1.44,2.75,1.51,2.74,1.53,2.78,1.48,2.6,9206,526
9207,571,530,530,2024-02-26,2024-02-28,2,kovacevic|a / thompson|j,Acapulco,Abierto Mexicano,R32,R32,0.26666666666666666,1.0,1.0,0.9047619047619048,59.19047619047619,16,Acapulco,Abierto Mexicano,2024-02-28,ATP500,Outdoor,Hard,1st Round,3,Kovacevic A.,Thompson J.,93,32.0,654,1246.0,6.0,3.0,5.0,7.0,6.0,4.0,,,,,2.0,1.0,Completed,2.5,1.53,2.55,1.57,2.55,1.57,2.43,1.54,9207,527
9208,572,528,528,2024-02-26,2024-02-28,2,mmoh|m / rune|h,Acapulco,Abierto Mexicano,R32,R32,0.26666666666666666,1.0,1.0,0.9047619047619048,59.19047619047619,16,Acapulco,Abierto Mexicano,2024-02-28,ATP500,Outdoor,Hard,1st Round,3,Rune H.,Mmoh M.,7,122.0,3700,527.0,6.0,2.0,6.0,3.0,,,,,,,2.0,0.0,Completed,1.33,3.4,1.35,3.5,1.35,3.6,1.31,3.38,9208,528
9216,580,568,568,2024-02-26,2024-02-28,2,medvedev|d / sonego|l,Dubai,Dubai Tennis Championships,R16,R16,1.0,1.0,1.0,0.9047619047619048,99.52380952380952,17,Dubai ,Dubai Tennis Championships,2024-02-28,ATP500,Outdoor,Hard,2nd Round,3,Medvedev D.,Sonego L.,4,48.0,8015,975.0,3.0,6.0,6.0,3.0,6.0,3.0,,,,,2.0,1.0,Completed,1.1,7.0,1.12,7.77,1.12,7.77,1.1,6.59,9216,529
9217,581,570,570,2024-02-26,2024-02-28,2,davidovich fokina|a / mensik|j <> fokina|a / mensik|j,Dubai,Dubai Tennis Championships,R16,R16,1.0,1.0,1.0,0.9047619047619048,99.52380952380952,17,Dubai ,Dubai Tennis Championships,2024-02-28,ATP500,Outdoor,Hard,2nd Round,3,Davidovich Fokina A.,Mensik J.,24,87.0,1540,701.0,7.0,6.0,1.0,0.0,,,,,,,1.0,0.0,Retired,1.67,2.2,1.75,2.21,1.75,2.23,1.7,2.14,9217,530
9219,583,566,566,2024-02-26,2024-02-28,2,humbert|u / murray|a,Dubai,Dubai Tennis Championships,R16,R16,1.0,1.0,1.0,0.9047619047619048,99.52380952380952,17,Dubai ,Dubai Tennis Championships,2024-02-28,ATP500,Outdoor,Hard,2nd Round,3,Humbert U.,Murray A.,18,67.0,1990,845.0,6.0,2.0,6.0,4.0,,,,,,,2.0,0.0,Completed,1.36,3.2,1.37,3.42,1.38,3.42,1.35,3.11,9219,531
9220,584,564,564,2024-02-26,2024-02-28,2,bublik|a / griekspoor|t,Dubai,Dubai Tennis Championships,R16,R16,1.0,1.0,1.0,0.9047619047619048,99.52380952380952,17,Dubai ,Dubai Tennis Championships,2024-02-28,ATP500,Outdoor,Hard,2nd Round,3,Bublik A.,Griekspoor T.,23,28.0,1699,1440.0,7.0,6.0,7.0,6.0,,,,,,,2.0,0.0,Completed,1.91,1.91,1.99,1.92,1.99,1.99,1.9,1.88,9220,532
9221,585,567,567,2024-02-26,2024-02-28,2,khachanov|k / lehecka|j,Dubai,Dubai Tennis Championships,R16,R16,1.0,1.0,1.0,0.9047619047619048,99.52380952380952,17,Dubai ,Dubai Tennis Championships,2024-02-28,ATP500,Outdoor,Hard,2nd Round,3,Lehecka J.,Khachanov K.,36,15.0,1180,2260.0,6.0,7.0,7.0,6.0,6.0,4.0,,,,,2.0,1.0,Completed,2.75,1.44,3.03,1.44,3.03,1.45,2.8,1.42,9221,533
9222,586,569,569,2024-02-26,2024-02-28,2,korda|s / van de zandschulp|b,Dubai,Dubai Tennis Championships,R16,R16,1.0,1.0,1.0,0.9047619047619048,99.52380952380952,17,Dubai ,Dubai Tennis Championships,2024-02-28,ATP500,Outdoor,Hard,2nd Round,3,Korda S.,Van De Zandschulp B.,33,75.0,1245,790.0,6.0,1.0,6.0,0.0,,,,,,,2.0,0.0,Completed,1.53,2.5,1.55,2.64,1.55,2.75,1.5,2.53,9222,534
9223,587,565,565,2024-02-26,2024-02-28,2,cazaux|a / rublev|a,Dubai,Dubai Tennis Championships,R16,R16,1.0,1.0,1.0,0.9047619047619048,99.52380952380952,17,Dubai ,Dubai Tennis Championships,2024-02-28,ATP500,Outdoor,Hard,2nd Round,3,Rublev A.,Cazaux A.,5,86.0,5110,701.0,6.0,4.0,6.0,4.0,,,,,,,2.0,0.0,Completed,1.29,3.75,1.33,3.64,1.36,3.75,1.31,3.39,9223,535
9247,611,594,594,2024-02-26,2024-02-28,2,coria|f / jarry|n,Santiago,Chile Open,R16,R16,0.12307692307692308,1.0,1.0,0.9047619047619048,51.2930402930403,18,Santiago,Chile Open,2024-02-28,ATP250,Indoor,Clay,2nd Round,3,Jarry N.,Coria F.,22,88.0,1775,678.0,7.0,6.0,6.0,2.0,,,,,,,2.0,0.0,Completed,1.3,3.5,1.34,3.58,1.34,3.6,1.3,3.42,9247,536
9248,612,592,592,2024-02-26,2024-02-28,2,moutet|c / tirante|t,Santiago,Chile Open,R16,R16,0.12307692307692308,1.0,1.0,0.9047619047619048,51.2930402930403,18,Santiago,Chile Open,2024-02-28,ATP250,Indoor,Clay,2nd Round,3,Moutet C.,Tirante T.A.,140,100.0,464,598.0,6.0,3.0,6.0,7.0,6.0,2.0,,,,,2.0,1.0,Completed,1.73,2.1,1.61,2.49,1.74,2.49,1.65,2.2,9248,537
9251,615,591,591,2024-02-26,2024-02-28,2,acosta|f / martinez|p <> diaz acosta|f / martinez|p,Santiago,Chile Open,R16,R16,0.12307692307692308,1.0,1.0,0.9047619047619048,51.2930402930403,18,Santiago,Chile Open,2024-02-28,ATP250,Indoor,Clay,2nd Round,3,Martinez P.,Diaz Acosta F.,101,52.0,596,948.0,7.0,6.0,6.0,7.0,6.0,1.0,,,,,2.0,1.0,Completed,2.38,1.57,2.44,1.63,2.44,1.63,2.35,1.57,9251,538
9252,616,593,593,2024-02-26,2024-02-28,2,fils|a / seyboth wild|t <> fils|a / wild|t,Santiago,Chile Open,R16,R16,0.12307692307692308,1.0,1.0,0.9047619047619048,51.2930402930403,18,Santiago,Chile Open,2024-02-28,ATP250,Indoor,Clay,2nd Round,3,Fils A.,Seyboth Wild T.,44,73.0,1028,802.0,6.0,3.0,6.0,3.0,,,,,,,2.0,0.0,Completed,1.73,2.1,1.78,2.16,1.85,2.16,1.77,2.01,9252,539
9259,623,590,590,2024-02-26,2024-02-28,2,bagnis|f / darderi|l,Santiago,Chile Open,R32,R32,0.12307692307692308,1.0,1.0,0.9047619047619048,51.2930402930403,18,Santiago,Chile Open,2024-02-28,ATP250,Indoor,Clay,1st Round,3,Darderi L.,Bagnis F.,80,148.0,747,447.0,7.0,6.0,6.0,7.0,7.0,6.0,,,,,2.0,1.0,Completed,1.53,2.5,1.54,2.62,1.54,2.65,1.5,2.54,9259,540
9185,549,536,536,2024-02-26,2024-02-29,3,altmaier|d / kecmanovic|m,Acapulco,Abierto Mexicano,R16,R16,0.26666666666666666,1.0,1.0,0.8571428571428572,58.95238095238095,16,Acapulco,Abierto Mexicano,2024-02-29,ATP500,Outdoor,Hard,2nd Round,3,Kecmanovic M.,Altmaier D.,53,57.0,940,921.0,6.0,4.0,6.0,4.0,,,,,,,2.0,0.0,Completed,1.57,2.38,1.64,2.41,1.64,2.5,1.57,2.34,9185,541
9186,550,534,534,2024-02-26,2024-02-29,3,draper|j / nishioka|y,Acapulco,Abierto Mexicano,R16,R16,0.26666666666666666,1.0,1.0,0.8571428571428572,58.95238095238095,16,Acapulco,Abierto Mexicano,2024-02-29,ATP500,Outdoor,Hard,2nd Round,3,Draper J.,Nishioka Y.,50,82.0,951,725.0,6.0,3.0,6.0,0.0,,,,,,,2.0,0.0,Completed,1.2,4.5,1.25,4.45,1.25,4.5,1.22,4.12,9186,542
9187,551,533,533,2024-02-26,2024-02-29,3,de minaur|a / ofner|s,Acapulco,Abierto Mexicano,R16,R16,0.26666666666666666,1.0,1.0,0.8571428571428572,58.95238095238095,16,Acapulco,Abierto Mexicano,2024-02-29,ATP500,Outdoor,Hard,2nd Round,3,De Minaur A.,Ofner S.,9,37.0,3210,1091.0,6.0,1.0,6.0,3.0,,,,,,,2.0,0.0,Completed,1.08,8.0,1.12,7.88,1.12,8.01,1.09,7.06,9187,543
9188,552,537,537,2024-02-26,2024-02-29,3,cobolli|f / tsitsipas|s,Acapulco,Abierto Mexicano,R16,R16,0.26666666666666666,1.0,1.0,0.8571428571428572,58.95238095238095,16,Acapulco,Abierto Mexicano,2024-02-29,ATP500,Outdoor,Hard,2nd Round,3,Tsitsipas S.,Cobolli F.,12,69.0,3080,825.0,6.0,3.0,7.0,6.0,,,,,,,2.0,0.0,Completed,1.14,5.5,1.18,5.67,1.18,5.7,1.15,5.31,9188,544
9189,553,540,540,2024-02-26,2024-02-29,3,lajovic|d / ruud|c,Acapulco,Abierto Mexicano,R16,R16,0.26666666666666666,1.0,1.0,0.8571428571428572,58.95238095238095,16,Acapulco,Abierto Mexicano,2024-02-29,ATP500,Outdoor,Hard,2nd Round,3,Ruud C.,Lajovic D.,11,55.0,3120,922.0,6.0,4.0,7.0,5.0,,,,,,,2.0,0.0,Completed,1.2,4.5,1.24,4.65,1.25,4.65,1.21,4.34,9189,545
9190,554,538,538,2024-02-26,2024-02-29,3,arnaldi|m / shelton|b,Acapulco,Abierto Mexicano,R16,R16,0.26666666666666666,1.0,1.0,0.8571428571428572,58.95238095238095,16,Acapulco,Abierto Mexicano,2024-02-29,ATP500,Outdoor,Hard,2nd Round,3,Shelton B.,Arnaldi M.,17,42.0,2055,1061.0,7.0,6.0,3.0,6.0,6.0,3.0,,,,,2.0,1.0,Completed,1.4,3.0,1.51,2.78,1.51,3.0,1.44,2.72,9190,546
9191,555,535,535,2024-02-26,2024-02-29,3,koepfer|d / tiafoe|f,Acapulco,Abierto Mexicano,R16,R16,0.26666666666666666,1.0,1.0,0.8571428571428572,58.95238095238095,16,Acapulco,Abierto Mexicano,2024-02-29,ATP500,Outdoor,Hard,2nd Round,3,Koepfer D.,Tiafoe F.,58,16.0,918,2155.0,6.0,4.0,5.0,7.0,6.0,1.0,,,,,2.0,1.0,Completed,2.63,1.5,2.58,1.57,2.79,1.62,2.45,1.53,9191,547
9192,556,539,539,2024-02-26,2024-02-29,3,kovacevic|a / rune|h,Acapulco,Abierto Mexicano,R16,R16,0.26666666666666666,1.0,1.0,0.8571428571428572,58.95238095238095,16,Acapulco,Abierto Mexicano,2024-02-29,ATP500,Outdoor,Hard,2nd Round,3,Rune H.,Kovacevic A.,7,93.0,3700,654.0,7.0,6.0,6.0,2.0,,,,,,,2.0,0.0,Completed,1.17,5.0,1.22,4.9,1.23,5.05,1.19,4.48,9192,548
9212,576,574,574,2024-02-26,2024-02-29,3,davidovich fokina|a / medvedev|d <> fokina|a / medvedev|d,Dubai,Dubai Tennis Championships,QF,QF,1.0,1.0,1.0,0.8571428571428572,99.28571428571429,17,Dubai ,Dubai Tennis Championships,2024-02-29,ATP500,Outdoor,Hard,Quarterfinals,3,Medvedev D.,Davidovich Fokina A.,4,24.0,8015,1540.0,6.0,2.0,6.0,3.0,,,,,,,2.0,0.0,Completed,1.2,4.5,1.22,4.93,1.22,4.93,1.2,4.44,9212,549
9213,577,575,575,2024-02-26,2024-02-29,3,humbert|u / hurkacz|h,Dubai,Dubai Tennis Championships,QF,QF,1.0,1.0,1.0,0.8571428571428572,99.28571428571429,17,Dubai ,Dubai Tennis Championships,2024-02-29,ATP500,Outdoor,Hard,Quarterfinals,3,Humbert U.,Hurkacz H.,18,8.0,1990,3395.0,3.0,6.0,7.0,6.0,6.0,3.0,,,,,2.0,1.0,Completed,2.1,1.73,2.23,1.74,2.25,1.74,2.12,1.7,9213,550
9214,578,572,572,2024-02-26,2024-02-29,3,bublik|a / lehecka|j,Dubai,Dubai Tennis Championships,QF,QF,1.0,1.0,1.0,0.8571428571428572,99.28571428571429,17,Dubai ,Dubai Tennis Championships,2024-02-29,ATP500,Outdoor,Hard,Quarterfinals,3,Bublik A.,Lehecka J.,23,36.0,1699,1180.0,6.0,4.0,4.0,1.0,,,,,,,1.0,0.0,Retired,2.0,1.8,2.17,1.78,2.17,1.85,2.02,1.77,9214,551
9215,579,573,573,2024-02-26,2024-02-29,3,korda|s / rublev|a,Dubai,Dubai Tennis Championships,QF,QF,1.0,1.0,1.0,0.8571428571428572,99.28571428571429,17,Dubai ,Dubai Tennis Championships,2024-02-29,ATP500,Outdoor,Hard,Quarterfinals,3,Rublev A.,Korda S.,5,33.0,5110,1245.0,6.0,4.0,4.0,3.0,,,,,,,1.0,0.0,Retired,1.4,3.0,1.43,3.08,1.44,3.19,1.4,2.89,9215,552
9250,614,595,595,2024-02-26,2024-02-29,3,cerundolo|j / darderi|l,Santiago,Chile Open,R16,R16,0.12307692307692308,1.0,1.0,0.8571428571428572,51.05494505494506,18,Santiago,Chile Open,2024-02-29,ATP250,Indoor,Clay,2nd Round,3,Darderi L.,Cerundolo J.M.,80,161.0,747,393.0,6.0,3.0,3.0,6.0,6.0,3.0,,,,,2.0,1.0,Completed,1.44,2.75,1.46,2.94,1.5,2.94,1.44,2.74,9250,553
9254,618,597,597,2024-02-26,2024-02-29,3,baez|s / varillas|j,Santiago,Chile Open,R16,R16,0.12307692307692308,1.0,1.0,0.8571428571428572,51.05494505494506,18,Santiago,Chile Open,2024-02-29,ATP250,Indoor,Clay,2nd Round,3,Baez S.,Varillas J.P.,21,119.0,1825,537.0,4.0,6.0,6.0,4.0,6.0,2.0,,,,,2.0,1.0,Completed,1.29,3.75,1.28,4.07,1.3,4.1,1.25,3.8,9254,554
9181,545,541,541,2024-02-26,2024-03-01,4,draper|j / kecmanovic|m,Acapulco,Abierto Mexicano,QF,QF,0.26666666666666666,1.0,1.0,0.8095238095238095,58.71428571428571,16,Acapulco,Abierto Mexicano,2024-03-01,ATP500,Outdoor,Hard,Quarterfinals,3,Draper J.,Kecmanovic M.,50,53.0,951,940.0,6.0,2.0,6.0,2.0,,,,,,,2.0,0.0,Completed,1.33,3.4,1.38,3.35,1.38,3.5,1.33,3.26,9181,555
9182,546,542,542,2024-02-26,2024-03-01,4,de minaur|a / tsitsipas|s,Acapulco,Abierto Mexicano,QF,QF,0.26666666666666666,1.0,1.0,0.8095238095238095,58.71428571428571,16,Acapulco,Abierto Mexicano,2024-03-01,ATP500,Outdoor,Hard,Quarterfinals,3,De Minaur A.,Tsitsipas S.,9,12.0,3210,3080.0,1.0,6.0,6.0,3.0,6.0,3.0,,,,,2.0,1.0,Completed,2.0,1.8,1.93,1.98,2.1,1.98,1.91,1.87,9182,556
9183,547,544,544,2024-02-26,2024-03-01,4,ruud|c / shelton|b,Acapulco,Abierto Mexicano,QF,QF,0.26666666666666666,1.0,1.0,0.8095238095238095,58.71428571428571,16,Acapulco,Abierto Mexicano,2024-03-01,ATP500,Outdoor,Hard,Quarterfinals,3,Ruud C.,Shelton B.,11,17.0,3120,2055.0,6.0,7.0,6.0,4.0,6.0,4.0,,,,,2.0,1.0,Completed,1.73,2.1,1.71,2.28,1.8,2.28,1.68,2.15,9183,557
9184,548,543,543,2024-02-26,2024-03-01,4,koepfer|d / rune|h,Acapulco,Abierto Mexicano,QF,QF,0.26666666666666666,1.0,1.0,0.8095238095238095,58.71428571428571,16,Acapulco,Abierto Mexicano,2024-03-01,ATP500,Outdoor,Hard,Quarterfinals,3,Rune H.,Koepfer D.,7,58.0,3700,918.0,7.0,6.0,7.0,6.0,,,,,,,2.0,0.0,Completed,1.33,3.4,1.39,3.3,1.39,3.5,1.33,3.26,9184,558
9210,574,577,577,2024-02-26,2024-03-01,4,humbert|u / medvedev|d,Dubai,Dubai Tennis Championships,SF,SF,1.0,1.0,1.0,0.8095238095238095,99.04761904761905,17,Dubai ,Dubai Tennis Championships,2024-03-01,ATP500,Outdoor,Hard,Semifinals,3,Humbert U.,Medvedev D.,18,4.0,1990,8015.0,7.0,5.0,6.0,3.0,,,,,,,2.0,0.0,Completed,3.0,1.4,3.05,1.43,3.1,1.43,2.94,1.39,9210,559
9211,575,576,576,2024-02-26,2024-03-01,4,bublik|a / rublev|a,Dubai,Dubai Tennis Championships,SF,SF,1.0,1.0,1.0,0.8095238095238095,99.04761904761905,17,Dubai ,Dubai Tennis Championships,2024-03-01,ATP500,Outdoor,Hard,Semifinals,3,Bublik A.,Rublev A.,23,5.0,1699,5110.0,6.0,7.0,7.0,6.0,6.0,5.0,,,,,1.0,1.0,Awarded,3.75,1.29,4.09,1.3,4.09,1.31,3.62,1.28,9211,560
9243,607,602,602,2024-02-26,2024-03-01,4,jarry|n / moutet|c,Santiago,Chile Open,QF,QF,0.12307692307692308,1.0,1.0,0.8095238095238095,50.816849816849825,18,Santiago,Chile Open,2024-03-01,ATP250,Indoor,Clay,Quarterfinals,3,Moutet C.,Jarry N.,140,22.0,464,1775.0,7.0,6.0,7.0,6.0,,,,,,,2.0,0.0,Completed,4.33,1.22,4.78,1.23,4.78,1.23,4.27,1.21,9243,561
9244,608,601,601,2024-02-26,2024-03-01,4,darderi|l / tabilo|a,Santiago,Chile Open,QF,QF,0.12307692307692308,1.0,1.0,0.8095238095238095,50.816849816849825,18,Santiago,Chile Open,2024-03-01,ATP250,Indoor,Clay,Quarterfinals,3,Tabilo A.,Darderi L.,51,80.0,951,747.0,6.0,0.0,7.0,5.0,,,,,,,2.0,0.0,Completed,1.62,2.3,1.75,2.22,1.75,2.35,1.66,2.18,9244,562
9245,609,600,600,2024-02-26,2024-03-01,4,fils|a / martinez|p,Santiago,Chile Open,QF,QF,0.12307692307692308,1.0,1.0,0.8095238095238095,50.816849816849825,18,Santiago,Chile Open,2024-03-01,ATP250,Indoor,Clay,Quarterfinals,3,Martinez P.,Fils A.,101,44.0,596,1028.0,6.0,3.0,6.0,7.0,6.0,2.0,,,,,2.0,1.0,Completed,2.75,1.44,2.68,1.54,2.75,1.54,2.58,1.49,9245,563
9246,610,599,599,2024-02-26,2024-03-01,4,baez|s / munar|j,Santiago,Chile Open,QF,QF,0.12307692307692308,1.0,1.0,0.8095238095238095,50.816849816849825,18,Santiago,Chile Open,2024-03-01,ATP250,Indoor,Clay,Quarterfinals,3,Baez S.,Munar J.,21,70.0,1825,816.0,6.0,4.0,6.0,4.0,,,,,,,2.0,0.0,Completed,1.5,2.63,1.54,2.67,1.54,2.67,1.5,2.55,9246,564
9179,543,545,545,2024-02-26,2024-03-02,5,de minaur|a / draper|j,Acapulco,Abierto Mexicano,SF,SF,0.26666666666666666,1.0,1.0,0.7619047619047619,58.476190476190474,16,Acapulco,Abierto Mexicano,2024-03-02,ATP500,Outdoor,Hard,Semifinals,3,De Minaur A.,Draper J.,9,50.0,3210,951.0,6.0,3.0,2.0,6.0,4.0,0.0,,,,,1.0,1.0,Retired,1.62,2.3,1.68,2.33,1.68,2.33,1.65,2.2,9179,565
9180,544,546,546,2024-02-26,2024-03-02,5,rune|h / ruud|c,Acapulco,Abierto Mexicano,SF,SF,0.26666666666666666,1.0,1.0,0.7619047619047619,58.476190476190474,16,Acapulco,Abierto Mexicano,2024-03-02,ATP500,Outdoor,Hard,Semifinals,3,Ruud C.,Rune H.,11,7.0,3120,3700.0,3.0,6.0,6.0,3.0,6.0,4.0,,,,,2.0,1.0,Completed,1.73,2.1,1.66,2.37,1.73,2.37,1.64,2.23,9180,566
9209,573,578,578,2024-02-26,2024-03-02,5,bublik|a / humbert|u,Dubai,Dubai Tennis Championships,F,F,1.0,1.0,1.0,0.7619047619047619,98.80952380952381,17,Dubai ,Dubai Tennis Championships,2024-03-02,ATP500,Outdoor,Hard,The Final,3,Humbert U.,Bublik A.,18,23.0,1990,1699.0,6.0,4.0,6.0,3.0,,,,,,,2.0,0.0,Completed,1.4,3.0,1.43,3.08,1.44,3.08,1.4,2.89,9209,567
9241,605,603,603,2024-02-26,2024-03-02,5,moutet|c / tabilo|a,Santiago,Chile Open,SF,SF,0.12307692307692308,1.0,1.0,0.7619047619047619,50.578754578754584,18,Santiago,Chile Open,2024-03-02,ATP250,Indoor,Clay,Semifinals,3,Tabilo A.,Moutet C.,51,140.0,951,464.0,4.0,6.0,6.0,4.0,7.0,5.0,,,,,2.0,1.0,Completed,1.5,2.63,1.57,2.58,1.58,2.63,1.52,2.5,9241,568
9178,542,547,547,2024-02-26,2024-03-03,6,de minaur|a / ruud|c,Acapulco,Abierto Mexicano,F,F,0.26666666666666666,1.0,1.0,0.7142857142857143,58.238095238095234,16,Acapulco,Abierto Mexicano,2024-03-03,ATP500,Outdoor,Hard,The Final,3,De Minaur A.,Ruud C.,9,11.0,3210,3120.0,6.0,4.0,6.0,4.0,,,,,,,2.0,0.0,Completed,1.57,2.38,1.6,2.5,1.6,2.5,1.56,2.4,9178,569
9240,604,605,605,2024-02-26,2024-03-03,6,baez|s / tabilo|a,Santiago,Chile Open,F,F,0.12307692307692308,1.0,1.0,0.7142857142857143,50.34065934065934,18,Santiago,Chile Open,2024-03-03,ATP250,Indoor,Clay,The Final,3,Baez S.,Tabilo A.,21,51.0,1825,951.0,3.0,6.0,6.0,0.0,6.0,4.0,,,,,2.0,1.0,Completed,1.5,2.63,1.57,2.59,1.57,2.63,1.52,2.49,9240,570
9242,606,604,604,2024-02-26,2024-03-03,6,baez|s / martinez|p,Santiago,Chile Open,SF,SF,0.12307692307692308,1.0,1.0,0.7142857142857143,50.34065934065934,18,Santiago,Chile Open,2024-03-03,ATP250,Indoor,Clay,Semifinals,3,Baez S.,Martinez P.,21,101.0,1825,596.0,6.0,4.0,6.0,2.0,,,,,,,2.0,0.0,Completed,1.33,3.4,1.43,3.07,1.44,3.4,1.36,3.04,9242,571
9346,710,613,613,2024-03-04,2024-03-06,2,goffin|d / murray|a,Indian Wells Masters,BNP Paribas Open,R128,R128,0.20869565217391306,1.0,1.0,0.9047619047619048,56.002070393374744,19,Indian Wells,BNP Paribas Open,2024-03-06,Masters 1000,Outdoor,Hard,1st Round,3,Murray A.,Goffin D.,61,112.0,885,553.0,6.0,3.0,6.0,2.0,,,,,,,2.0,0.0,Completed,1.67,2.2,1.71,2.25,1.74,2.25,1.67,2.19,9346,572
9347,711,610,610,2024-03-04,2024-03-06,2,eubanks|c / nakashima|b,Indian Wells Masters,BNP Paribas Open,R128,R128,0.20869565217391306,1.0,1.0,0.9047619047619048,56.002070393374744,19,Indian Wells,BNP Paribas Open,2024-03-06,Masters 1000,Outdoor,Hard,1st Round,3,Nakashima B.,Eubanks C.,93,34.0,645,1234.0,6.0,3.0,7.0,6.0,,,,,,,2.0,0.0,Completed,1.5,2.63,1.48,2.82,1.53,2.82,1.48,2.67,9347,573
9351,715,609,609,2024-03-04,2024-03-06,2,koepfer|d / shevchenko|a,Indian Wells Masters,BNP Paribas Open,R128,R128,0.20869565217391306,1.0,1.0,0.9047619047619048,56.002070393374744,19,Indian Wells,BNP Paribas Open,2024-03-06,Masters 1000,Outdoor,Hard,1st Round,3,Shevchenko A.,Koepfer D.,51,49.0,1000,1008.0,6.0,3.0,1.0,6.0,7.0,6.0,,,,,2.0,1.0,Completed,2.2,1.67,2.31,1.68,2.31,1.76,2.21,1.67,9351,574
9353,717,607,607,2024-03-04,2024-03-06,2,giron|m / kokkinakis|t,Indian Wells Masters,BNP Paribas Open,R128,R128,0.20869565217391306,1.0,1.0,0.9047619047619048,56.002070393374744,19,Indian Wells,BNP Paribas Open,2024-03-06,Masters 1000,Outdoor,Hard,1st Round,3,Kokkinakis T.,Giron M.,99,48.0,609,1015.0,6.0,3.0,7.0,5.0,,,,,,,2.0,0.0,Completed,2.63,1.5,2.84,1.48,2.84,1.53,2.65,1.48,9353,575
9355,719,608,608,2024-03-04,2024-03-06,2,cachin|p / hanfmann|y,Indian Wells Masters,BNP Paribas Open,R128,R128,0.20869565217391306,1.0,1.0,0.9047619047619048,56.002070393374744,19,Indian Wells,BNP Paribas Open,2024-03-06,Masters 1000,Outdoor,Hard,1st Round,3,Hanfmann Y.,Cachin P.,57,79.0,920,754.0,6.0,7.0,6.0,4.0,6.0,1.0,,,,,2.0,1.0,Completed,1.4,3.0,1.43,3.01,1.45,3.15,1.41,2.89,9355,576
9357,721,614,614,2024-03-04,2024-03-06,2,daniel|t / galan|d,Indian Wells Masters,BNP Paribas Open,R128,R128,0.20869565217391306,1.0,1.0,0.9047619047619048,56.002070393374744,19,Indian Wells,BNP Paribas Open,2024-03-06,Masters 1000,Outdoor,Hard,1st Round,3,Daniel T.,Galan D.E.,76,84.0,773,709.0,6.0,4.0,6.0,1.0,,,,,,,2.0,0.0,Completed,1.44,2.75,1.46,2.9,1.53,2.9,1.46,2.72,9357,577
9359,723,612,612,2024-03-04,2024-03-06,2,marozsan|f / rodionov|j,Indian Wells Masters,BNP Paribas Open,R128,R128,0.20869565217391306,1.0,1.0,0.9047619047619048,56.002070393374744,19,Indian Wells,BNP Paribas Open,2024-03-06,Masters 1000,Outdoor,Hard,1st Round,3,Marozsan F.,Rodionov J.,58,96.0,914,631.0,6.0,3.0,6.0,2.0,,,,,,,2.0,0.0,Completed,1.57,2.38,1.47,2.81,1.74,2.81,1.55,2.5,9359,578
9361,725,611,611,2024-03-04,2024-03-06,2,arnaldi|m / van assche|l,Indian Wells Masters,BNP Paribas Open,R128,R128,0.20869565217391306,1.0,1.0,0.9047619047619048,56.002070393374744,19,Indian Wells,BNP Paribas Open,2024-03-06,Masters 1000,Outdoor,Hard,1st Round,3,Arnaldi M.,Van Assche L.,40,86.0,1091,696.0,7.0,6.0,7.0,6.0,,,,,,,2.0,0.0,Completed,1.5,2.63,1.56,2.56,1.57,2.63,1.53,2.52,9361,579
9330,694,615,615,2024-03-04,2024-03-07,3,mochizuki|s / vukic|a,Indian Wells Masters,BNP Paribas Open,R128,R128,0.20869565217391306,1.0,1.0,0.8571428571428572,55.7639751552795,19,Indian Wells,BNP Paribas Open,2024-03-07,Masters 1000,Outdoor,Hard,1st Round,3,Vukic A.,Mochizuki S.,69,149.0,801,448.0,7.0,6.0,7.0,6.0,,,,,,,2.0,0.0,Completed,1.91,1.91,2.0,1.89,2.0,1.95,1.9,1.91,9330,580
9332,696,625,625,2024-03-04,2024-03-07,3,michelsen|a / munar|j,Indian Wells Masters,BNP Paribas Open,R128,R128,0.20869565217391306,1.0,1.0,0.8571428571428572,55.7639751552795,19,Indian Wells,BNP Paribas Open,2024-03-07,Masters 1000,Outdoor,Hard,1st Round,3,Michelsen A.,Munar J.,80,75.0,754,776.0,6.0,2.0,6.0,3.0,,,,,,,2.0,0.0,Completed,1.36,3.2,1.41,3.1,1.44,3.2,1.39,2.98,9332,581
9336,700,617,617,2024-03-04,2024-03-07,3,kecmanovic|m / sonego|l,Indian Wells Masters,BNP Paribas Open,R128,R128,0.20869565217391306,1.0,1.0,0.8571428571428572,55.7639751552795,19,Indian Wells,BNP Paribas Open,2024-03-07,Masters 1000,Outdoor,Hard,1st Round,3,Sonego L.,Kecmanovic M.,55,47.0,935,1030.0,7.0,6.0,6.0,4.0,,,,,,,2.0,0.0,Completed,2.1,1.73,2.31,1.68,2.31,1.8,2.13,1.72,9336,582
9337,701,622,622,2024-03-04,2024-03-07,3,monfils|g / purcell|m,Indian Wells Masters,BNP Paribas Open,R128,R128,0.20869565217391306,1.0,1.0,0.8571428571428572,55.7639751552795,19,Indian Wells,BNP Paribas Open,2024-03-07,Masters 1000,Outdoor,Hard,1st Round,3,Monfils G.,Purcell M.,54,71.0,937,796.0,6.0,1.0,6.0,2.0,,,,,,,2.0,0.0,Completed,1.29,3.75,1.34,3.51,1.34,3.75,1.31,3.46,9337,583
9339,703,621,621,2024-03-04,2024-03-07,3,evans|d / safiullin|r,Indian Wells Masters,BNP Paribas Open,R128,R128,0.20869565217391306,1.0,1.0,0.8571428571428572,55.7639751552795,19,Indian Wells,BNP Paribas Open,2024-03-07,Masters 1000,Outdoor,Hard,1st Round,3,Safiullin R.,Evans D.,42,45.0,1080,1066.0,6.0,1.0,5.0,7.0,6.0,2.0,,,,,2.0,1.0,Completed,1.67,2.2,1.74,2.2,1.74,2.3,1.68,2.18,9339,584
9340,704,616,616,2024-03-04,2024-03-07,3,machac|t / wawrinka|s,Indian Wells Masters,BNP Paribas Open,R128,R128,0.20869565217391306,1.0,1.0,0.8571428571428572,55.7639751552795,19,Indian Wells,BNP Paribas Open,2024-03-07,Masters 1000,Outdoor,Hard,1st Round,3,Machac T.,Wawrinka S.,63,70.0,868,797.0,7.0,6.0,4.0,6.0,6.0,2.0,,,,,2.0,1.0,Completed,1.5,2.63,1.55,2.6,1.55,2.63,1.52,2.54,9340,585
9348,712,620,620,2024-03-04,2024-03-07,3,lajovic|d / ruusuvuori|e,Indian Wells Masters,BNP Paribas Open,R128,R128,0.20869565217391306,1.0,1.0,0.8571428571428572,55.7639751552795,19,Indian Wells,BNP Paribas Open,2024-03-07,Masters 1000,Outdoor,Hard,1st Round,3,Lajovic D.,Ruusuvuori E.,56,46.0,927,1041.0,7.0,5.0,6.0,2.0,,,,,,,2.0,0.0,Completed,2.75,1.44,2.76,1.5,2.9,1.45,2.74,1.45,9348,586
9349,713,619,619,2024-03-04,2024-03-07,3,altmaier|d / pouille|l,Indian Wells Masters,BNP Paribas Open,R128,R128,0.20869565217391306,1.0,1.0,0.8571428571428572,55.7639751552795,19,Indian Wells,BNP Paribas Open,2024-03-07,Masters 1000,Outdoor,Hard,1st Round,3,Pouille L.,Altmaier D.,273,53.0,202,961.0,6.0,4.0,6.0,3.0,,,,,,,2.0,0.0,Completed,2.0,1.8,2.17,1.76,2.17,1.84,2.07,1.76,9349,587
9350,714,623,623,2024-03-04,2024-03-07,3,hong|s / mensik|j,Indian Wells Masters,BNP Paribas Open,R128,R128,0.20869565217391306,1.0,1.0,0.8571428571428572,55.7639751552795,19,Indian Wells,BNP Paribas Open,2024-03-07,Masters 1000,Outdoor,Hard,1st Round,3,Mensik J.,Hong S.,81,227.0,751,268.0,6.0,3.0,6.0,4.0,,,,,,,2.0,0.0,Completed,1.2,4.5,1.25,4.38,1.25,4.5,1.22,4.23,9350,588
9352,716,624,624,2024-03-04,2024-03-07,3,coric|b / ofner|s,Indian Wells Masters,BNP Paribas Open,R128,R128,0.20869565217391306,1.0,1.0,0.8571428571428572,55.7639751552795,19,Indian Wells,BNP Paribas Open,2024-03-07,Masters 1000,Outdoor,Hard,1st Round,3,Coric B.,Ofner S.,35,38.0,1194,1116.0,6.0,2.0,3.0,6.0,6.0,0.0,,,,,2.0,1.0,Completed,1.3,3.5,1.36,3.42,1.37,3.5,1.33,3.36,9352,589
9358,722,626,626,2024-03-04,2024-03-07,3,seyboth wild|t / wolf|j <> wild|t / wolf|j,Indian Wells Masters,BNP Paribas Open,R128,R128,0.20869565217391306,1.0,1.0,0.8571428571428572,55.7639751552795,19,Indian Wells,BNP Paribas Open,2024-03-07,Masters 1000,Outdoor,Hard,1st Round,3,Seyboth Wild T.,Wolf J.J.,65,94.0,820,640.0,6.0,2.0,6.0,1.0,,,,,,,2.0,0.0,Completed,1.57,2.38,1.64,2.39,1.65,2.43,1.6,2.35,9358,590
9360,724,618,618,2024-03-04,2024-03-07,3,kudla|d / lestienne|c,Indian Wells Masters,BNP Paribas Open,R128,R128,0.20869565217391306,1.0,1.0,0.8571428571428572,55.7639751552795,19,Indian Wells,BNP Paribas Open,2024-03-07,Masters 1000,Outdoor,Hard,1st Round,3,Lestienne C.,Kudla D.,100,179.0,606,342.0,3.0,6.0,6.0,2.0,6.0,4.0,,,,,2.0,1.0,Completed,1.73,2.1,1.87,2.02,1.87,2.1,1.79,2.02,9360,591
9314,678,643,643,2024-03-04,2024-03-08,4,murray|a / rublev|a,Indian Wells Masters,BNP Paribas Open,R64,R64,0.20869565217391306,1.0,1.0,0.8095238095238095,55.52587991718427,19,Indian Wells,BNP Paribas Open,2024-03-08,Masters 1000,Outdoor,Hard,2nd Round,3,Rublev A.,Murray A.,5,61.0,5010,885.0,7.0,6.0,6.0,1.0,,,,,,,2.0,0.0,Completed,1.2,4.5,1.18,5.66,1.2,5.66,1.17,5.02,9314,592
9317,681,644,644,2024-03-04,2024-03-08,4,pouille|l / tsitsipas|s,Indian Wells Masters,BNP Paribas Open,R64,R64,0.20869565217391306,1.0,1.0,0.8095238095238095,55.52587991718427,19,Indian Wells,BNP Paribas Open,2024-03-08,Masters 1000,Outdoor,Hard,2nd Round,3,Tsitsipas S.,Pouille L.,11,273.0,3170,202.0,6.0,3.0,6.0,2.0,,,,,,,2.0,0.0,Completed,1.14,5.5,1.16,5.92,1.17,5.92,1.15,5.44,9317,593
9319,683,640,640,2024-03-04,2024-03-08,4,cerundolo|f / shevchenko|a,Indian Wells Masters,BNP Paribas Open,R64,R64,0.20869565217391306,1.0,1.0,0.8095238095238095,55.52587991718427,19,Indian Wells,BNP Paribas Open,2024-03-08,Masters 1000,Outdoor,Hard,2nd Round,3,Cerundolo F.,Shevchenko A.,22,51.0,1840,1000.0,6.0,2.0,3.0,1.0,,,,,,,1.0,0.0,Retired,2.1,1.73,2.35,1.66,2.35,1.74,2.2,1.67,9319,594
9321,685,639,639,2024-03-04,2024-03-08,4,kokkinakis|t / sinner|j,Indian Wells Masters,BNP Paribas Open,R64,R64,0.20869565217391306,1.0,1.0,0.8095238095238095,55.52587991718427,19,Indian Wells,BNP Paribas Open,2024-03-08,Masters 1000,Outdoor,Hard,2nd Round,3,Sinner J.,Kokkinakis T.,3,99.0,8270,609.0,6.0,3.0,6.0,0.0,,,,,,,2.0,0.0,Completed,1.08,8.0,1.07,11.05,1.1,11.05,1.07,9.1,9321,595
9325,689,638,638,2024-03-04,2024-03-08,4,daniel|t / de minaur|a,Indian Wells Masters,BNP Paribas Open,R64,R64,0.20869565217391306,1.0,1.0,0.8095238095238095,55.52587991718427,19,Indian Wells,BNP Paribas Open,2024-03-08,Masters 1000,Outdoor,Hard,2nd Round,3,De Minaur A.,Daniel T.,10,76.0,3210,773.0,6.0,1.0,6.0,2.0,,,,,,,2.0,0.0,Completed,1.07,9.0,1.09,9.35,1.11,9.35,1.07,8.44,9325,596
9327,691,645,645,2024-03-04,2024-03-08,4,jarry|n / marozsan|f,Indian Wells Masters,BNP Paribas Open,R64,R64,0.20869565217391306,1.0,1.0,0.8095238095238095,55.52587991718427,19,Indian Wells,BNP Paribas Open,2024-03-08,Masters 1000,Outdoor,Hard,2nd Round,3,Marozsan F.,Jarry N.,58,24.0,914,1575.0,3.0,6.0,7.0,5.0,6.0,4.0,,,,,2.0,1.0,Completed,2.2,1.67,2.23,1.72,2.23,1.72,2.19,1.68,9327,597
9328,692,641,641,2024-03-04,2024-03-08,4,aliassime|f / lestienne|c <> auger aliassime|f / lestienne|c,Indian Wells Masters,BNP Paribas Open,R64,R64,0.20869565217391306,1.0,1.0,0.8095238095238095,55.52587991718427,19,Indian Wells,BNP Paribas Open,2024-03-08,Masters 1000,Outdoor,Hard,2nd Round,3,Auger-Aliassime F.,Lestienne C.,31,100.0,1295,606.0,6.0,4.0,6.0,1.0,,,,,,,2.0,0.0,Completed,1.25,4.0,1.24,4.45,1.26,4.45,1.24,4.08,9328,598
9333,697,630,630,2024-03-04,2024-03-08,4,kypson|p / quinn|e,Indian Wells Masters,BNP Paribas Open,R128,R128,0.20869565217391306,1.0,1.0,0.8095238095238095,55.52587991718427,19,Indian Wells,BNP Paribas Open,2024-03-08,Masters 1000,Outdoor,Hard,1st Round,3,Kypson P.,Quinn E.,151,284.0,443,196.0,6.0,1.0,7.0,6.0,,,,,,,2.0,0.0,Completed,1.67,2.2,1.68,2.31,1.68,2.31,1.65,2.24,9333,599
9335,699,628,628,2024-03-04,2024-03-08,4,borges|n / fils|a,Indian Wells Masters,BNP Paribas Open,R128,R128,0.20869565217391306,1.0,1.0,0.8095238095238095,55.52587991718427,19,Indian Wells,BNP Paribas Open,2024-03-08,Masters 1000,Outdoor,Hard,1st Round,3,Fils A.,Borges N.,43,60.0,1078,887.0,7.0,6.0,6.0,2.0,,,,,,,2.0,0.0,Completed,1.73,2.1,1.77,2.16,1.77,2.16,1.75,2.1,9335,600
9338,702,636,636,2024-03-04,2024-03-08,4,baena|r / cobolli|f <> carballes baena|r / cobolli|f,Indian Wells Masters,BNP Paribas Open,R128,R128,0.20869565217391306,1.0,1.0,0.8095238095238095,55.52587991718427,19,Indian Wells,BNP Paribas Open,2024-03-08,Masters 1000,Outdoor,Hard,1st Round,3,Carballes Baena R.,Cobolli F.,64,62.0,831,880.0,6.0,4.0,6.0,4.0,,,,,,,2.0,0.0,Completed,3.2,1.36,3.1,1.41,3.2,1.41,3.0,1.39,9338,601
9341,705,633,633,2024-03-04,2024-03-08,4,grenier|h / muller|a,Indian Wells Masters,BNP Paribas Open,R128,R128,0.20869565217391306,1.0,1.0,0.8095238095238095,55.52587991718427,19,Indian Wells,BNP Paribas Open,2024-03-08,Masters 1000,Outdoor,Hard,1st Round,3,Muller A.,Grenier H.,88,146.0,689,455.0,7.0,6.0,7.0,5.0,,,,,,,2.0,0.0,Completed,1.8,2.0,1.89,2.0,1.89,2.02,1.82,1.98,9341,602
9342,706,634,634,2024-03-04,2024-03-08,4,kotov|p / tabilo|a,Indian Wells Masters,BNP Paribas Open,R128,R128,0.20869565217391306,1.0,1.0,0.8095238095238095,55.52587991718427,19,Indian Wells,BNP Paribas Open,2024-03-08,Masters 1000,Outdoor,Hard,1st Round,3,Tabilo A.,Kotov P.,39,67.0,1116,819.0,4.0,6.0,6.0,3.0,7.0,5.0,,,,,2.0,1.0,Completed,1.62,2.3,1.66,2.34,1.7,2.34,1.64,2.26,9342,603
9343,707,629,629,2024-03-04,2024-03-08,4,fognini|f / miralles|b <> fognini|f / zapata miralles|b,Indian Wells Masters,BNP Paribas Open,R128,R128,0.20869565217391306,1.0,1.0,0.8095238095238095,55.52587991718427,19,Indian Wells,BNP Paribas Open,2024-03-08,Masters 1000,Outdoor,Hard,1st Round,3,Fognini F.,Zapata Miralles B.,108,144.0,568,457.0,4.0,6.0,6.0,2.0,6.0,3.0,,,,,2.0,1.0,Completed,1.53,2.5,1.56,2.59,1.56,2.63,1.52,2.53,9343,604
9344,708,635,635,2024-03-04,2024-03-08,4,shapovalov|d / van de zandschulp|b,Indian Wells Masters,BNP Paribas Open,R128,R128,0.20869565217391306,1.0,1.0,0.8095238095238095,55.52587991718427,19,Indian Wells,BNP Paribas Open,2024-03-08,Masters 1000,Outdoor,Hard,1st Round,3,Shapovalov D.,Van De Zandschulp B.,131,82.0,485,750.0,6.0,1.0,6.0,4.0,,,,,,,2.0,0.0,Completed,1.62,2.3,1.68,2.3,1.7,2.3,1.64,2.24,9344,605
9345,709,631,631,2024-03-04,2024-03-08,4,nagal|s / raonic|m,Indian Wells Masters,BNP Paribas Open,R128,R128,0.20869565217391306,1.0,1.0,0.8095238095238095,55.52587991718427,19,Indian Wells,BNP Paribas Open,2024-03-08,Masters 1000,Outdoor,Hard,1st Round,3,Raonic M.,Nagal S.,224,101.0,275,603.0,6.0,3.0,6.0,3.0,,,,,,,2.0,0.0,Completed,1.4,3.0,1.39,3.25,1.43,3.25,1.38,3.06,9345,606
9356,720,627,627,2024-03-04,2024-03-08,4,shang|j / thompson|j,Indian Wells Masters,BNP Paribas Open,R128,R128,0.20869565217391306,1.0,1.0,0.8095238095238095,55.52587991718427,19,Indian Wells,BNP Paribas Open,2024-03-08,Masters 1000,Outdoor,Hard,1st Round,3,Shang J.,Thompson J.,139,33.0,465,1246.0,6.0,2.0,6.0,3.0,,,,,,,2.0,0.0,Completed,2.75,1.44,2.8,1.49,2.8,1.5,2.72,1.46,9356,607
9298,662,664,664,2024-03-04,2024-03-09,5,djokovic|n / vukic|a,Indian Wells Masters,BNP Paribas Open,R64,R64,0.20869565217391306,1.0,1.0,0.7619047619047619,55.28778467908903,19,Indian Wells,BNP Paribas Open,2024-03-09,Masters 1000,Outdoor,Hard,2nd Round,3,Djokovic N.,Vukic A.,1,69.0,9675,801.0,6.0,2.0,5.0,7.0,6.0,3.0,,,,,2.0,1.0,Completed,1.02,21.0,1.02,26.38,1.02,26.38,1.01,16.81,9298,608
9301,665,657,657,2024-03-04,2024-03-09,5,humbert|u / kypson|p,Indian Wells Masters,BNP Paribas Open,R64,R64,0.20869565217391306,1.0,1.0,0.7619047619047619,55.28778467908903,19,Indian Wells,BNP Paribas Open,2024-03-09,Masters 1000,Outdoor,Hard,2nd Round,3,Humbert U.,Kypson P.,14,151.0,2415,443.0,6.0,4.0,6.0,4.0,,,,,,,2.0,0.0,Completed,1.2,4.5,1.19,5.41,1.21,5.43,1.18,4.86,9301,609
9303,667,659,659,2024-03-04,2024-03-09,5,davidovich fokina|a / fils|a <> fils|a / fokina|a,Indian Wells Masters,BNP Paribas Open,R64,R64,0.20869565217391306,1.0,1.0,0.7619047619047619,55.28778467908903,19,Indian Wells,BNP Paribas Open,2024-03-09,Masters 1000,Outdoor,Hard,2nd Round,3,Fils A.,Davidovich Fokina A.,43,23.0,1078,1595.0,6.0,3.0,6.0,4.0,,,,,,,2.0,0.0,Completed,2.1,1.73,2.22,1.73,2.24,1.75,2.14,1.7,9303,610
9304,668,655,655,2024-03-04,2024-03-09,5,norrie|c / sonego|l,Indian Wells Masters,BNP Paribas Open,R64,R64,0.20869565217391306,1.0,1.0,0.7619047619047619,55.28778467908903,19,Indian Wells,BNP Paribas Open,2024-03-09,Masters 1000,Outdoor,Hard,2nd Round,3,Norrie C.,Sonego L.,28,55.0,1380,935.0,6.0,4.0,6.0,4.0,,,,,,,2.0,0.0,Completed,1.67,2.2,1.66,2.35,1.7,2.35,1.63,2.26,9304,611
9308,672,656,656,2024-03-04,2024-03-09,5,machac|t / mannarino|a,Indian Wells Masters,BNP Paribas Open,R64,R64,0.20869565217391306,1.0,1.0,0.7619047619047619,55.28778467908903,19,Indian Wells,BNP Paribas Open,2024-03-09,Masters 1000,Outdoor,Hard,2nd Round,3,Mannarino A.,Machac T.,21,63.0,1950,868.0,6.0,1.0,6.0,2.0,,,,,,,2.0,0.0,Completed,2.63,1.5,2.66,1.53,2.75,1.54,2.61,1.49,9308,612
9309,673,660,660,2024-03-04,2024-03-09,5,dimitrov|g / muller|a,Indian Wells Masters,BNP Paribas Open,R64,R64,0.20869565217391306,1.0,1.0,0.7619047619047619,55.28778467908903,19,Indian Wells,BNP Paribas Open,2024-03-09,Masters 1000,Outdoor,Hard,2nd Round,3,Dimitrov G.,Muller A.,13,88.0,2880,689.0,7.0,5.0,6.0,2.0,,,,,,,2.0,0.0,Completed,1.14,5.5,1.16,5.75,1.18,5.75,1.16,5.21,9309,613
9310,674,661,661,2024-03-04,2024-03-09,5,fritz|t / tabilo|a,Indian Wells Masters,BNP Paribas Open,R64,R64,0.20869565217391306,1.0,1.0,0.7619047619047619,55.28778467908903,19,Indian Wells,BNP Paribas Open,2024-03-09,Masters 1000,Outdoor,Hard,2nd Round,3,Fritz T.,Tabilo A.,12,39.0,3015,1116.0,7.0,6.0,6.0,2.0,,,,,,,2.0,0.0,Completed,1.17,5.0,1.2,5.04,1.2,5.3,1.18,4.94,9310,614
9311,675,662,662,2024-03-04,2024-03-09,5,baez|s / fognini|f,Indian Wells Masters,BNP Paribas Open,R64,R64,0.20869565217391306,1.0,1.0,0.7619047619047619,55.28778467908903,19,Indian Wells,BNP Paribas Open,2024-03-09,Masters 1000,Outdoor,Hard,2nd Round,3,Baez S.,Fognini F.,19,108.0,1985,568.0,7.0,5.0,6.0,3.0,,,,,,,2.0,0.0,Completed,1.33,3.4,1.38,3.26,1.4,3.5,1.34,3.26,9311,615
9312,676,663,663,2024-03-04,2024-03-09,5,musetti|l / shapovalov|d,Indian Wells Masters,BNP Paribas Open,R64,R64,0.20869565217391306,1.0,1.0,0.7619047619047619,55.28778467908903,19,Indian Wells,BNP Paribas Open,2024-03-09,Masters 1000,Outdoor,Hard,2nd Round,3,Musetti L.,Shapovalov D.,26,131.0,1480,485.0,6.0,4.0,2.0,6.0,7.0,5.0,,,,,2.0,1.0,Completed,2.5,1.53,2.64,1.53,2.64,1.56,2.55,1.51,9312,616
9313,677,654,654,2024-03-04,2024-03-09,5,raonic|m / rune|h,Indian Wells Masters,BNP Paribas Open,R64,R64,0.20869565217391306,1.0,1.0,0.7619047619047619,55.28778467908903,19,Indian Wells,BNP Paribas Open,2024-03-09,Masters 1000,Outdoor,Hard,2nd Round,3,Rune H.,Raonic M.,7,224.0,3720,275.0,,,,,,,,,,,,,Walkover,1.44,2.75,1.42,3.06,1.5,3.06,1.43,2.84,9313,617
9315,679,648,648,2024-03-04,2024-03-09,5,lehecka|j / nakashima|b,Indian Wells Masters,BNP Paribas Open,R64,R64,0.20869565217391306,1.0,1.0,0.7619047619047619,55.28778467908903,19,Indian Wells,BNP Paribas Open,2024-03-09,Masters 1000,Outdoor,Hard,2nd Round,3,Lehecka J.,Nakashima B.,32,93.0,1260,645.0,3.0,6.0,6.0,3.0,6.0,4.0,,,,,2.0,1.0,Completed,1.8,2.0,1.87,2.03,1.9,2.03,1.83,1.98,9315,618
9316,680,653,653,2024-03-04,2024-03-09,5,lajovic|d / tiafoe|f,Indian Wells Masters,BNP Paribas Open,R64,R64,0.20869565217391306,1.0,1.0,0.7619047619047619,55.28778467908903,19,Indian Wells,BNP Paribas Open,2024-03-09,Masters 1000,Outdoor,Hard,2nd Round,3,Tiafoe F.,Lajovic D.,18,56.0,2115,927.0,6.0,3.0,6.0,3.0,,,,,,,2.0,0.0,Completed,1.5,2.63,1.54,2.64,1.54,2.75,1.5,2.6,9316,619
9318,682,646,646,2024-03-04,2024-03-09,5,mensik|j / shelton|b,Indian Wells Masters,BNP Paribas Open,R64,R64,0.20869565217391306,1.0,1.0,0.7619047619047619,55.28778467908903,19,Indian Wells,BNP Paribas Open,2024-03-09,Masters 1000,Outdoor,Hard,2nd Round,3,Shelton B.,Mensik J.,16,81.0,2145,751.0,4.0,6.0,6.0,3.0,6.0,4.0,,,,,2.0,1.0,Completed,1.5,2.63,1.5,2.77,1.5,2.77,1.48,2.66,9318,620
9320,684,651,651,2024-03-04,2024-03-09,5,coric|b / struff|j,Indian Wells Masters,BNP Paribas Open,R64,R64,0.20869565217391306,1.0,1.0,0.7619047619047619,55.28778467908903,19,Indian Wells,BNP Paribas Open,2024-03-09,Masters 1000,Outdoor,Hard,2nd Round,3,Struff J.L.,Coric B.,25,35.0,1531,1194.0,6.0,7.0,6.0,2.0,7.0,6.0,,,,,2.0,1.0,Completed,2.3,1.62,2.28,1.69,2.33,1.69,2.27,1.64,9320,621
9323,687,647,647,2024-03-04,2024-03-09,5,griekspoor|t / hanfmann|y,Indian Wells Masters,BNP Paribas Open,R64,R64,0.20869565217391306,1.0,1.0,0.7619047619047619,55.28778467908903,19,Indian Wells,BNP Paribas Open,2024-03-09,Masters 1000,Outdoor,Hard,2nd Round,3,Griekspoor T.,Hanfmann Y.,27,57.0,1445,920.0,6.0,3.0,6.0,3.0,,,,,,,2.0,0.0,Completed,1.4,3.0,1.45,2.96,1.45,3.15,1.4,2.94,9323,622
9324,688,650,650,2024-03-04,2024-03-09,5,bublik|a / shang|j,Indian Wells Masters,BNP Paribas Open,R64,R64,0.20869565217391306,1.0,1.0,0.7619047619047619,55.28778467908903,19,Indian Wells,BNP Paribas Open,2024-03-09,Masters 1000,Outdoor,Hard,2nd Round,3,Bublik A.,Shang J.,20,139.0,1984,465.0,6.0,4.0,6.0,1.0,,,,,,,2.0,0.0,Completed,1.62,2.3,1.68,2.31,1.68,2.31,1.65,2.24,9324,623
9326,690,652,652,2024-03-04,2024-03-09,5,khachanov|k / seyboth wild|t <> khachanov|k / wild|t,Indian Wells Masters,BNP Paribas Open,R64,R64,0.20869565217391306,1.0,1.0,0.7619047619047619,55.28778467908903,19,Indian Wells,BNP Paribas Open,2024-03-09,Masters 1000,Outdoor,Hard,2nd Round,3,Seyboth Wild T.,Khachanov K.,65,15.0,820,2300.0,6.0,1.0,7.0,5.0,,,,,,,2.0,0.0,Completed,3.75,1.29,3.97,1.29,3.98,1.32,3.67,1.29,9326,624
9329,693,649,649,2024-03-04,2024-03-09,5,alcaraz|c / arnaldi|m,Indian Wells Masters,BNP Paribas Open,R64,R64,0.20869565217391306,1.0,1.0,0.7619047619047619,55.28778467908903,19,Indian Wells,BNP Paribas Open,2024-03-09,Masters 1000,Outdoor,Hard,2nd Round,3,Alcaraz C.,Arnaldi M.,2,40.0,8805,1091.0,6.0,7.0,6.0,0.0,6.0,1.0,,,,,2.0,1.0,Completed,1.1,7.0,1.14,6.75,1.14,7.03,1.11,6.53,9329,625
9290,654,675,675,2024-03-04,2024-03-10,6,lehecka|j / rublev|a,Indian Wells Masters,BNP Paribas Open,R32,R32,0.20869565217391306,1.0,1.0,0.7142857142857143,55.04968944099379,19,Indian Wells,BNP Paribas Open,2024-03-10,Masters 1000,Outdoor,Hard,3rd Round,3,Lehecka J.,Rublev A.,32,5.0,1260,5010.0,6.0,4.0,6.0,4.0,,,,,,,2.0,0.0,Completed,4.0,1.25,4.21,1.27,4.21,1.29,3.82,1.27,9290,626
9291,655,671,671,2024-03-04,2024-03-10,6,tiafoe|f / tsitsipas|s,Indian Wells Masters,BNP Paribas Open,R32,R32,0.20869565217391306,1.0,1.0,0.7142857142857143,55.04968944099379,19,Indian Wells,BNP Paribas Open,2024-03-10,Masters 1000,Outdoor,Hard,3rd Round,3,Tsitsipas S.,Tiafoe F.,11,18.0,3170,2115.0,6.0,3.0,6.0,3.0,,,,,,,2.0,0.0,Completed,1.4,3.0,1.43,3.1,1.44,3.3,1.4,2.97,9291,627
9293,657,674,674,2024-03-04,2024-03-10,6,sinner|j / struff|j,Indian Wells Masters,BNP Paribas Open,R32,R32,0.20869565217391306,1.0,1.0,0.7142857142857143,55.04968944099379,19,Indian Wells,BNP Paribas Open,2024-03-10,Masters 1000,Outdoor,Hard,3rd Round,3,Sinner J.,Struff J.L.,3,25.0,8270,1531.0,6.0,3.0,6.0,4.0,,,,,,,2.0,0.0,Completed,1.06,10.0,1.07,12.24,1.07,12.29,1.05,10.07,9293,628
9295,659,672,672,2024-03-04,2024-03-10,6,bublik|a / de minaur|a,Indian Wells Masters,BNP Paribas Open,R32,R32,0.20869565217391306,1.0,1.0,0.7142857142857143,55.04968944099379,19,Indian Wells,BNP Paribas Open,2024-03-10,Masters 1000,Outdoor,Hard,3rd Round,3,De Minaur A.,Bublik A.,10,20.0,3210,1984.0,7.0,5.0,6.0,0.0,,,,,,,2.0,0.0,Completed,1.25,4.0,1.25,4.46,1.29,4.46,1.25,3.94,9295,629
9296,660,670,670,2024-03-04,2024-03-10,6,marozsan|f / seyboth wild|t <> marozsan|f / wild|t,Indian Wells Masters,BNP Paribas Open,R32,R32,0.20869565217391306,1.0,1.0,0.7142857142857143,55.04968944099379,19,Indian Wells,BNP Paribas Open,2024-03-10,Masters 1000,Outdoor,Hard,3rd Round,3,Marozsan F.,Seyboth Wild T.,58,65.0,914,820.0,6.0,2.0,6.0,2.0,,,,,,,2.0,0.0,Completed,2.2,1.67,2.25,1.72,2.25,1.77,2.16,1.69,9296,630
9297,661,673,673,2024-03-04,2024-03-10,6,alcaraz|c / aliassime|f <> alcaraz|c / auger aliassime|f,Indian Wells Masters,BNP Paribas Open,R32,R32,0.20869565217391306,1.0,1.0,0.7142857142857143,55.04968944099379,19,Indian Wells,BNP Paribas Open,2024-03-10,Masters 1000,Outdoor,Hard,3rd Round,3,Alcaraz C.,Auger-Aliassime F.,2,31.0,8805,1295.0,6.0,2.0,6.0,3.0,,,,,,,2.0,0.0,Completed,1.2,4.5,1.22,4.96,1.22,5.0,1.2,4.6,9297,631
9300,664,667,667,2024-03-04,2024-03-10,6,michelsen|a / paul|t,Indian Wells Masters,BNP Paribas Open,R64,R64,0.20869565217391306,1.0,1.0,0.7142857142857143,55.04968944099379,19,Indian Wells,BNP Paribas Open,2024-03-10,Masters 1000,Outdoor,Hard,2nd Round,3,Paul T.,Michelsen A.,17,80.0,2120,754.0,6.0,2.0,6.0,2.0,,,,,,,2.0,0.0,Completed,1.44,2.75,1.49,2.81,1.5,2.81,1.46,2.73,9300,632
9302,666,666,666,2024-03-04,2024-03-10,6,klein|l / ruud|c,Indian Wells Masters,BNP Paribas Open,R64,R64,0.20869565217391306,1.0,1.0,0.7142857142857143,55.04968944099379,19,Indian Wells,BNP Paribas Open,2024-03-10,Masters 1000,Outdoor,Hard,2nd Round,3,Ruud C.,Klein L.,9,141.0,3405,459.0,6.0,4.0,7.0,6.0,,,,,,,2.0,0.0,Completed,1.2,4.5,1.23,4.54,1.25,4.54,1.22,4.28,9302,633
9305,669,668,668,2024-03-04,2024-03-10,6,hurkacz|h / monfils|g,Indian Wells Masters,BNP Paribas Open,R64,R64,0.20869565217391306,1.0,1.0,0.7142857142857143,55.04968944099379,19,Indian Wells,BNP Paribas Open,2024-03-10,Masters 1000,Outdoor,Hard,2nd Round,3,Monfils G.,Hurkacz H.,54,8.0,937,3405.0,6.0,0.0,6.0,7.0,6.0,2.0,,,,,2.0,1.0,Completed,2.63,1.5,2.68,1.52,2.68,1.57,2.55,1.51,9305,634
9306,670,669,669,2024-03-04,2024-03-10,6,baena|r / medvedev|d <> carballes baena|r / medvedev|d,Indian Wells Masters,BNP Paribas Open,R64,R64,0.20869565217391306,1.0,1.0,0.7142857142857143,55.04968944099379,19,Indian Wells,BNP Paribas Open,2024-03-10,Masters 1000,Outdoor,Hard,2nd Round,3,Medvedev D.,Carballes Baena R.,4,64.0,7715,831.0,6.0,2.0,6.0,3.0,,,,,,,2.0,0.0,Completed,1.03,15.0,1.03,15.84,1.04,18.0,1.03,12.54,9306,635
9307,671,665,665,2024-03-04,2024-03-10,6,korda|s / safiullin|r,Indian Wells Masters,BNP Paribas Open,R64,R64,0.20869565217391306,1.0,1.0,0.7142857142857143,55.04968944099379,19,Indian Wells,BNP Paribas Open,2024-03-10,Masters 1000,Outdoor,Hard,2nd Round,3,Korda S.,Safiullin R.,29,42.0,1345,1080.0,6.0,4.0,6.0,2.0,,,,,,,2.0,0.0,Completed,1.57,2.38,1.67,2.33,1.78,2.45,1.62,2.3,9307,636
9283,647,680,680,2024-03-04,2024-03-11,7,humbert|u / paul|t,Indian Wells Masters,BNP Paribas Open,R32,R32,0.20869565217391306,1.0,1.0,0.6666666666666667,54.811594202898554,19,Indian Wells,BNP Paribas Open,2024-03-11,Masters 1000,Outdoor,Hard,3rd Round,3,Paul T.,Humbert U.,17,14.0,2120,2415.0,6.0,4.0,6.0,4.0,,,,,,,2.0,0.0,Completed,1.91,1.91,1.95,1.95,2.02,1.95,1.91,1.9,9283,637
9284,648,681,681,2024-03-04,2024-03-11,7,fils|a / ruud|c,Indian Wells Masters,BNP Paribas Open,R32,R32,0.20869565217391306,1.0,1.0,0.6666666666666667,54.811594202898554,19,Indian Wells,BNP Paribas Open,2024-03-11,Masters 1000,Outdoor,Hard,3rd Round,3,Ruud C.,Fils A.,9,43.0,3405,1078.0,6.0,2.0,6.0,4.0,,,,,,,2.0,0.0,Completed,1.4,3.0,1.44,3.01,1.45,3.05,1.42,2.88,9284,638
9285,649,679,679,2024-03-04,2024-03-11,7,monfils|g / norrie|c,Indian Wells Masters,BNP Paribas Open,R32,R32,0.20869565217391306,1.0,1.0,0.6666666666666667,54.811594202898554,19,Indian Wells,BNP Paribas Open,2024-03-11,Masters 1000,Outdoor,Hard,3rd Round,3,Monfils G.,Norrie C.,54,28.0,937,1380.0,6.0,7.0,7.0,6.0,6.0,3.0,,,,,2.0,1.0,Completed,1.8,2.0,1.85,2.05,1.85,2.1,1.78,2.04,9285,639
9287,651,683,683,2024-03-04,2024-03-11,7,dimitrov|g / mannarino|a,Indian Wells Masters,BNP Paribas Open,R32,R32,0.20869565217391306,1.0,1.0,0.6666666666666667,54.811594202898554,19,Indian Wells,BNP Paribas Open,2024-03-11,Masters 1000,Outdoor,Hard,3rd Round,3,Dimitrov G.,Mannarino A.,13,21.0,2880,1950.0,6.0,3.0,6.0,3.0,,,,,,,2.0,0.0,Completed,1.22,4.33,1.26,4.38,1.27,4.38,1.24,4.09,9287,640
9288,652,682,682,2024-03-04,2024-03-11,7,baez|s / fritz|t,Indian Wells Masters,BNP Paribas Open,R32,R32,0.20869565217391306,1.0,1.0,0.6666666666666667,54.811594202898554,19,Indian Wells,BNP Paribas Open,2024-03-11,Masters 1000,Outdoor,Hard,3rd Round,3,Fritz T.,Baez S.,12,19.0,3015,1985.0,6.0,2.0,6.0,2.0,,,,,,,2.0,0.0,Completed,1.17,5.0,1.17,5.87,1.18,5.87,1.17,5.13,9288,641
9289,653,678,678,2024-03-04,2024-03-11,7,musetti|l / rune|h,Indian Wells Masters,BNP Paribas Open,R32,R32,0.20869565217391306,1.0,1.0,0.6666666666666667,54.811594202898554,19,Indian Wells,BNP Paribas Open,2024-03-11,Masters 1000,Outdoor,Hard,3rd Round,3,Rune H.,Musetti L.,7,26.0,3720,1480.0,6.0,2.0,7.0,6.0,,,,,,,2.0,0.0,Completed,1.33,3.4,1.36,3.46,1.36,3.5,1.34,3.27,9289,642
9292,656,677,677,2024-03-04,2024-03-11,7,cerundolo|f / shelton|b,Indian Wells Masters,BNP Paribas Open,R32,R32,0.20869565217391306,1.0,1.0,0.6666666666666667,54.811594202898554,19,Indian Wells,BNP Paribas Open,2024-03-11,Masters 1000,Outdoor,Hard,3rd Round,3,Shelton B.,Cerundolo F.,16,22.0,2145,1840.0,7.0,6.0,3.0,6.0,7.0,6.0,,,,,2.0,1.0,Completed,1.25,4.0,1.31,3.8,1.31,4.08,1.28,3.72,9292,643
9294,658,676,676,2024-03-04,2024-03-11,7,griekspoor|t / zverev|a,Indian Wells Masters,BNP Paribas Open,R32,R32,0.20869565217391306,1.0,1.0,0.6666666666666667,54.811594202898554,19,Indian Wells,BNP Paribas Open,2024-03-11,Masters 1000,Outdoor,Hard,3rd Round,3,Zverev A.,Griekspoor T.,6,27.0,4950,1445.0,7.0,6.0,6.0,3.0,,,,,,,2.0,0.0,Completed,1.29,3.75,1.32,3.77,1.32,3.77,1.3,3.54,9294,644
9278,642,686,686,2024-03-04,2024-03-12,8,lehecka|j / tsitsipas|s,Indian Wells Masters,BNP Paribas Open,R16,R16,0.20869565217391306,1.0,1.0,0.6190476190476191,54.57349896480331,19,Indian Wells,BNP Paribas Open,2024-03-12,Masters 1000,Outdoor,Hard,4th Round,3,Lehecka J.,Tsitsipas S.,32,11.0,1260,3170.0,6.0,2.0,6.0,4.0,,,,,,,2.0,0.0,Completed,2.75,1.44,2.67,1.54,2.88,1.55,2.68,1.47,9278,645
9280,644,688,688,2024-03-04,2024-03-12,8,de minaur|a / zverev|a,Indian Wells Masters,BNP Paribas Open,R16,R16,0.20869565217391306,1.0,1.0,0.6190476190476191,54.57349896480331,19,Indian Wells,BNP Paribas Open,2024-03-12,Masters 1000,Outdoor,Hard,4th Round,3,Zverev A.,De Minaur A.,6,10.0,4950,3210.0,5.0,7.0,6.0,2.0,6.0,3.0,,,,,2.0,1.0,Completed,2.0,1.8,2.02,1.89,2.14,1.89,1.97,1.83,9280,646
9281,645,687,687,2024-03-04,2024-03-12,8,alcaraz|c / marozsan|f,Indian Wells Masters,BNP Paribas Open,R16,R16,0.20869565217391306,1.0,1.0,0.6190476190476191,54.57349896480331,19,Indian Wells,BNP Paribas Open,2024-03-12,Masters 1000,Outdoor,Hard,4th Round,3,Alcaraz C.,Marozsan F.,2,58.0,8805,914.0,6.0,3.0,6.0,3.0,,,,,,,2.0,0.0,Completed,1.08,8.0,1.11,8.25,1.11,8.26,1.09,7.31,9281,647
9282,646,684,684,2024-03-04,2024-03-12,8,djokovic|n / nardi|l,Indian Wells Masters,BNP Paribas Open,R32,R32,0.20869565217391306,1.0,1.0,0.6190476190476191,54.57349896480331,19,Indian Wells,BNP Paribas Open,2024-03-12,Masters 1000,Outdoor,Hard,3rd Round,3,Nardi L.,Djokovic N.,123,1.0,513,9675.0,6.0,4.0,3.0,6.0,6.0,3.0,,,,,2.0,1.0,Completed,17.0,1.03,25.37,1.02,25.37,1.04,14.6,1.02,9282,648
9286,650,685,685,2024-03-04,2024-03-12,8,korda|s / medvedev|d,Indian Wells Masters,BNP Paribas Open,R32,R32,0.20869565217391306,1.0,1.0,0.6190476190476191,54.57349896480331,19,Indian Wells,BNP Paribas Open,2024-03-12,Masters 1000,Outdoor,Hard,3rd Round,3,Medvedev D.,Korda S.,4,29.0,7715,1345.0,6.0,4.0,5.0,7.0,6.0,3.0,,,,,2.0,1.0,Completed,1.33,3.4,1.42,3.07,1.42,3.4,1.38,3.06,9286,649
9274,638,691,691,2024-03-04,2024-03-13,9,nardi|l / paul|t,Indian Wells Masters,BNP Paribas Open,R16,R16,0.20869565217391306,1.0,1.0,0.5714285714285714,54.33540372670807,19,Indian Wells,BNP Paribas Open,2024-03-13,Masters 1000,Outdoor,Hard,4th Round,3,Paul T.,Nardi L.,17,123.0,2120,513.0,6.0,4.0,6.0,3.0,,,,,,,2.0,0.0,Completed,1.13,6.0,1.2,5.24,1.21,6.06,1.17,5.19,9274,650
9275,639,690,690,2024-03-04,2024-03-13,9,monfils|g / ruud|c,Indian Wells Masters,BNP Paribas Open,R16,R16,0.20869565217391306,1.0,1.0,0.5714285714285714,54.33540372670807,19,Indian Wells,BNP Paribas Open,2024-03-13,Masters 1000,Outdoor,Hard,4th Round,3,Ruud C.,Monfils G.,9,54.0,3405,937.0,3.0,6.0,7.0,6.0,6.0,4.0,,,,,2.0,1.0,Completed,1.4,3.0,1.4,3.22,1.44,3.22,1.39,2.99,9275,651
9276,640,692,692,2024-03-04,2024-03-13,9,dimitrov|g / medvedev|d,Indian Wells Masters,BNP Paribas Open,R16,R16,0.20869565217391306,1.0,1.0,0.5714285714285714,54.33540372670807,19,Indian Wells,BNP Paribas Open,2024-03-13,Masters 1000,Outdoor,Hard,4th Round,3,Medvedev D.,Dimitrov G.,4,13.0,7715,2880.0,6.0,4.0,6.0,4.0,,,,,,,2.0,0.0,Completed,1.57,2.38,1.61,2.48,1.61,2.56,1.57,2.41,9276,652
9279,643,689,689,2024-03-04,2024-03-13,9,shelton|b / sinner|j,Indian Wells Masters,BNP Paribas Open,R16,R16,0.20869565217391306,1.0,1.0,0.5714285714285714,54.33540372670807,19,Indian Wells,BNP Paribas Open,2024-03-13,Masters 1000,Outdoor,Hard,4th Round,3,Sinner J.,Shelton B.,3,16.0,8270,2145.0,7.0,6.0,6.0,1.0,,,,,,,2.0,0.0,Completed,1.14,5.5,1.16,6.18,1.17,6.26,1.14,5.6,9279,653
9270,634,695,695,2024-03-04,2024-03-14,10,paul|t / ruud|c,Indian Wells Masters,BNP Paribas Open,QF,QF,0.20869565217391306,1.0,1.0,0.5238095238095238,54.09730848861284,19,Indian Wells,BNP Paribas Open,2024-03-14,Masters 1000,Outdoor,Hard,Quarterfinals,3,Paul T.,Ruud C.,17,9.0,2120,3405.0,6.0,2.0,1.0,6.0,6.0,3.0,,,,,2.0,1.0,Completed,2.0,1.8,1.95,1.95,2.14,1.95,1.97,1.84,9270,654
9272,636,694,694,2024-03-04,2024-03-14,10,lehecka|j / sinner|j,Indian Wells Masters,BNP Paribas Open,QF,QF,0.20869565217391306,1.0,1.0,0.5238095238095238,54.09730848861284,19,Indian Wells,BNP Paribas Open,2024-03-14,Masters 1000,Outdoor,Hard,Quarterfinals,3,Sinner J.,Lehecka J.,3,32.0,8270,1260.0,6.0,3.0,6.0,3.0,,,,,,,2.0,0.0,Completed,1.13,6.0,1.16,5.8,1.16,6.5,1.13,5.89,9272,655
9273,637,696,696,2024-03-04,2024-03-14,10,alcaraz|c / zverev|a,Indian Wells Masters,BNP Paribas Open,QF,QF,0.20869565217391306,1.0,1.0,0.5238095238095238,54.09730848861284,19,Indian Wells,BNP Paribas Open,2024-03-14,Masters 1000,Outdoor,Hard,Quarterfinals,3,Alcaraz C.,Zverev A.,2,6.0,8805,4950.0,6.0,3.0,6.0,1.0,,,,,,,2.0,0.0,Completed,1.36,3.2,1.4,3.18,1.4,3.2,1.37,3.1,9273,656
9277,641,693,693,2024-03-04,2024-03-14,10,fritz|t / rune|h,Indian Wells Masters,BNP Paribas Open,R16,R16,0.20869565217391306,1.0,1.0,0.5238095238095238,54.09730848861284,19,Indian Wells,BNP Paribas Open,2024-03-14,Masters 1000,Outdoor,Hard,4th Round,3,Rune H.,Fritz T.,7,12.0,3720,3015.0,2.0,6.0,7.0,6.0,6.0,3.0,,,,,2.0,1.0,Completed,2.5,1.53,2.51,1.6,2.62,1.6,2.48,1.54,9277,657
9271,635,697,697,2024-03-04,2024-03-15,11,medvedev|d / rune|h,Indian Wells Masters,BNP Paribas Open,QF,QF,0.20869565217391306,1.0,1.0,0.47619047619047616,53.8592132505176,19,Indian Wells,BNP Paribas Open,2024-03-15,Masters 1000,Outdoor,Hard,Quarterfinals,3,Medvedev D.,Rune H.,4,7.0,7715,3720.0,7.0,5.0,6.0,4.0,,,,,,,2.0,0.0,Completed,1.44,2.75,1.45,3.0,1.48,3.12,1.42,2.86,9271,658
9269,633,698,698,2024-03-04,2024-03-16,12,alcaraz|c / sinner|j,Indian Wells Masters,BNP Paribas Open,SF,SF,0.20869565217391306,1.0,1.0,0.4285714285714286,53.621118012422365,19,Indian Wells,BNP Paribas Open,2024-03-16,Masters 1000,Outdoor,Hard,Semifinals,3,Alcaraz C.,Sinner J.,2,3.0,8805,8270.0,1.0,6.0,6.0,3.0,6.0,2.0,,,,,2.0,1.0,Completed,2.1,1.73,2.13,1.8,2.13,1.8,2.06,1.76,9269,659
9267,631,700,700,2024-03-04,2024-03-17,13,alcaraz|c / medvedev|d,Indian Wells Masters,BNP Paribas Open,F,F,0.20869565217391306,1.0,1.0,0.38095238095238093,53.383022774327124,19,Indian Wells,BNP Paribas Open,2024-03-17,Masters 1000,Outdoor,Hard,The Final,3,Alcaraz C.,Medvedev D.,2,4.0,8805,7715.0,7.0,6.0,6.0,1.0,,,,,,,2.0,0.0,Completed,1.36,3.2,1.38,3.31,1.4,3.31,1.36,3.14,9267,660
9268,632,699,699,2024-03-04,2024-03-17,13,medvedev|d / paul|t,Indian Wells Masters,BNP Paribas Open,SF,SF,0.20869565217391306,1.0,1.0,0.38095238095238093,53.383022774327124,19,Indian Wells,BNP Paribas Open,2024-03-17,Masters 1000,Outdoor,Hard,Semifinals,3,Medvedev D.,Paul T.,4,17.0,7715,2120.0,1.0,6.0,7.0,6.0,6.0,2.0,,,,,2.0,1.0,Completed,1.33,3.4,1.38,3.33,1.4,3.61,1.35,3.23,9268,661
9441,805,701,701,2024-03-18,2024-03-20,2,kotov|p / van assche|l,Miami Masters,Miami Open,R128,R128,1.0,1.0,1.0,0.9047619047619048,99.52380952380952,20,Miami,Miami Open,2024-03-20,Masters 1000,Outdoor,Hard,1st Round,3,Van Assche L.,Kotov P.,80,67.0,736,823.0,6.0,3.0,7.0,5.0,,,,,,,2.0,0.0,Completed,1.73,2.1,1.67,2.31,1.75,2.36,1.66,2.21,9441,662
9442,806,712,712,2024-03-18,2024-03-20,2,kecmanovic|m / shang|j,Miami Masters,Miami Open,R128,R128,1.0,1.0,1.0,0.9047619047619048,99.52380952380952,20,Miami,Miami Open,2024-03-20,Masters 1000,Outdoor,Hard,1st Round,3,Shang J.,Kecmanovic M.,124,46.0,507,1030.0,7.0,6.0,4.0,6.0,7.0,6.0,,,,,2.0,1.0,Completed,2.2,1.67,2.27,1.7,2.3,1.71,2.2,1.66,9442,663
9443,807,704,704,2024-03-18,2024-03-20,2,daniel|t / draper|j,Miami Masters,Miami Open,R128,R128,1.0,1.0,1.0,0.9047619047619048,99.52380952380952,20,Miami,Miami Open,2024-03-20,Masters 1000,Outdoor,Hard,1st Round,3,Draper J.,Daniel T.,42,78.0,1071,742.0,6.0,3.0,6.0,2.0,,,,,,,2.0,0.0,Completed,1.17,5.0,1.19,5.36,1.2,5.5,1.18,4.85,9443,664
9444,808,711,711,2024-03-18,2024-03-20,2,borges|n / seyboth wild|t <> borges|n / wild|t,Miami Masters,Miami Open,R128,R128,1.0,1.0,1.0,0.9047619047619048,99.52380952380952,20,Miami,Miami Open,2024-03-20,Masters 1000,Outdoor,Hard,1st Round,3,Seyboth Wild T.,Borges N.,76,61.0,768,887.0,6.0,4.0,7.0,5.0,,,,,,,2.0,0.0,Completed,1.91,1.91,2.0,1.89,2.0,1.91,1.93,1.86,9444,665
9445,809,702,702,2024-03-18,2024-03-20,2,hijikata|r / van de zandschulp|b,Miami Masters,Miami Open,R128,R128,1.0,1.0,1.0,0.9047619047619048,99.52380952380952,20,Miami,Miami Open,2024-03-20,Masters 1000,Outdoor,Hard,1st Round,3,Van De Zandschulp B.,Hijikata R.,77,81.0,750,724.0,7.0,5.0,7.0,6.0,,,,,,,2.0,0.0,Completed,1.67,2.2,1.65,2.37,1.68,2.41,1.62,2.27,9445,666
9447,811,706,706,2024-03-18,2024-03-20,2,cobolli|f / nishioka|y,Miami Masters,Miami Open,R128,R128,1.0,1.0,1.0,0.9047619047619048,99.52380952380952,20,Miami,Miami Open,2024-03-20,Masters 1000,Outdoor,Hard,1st Round,3,Cobolli F.,Nishioka Y.,63,71.0,865,778.0,1.0,6.0,6.0,1.0,6.0,4.0,,,,,2.0,1.0,Completed,2.1,1.73,2.36,1.65,2.36,1.73,2.21,1.65,9447,667
9448,812,708,708,2024-03-18,2024-03-20,2,fucsovics|m / purcell|m,Miami Masters,Miami Open,R128,R128,1.0,1.0,1.0,0.9047619047619048,99.52380952380952,20,Miami,Miami Open,2024-03-20,Masters 1000,Outdoor,Hard,1st Round,3,Fucsovics M.,Purcell M.,86,68.0,692,796.0,6.0,2.0,6.0,1.0,,,,,,,2.0,0.0,Completed,1.44,2.75,1.45,2.94,1.46,2.94,1.43,2.79,9448,668
9449,813,707,707,2024-03-18,2024-03-20,2,blanch|d / machac|t,Miami Masters,Miami Open,R128,R128,1.0,1.0,1.0,0.9047619047619048,99.52380952380952,20,Miami,Miami Open,2024-03-20,Masters 1000,Outdoor,Hard,1st Round,3,Machac T.,Blanch D.,60,652.0,891,50.0,6.0,4.0,6.0,2.0,,,,,,,2.0,0.0,Completed,1.01,23.0,1.02,25.36,1.02,26.09,1.01,16.38,9449,669
9450,814,710,710,2024-03-18,2024-03-20,2,berrettini|m / murray|a,Miami Masters,Miami Open,R128,R128,1.0,1.0,1.0,0.9047619047619048,99.52380952380952,20,Miami,Miami Open,2024-03-20,Masters 1000,Outdoor,Hard,1st Round,3,Murray A.,Berrettini M.,62,142.0,870,470.0,4.0,6.0,6.0,3.0,6.0,4.0,,,,,2.0,1.0,Completed,2.1,1.73,2.1,1.81,2.13,1.82,2.04,1.77,9450,670
9451,815,714,714,2024-03-18,2024-03-20,2,arnaldi|m / fils|a,Miami Masters,Miami Open,R128,R128,1.0,1.0,1.0,0.9047619047619048,99.52380952380952,20,Miami,Miami Open,2024-03-20,Masters 1000,Outdoor,Hard,1st Round,3,Arnaldi M.,Fils A.,38,37.0,1096,1128.0,6.0,3.0,6.0,4.0,,,,,,,2.0,0.0,Completed,2.1,1.73,2.11,1.8,2.15,1.8,2.07,1.75,9451,671
9452,816,703,703,2024-03-18,2024-03-20,2,darderi|l / shapovalov|d,Miami Masters,Miami Open,R128,R128,1.0,1.0,1.0,0.9047619047619048,99.52380952380952,20,Miami,Miami Open,2024-03-20,Masters 1000,Outdoor,Hard,1st Round,3,Shapovalov D.,Darderi L.,126,75.0,505,771.0,6.0,3.0,6.0,7.0,6.0,4.0,,,,,2.0,1.0,Completed,1.25,4.0,1.25,4.37,1.3,4.37,1.24,3.95,9452,672
9456,820,709,709,2024-03-18,2024-03-20,2,cachin|p / vavassori|a,Miami Masters,Miami Open,R128,R128,1.0,1.0,1.0,0.9047619047619048,99.52380952380952,20,Miami,Miami Open,2024-03-20,Masters 1000,Outdoor,Hard,1st Round,3,Vavassori A.,Cachin P.,148,79.0,450,739.0,6.0,2.0,6.0,2.0,,,,,,,2.0,0.0,Completed,1.5,2.63,1.5,2.75,1.55,2.75,1.5,2.55,9456,673
9425,789,727,727,2024-03-18,2024-03-21,3,baena|r / vukic|a <> carballes baena|r / vukic|a,Miami Masters,Miami Open,R128,R128,1.0,1.0,1.0,0.8571428571428572,99.28571428571429,20,Miami,Miami Open,2024-03-21,Masters 1000,Outdoor,Hard,1st Round,3,Carballes Baena R.,Vukic A.,64,65.0,851,834.0,7.0,6.0,6.0,3.0,,,,,,,2.0,0.0,Completed,3.5,1.3,3.5,1.35,3.5,1.36,3.28,1.33,9425,674
9426,790,731,731,2024-03-18,2024-03-21,3,lajovic|d / monfils|g,Miami Masters,Miami Open,R128,R128,1.0,1.0,1.0,0.8571428571428572,99.28571428571429,20,Miami,Miami Open,2024-03-21,Masters 1000,Outdoor,Hard,1st Round,3,Monfils G.,Lajovic D.,47,52.0,1027,957.0,7.0,6.0,6.0,4.0,,,,,,,2.0,0.0,Completed,1.33,3.4,1.34,3.51,1.36,3.51,1.32,3.33,9426,675
9428,792,726,726,2024-03-18,2024-03-21,3,landaluce|m / munar|j,Miami Masters,Miami Open,R128,R128,1.0,1.0,1.0,0.8571428571428572,99.28571428571429,20,Miami,Miami Open,2024-03-21,Masters 1000,Outdoor,Hard,1st Round,3,Landaluce M.,Munar J.,360,72.0,137,776.0,6.0,3.0,1.0,6.0,7.0,5.0,,,,,2.0,1.0,Completed,2.63,1.5,2.84,1.48,2.84,1.53,2.64,1.47,9428,676
9429,793,721,721,2024-03-18,2024-03-21,3,nakashima|b / tabilo|a,Miami Masters,Miami Open,R128,R128,1.0,1.0,1.0,0.8571428571428572,99.28571428571429,20,Miami,Miami Open,2024-03-21,Masters 1000,Outdoor,Hard,1st Round,3,Tabilo A.,Nakashima B.,44,92.0,1040,650.0,6.0,4.0,3.0,6.0,6.0,3.0,,,,,2.0,1.0,Completed,2.38,1.57,2.48,1.6,2.5,1.6,2.4,1.56,9429,677
9430,794,725,725,2024-03-18,2024-03-21,3,hanfmann|y / ruusuvuori|e,Miami Masters,Miami Open,R128,R128,1.0,1.0,1.0,0.8571428571428572,99.28571428571429,20,Miami,Miami Open,2024-03-21,Masters 1000,Outdoor,Hard,1st Round,3,Hanfmann Y.,Ruusuvuori E.,56,48.0,940,1006.0,6.0,4.0,4.0,6.0,6.0,4.0,,,,,2.0,1.0,Completed,4.0,1.25,3.99,1.28,4.0,1.3,3.71,1.27,9430,678
9431,795,728,728,2024-03-18,2024-03-21,3,agut|r / nava|e <> bautista agut|r / nava|e,Miami Masters,Miami Open,R128,R128,1.0,1.0,1.0,0.8571428571428572,99.28571428571429,20,Miami,Miami Open,2024-03-21,Masters 1000,Outdoor,Hard,1st Round,3,Bautista Agut R.,Nava E.,100,132.0,614,488.0,6.0,3.0,7.0,6.0,,,,,,,2.0,0.0,Completed,1.73,2.1,1.75,2.18,1.75,2.23,1.7,2.14,9431,679
9432,796,730,730,2024-03-18,2024-03-21,3,galan|d / shevchenko|a,Miami Masters,Miami Open,R128,R128,1.0,1.0,1.0,0.8571428571428572,99.28571428571429,20,Miami,Miami Open,2024-03-21,Masters 1000,Outdoor,Hard,1st Round,3,Shevchenko A.,Galan D.E.,58,84.0,924,712.0,6.0,7.0,7.0,6.0,7.0,5.0,,,,,2.0,1.0,Completed,1.53,2.5,1.5,2.72,1.53,2.75,1.48,2.61,9432,680
9433,797,719,719,2024-03-18,2024-03-21,3,aliassime|f / walton|a <> auger aliassime|f / walton|a,Miami Masters,Miami Open,R128,R128,1.0,1.0,1.0,0.8571428571428572,99.28571428571429,20,Miami,Miami Open,2024-03-21,Masters 1000,Outdoor,Hard,1st Round,3,Auger-Aliassime F.,Walton A.,36,150.0,1165,445.0,7.0,5.0,6.0,4.0,,,,,,,2.0,0.0,Completed,1.22,4.33,1.25,4.32,1.25,4.34,1.23,4.05,9433,681
9434,798,722,722,2024-03-18,2024-03-21,3,evans|d / sonego|l,Miami Masters,Miami Open,R128,R128,1.0,1.0,1.0,0.8571428571428572,99.28571428571429,20,Miami,Miami Open,2024-03-21,Masters 1000,Outdoor,Hard,1st Round,3,Evans D.,Sonego L.,43,53.0,1066,955.0,1.0,6.0,6.0,3.0,6.0,4.0,,,,,2.0,1.0,Completed,2.2,1.67,2.34,1.66,2.34,1.73,2.24,1.64,9434,682
9435,799,720,720,2024-03-18,2024-03-21,3,nishikori|k / ofner|s,Miami Masters,Miami Open,R128,R128,1.0,1.0,1.0,0.8571428571428572,99.28571428571429,20,Miami,Miami Open,2024-03-21,Masters 1000,Outdoor,Hard,1st Round,3,Ofner S.,Nishikori K.,40,351.0,1076,143.0,6.0,3.0,6.0,4.0,,,,,,,2.0,0.0,Completed,1.8,2.0,1.87,2.03,1.87,2.1,1.8,2.0,9435,683
9436,800,718,718,2024-03-18,2024-03-21,3,djere|l / wong|c,Miami Masters,Miami Open,R128,R128,1.0,1.0,1.0,0.8571428571428572,99.28571428571429,20,Miami,Miami Open,2024-03-21,Masters 1000,Outdoor,Hard,1st Round,3,Djere L.,Wong C.,35,212.0,1180,285.0,7.0,5.0,7.0,6.0,,,,,,,2.0,0.0,Completed,1.5,2.63,1.62,2.43,1.62,2.74,1.54,2.46,9436,684
9437,801,723,723,2024-03-18,2024-03-21,3,kwon|s / muller|a,Miami Masters,Miami Open,R128,R128,1.0,1.0,1.0,0.8571428571428572,99.28571428571429,20,Miami,Miami Open,2024-03-21,Masters 1000,Outdoor,Hard,1st Round,3,Kwon S.W.,Muller A.,863,85.0,20,709.0,7.0,6.0,6.0,3.0,,,,,,,2.0,0.0,Completed,2.75,1.44,2.7,1.52,2.8,1.53,2.66,1.47,9437,685
9438,802,717,717,2024-03-18,2024-03-21,3,altmaier|d / mayot|h,Miami Masters,Miami Open,R128,R128,1.0,1.0,1.0,0.8571428571428572,99.28571428571429,20,Miami,Miami Open,2024-03-21,Masters 1000,Outdoor,Hard,1st Round,3,Altmaier D.,Mayot H.,54,141.0,951,472.0,6.0,2.0,7.0,5.0,,,,,,,2.0,0.0,Completed,1.73,2.1,1.81,2.1,1.82,2.12,1.76,2.04,9438,686
9439,803,729,729,2024-03-18,2024-03-21,3,acosta|f / popyrin|a <> diaz acosta|f / popyrin|a,Miami Masters,Miami Open,R128,R128,1.0,1.0,1.0,0.8571428571428572,99.28571428571429,20,Miami,Miami Open,2024-03-21,Masters 1000,Outdoor,Hard,1st Round,3,Popyrin A.,Diaz Acosta F.,45,55.0,1032,943.0,6.0,2.0,6.0,2.0,,,,,,,2.0,0.0,Completed,1.5,2.63,1.57,2.5,1.58,2.63,1.54,2.49,9439,687
9440,804,724,724,2024-03-18,2024-03-21,3,kovacevic|a / marozsan|f,Miami Masters,Miami Open,R128,R128,1.0,1.0,1.0,0.8571428571428572,99.28571428571429,20,Miami,Miami Open,2024-03-21,Masters 1000,Outdoor,Hard,1st Round,3,Marozsan F.,Kovacevic A.,57,98.0,929,616.0,6.0,3.0,6.0,2.0,,,,,,,2.0,0.0,Completed,1.67,2.2,1.67,2.33,1.68,2.33,1.64,2.23,9440,688
9446,810,716,716,2024-03-18,2024-03-21,3,giron|m / koepfer|d,Miami Masters,Miami Open,R128,R128,1.0,1.0,1.0,0.8571428571428572,99.28571428571429,20,Miami,Miami Open,2024-03-21,Masters 1000,Outdoor,Hard,1st Round,3,Koepfer D.,Giron M.,50,51.0,1002,1000.0,4.0,6.0,6.0,1.0,6.0,4.0,,,,,2.0,1.0,Completed,2.3,1.62,2.43,1.62,2.43,1.65,2.31,1.6,9446,689
9455,819,715,715,2024-03-18,2024-03-21,3,klein|l / michelsen|a,Miami Masters,Miami Open,R128,R128,1.0,1.0,1.0,0.8571428571428572,99.28571428571429,20,Miami,Miami Open,2024-03-21,Masters 1000,Outdoor,Hard,1st Round,3,Michelsen A.,Klein L.,73,128.0,776,502.0,7.0,6.0,6.0,2.0,,,,,,,2.0,0.0,Completed,1.73,2.1,1.76,2.17,1.77,2.21,1.72,2.1,9455,690
9413,777,733,733,2024-03-18,2024-03-22,4,humbert|u / van de zandschulp|b,Miami Masters,Miami Open,R64,R64,1.0,1.0,1.0,0.8095238095238095,99.04761904761905,20,Miami,Miami Open,2024-03-22,Masters 1000,Outdoor,Hard,2nd Round,3,Humbert U.,Van De Zandschulp B.,15,77.0,2420,750.0,6.0,4.0,6.0,3.0,,,,,,,2.0,0.0,Completed,1.25,4.0,1.24,4.5,1.29,4.5,1.23,4.11,9413,691
9417,781,734,734,2024-03-18,2024-03-22,4,machac|t / rublev|a,Miami Masters,Miami Open,R64,R64,1.0,1.0,1.0,0.8095238095238095,99.04761904761905,20,Miami,Miami Open,2024-03-22,Masters 1000,Outdoor,Hard,2nd Round,3,Machac T.,Rublev A.,60,6.0,891,4970.0,6.0,4.0,6.0,4.0,,,,,,,2.0,0.0,Completed,4.0,1.25,4.12,1.27,4.38,1.29,3.81,1.26,9417,692
9427,791,732,732,2024-03-18,2024-03-22,4,safiullin|r / schwartzman|d,Miami Masters,Miami Open,R128,R128,1.0,1.0,1.0,0.8095238095238095,99.04761904761905,20,Miami,Miami Open,2024-03-22,Masters 1000,Outdoor,Hard,1st Round,3,Safiullin R.,Schwartzman D.,39,122.0,1085,513.0,6.0,2.0,6.0,4.0,,,,,,,2.0,0.0,Completed,1.33,3.4,1.4,3.19,1.4,3.4,1.35,3.13,9427,693
9393,757,753,753,2024-03-18,2024-03-23,5,alcaraz|c / baena|r <> alcaraz|c / carballes baena|r,Miami Masters,Miami Open,R64,R64,1.0,1.0,1.0,0.7619047619047619,98.80952380952381,20,Miami,Miami Open,2024-03-23,Masters 1000,Outdoor,Hard,2nd Round,3,Alcaraz C.,Carballes Baena R.,2,64.0,8805,851.0,6.0,2.0,6.0,1.0,,,,,,,2.0,0.0,Completed,1.02,21.0,1.01,21.29,1.02,26.0,1.01,18.91,9393,694
9399,763,750,750,2024-03-18,2024-03-23,5,agut|r / korda|s <> bautista agut|r / korda|s,Miami Masters,Miami Open,R64,R64,1.0,1.0,1.0,0.7619047619047619,98.80952380952381,20,Miami,Miami Open,2024-03-23,Masters 1000,Outdoor,Hard,2nd Round,3,Korda S.,Bautista Agut R.,29,100.0,1395,614.0,6.0,7.0,6.0,3.0,6.0,4.0,,,,,2.0,1.0,Completed,1.3,3.5,1.3,3.87,1.33,4.0,1.29,3.53,9399,695
9400,764,749,749,2024-03-18,2024-03-23,5,hurkacz|h / shevchenko|a,Miami Masters,Miami Open,R64,R64,1.0,1.0,1.0,0.7619047619047619,98.80952380952381,20,Miami,Miami Open,2024-03-23,Masters 1000,Outdoor,Hard,2nd Round,3,Hurkacz H.,Shevchenko A.,9,58.0,3370,924.0,6.0,4.0,6.0,7.0,6.0,3.0,,,,,2.0,1.0,Completed,1.17,5.0,1.17,5.43,1.22,5.73,1.17,4.96,9400,696
9401,765,751,751,2024-03-18,2024-03-23,5,aliassime|f / zverev|a <> auger aliassime|f / zverev|a,Miami Masters,Miami Open,R64,R64,1.0,1.0,1.0,0.7619047619047619,98.80952380952381,20,Miami,Miami Open,2024-03-23,Masters 1000,Outdoor,Hard,2nd Round,3,Zverev A.,Auger-Aliassime F.,5,36.0,5060,1165.0,6.0,2.0,6.0,4.0,,,,,,,2.0,0.0,Completed,1.4,3.0,1.42,3.07,1.44,3.1,1.4,2.92,9401,697
9402,766,752,752,2024-03-18,2024-03-23,5,eubanks|c / evans|d,Miami Masters,Miami Open,R64,R64,1.0,1.0,1.0,0.7619047619047619,98.80952380952381,20,Miami,Miami Open,2024-03-23,Masters 1000,Outdoor,Hard,2nd Round,3,Eubanks C.,Evans D.,32,43.0,1233,1066.0,7.0,6.0,3.0,6.0,7.0,6.0,,,,,2.0,1.0,Completed,2.2,1.67,2.31,1.68,2.31,1.71,2.22,1.65,9402,698
9409,773,745,745,2024-03-18,2024-03-23,5,ruud|c / van assche|l,Miami Masters,Miami Open,R64,R64,1.0,1.0,1.0,0.7619047619047619,98.80952380952381,20,Miami,Miami Open,2024-03-23,Masters 1000,Outdoor,Hard,2nd Round,3,Ruud C.,Van Assche L.,8,80.0,3560,736.0,7.0,6.0,1.0,6.0,6.0,1.0,,,,,2.0,1.0,Completed,1.22,4.33,1.22,4.85,1.23,4.85,1.21,4.36,9409,699
9410,774,742,742,2024-03-18,2024-03-23,5,davidovich fokina|a / shang|j <> fokina|a / shang|j,Miami Masters,Miami Open,R64,R64,1.0,1.0,1.0,0.7619047619047619,98.80952380952381,20,Miami,Miami Open,2024-03-23,Masters 1000,Outdoor,Hard,2nd Round,3,Davidovich Fokina A.,Shang J.,28,124.0,1425,507.0,6.0,3.0,7.0,5.0,,,,,,,2.0,0.0,Completed,1.53,2.5,1.61,2.45,1.61,2.5,1.56,2.41,9410,700
9411,775,737,737,2024-03-18,2024-03-23,5,draper|j / jarry|n,Miami Masters,Miami Open,R64,R64,1.0,1.0,1.0,0.7619047619047619,98.80952380952381,20,Miami,Miami Open,2024-03-23,Masters 1000,Outdoor,Hard,2nd Round,3,Jarry N.,Draper J.,23,42.0,1575,1071.0,7.0,6.0,4.0,6.0,7.0,6.0,,,,,2.0,1.0,Completed,3.0,1.4,3.18,1.4,3.3,1.4,3.1,1.37,9411,701
9412,776,740,740,2024-03-18,2024-03-23,5,fritz|t / seyboth wild|t <> fritz|t / wild|t,Miami Masters,Miami Open,R64,R64,1.0,1.0,1.0,0.7619047619047619,98.80952380952381,20,Miami,Miami Open,2024-03-23,Masters 1000,Outdoor,Hard,2nd Round,3,Seyboth Wild T.,Fritz T.,76,13.0,768,2935.0,6.0,3.0,6.0,4.0,,,,,,,2.0,0.0,Completed,5.0,1.17,5.61,1.18,5.61,1.18,5.11,1.17,9412,702
9414,778,739,739,2024-03-18,2024-03-23,5,baez|s / koepfer|d,Miami Masters,Miami Open,R64,R64,1.0,1.0,1.0,0.7619047619047619,98.80952380952381,20,Miami,Miami Open,2024-03-23,Masters 1000,Outdoor,Hard,2nd Round,3,Koepfer D.,Baez S.,50,19.0,1002,1990.0,6.0,3.0,6.0,2.0,,,,,,,2.0,0.0,Completed,1.62,2.3,1.65,2.35,1.65,2.38,1.62,2.29,9414,703
9415,779,748,748,2024-03-18,2024-03-23,5,cobolli|f / norrie|c,Miami Masters,Miami Open,R64,R64,1.0,1.0,1.0,0.7619047619047619,98.80952380952381,20,Miami,Miami Open,2024-03-23,Masters 1000,Outdoor,Hard,2nd Round,3,Norrie C.,Cobolli F.,31,63.0,1250,865.0,7.0,5.0,6.0,7.0,6.0,2.0,,,,,2.0,1.0,Completed,1.29,3.75,1.32,3.82,1.32,4.0,1.29,3.57,9415,704
9416,780,747,747,2024-03-18,2024-03-23,5,fucsovics|m / medvedev|d,Miami Masters,Miami Open,R64,R64,1.0,1.0,1.0,0.7619047619047619,98.80952380952381,20,Miami,Miami Open,2024-03-23,Masters 1000,Outdoor,Hard,2nd Round,3,Medvedev D.,Fucsovics M.,4,86.0,7765,692.0,6.0,4.0,6.0,2.0,,,,,,,2.0,0.0,Completed,1.14,5.5,1.16,6.03,1.18,6.19,1.14,5.59,9416,705
9418,782,743,743,2024-03-18,2024-03-23,5,etcheverry|t / murray|a,Miami Masters,Miami Open,R64,R64,1.0,1.0,1.0,0.7619047619047619,98.80952380952381,20,Miami,Miami Open,2024-03-23,Masters 1000,Outdoor,Hard,2nd Round,3,Murray A.,Etcheverry T.,62,30.0,870,1325.0,7.0,6.0,6.0,3.0,,,,,,,2.0,0.0,Completed,1.57,2.38,1.59,2.49,1.59,2.57,1.55,2.42,9418,706
9419,783,746,746,2024-03-18,2024-03-23,5,arnaldi|m / bublik|a,Miami Masters,Miami Open,R64,R64,1.0,1.0,1.0,0.7619047619047619,98.80952380952381,20,Miami,Miami Open,2024-03-23,Masters 1000,Outdoor,Hard,2nd Round,3,Arnaldi M.,Bublik A.,38,18.0,1096,2002.0,6.0,4.0,6.0,1.0,,,,,,,2.0,0.0,Completed,2.1,1.73,2.06,1.83,2.13,1.83,2.06,1.76,9419,707
9420,784,741,741,2024-03-18,2024-03-23,5,shapovalov|d / tsitsipas|s,Miami Masters,Miami Open,R64,R64,1.0,1.0,1.0,0.7619047619047619,98.80952380952381,20,Miami,Miami Open,2024-03-23,Masters 1000,Outdoor,Hard,2nd Round,3,Shapovalov D.,Tsitsipas S.,126,11.0,505,3255.0,6.0,2.0,6.0,4.0,,,,,,,2.0,0.0,Completed,3.0,1.4,2.93,1.45,3.0,1.5,2.79,1.43,9420,708
9421,785,735,735,2024-03-18,2024-03-23,5,damm|m / paul|t,Miami Masters,Miami Open,R64,R64,1.0,1.0,1.0,0.7619047619047619,98.80952380952381,20,Miami,Miami Open,2024-03-23,Masters 1000,Outdoor,Hard,2nd Round,3,Damm M.,Paul T.,204,14.0,296,2430.0,4.0,6.0,2.0,1.0,,,,,,,0.0,1.0,Retired,7.0,1.1,8.79,1.1,8.79,1.11,7.29,1.09,9421,709
9423,787,738,738,2024-03-18,2024-03-23,5,griekspoor|t / michelsen|a,Miami Masters,Miami Open,R64,R64,1.0,1.0,1.0,0.7619047619047619,98.80952380952381,20,Miami,Miami Open,2024-03-23,Masters 1000,Outdoor,Hard,2nd Round,3,Griekspoor T.,Michelsen A.,26,73.0,1450,776.0,7.0,6.0,6.0,7.0,6.0,4.0,,,,,2.0,1.0,Completed,1.8,2.0,1.88,2.01,1.88,2.1,1.79,2.03,9423,710
9424,788,744,744,2024-03-18,2024-03-23,5,sinner|j / vavassori|a,Miami Masters,Miami Open,R64,R64,1.0,1.0,1.0,0.7619047619047619,98.80952380952381,20,Miami,Miami Open,2024-03-23,Masters 1000,Outdoor,Hard,2nd Round,3,Sinner J.,Vavassori A.,3,148.0,8310,450.0,6.0,3.0,6.0,4.0,,,,,,,2.0,0.0,Completed,1.04,13.0,1.03,21.25,1.04,22.06,1.03,13.78,9424,711
9385,749,770,770,2024-03-18,2024-03-24,6,davidovich fokina|a / ruud|c <> fokina|a / ruud|c,Miami Masters,Miami Open,R32,R32,1.0,1.0,1.0,0.7142857142857143,98.57142857142857,20,Miami,Miami Open,2024-03-24,Masters 1000,Outdoor,Hard,3rd Round,3,Ruud C.,Davidovich Fokina A.,8,28.0,3560,1425.0,6.0,3.0,6.0,4.0,,,,,,,2.0,0.0,Completed,1.5,2.63,1.56,2.61,1.56,2.8,1.5,2.56,9385,712
9386,750,769,769,2024-03-18,2024-03-24,6,jarry|n / seyboth wild|t <> jarry|n / wild|t,Miami Masters,Miami Open,R32,R32,1.0,1.0,1.0,0.7142857142857143,98.57142857142857,20,Miami,Miami Open,2024-03-24,Masters 1000,Outdoor,Hard,3rd Round,3,Jarry N.,Seyboth Wild T.,23,76.0,1575,768.0,6.0,7.0,7.0,5.0,6.0,3.0,,,,,2.0,1.0,Completed,1.91,1.91,1.89,2.02,1.91,2.02,1.87,1.92,9386,713
9389,753,766,766,2024-03-18,2024-03-24,6,machac|t / murray|a,Miami Masters,Miami Open,R32,R32,1.0,1.0,1.0,0.7142857142857143,98.57142857142857,20,Miami,Miami Open,2024-03-24,Masters 1000,Outdoor,Hard,3rd Round,3,Machac T.,Murray A.,60,62.0,891,870.0,5.0,7.0,7.0,5.0,7.0,6.0,,,,,2.0,1.0,Completed,1.53,2.5,1.6,2.51,1.62,2.51,1.56,2.39,9389,714
9390,754,767,767,2024-03-18,2024-03-24,6,arnaldi|m / shapovalov|d,Miami Masters,Miami Open,R32,R32,1.0,1.0,1.0,0.7142857142857143,98.57142857142857,20,Miami,Miami Open,2024-03-24,Masters 1000,Outdoor,Hard,3rd Round,3,Arnaldi M.,Shapovalov D.,38,126.0,1096,505.0,6.0,3.0,7.0,6.0,,,,,,,2.0,0.0,Completed,2.0,1.8,2.09,1.83,2.1,1.83,2.02,1.78,9390,715
9392,756,765,765,2024-03-18,2024-03-24,6,griekspoor|t / sinner|j,Miami Masters,Miami Open,R32,R32,1.0,1.0,1.0,0.7142857142857143,98.57142857142857,20,Miami,Miami Open,2024-03-24,Masters 1000,Outdoor,Hard,3rd Round,3,Sinner J.,Griekspoor T.,3,26.0,8310,1450.0,5.0,7.0,7.0,5.0,6.0,1.0,,,,,2.0,1.0,Completed,1.07,9.0,1.08,11.06,1.09,11.06,1.06,8.97,9392,716
9394,758,756,756,2024-03-18,2024-03-24,6,monfils|g / thompson|j,Miami Masters,Miami Open,R64,R64,1.0,1.0,1.0,0.7142857142857143,98.57142857142857,20,Miami,Miami Open,2024-03-24,Masters 1000,Outdoor,Hard,2nd Round,3,Monfils G.,Thompson J.,47,34.0,1027,1211.0,6.0,7.0,6.0,1.0,6.0,2.0,,,,,2.0,1.0,Completed,1.5,2.63,1.58,2.52,1.58,2.69,1.53,2.47,9394,717
9395,759,760,760,2024-03-18,2024-03-24,6,musetti|l / safiullin|r,Miami Masters,Miami Open,R64,R64,1.0,1.0,1.0,0.7142857142857143,98.57142857142857,20,Miami,Miami Open,2024-03-24,Masters 1000,Outdoor,Hard,2nd Round,3,Musetti L.,Safiullin R.,24,39.0,1520,1085.0,7.0,5.0,6.0,1.0,,,,,,,2.0,0.0,Completed,2.63,1.5,2.63,1.54,2.63,1.58,2.55,1.51,9395,718
9396,760,759,759,2024-03-18,2024-03-24,6,landaluce|m / shelton|b,Miami Masters,Miami Open,R64,R64,1.0,1.0,1.0,0.7142857142857143,98.57142857142857,20,Miami,Miami Open,2024-03-24,Masters 1000,Outdoor,Hard,2nd Round,3,Shelton B.,Landaluce M.,17,360.0,2220,137.0,6.0,3.0,6.0,4.0,,,,,,,2.0,0.0,Completed,1.11,6.5,1.14,6.79,1.14,6.79,1.12,6.13,9396,719
9397,761,762,762,2024-03-18,2024-03-24,6,dimitrov|g / tabilo|a,Miami Masters,Miami Open,R64,R64,1.0,1.0,1.0,0.7142857142857143,98.57142857142857,20,Miami,Miami Open,2024-03-24,Masters 1000,Outdoor,Hard,2nd Round,3,Dimitrov G.,Tabilo A.,12,44.0,2935,1040.0,6.0,7.0,7.0,6.0,6.0,2.0,,,,,2.0,1.0,Completed,1.2,4.5,1.2,5.09,1.23,5.1,1.19,4.64,9397,720
9398,762,757,757,2024-03-18,2024-03-24,6,hanfmann|y / mannarino|a,Miami Masters,Miami Open,R64,R64,1.0,1.0,1.0,0.7142857142857143,98.57142857142857,20,Miami,Miami Open,2024-03-24,Masters 1000,Outdoor,Hard,2nd Round,3,Hanfmann Y.,Mannarino A.,56,20.0,940,1955.0,3.0,6.0,7.0,6.0,6.0,4.0,,,,,2.0,1.0,Completed,2.63,1.5,2.68,1.53,2.75,1.53,2.59,1.49,9398,721
9403,767,754,754,2024-03-18,2024-03-24,6,cerundolo|f / ofner|s,Miami Masters,Miami Open,R64,R64,1.0,1.0,1.0,0.7142857142857143,98.57142857142857,20,Miami,Miami Open,2024-03-24,Masters 1000,Outdoor,Hard,2nd Round,3,Cerundolo F.,Ofner S.,21,40.0,1845,1076.0,7.0,6.0,6.0,7.0,6.0,1.0,,,,,2.0,1.0,Completed,1.62,2.3,1.74,2.2,1.74,2.3,1.66,2.19,9403,722
9404,768,755,755,2024-03-18,2024-03-24,6,djere|l / khachanov|k,Miami Masters,Miami Open,R64,R64,1.0,1.0,1.0,0.7142857142857143,98.57142857142857,20,Miami,Miami Open,2024-03-24,Masters 1000,Outdoor,Hard,2nd Round,3,Khachanov K.,Djere L.,16,35.0,2265,1180.0,6.0,2.0,6.0,4.0,,,,,,,2.0,0.0,Completed,1.2,4.5,1.21,4.94,1.22,4.94,1.2,4.41,9404,723
9405,769,763,763,2024-03-18,2024-03-24,6,de minaur|a / kwon|s,Miami Masters,Miami Open,R64,R64,1.0,1.0,1.0,0.7142857142857143,98.57142857142857,20,Miami,Miami Open,2024-03-24,Masters 1000,Outdoor,Hard,2nd Round,3,De Minaur A.,Kwon S.W.,10,863.0,3300,20.0,6.0,3.0,6.0,2.0,,,,,,,2.0,0.0,Completed,1.07,9.0,1.06,11.94,1.08,11.94,1.06,9.36,9405,724
9406,770,758,758,2024-03-18,2024-03-24,6,altmaier|d / struff|j,Miami Masters,Miami Open,R64,R64,1.0,1.0,1.0,0.7142857142857143,98.57142857142857,20,Miami,Miami Open,2024-03-24,Masters 1000,Outdoor,Hard,2nd Round,3,Struff J.L.,Altmaier D.,25,54.0,1484,951.0,6.0,3.0,6.0,3.0,,,,,,,2.0,0.0,Completed,1.57,2.38,1.65,2.37,1.65,2.38,1.61,2.28,9406,725
9407,771,761,761,2024-03-18,2024-03-24,6,lehecka|j / popyrin|a,Miami Masters,Miami Open,R64,R64,1.0,1.0,1.0,0.7142857142857143,98.57142857142857,20,Miami,Miami Open,2024-03-24,Masters 1000,Outdoor,Hard,2nd Round,3,Popyrin A.,Lehecka J.,45,27.0,1032,1435.0,6.0,4.0,6.0,4.0,,,,,,,2.0,0.0,Completed,2.63,1.5,2.74,1.51,2.81,1.51,2.66,1.47,9407,726
9408,772,764,764,2024-03-18,2024-03-24,6,marozsan|f / rune|h,Miami Masters,Miami Open,R64,R64,1.0,1.0,1.0,0.7142857142857143,98.57142857142857,20,Miami,Miami Open,2024-03-24,Masters 1000,Outdoor,Hard,2nd Round,3,Marozsan F.,Rune H.,57,7.0,929,3875.0,6.0,1.0,6.0,1.0,,,,,,,2.0,0.0,Completed,3.2,1.36,3.3,1.38,3.4,1.38,3.18,1.35,9408,727
9377,741,778,778,2024-03-18,2024-03-25,7,alcaraz|c / monfils|g,Miami Masters,Miami Open,R32,R32,1.0,1.0,1.0,0.6666666666666667,98.33333333333333,20,Miami,Miami Open,2024-03-25,Masters 1000,Outdoor,Hard,3rd Round,3,Alcaraz C.,Monfils G.,2,47.0,8805,1027.0,6.0,2.0,6.0,4.0,,,,,,,2.0,0.0,Completed,1.08,8.0,1.09,9.62,1.1,9.63,1.08,7.63,9377,728
9378,742,780,780,2024-03-18,2024-03-25,7,musetti|l / shelton|b,Miami Masters,Miami Open,R32,R32,1.0,1.0,1.0,0.6666666666666667,98.33333333333333,20,Miami,Miami Open,2024-03-25,Masters 1000,Outdoor,Hard,3rd Round,3,Musetti L.,Shelton B.,24,17.0,1520,2220.0,6.0,4.0,7.0,6.0,,,,,,,2.0,0.0,Completed,3.5,1.3,3.39,1.37,3.5,1.41,3.16,1.35,9378,729
9379,743,779,779,2024-03-18,2024-03-25,7,dimitrov|g / hanfmann|y,Miami Masters,Miami Open,R32,R32,1.0,1.0,1.0,0.6666666666666667,98.33333333333333,20,Miami,Miami Open,2024-03-25,Masters 1000,Outdoor,Hard,3rd Round,3,Dimitrov G.,Hanfmann Y.,12,56.0,2935,940.0,6.0,1.0,6.0,0.0,,,,,,,2.0,0.0,Completed,1.1,7.0,1.15,6.51,1.15,7.0,1.12,6.21,9379,730
9380,744,777,777,2024-03-18,2024-03-25,7,hurkacz|h / korda|s,Miami Masters,Miami Open,R32,R32,1.0,1.0,1.0,0.6666666666666667,98.33333333333333,20,Miami,Miami Open,2024-03-25,Masters 1000,Outdoor,Hard,3rd Round,3,Hurkacz H.,Korda S.,9,29.0,3370,1395.0,7.0,6.0,6.0,7.0,6.0,3.0,,,,,2.0,1.0,Completed,1.53,2.5,1.6,2.51,1.6,2.51,1.55,2.43,9380,731
9381,745,775,775,2024-03-18,2024-03-25,7,eubanks|c / zverev|a,Miami Masters,Miami Open,R32,R32,1.0,1.0,1.0,0.6666666666666667,98.33333333333333,20,Miami,Miami Open,2024-03-25,Masters 1000,Outdoor,Hard,3rd Round,3,Zverev A.,Eubanks C.,5,32.0,5060,1233.0,7.0,6.0,6.0,3.0,,,,,,,2.0,0.0,Completed,1.07,9.0,1.11,8.13,1.11,9.0,1.09,7.09,9381,732
9382,746,774,774,2024-03-18,2024-03-25,7,cerundolo|f / khachanov|k,Miami Masters,Miami Open,R32,R32,1.0,1.0,1.0,0.6666666666666667,98.33333333333333,20,Miami,Miami Open,2024-03-25,Masters 1000,Outdoor,Hard,3rd Round,3,Khachanov K.,Cerundolo F.,16,21.0,2265,1845.0,6.0,1.0,5.0,7.0,7.0,6.0,,,,,2.0,1.0,Completed,1.29,3.75,1.3,3.96,1.31,4.0,1.27,3.66,9382,733
9383,747,776,776,2024-03-18,2024-03-25,7,de minaur|a / struff|j,Miami Masters,Miami Open,R32,R32,1.0,1.0,1.0,0.6666666666666667,98.33333333333333,20,Miami,Miami Open,2024-03-25,Masters 1000,Outdoor,Hard,3rd Round,3,De Minaur A.,Struff J.L.,10,25.0,3300,1484.0,7.0,6.0,6.0,4.0,,,,,,,2.0,0.0,Completed,1.2,4.5,1.23,4.91,1.23,4.91,1.2,4.45,9383,734
9384,748,773,773,2024-03-18,2024-03-25,7,marozsan|f / popyrin|a,Miami Masters,Miami Open,R32,R32,1.0,1.0,1.0,0.6666666666666667,98.33333333333333,20,Miami,Miami Open,2024-03-25,Masters 1000,Outdoor,Hard,3rd Round,3,Marozsan F.,Popyrin A.,57,45.0,929,1032.0,7.0,5.0,6.0,3.0,,,,,,,2.0,0.0,Completed,1.67,2.2,1.75,2.22,1.75,2.22,1.7,2.15,9384,735
9387,751,771,771,2024-03-18,2024-03-25,7,humbert|u / koepfer|d,Miami Masters,Miami Open,R32,R32,1.0,1.0,1.0,0.6666666666666667,98.33333333333333,20,Miami,Miami Open,2024-03-25,Masters 1000,Outdoor,Hard,3rd Round,3,Koepfer D.,Humbert U.,50,15.0,1002,2420.0,3.0,6.0,6.0,4.0,6.0,3.0,,,,,2.0,1.0,Completed,3.4,1.33,3.51,1.35,3.53,1.35,3.38,1.32,9387,736
9388,752,772,772,2024-03-18,2024-03-25,7,medvedev|d / norrie|c,Miami Masters,Miami Open,R32,R32,1.0,1.0,1.0,0.6666666666666667,98.33333333333333,20,Miami,Miami Open,2024-03-25,Masters 1000,Outdoor,Hard,3rd Round,3,Medvedev D.,Norrie C.,4,31.0,7765,1250.0,7.0,5.0,6.0,1.0,,,,,,,2.0,0.0,Completed,1.17,5.0,1.19,5.35,1.19,6.0,1.16,5.02,9388,737
9369,733,786,786,2024-03-18,2024-03-26,8,alcaraz|c / musetti|l,Miami Masters,Miami Open,R16,R16,1.0,1.0,1.0,0.6190476190476191,98.0952380952381,20,Miami,Miami Open,2024-03-26,Masters 1000,Outdoor,Hard,4th Round,3,Alcaraz C.,Musetti L.,2,24.0,8805,1520.0,6.0,3.0,6.0,3.0,,,,,,,2.0,0.0,Completed,1.07,9.0,1.07,11.88,1.07,11.88,1.06,9.27,9369,738
9370,734,785,785,2024-03-18,2024-03-26,8,dimitrov|g / hurkacz|h,Miami Masters,Miami Open,R16,R16,1.0,1.0,1.0,0.6190476190476191,98.0952380952381,20,Miami,Miami Open,2024-03-26,Masters 1000,Outdoor,Hard,4th Round,3,Dimitrov G.,Hurkacz H.,12,9.0,2935,3370.0,3.0,6.0,6.0,3.0,7.0,6.0,,,,,2.0,1.0,Completed,1.62,2.3,1.69,2.3,1.72,2.3,1.66,2.24,9370,739
9373,737,783,783,2024-03-18,2024-03-26,8,jarry|n / ruud|c,Miami Masters,Miami Open,R16,R16,1.0,1.0,1.0,0.6190476190476191,98.0952380952381,20,Miami,Miami Open,2024-03-26,Masters 1000,Outdoor,Hard,4th Round,3,Jarry N.,Ruud C.,23,8.0,1575,3560.0,7.0,6.0,6.0,3.0,,,,,,,2.0,0.0,Completed,2.75,1.44,2.77,1.51,2.78,1.52,2.65,1.47,9373,740
9374,738,782,782,2024-03-18,2024-03-26,8,koepfer|d / medvedev|d,Miami Masters,Miami Open,R16,R16,1.0,1.0,1.0,0.6190476190476191,98.0952380952381,20,Miami,Miami Open,2024-03-26,Masters 1000,Outdoor,Hard,4th Round,3,Medvedev D.,Koepfer D.,4,50.0,7765,1002.0,7.0,6.0,6.0,0.0,,,,,,,2.0,0.0,Completed,1.1,7.0,1.13,7.57,1.14,7.57,1.11,6.31,9374,741
9375,739,781,781,2024-03-18,2024-03-26,8,arnaldi|m / machac|t,Miami Masters,Miami Open,R16,R16,1.0,1.0,1.0,0.6190476190476191,98.0952380952381,20,Miami,Miami Open,2024-03-26,Masters 1000,Outdoor,Hard,4th Round,3,Machac T.,Arnaldi M.,60,38.0,891,1096.0,6.0,3.0,6.0,3.0,,,,,,,2.0,0.0,Completed,1.8,2.0,1.75,2.21,1.92,2.21,1.76,2.05,9375,742
9368,732,789,789,2024-03-18,2024-03-27,9,machac|t / sinner|j,Miami Masters,Miami Open,QF,QF,1.0,1.0,1.0,0.5714285714285714,97.85714285714286,20,Miami,Miami Open,2024-03-27,Masters 1000,Outdoor,Hard,Quarterfinals,3,Sinner J.,Machac T.,3,60.0,8310,891.0,6.0,4.0,6.0,2.0,,,,,,,2.0,0.0,Completed,1.08,8.0,1.09,9.34,1.1,9.34,1.08,7.51,9368,743
9371,735,788,788,2024-03-18,2024-03-27,9,khachanov|k / zverev|a,Miami Masters,Miami Open,R16,R16,1.0,1.0,1.0,0.5714285714285714,97.85714285714286,20,Miami,Miami Open,2024-03-27,Masters 1000,Outdoor,Hard,4th Round,3,Zverev A.,Khachanov K.,5,16.0,5060,2265.0,6.0,1.0,6.0,4.0,,,,,,,2.0,0.0,Completed,1.4,3.0,1.46,2.96,1.46,3.0,1.43,2.79,9371,744
9372,736,787,787,2024-03-18,2024-03-27,9,de minaur|a / marozsan|f,Miami Masters,Miami Open,R16,R16,1.0,1.0,1.0,0.5714285714285714,97.85714285714286,20,Miami,Miami Open,2024-03-27,Masters 1000,Outdoor,Hard,4th Round,3,Marozsan F.,De Minaur A.,57,10.0,929,3300.0,6.0,4.0,0.0,6.0,6.0,1.0,,,,,2.0,1.0,Completed,3.4,1.33,3.63,1.34,3.63,1.36,3.4,1.31,9372,745
9365,729,792,792,2024-03-18,2024-03-28,10,alcaraz|c / dimitrov|g,Miami Masters,Miami Open,QF,QF,1.0,1.0,1.0,0.5238095238095238,97.61904761904762,20,Miami,Miami Open,2024-03-28,Masters 1000,Outdoor,Hard,Quarterfinals,3,Dimitrov G.,Alcaraz C.,12,2.0,2935,8805.0,6.0,2.0,6.0,4.0,,,,,,,2.0,0.0,Completed,5.5,1.14,5.3,1.2,5.5,1.2,4.92,1.17,9365,746
9366,730,791,791,2024-03-18,2024-03-28,10,marozsan|f / zverev|a,Miami Masters,Miami Open,QF,QF,1.0,1.0,1.0,0.5238095238095238,97.61904761904762,20,Miami,Miami Open,2024-03-28,Masters 1000,Outdoor,Hard,Quarterfinals,3,Zverev A.,Marozsan F.,5,57.0,5060,929.0,6.0,3.0,7.0,5.0,,,,,,,2.0,0.0,Completed,1.29,3.75,1.28,4.1,1.29,4.25,1.26,3.8,9366,747
9367,731,790,790,2024-03-18,2024-03-28,10,jarry|n / medvedev|d,Miami Masters,Miami Open,QF,QF,1.0,1.0,1.0,0.5238095238095238,97.61904761904762,20,Miami,Miami Open,2024-03-28,Masters 1000,Outdoor,Hard,Quarterfinals,3,Medvedev D.,Jarry N.,4,23.0,7765,1575.0,6.0,2.0,7.0,6.0,,,,,,,2.0,0.0,Completed,1.14,5.5,1.18,5.69,1.18,5.69,1.16,5.14,9367,748
9363,727,794,794,2024-03-18,2024-03-29,11,dimitrov|g / zverev|a,Miami Masters,Miami Open,SF,SF,1.0,1.0,1.0,0.47619047619047616,97.38095238095238,20,Miami,Miami Open,2024-03-29,Masters 1000,Outdoor,Hard,Semifinals,3,Dimitrov G.,Zverev A.,12,5.0,2935,5060.0,6.0,4.0,6.0,7.0,6.0,4.0,,,,,2.0,1.0,Completed,2.3,1.62,2.36,1.65,2.36,1.7,2.26,1.63,9363,749
9364,728,793,793,2024-03-18,2024-03-29,11,medvedev|d / sinner|j,Miami Masters,Miami Open,SF,SF,1.0,1.0,1.0,0.47619047619047616,97.38095238095238,20,Miami,Miami Open,2024-03-29,Masters 1000,Outdoor,Hard,Semifinals,3,Sinner J.,Medvedev D.,3,4.0,8310,7765.0,6.0,1.0,6.0,2.0,,,,,,,2.0,0.0,Completed,1.5,2.63,1.56,2.6,1.56,2.65,1.5,2.55,9364,750
9362,726,795,795,2024-03-18,2024-03-31,13,dimitrov|g / sinner|j,Miami Masters,Miami Open,F,F,1.0,1.0,1.0,0.38095238095238093,96.9047619047619,20,Miami,Miami Open,2024-03-31,Masters 1000,Outdoor,Hard,The Final,3,Sinner J.,Dimitrov G.,3,12.0,8310,2935.0,6.0,3.0,6.0,1.0,,,,,,,2.0,0.0,Completed,1.22,4.33,1.25,4.5,1.25,4.5,1.23,4.11,9362,751
9475,839,797,797,2024-04-01,2024-04-01,0,marterer|m / thiem|d,Estoril,Estoril Open,R32,R32,1.0,1.0,1.0,1.0,100.0,21,Estoril,Estoril Open,2024-04-01,ATP250,Outdoor,Clay,1st Round,3,Thiem D.,Marterer M.,91,97.0,655,616.0,6.0,1.0,6.0,7.0,6.0,4.0,,,,,2.0,1.0,Completed,1.62,2.3,1.69,2.26,1.69,2.32,1.63,2.23,9475,752
9477,841,796,796,2024-04-01,2024-04-01,0,agut|r / kecmanovic|m <> bautista agut|r / kecmanovic|m,Estoril,Estoril Open,R32,R32,1.0,1.0,1.0,1.0,100.0,21,Estoril,Estoril Open,2024-04-01,ATP250,Outdoor,Clay,1st Round,3,Bautista Agut R.,Kecmanovic M.,93,50.0,654,995.0,6.0,1.0,7.0,5.0,,,,,,,2.0,0.0,Completed,2.3,1.62,2.44,1.61,2.44,1.65,2.32,1.59,9477,753
9480,844,798,798,2024-04-01,2024-04-01,0,borges|n / pouille|l,Estoril,Estoril Open,R32,R32,1.0,1.0,1.0,1.0,100.0,21,Estoril,Estoril Open,2024-04-01,ATP250,Outdoor,Clay,1st Round,3,Borges N.,Pouille L.,62,241.0,871,252.0,0.0,6.0,7.0,6.0,6.0,3.0,,,,,2.0,1.0,Completed,1.5,2.63,1.45,2.93,1.53,2.93,1.46,2.69,9480,754
9499,863,824,824,2024-04-01,2024-04-01,0,bergs|z / kypson|p,Houston,U.S. Men's Clay Court Championships,R32,R32,0.17777777777777778,1.0,1.0,1.0,54.77777777777778,22,Houston,U.S. Men's Clay Court Championships,2024-04-01,ATP250,Outdoor,Clay,1st Round,3,Bergs Z.,Kypson P.,111,133.0,545,472.0,7.0,6.0,6.0,3.0,,,,,,,2.0,0.0,Completed,1.91,1.91,1.96,1.93,1.96,2.05,1.89,1.88,9499,755
9500,864,823,823,2024-04-01,2024-04-01,0,ajdukovic|d / nakashima|b,Houston,U.S. Men's Clay Court Championships,R32,R32,0.17777777777777778,1.0,1.0,1.0,54.77777777777778,22,Houston,U.S. Men's Clay Court Championships,2024-04-01,ATP250,Outdoor,Clay,1st Round,3,Nakashima B.,Ajdukovic D.,92,115.0,655,528.0,6.0,1.0,6.0,4.0,,,,,,,2.0,0.0,Completed,1.4,3.0,1.47,2.89,1.47,3.0,1.41,2.86,9500,756
9527,891,851,851,2024-04-01,2024-04-01,0,benchetrit|e / kotov|p,Marrakech,Grand Prix Hassan II,R32,R32,0.16551724137931034,1.0,1.0,1.0,54.10344827586207,23,Marrakech,Grand Prix Hassan II,2024-04-01,ATP250,Outdoor,Clay,1st Round,3,Kotov P.,Benchetrit E.,68,661.0,807,48.0,7.0,5.0,6.0,3.0,,,,,,,2.0,0.0,Completed,1.25,4.0,1.26,4.24,1.29,4.24,1.24,3.89,9527,757
9533,897,850,850,2024-04-01,2024-04-01,0,munar|j / van assche|l,Marrakech,Grand Prix Hassan II,R32,R32,0.16551724137931034,1.0,1.0,1.0,54.10344827586207,23,Marrakech,Grand Prix Hassan II,2024-04-01,ATP250,Outdoor,Clay,1st Round,3,Munar J.,Van Assche L.,73,94.0,770,641.0,7.0,6.0,6.0,2.0,,,,,,,2.0,0.0,Completed,2.0,1.8,2.04,1.83,2.04,1.83,1.99,1.8,9533,758
9535,899,852,852,2024-04-01,2024-04-01,0,dougaz|a / navone|m,Marrakech,Grand Prix Hassan II,R32,R32,0.16551724137931034,1.0,1.0,1.0,54.10344827586207,23,Marrakech,Grand Prix Hassan II,2024-04-01,ATP250,Outdoor,Clay,1st Round,3,Navone M.,Dougaz A.,60,235.0,883,261.0,6.0,3.0,6.0,2.0,,,,,,,2.0,0.0,Completed,1.29,3.75,1.26,4.25,1.29,4.25,1.26,3.77,9535,759
9501,865,825,825,2024-04-01,2024-04-02,1,eubanks|c / hijikata|r,Houston,U.S. Men's Clay Court Championships,R32,R32,0.17777777777777778,1.0,1.0,0.9523809523809523,54.53968253968254,22,Houston,U.S. Men's Clay Court Championships,2024-04-02,ATP250,Outdoor,Clay,1st Round,3,Hijikata R.,Eubanks C.,80,41.0,723,1087.0,7.0,6.0,7.0,6.0,,,,,,,2.0,0.0,Completed,2.2,1.67,2.32,1.68,2.33,1.71,2.23,1.64,9501,760
9502,866,828,828,2024-04-01,2024-04-02,1,galan|d / paire|b,Houston,U.S. Men's Clay Court Championships,R32,R32,0.17777777777777778,1.0,1.0,0.9523809523809523,54.53968253968254,22,Houston,U.S. Men's Clay Court Championships,2024-04-02,ATP250,Outdoor,Clay,1st Round,3,Galan D.E.,Paire B.,83,142.0,711,460.0,7.0,6.0,6.0,4.0,,,,,,,2.0,0.0,Completed,1.5,2.63,1.49,2.8,1.5,2.85,1.47,2.66,9502,761
9503,867,831,831,2024-04-01,2024-04-02,1,mmoh|m / varillas|j,Houston,U.S. Men's Clay Court Championships,R32,R32,0.17777777777777778,1.0,1.0,0.9523809523809523,54.53968253968254,22,Houston,U.S. Men's Clay Court Championships,2024-04-02,ATP250,Outdoor,Clay,1st Round,3,Mmoh M.,Varillas J.P.,123,101.0,507,596.0,6.0,2.0,7.0,6.0,,,,,,,2.0,0.0,Completed,2.5,1.53,2.63,1.54,2.63,1.54,2.51,1.51,9503,762
9504,868,830,830,2024-04-01,2024-04-02,1,michelsen|a / purcell|m,Houston,U.S. Men's Clay Court Championships,R32,R32,0.17777777777777778,1.0,1.0,0.9523809523809523,54.53968253968254,22,Houston,U.S. Men's Clay Court Championships,2024-04-02,ATP250,Outdoor,Clay,1st Round,3,Purcell M.,Michelsen A.,79,70.0,726,790.0,7.0,5.0,6.0,7.0,6.0,4.0,,,,,2.0,1.0,Completed,3.0,1.4,3.35,1.37,3.5,1.4,3.0,1.37,9504,763
9506,870,832,832,2024-04-01,2024-04-02,1,kokkinakis|t / kovacevic|a,Houston,U.S. Men's Clay Court Championships,R32,R32,0.17777777777777778,1.0,1.0,0.9523809523809523,54.53968253968254,22,Houston,U.S. Men's Clay Court Championships,2024-04-02,ATP250,Outdoor,Clay,1st Round,3,Kovacevic A.,Kokkinakis T.,98,104.0,613,584.0,7.0,6.0,6.0,7.0,6.0,4.0,,,,,2.0,1.0,Completed,2.63,1.5,2.76,1.5,2.76,1.5,2.66,1.48,9506,764
9507,871,829,829,2024-04-01,2024-04-02,1,brouwer|g / duckworth|j,Houston,U.S. Men's Clay Court Championships,R32,R32,0.17777777777777778,1.0,1.0,0.9523809523809523,54.53968253968254,22,Houston,U.S. Men's Clay Court Championships,2024-04-02,ATP250,Outdoor,Clay,1st Round,3,Duckworth J.,Brouwer G.,105,199.0,565,300.0,6.0,3.0,6.0,3.0,,,,,,,2.0,0.0,Completed,2.5,1.53,2.7,1.52,2.7,1.55,2.51,1.51,9507,765
9509,873,826,826,2024-04-01,2024-04-02,1,ritschard|a / wolf|j,Houston,U.S. Men's Clay Court Championships,R32,R32,0.17777777777777778,1.0,1.0,0.9523809523809523,54.53968253968254,22,Houston,U.S. Men's Clay Court Championships,2024-04-02,ATP250,Outdoor,Clay,1st Round,3,Wolf J.J.,Ritschard A.,96,194.0,625,309.0,6.0,3.0,2.0,6.0,6.0,4.0,,,,,2.0,1.0,Completed,1.73,2.1,1.79,2.13,1.85,2.13,1.77,2.02,9509,766
9510,874,827,827,2024-04-01,2024-04-02,1,darderi|l / kudla|d,Houston,U.S. Men's Clay Court Championships,R32,R32,0.17777777777777778,1.0,1.0,0.9523809523809523,54.53968253968254,22,Houston,U.S. Men's Clay Court Championships,2024-04-02,ATP250,Outdoor,Clay,1st Round,3,Darderi L.,Kudla D.,72,160.0,781,409.0,3.0,6.0,7.0,6.0,6.0,2.0,,,,,2.0,1.0,Completed,1.33,3.4,1.33,3.57,1.4,3.57,1.32,3.28,9510,767
9526,890,857,857,2024-04-01,2024-04-02,1,fognini|f / gaston|h,Marrakech,Grand Prix Hassan II,R32,R32,0.16551724137931034,1.0,1.0,0.9523809523809523,53.86535303776683,23,Marrakech,Grand Prix Hassan II,2024-04-02,ATP250,Outdoor,Clay,1st Round,3,Fognini F.,Gaston H.,100,89.0,599,662.0,6.0,7.0,6.0,1.0,6.0,4.0,,,,,2.0,1.0,Completed,1.73,2.1,1.8,2.11,1.82,2.12,1.76,2.04,9526,768
9528,892,855,855,2024-04-01,2024-04-02,1,cobolli|f / shelbayh|a,Marrakech,Grand Prix Hassan II,R32,R32,0.16551724137931034,1.0,1.0,0.9523809523809523,53.86535303776683,23,Marrakech,Grand Prix Hassan II,2024-04-02,ATP250,Outdoor,Clay,1st Round,3,Cobolli F.,Shelbayh A.,63,230.0,865,265.0,6.0,1.0,6.0,4.0,,,,,,,2.0,0.0,Completed,1.33,3.4,1.33,3.63,1.35,3.63,1.31,3.38,9528,769
9529,893,860,860,2024-04-01,2024-04-02,1,baena|r / gigante|m <> carballes baena|r / gigante|m,Marrakech,Grand Prix Hassan II,R32,R32,0.16551724137931034,1.0,1.0,0.9523809523809523,53.86535303776683,23,Marrakech,Grand Prix Hassan II,2024-04-02,ATP250,Outdoor,Clay,1st Round,3,Carballes Baena R.,Gigante M.,64,145.0,856,450.0,6.0,2.0,2.0,0.0,,,,,,,1.0,0.0,Retired,1.44,2.75,1.44,2.97,1.46,2.97,1.43,2.77,9529,770
9530,894,861,861,2024-04-01,2024-04-02,1,goffin|d / rinderknech|a,Marrakech,Grand Prix Hassan II,R32,R32,0.16551724137931034,1.0,1.0,0.9523809523809523,53.86535303776683,23,Marrakech,Grand Prix Hassan II,2024-04-02,ATP250,Outdoor,Clay,1st Round,3,Goffin D.,Rinderknech A.,102,81.0,594,723.0,6.0,4.0,6.0,4.0,,,,,,,2.0,0.0,Completed,1.73,2.1,1.76,2.18,1.76,2.25,1.71,2.11,9530,771
9532,896,856,856,2024-04-01,2024-04-02,1,berrettini|m / shevchenko|a,Marrakech,Grand Prix Hassan II,R32,R32,0.16551724137931034,1.0,1.0,0.9523809523809523,53.86535303776683,23,Marrakech,Grand Prix Hassan II,2024-04-02,ATP250,Outdoor,Clay,1st Round,3,Berrettini M.,Shevchenko A.,135,56.0,470,934.0,6.0,2.0,6.0,1.0,,,,,,,2.0,0.0,Completed,1.62,2.3,1.61,2.46,1.62,2.6,1.56,2.41,9532,772
9534,898,854,854,2024-04-01,2024-04-02,1,moutet|c / nagal|s,Marrakech,Grand Prix Hassan II,R32,R32,0.16551724137931034,1.0,1.0,0.9523809523809523,53.86535303776683,23,Marrakech,Grand Prix Hassan II,2024-04-02,ATP250,Outdoor,Clay,1st Round,3,Nagal S.,Moutet C.,95,99.0,633,612.0,4.0,6.0,6.0,3.0,6.0,2.0,,,,,2.0,1.0,Completed,2.38,1.57,2.33,1.67,2.5,1.68,2.3,1.6,9534,773
9537,901,853,853,2024-04-01,2024-04-02,1,muller|a / vukic|a,Marrakech,Grand Prix Hassan II,R32,R32,0.16551724137931034,1.0,1.0,0.9523809523809523,53.86535303776683,23,Marrakech,Grand Prix Hassan II,2024-04-02,ATP250,Outdoor,Clay,1st Round,3,Vukic A.,Muller A.,67,86.0,818,694.0,6.0,3.0,7.0,6.0,,,,,,,2.0,0.0,Completed,2.38,1.57,2.36,1.65,2.4,1.65,2.28,1.61,9537,774
9472,836,807,807,2024-04-01,2024-04-03,2,coria|f / van de zandschulp|b,Estoril,Estoril Open,R32,R32,1.0,1.0,1.0,0.9047619047619048,99.52380952380952,21,Estoril,Estoril Open,2024-04-03,ATP250,Outdoor,Clay,1st Round,3,Van De Zandschulp B.,Coria F.,87,88.0,690,687.0,6.0,4.0,4.0,6.0,6.0,1.0,,,,,2.0,1.0,Completed,2.0,1.8,2.06,1.83,2.1,1.84,2.0,1.79,9472,775
9473,837,799,799,2024-04-01,2024-04-03,2,cachin|p / fucsovics|m,Estoril,Estoril Open,R32,R32,1.0,1.0,1.0,0.9047619047619048,99.52380952380952,21,Estoril,Estoril Open,2024-04-03,ATP250,Outdoor,Clay,1st Round,3,Fucsovics M.,Cachin P.,85,78.0,697,733.0,7.0,5.0,6.0,2.0,,,,,,,2.0,0.0,Completed,1.44,2.75,1.46,2.92,1.49,2.92,1.44,2.74,9473,776
9474,838,806,806,2024-04-01,2024-04-03,2,monfils|g / rocha|h,Estoril,Estoril Open,R32,R32,1.0,1.0,1.0,0.9047619047619048,99.52380952380952,21,Estoril,Estoril Open,2024-04-03,ATP250,Outdoor,Clay,1st Round,3,Monfils G.,Rocha H.,45,197.0,1067,306.0,7.0,5.0,7.0,5.0,,,,,,,2.0,0.0,Completed,1.36,3.2,1.4,3.2,1.4,3.3,1.36,3.09,9474,777
9476,840,800,800,2024-04-01,2024-04-03,2,altmaier|d / martinez|p,Estoril,Estoril Open,R32,R32,1.0,1.0,1.0,0.9047619047619048,99.52380952380952,21,Estoril,Estoril Open,2024-04-03,ATP250,Outdoor,Clay,1st Round,3,Martinez P.,Altmaier D.,77,54.0,741,955.0,6.0,4.0,6.0,2.0,,,,,,,2.0,0.0,Completed,1.73,2.1,1.72,2.23,1.75,2.23,1.7,2.14,9476,778
9478,842,805,805,2024-04-01,2024-04-03,2,fils|a / sousa|j,Estoril,Estoril Open,R32,R32,1.0,1.0,1.0,0.9047619047619048,99.52380952380952,21,Estoril,Estoril Open,2024-04-03,ATP250,Outdoor,Clay,1st Round,3,Fils A.,Sousa J.,37,272.0,1130,209.0,7.0,5.0,6.0,4.0,,,,,,,2.0,0.0,Completed,1.25,4.0,1.26,4.28,1.29,4.28,1.25,3.85,9478,779
9479,843,804,804,2024-04-01,2024-04-03,2,garin|c / rodionov|j,Estoril,Estoril Open,R32,R32,1.0,1.0,1.0,0.9047619047619048,99.52380952380952,21,Estoril,Estoril Open,2024-04-03,ATP250,Outdoor,Clay,1st Round,3,Garin C.,Rodionov J.,112,119.0,543,515.0,7.0,6.0,7.0,5.0,,,,,,,2.0,0.0,Completed,1.4,3.0,1.43,3.05,1.44,3.07,1.4,2.89,9479,780
9481,845,802,802,2024-04-01,2024-04-03,2,koepfer|d / llamas ruiz|p <> koepfer|d / ruiz|p,Estoril,Estoril Open,R32,R32,1.0,1.0,1.0,0.9047619047619048,99.52380952380952,21,Estoril,Estoril Open,2024-04-03,ATP250,Outdoor,Clay,1st Round,3,Llamas Ruiz P.,Koepfer D.,152,52.0,421,972.0,6.0,4.0,6.0,3.0,,,,,,,2.0,0.0,Completed,2.75,1.44,2.61,1.55,2.9,1.55,2.64,1.47,9481,781
9482,846,803,803,2024-04-01,2024-04-03,2,faria|j / jorda sanchis|d <> faria|j / sanchis|d,Estoril,Estoril Open,R32,R32,1.0,1.0,1.0,0.9047619047619048,99.52380952380952,21,Estoril,Estoril Open,2024-04-03,ATP250,Outdoor,Clay,1st Round,3,Jorda Sanchis D.,Faria J.,329,262.0,159,217.0,7.0,6.0,6.0,1.0,,,,,,,2.0,0.0,Completed,3.0,1.4,3.01,1.43,3.01,1.44,2.86,1.41,9482,782
9483,847,801,801,2024-04-01,2024-04-03,2,choinski|j / fonseca|j,Estoril,Estoril Open,R32,R32,1.0,1.0,1.0,0.9047619047619048,99.52380952380952,21,Estoril,Estoril Open,2024-04-03,ATP250,Outdoor,Clay,1st Round,3,Choinski J.,Fonseca J.,188,288.0,325,193.0,6.0,2.0,6.0,7.0,6.0,4.0,,,,,2.0,1.0,Completed,2.1,1.73,2.2,1.74,2.2,1.75,2.11,1.71,9483,783
9492,856,836,836,2024-04-01,2024-04-03,2,hijikata|r / nakashima|b,Houston,U.S. Men's Clay Court Championships,R16,R16,0.17777777777777778,1.0,1.0,0.9047619047619048,54.301587301587304,22,Houston,U.S. Men's Clay Court Championships,2024-04-03,ATP250,Outdoor,Clay,2nd Round,3,Nakashima B.,Hijikata R.,92,80.0,655,723.0,6.0,1.0,6.0,4.0,,,,,,,2.0,0.0,Completed,1.33,3.4,1.33,3.64,1.35,3.64,1.32,3.35,9492,784
9498,862,835,835,2024-04-01,2024-04-03,2,cerundolo|f / darderi|l,Houston,U.S. Men's Clay Court Championships,R16,R16,0.17777777777777778,1.0,1.0,0.9047619047619048,54.301587301587304,22,Houston,U.S. Men's Clay Court Championships,2024-04-03,ATP250,Outdoor,Clay,2nd Round,3,Darderi L.,Cerundolo F.,72,23.0,781,1715.0,6.0,4.0,2.0,6.0,7.0,6.0,,,,,2.0,1.0,Completed,2.5,1.53,2.49,1.61,2.51,1.61,2.44,1.54,9498,785
9505,869,834,834,2024-04-01,2024-04-03,2,thompson|j / wu|y,Houston,U.S. Men's Clay Court Championships,R32,R32,0.17777777777777778,1.0,1.0,0.9047619047619048,54.301587301587304,22,Houston,U.S. Men's Clay Court Championships,2024-04-03,ATP250,Outdoor,Clay,1st Round,3,Thompson J.,Wu Y.,33,298.0,1195,185.0,6.0,4.0,6.0,4.0,,,,,,,2.0,0.0,Completed,1.73,2.1,1.88,1.97,1.88,2.17,1.78,2.0,9505,786
9508,872,833,833,2024-04-01,2024-04-03,2,giron|m / shapovalov|d,Houston,U.S. Men's Clay Court Championships,R32,R32,0.17777777777777778,1.0,1.0,0.9047619047619048,54.301587301587304,22,Houston,U.S. Men's Clay Court Championships,2024-04-03,ATP250,Outdoor,Clay,1st Round,3,Giron M.,Shapovalov D.,51,121.0,990,510.0,6.0,2.0,7.0,5.0,,,,,,,2.0,0.0,Completed,2.2,1.67,2.28,1.69,2.28,1.73,2.17,1.66,9508,787
9518,882,865,865,2024-04-01,2024-04-03,2,djere|l / fognini|f,Marrakech,Grand Prix Hassan II,R16,R16,0.16551724137931034,1.0,1.0,0.9047619047619048,53.6272577996716,23,Marrakech,Grand Prix Hassan II,2024-04-03,ATP250,Outdoor,Clay,2nd Round,3,Fognini F.,Djere L.,100,34.0,599,1185.0,7.0,6.0,2.0,6.0,6.0,4.0,,,,,2.0,1.0,Completed,2.5,1.53,2.66,1.52,2.66,1.54,2.54,1.51,9518,788
9519,883,863,863,2024-04-01,2024-04-03,2,cobolli|f / kotov|p,Marrakech,Grand Prix Hassan II,R16,R16,0.16551724137931034,1.0,1.0,0.9047619047619048,53.6272577996716,23,Marrakech,Grand Prix Hassan II,2024-04-03,ATP250,Outdoor,Clay,2nd Round,3,Kotov P.,Cobolli F.,68,63.0,807,865.0,6.0,1.0,7.0,6.0,,,,,,,2.0,0.0,Completed,2.63,1.5,2.66,1.52,2.75,1.53,2.55,1.5,9519,789
9522,886,864,864,2024-04-01,2024-04-03,2,berrettini|m / munar|j,Marrakech,Grand Prix Hassan II,R16,R16,0.16551724137931034,1.0,1.0,0.9047619047619048,53.6272577996716,23,Marrakech,Grand Prix Hassan II,2024-04-03,ATP250,Outdoor,Clay,2nd Round,3,Berrettini M.,Munar J.,135,73.0,470,770.0,6.0,4.0,4.0,6.0,6.0,3.0,,,,,2.0,1.0,Completed,1.4,3.0,1.46,2.86,1.46,3.0,1.41,2.84,9522,790
9523,887,862,862,2024-04-01,2024-04-03,2,nagal|s / sonego|l,Marrakech,Grand Prix Hassan II,R16,R16,0.16551724137931034,1.0,1.0,0.9047619047619048,53.6272577996716,23,Marrakech,Grand Prix Hassan II,2024-04-03,ATP250,Outdoor,Clay,2nd Round,3,Sonego L.,Nagal S.,61,95.0,875,633.0,1.0,6.0,6.0,3.0,6.0,4.0,,,,,2.0,1.0,Completed,1.53,2.5,1.58,2.5,1.58,2.6,1.54,2.44,9523,791
9464,828,814,814,2024-04-01,2024-04-04,3,ruud|c / van de zandschulp|b,Estoril,Estoril Open,R16,R16,1.0,1.0,1.0,0.8571428571428572,99.28571428571429,21,Estoril,Estoril Open,2024-04-04,ATP250,Outdoor,Clay,2nd Round,3,Ruud C.,Van De Zandschulp B.,8,87.0,3615,690.0,6.0,1.0,6.0,2.0,,,,,,,2.0,0.0,Completed,1.2,4.5,1.23,4.72,1.23,4.72,1.21,4.36,9464,792
9465,829,815,815,2024-04-01,2024-04-04,3,fucsovics|m / monfils|g,Estoril,Estoril Open,R16,R16,1.0,1.0,1.0,0.8571428571428572,99.28571428571429,21,Estoril,Estoril Open,2024-04-04,ATP250,Outdoor,Clay,2nd Round,3,Fucsovics M.,Monfils G.,85,45.0,697,1067.0,1.0,6.0,6.0,1.0,7.0,5.0,,,,,2.0,1.0,Completed,2.1,1.73,2.09,1.83,2.14,1.83,2.04,1.76,9465,793
9466,830,808,808,2024-04-01,2024-04-04,3,gasquet|r / thiem|d,Estoril,Estoril Open,R16,R16,1.0,1.0,1.0,0.8571428571428572,99.28571428571429,21,Estoril,Estoril Open,2024-04-04,ATP250,Outdoor,Clay,2nd Round,3,Gasquet R.,Thiem D.,122,91.0,508,655.0,6.0,4.0,7.0,6.0,,,,,,,2.0,0.0,Completed,2.3,1.62,2.46,1.62,2.46,1.67,2.3,1.61,9466,794
9467,831,813,813,2024-04-01,2024-04-04,3,agut|r / martinez|p <> bautista agut|r / martinez|p,Estoril,Estoril Open,R16,R16,1.0,1.0,1.0,0.8571428571428572,99.28571428571429,21,Estoril,Estoril Open,2024-04-04,ATP250,Outdoor,Clay,2nd Round,3,Martinez P.,Bautista Agut R.,77,93.0,741,654.0,7.0,5.0,6.0,4.0,,,,,,,2.0,0.0,Completed,1.73,2.1,1.71,2.23,1.75,2.25,1.7,2.14,9467,795
9468,832,812,812,2024-04-01,2024-04-04,3,fils|a / garin|c,Estoril,Estoril Open,R16,R16,1.0,1.0,1.0,0.8571428571428572,99.28571428571429,21,Estoril,Estoril Open,2024-04-04,ATP250,Outdoor,Clay,2nd Round,3,Garin C.,Fils A.,112,37.0,543,1130.0,2.0,6.0,6.0,4.0,6.0,4.0,,,,,2.0,1.0,Completed,2.3,1.62,2.4,1.65,2.6,1.67,2.29,1.61,9468,796
9469,833,811,811,2024-04-01,2024-04-04,3,borges|n / musetti|l,Estoril,Estoril Open,R16,R16,1.0,1.0,1.0,0.8571428571428572,99.28571428571429,21,Estoril,Estoril Open,2024-04-04,ATP250,Outdoor,Clay,2nd Round,3,Borges N.,Musetti L.,62,24.0,871,1610.0,7.0,6.0,6.0,3.0,,,,,,,2.0,0.0,Completed,2.75,1.44,2.58,1.57,2.78,1.57,2.62,1.48,9469,797
9470,834,810,810,2024-04-01,2024-04-04,3,jorda sanchis|d / llamas ruiz|p <> jorda sanchis|d / ruiz|p <> llamas ruiz|p / sanchis|d <> ruiz|p / sanchis|d,Estoril,Estoril Open,R16,R16,1.0,1.0,1.0,0.8571428571428572,99.28571428571429,21,Estoril,Estoril Open,2024-04-04,ATP250,Outdoor,Clay,2nd Round,3,Llamas Ruiz P.,Jorda Sanchis D.,152,329.0,421,159.0,7.0,6.0,6.0,4.0,,,,,,,2.0,0.0,Completed,1.17,5.0,1.19,5.5,1.21,5.5,1.17,4.92,9470,798
9471,835,809,809,2024-04-01,2024-04-04,3,choinski|j / hurkacz|h,Estoril,Estoril Open,R16,R16,1.0,1.0,1.0,0.8571428571428572,99.28571428571429,21,Estoril,Estoril Open,2024-04-04,ATP250,Outdoor,Clay,2nd Round,3,Hurkacz H.,Choinski J.,10,188.0,3425,325.0,7.0,6.0,6.0,4.0,,,,,,,2.0,0.0,Completed,1.14,5.5,1.15,6.51,1.15,6.51,1.13,5.74,9471,799
9491,855,837,837,2024-04-01,2024-04-04,3,bergs|z / shelton|b,Houston,U.S. Men's Clay Court Championships,R16,R16,0.17777777777777778,1.0,1.0,0.8571428571428572,54.06349206349206,22,Houston,U.S. Men's Clay Court Championships,2024-04-04,ATP250,Outdoor,Clay,2nd Round,3,Shelton B.,Bergs Z.,16,111.0,2260,545.0,3.0,6.0,6.0,4.0,6.0,3.0,,,,,2.0,1.0,Completed,1.4,3.0,1.46,2.96,1.48,3.0,1.44,2.77,9491,800
9493,857,840,840,2024-04-01,2024-04-04,3,etcheverry|t / galan|d,Houston,U.S. Men's Clay Court Championships,R16,R16,0.17777777777777778,1.0,1.0,0.8571428571428572,54.06349206349206,22,Houston,U.S. Men's Clay Court Championships,2024-04-04,ATP250,Outdoor,Clay,2nd Round,3,Etcheverry T.,Galan D.E.,30,83.0,1310,711.0,6.0,4.0,6.0,4.0,,,,,,,2.0,0.0,Completed,1.3,3.5,1.32,3.71,1.33,3.71,1.3,3.43,9493,801
9494,858,839,839,2024-04-01,2024-04-04,3,mmoh|m / purcell|m,Houston,U.S. Men's Clay Court Championships,R16,R16,0.17777777777777778,1.0,1.0,0.8571428571428572,54.06349206349206,22,Houston,U.S. Men's Clay Court Championships,2024-04-04,ATP250,Outdoor,Clay,2nd Round,3,Mmoh M.,Purcell M.,123,79.0,507,726.0,6.0,2.0,7.0,5.0,,,,,,,2.0,0.0,Completed,1.67,2.2,1.7,2.29,1.73,2.29,1.66,2.19,9494,802
9497,861,838,838,2024-04-01,2024-04-04,3,giron|m / wolf|j,Houston,U.S. Men's Clay Court Championships,R16,R16,0.17777777777777778,1.0,1.0,0.8571428571428572,54.06349206349206,22,Houston,U.S. Men's Clay Court Championships,2024-04-04,ATP250,Outdoor,Clay,2nd Round,3,Giron M.,Wolf J.J.,51,96.0,990,625.0,6.0,4.0,6.0,3.0,,,,,,,2.0,0.0,Completed,1.36,3.2,1.35,3.49,1.4,3.49,1.37,3.03,9497,803
9520,884,866,866,2024-04-01,2024-04-04,3,baena|r / evans|d <> carballes baena|r / evans|d,Marrakech,Grand Prix Hassan II,R16,R16,0.16551724137931034,1.0,1.0,0.8571428571428572,53.389162561576356,23,Marrakech,Grand Prix Hassan II,2024-04-04,ATP250,Outdoor,Clay,2nd Round,3,Carballes Baena R.,Evans D.,64,42.0,856,1086.0,6.0,4.0,7.0,6.0,,,,,,,2.0,0.0,Completed,1.53,2.5,1.49,2.79,1.57,2.82,1.5,2.56,9520,804
9524,888,868,868,2024-04-01,2024-04-04,3,navone|m / wawrinka|s,Marrakech,Grand Prix Hassan II,R16,R16,0.16551724137931034,1.0,1.0,0.8571428571428572,53.389162561576356,23,Marrakech,Grand Prix Hassan II,2024-04-04,ATP250,Outdoor,Clay,2nd Round,3,Navone M.,Wawrinka S.,60,82.0,883,717.0,3.0,6.0,7.0,5.0,6.0,2.0,,,,,2.0,1.0,Completed,2.1,1.73,1.99,1.89,2.12,1.89,2.01,1.79,9524,805
9525,889,869,869,2024-04-01,2024-04-04,3,ofner|s / vukic|a,Marrakech,Grand Prix Hassan II,R16,R16,0.16551724137931034,1.0,1.0,0.8571428571428572,53.389162561576356,23,Marrakech,Grand Prix Hassan II,2024-04-04,ATP250,Outdoor,Clay,2nd Round,3,Vukic A.,Ofner S.,67,47.0,818,1056.0,7.0,6.0,2.0,6.0,7.0,6.0,,,,,2.0,1.0,Completed,2.2,1.67,2.27,1.7,2.27,1.7,2.19,1.66,9525,806
9460,824,819,819,2024-04-01,2024-04-05,4,fucsovics|m / ruud|c,Estoril,Estoril Open,QF,QF,1.0,1.0,1.0,0.8095238095238095,99.04761904761905,21,Estoril,Estoril Open,2024-04-05,ATP250,Outdoor,Clay,Quarterfinals,3,Ruud C.,Fucsovics M.,8,85.0,3615,697.0,6.0,3.0,6.0,2.0,,,,,,,2.0,0.0,Completed,1.2,4.5,1.24,4.66,1.24,4.75,1.21,4.36,9460,807
9461,825,818,818,2024-04-01,2024-04-05,4,gasquet|r / martinez|p,Estoril,Estoril Open,QF,QF,1.0,1.0,1.0,0.8095238095238095,99.04761904761905,21,Estoril,Estoril Open,2024-04-05,ATP250,Outdoor,Clay,Quarterfinals,3,Martinez P.,Gasquet R.,77,122.0,741,508.0,6.0,4.0,6.0,4.0,,,,,,,2.0,0.0,Completed,1.4,3.0,1.42,3.14,1.5,3.14,1.41,2.87,9461,808
9462,826,817,817,2024-04-01,2024-04-05,4,borges|n / garin|c,Estoril,Estoril Open,QF,QF,1.0,1.0,1.0,0.8095238095238095,99.04761904761905,21,Estoril,Estoril Open,2024-04-05,ATP250,Outdoor,Clay,Quarterfinals,3,Garin C.,Borges N.,112,62.0,543,871.0,6.0,2.0,7.0,6.0,,,,,,,2.0,0.0,Completed,2.63,1.5,2.77,1.51,2.77,1.53,2.6,1.49,9462,809
9463,827,816,816,2024-04-01,2024-04-05,4,hurkacz|h / llamas ruiz|p <> hurkacz|h / ruiz|p,Estoril,Estoril Open,QF,QF,1.0,1.0,1.0,0.8095238095238095,99.04761904761905,21,Estoril,Estoril Open,2024-04-05,ATP250,Outdoor,Clay,Quarterfinals,3,Hurkacz H.,Llamas Ruiz P.,10,152.0,3425,421.0,7.0,6.0,6.0,4.0,,,,,,,2.0,0.0,Completed,1.3,3.5,1.33,3.69,1.33,3.71,1.3,3.46,9463,810
9487,851,844,844,2024-04-01,2024-04-05,4,nakashima|b / shelton|b,Houston,U.S. Men's Clay Court Championships,QF,QF,0.17777777777777778,1.0,1.0,0.8095238095238095,53.82539682539682,22,Houston,U.S. Men's Clay Court Championships,2024-04-05,ATP250,Outdoor,Clay,Quarterfinals,3,Shelton B.,Nakashima B.,16,92.0,2260,655.0,7.0,5.0,7.0,6.0,,,,,,,2.0,0.0,Completed,1.8,2.0,1.83,2.1,1.83,2.15,1.76,2.04,9487,811
9488,852,843,843,2024-04-01,2024-04-05,4,etcheverry|t / mmoh|m,Houston,U.S. Men's Clay Court Championships,QF,QF,0.17777777777777778,1.0,1.0,0.8095238095238095,53.82539682539682,22,Houston,U.S. Men's Clay Court Championships,2024-04-05,ATP250,Outdoor,Clay,Quarterfinals,3,Etcheverry T.,Mmoh M.,30,123.0,1310,507.0,6.0,3.0,0.0,1.0,,,,,,,1.0,0.0,Retired,1.36,3.2,1.35,3.5,1.4,3.5,1.34,3.19,9488,812
9490,854,845,845,2024-04-01,2024-04-05,4,darderi|l / giron|m,Houston,U.S. Men's Clay Court Championships,QF,QF,0.17777777777777778,1.0,1.0,0.8095238095238095,53.82539682539682,22,Houston,U.S. Men's Clay Court Championships,2024-04-05,ATP250,Outdoor,Clay,Quarterfinals,3,Darderi L.,Giron M.,72,51.0,781,990.0,6.0,0.0,6.0,4.0,,,,,,,2.0,0.0,Completed,2.0,1.8,2.15,1.79,2.15,1.8,2.03,1.76,9490,813
9495,859,842,842,2024-04-01,2024-04-05,4,kovacevic|a / thompson|j,Houston,U.S. Men's Clay Court Championships,R16,R16,0.17777777777777778,1.0,1.0,0.8095238095238095,53.82539682539682,22,Houston,U.S. Men's Clay Court Championships,2024-04-05,ATP250,Outdoor,Clay,2nd Round,3,Thompson J.,Kovacevic A.,33,98.0,1195,613.0,4.0,6.0,7.0,6.0,7.0,6.0,,,,,2.0,1.0,Completed,1.57,2.38,1.63,2.45,1.65,2.45,1.6,2.31,9495,814
9496,860,841,841,2024-04-01,2024-04-05,4,duckworth|j / tiafoe|f,Houston,U.S. Men's Clay Court Championships,R16,R16,0.17777777777777778,1.0,1.0,0.8095238095238095,53.82539682539682,22,Houston,U.S. Men's Clay Court Championships,2024-04-05,ATP250,Outdoor,Clay,2nd Round,3,Tiafoe F.,Duckworth J.,21,105.0,1770,565.0,6.0,2.0,6.0,7.0,7.0,5.0,,,,,2.0,1.0,Completed,1.25,4.0,1.27,4.22,1.27,4.25,1.24,3.96,9496,815
9514,878,871,871,2024-04-01,2024-04-05,4,fognini|f / kotov|p,Marrakech,Grand Prix Hassan II,QF,QF,0.16551724137931034,1.0,1.0,0.8095238095238095,53.151067323481115,23,Marrakech,Grand Prix Hassan II,2024-04-05,ATP250,Outdoor,Clay,Quarterfinals,3,Kotov P.,Fognini F.,68,100.0,807,599.0,6.0,1.0,6.0,2.0,,,,,,,2.0,0.0,Completed,1.73,2.1,1.77,2.18,1.78,2.18,1.73,2.09,9514,816
9516,880,872,872,2024-04-01,2024-04-05,4,berrettini|m / sonego|l,Marrakech,Grand Prix Hassan II,QF,QF,0.16551724137931034,1.0,1.0,0.8095238095238095,53.151067323481115,23,Marrakech,Grand Prix Hassan II,2024-04-05,ATP250,Outdoor,Clay,Quarterfinals,3,Berrettini M.,Sonego L.,135,61.0,470,875.0,6.0,3.0,7.0,6.0,,,,,,,2.0,0.0,Completed,1.5,2.63,1.51,2.75,1.54,2.75,1.48,2.61,9516,817
9517,881,873,873,2024-04-01,2024-04-05,4,navone|m / vukic|a,Marrakech,Grand Prix Hassan II,QF,QF,0.16551724137931034,1.0,1.0,0.8095238095238095,53.151067323481115,23,Marrakech,Grand Prix Hassan II,2024-04-05,ATP250,Outdoor,Clay,Quarterfinals,3,Navone M.,Vukic A.,60,67.0,883,818.0,6.0,2.0,6.0,4.0,,,,,,,2.0,0.0,Completed,1.44,2.75,1.48,2.88,1.5,2.88,1.45,2.71,9517,818
9458,822,821,821,2024-04-01,2024-04-06,5,martinez|p / ruud|c,Estoril,Estoril Open,SF,SF,1.0,1.0,1.0,0.7619047619047619,98.80952380952381,21,Estoril,Estoril Open,2024-04-06,ATP250,Outdoor,Clay,Semifinals,3,Martinez P.,Ruud C.,77,8.0,741,3615.0,6.0,4.0,4.0,6.0,6.0,4.0,,,,,2.0,1.0,Completed,5.0,1.17,5.99,1.18,5.99,1.18,5.14,1.16,9458,819
9459,823,820,820,2024-04-01,2024-04-06,5,garin|c / hurkacz|h,Estoril,Estoril Open,SF,SF,1.0,1.0,1.0,0.7619047619047619,98.80952380952381,21,Estoril,Estoril Open,2024-04-06,ATP250,Outdoor,Clay,Semifinals,3,Hurkacz H.,Garin C.,10,112.0,3425,543.0,6.0,3.0,3.0,6.0,6.0,3.0,,,,,2.0,1.0,Completed,1.5,2.63,1.44,3.03,1.5,3.03,1.47,2.68,9459,820
9485,849,847,847,2024-04-01,2024-04-06,5,etcheverry|t / shelton|b,Houston,U.S. Men's Clay Court Championships,SF,SF,0.17777777777777778,1.0,1.0,0.7619047619047619,53.58730158730159,22,Houston,U.S. Men's Clay Court Championships,2024-04-06,ATP250,Outdoor,Clay,Semifinals,3,Shelton B.,Etcheverry T.,16,30.0,2260,1310.0,6.0,7.0,6.0,4.0,6.0,4.0,,,,,2.0,1.0,Completed,2.1,1.73,2.34,1.68,2.34,1.75,2.16,1.68,9485,821
9486,850,848,848,2024-04-01,2024-04-06,5,darderi|l / tiafoe|f,Houston,U.S. Men's Clay Court Championships,SF,SF,0.17777777777777778,1.0,1.0,0.7619047619047619,53.58730158730159,22,Houston,U.S. Men's Clay Court Championships,2024-04-06,ATP250,Outdoor,Clay,Semifinals,3,Tiafoe F.,Darderi L.,21,72.0,1770,781.0,6.0,2.0,7.0,6.0,,,,,,,2.0,0.0,Completed,1.91,1.91,2.0,1.91,2.0,1.99,1.91,1.87,9486,822
9489,853,846,846,2024-04-01,2024-04-06,5,thompson|j / tiafoe|f,Houston,U.S. Men's Clay Court Championships,QF,QF,0.17777777777777778,1.0,1.0,0.7619047619047619,53.58730158730159,22,Houston,U.S. Men's Clay Court Championships,2024-04-06,ATP250,Outdoor,Clay,Quarterfinals,3,Tiafoe F.,Thompson J.,21,33.0,1770,1195.0,7.0,6.0,6.0,4.0,,,,,,,2.0,0.0,Completed,1.44,2.75,1.46,2.95,1.47,2.95,1.44,2.76,9489,823
9512,876,874,874,2024-04-01,2024-04-06,5,baena|r / kotov|p <> carballes baena|r / kotov|p,Marrakech,Grand Prix Hassan II,SF,SF,0.16551724137931034,1.0,1.0,0.7619047619047619,52.91297208538588,23,Marrakech,Grand Prix Hassan II,2024-04-06,ATP250,Outdoor,Clay,Semifinals,3,Carballes Baena R.,Kotov P.,64,68.0,856,807.0,6.0,4.0,6.0,2.0,,,,,,,2.0,0.0,Completed,1.8,2.0,1.83,2.09,1.83,2.09,1.79,2.0,9512,824
9513,877,875,875,2024-04-01,2024-04-06,5,berrettini|m / navone|m,Marrakech,Grand Prix Hassan II,SF,SF,0.16551724137931034,1.0,1.0,0.7619047619047619,52.91297208538588,23,Marrakech,Grand Prix Hassan II,2024-04-06,ATP250,Outdoor,Clay,Semifinals,3,Berrettini M.,Navone M.,135,60.0,470,883.0,6.0,7.0,6.0,3.0,6.0,2.0,,,,,2.0,1.0,Completed,1.4,3.0,1.42,3.11,1.45,3.11,1.4,2.9,9513,825
9457,821,822,822,2024-04-01,2024-04-07,6,hurkacz|h / martinez|p,Estoril,Estoril Open,F,F,1.0,1.0,1.0,0.7142857142857143,98.57142857142857,21,Estoril,Estoril Open,2024-04-07,ATP250,Outdoor,Clay,The Final,3,Hurkacz H.,Martinez P.,10,77.0,3425,741.0,6.0,3.0,6.0,4.0,,,,,,,2.0,0.0,Completed,1.53,2.5,1.54,2.66,1.59,2.66,1.52,2.49,9457,826
9484,848,849,849,2024-04-01,2024-04-07,6,shelton|b / tiafoe|f,Houston,U.S. Men's Clay Court Championships,F,F,0.17777777777777778,1.0,1.0,0.7142857142857143,53.34920634920635,22,Houston,U.S. Men's Clay Court Championships,2024-04-07,ATP250,Outdoor,Clay,The Final,3,Shelton B.,Tiafoe F.,16,21.0,2260,1770.0,7.0,5.0,4.0,6.0,6.0,3.0,,,,,2.0,1.0,Completed,1.8,2.0,1.85,2.07,1.91,2.1,1.8,2.0,9484,827
9511,875,876,876,2024-04-01,2024-04-07,6,baena|r / berrettini|m <> berrettini|m / carballes baena|r,Marrakech,Grand Prix Hassan II,F,F,0.16551724137931034,1.0,1.0,0.7142857142857143,52.67487684729064,23,Marrakech,Grand Prix Hassan II,2024-04-07,ATP250,Outdoor,Clay,The Final,3,Berrettini M.,Carballes Baena R.,135,64.0,470,856.0,7.0,5.0,6.0,2.0,,,,,,,2.0,0.0,Completed,1.4,3.0,1.38,3.35,1.4,3.35,1.36,3.11,9511,828
9571,935,880,880,2024-04-08,2024-04-07,-1,fritz|t / musetti|l,Monte Carlo Masters,Monte Carlo Masters,R64,R64,1.0,1.0,1.0,0.6666666666666667,98.33333333333333,24,Monte Carlo,Monte Carlo Masters,2024-04-07,Masters 1000,Outdoor,Clay,1st Round,3,Musetti L.,Fritz T.,24,13.0,1590,2765.0,6.0,4.0,6.0,4.0,,,,,,,2.0,0.0,Completed,1.91,1.91,1.9,1.99,1.94,1.99,1.88,1.91,9571,829
9573,937,878,878,2024-04-08,2024-04-07,-1,griekspoor|t / koepfer|d,Monte Carlo Masters,Monte Carlo Masters,R64,R64,1.0,1.0,1.0,0.6666666666666667,98.33333333333333,24,Monte Carlo,Monte Carlo Masters,2024-04-07,Masters 1000,Outdoor,Clay,1st Round,3,Griekspoor T.,Koepfer D.,26,54.0,1475,938.0,7.0,6.0,4.0,6.0,6.0,2.0,,,,,2.0,1.0,Completed,1.67,2.2,1.77,2.15,1.78,2.25,1.71,2.13,9573,830
9590,954,879,879,2024-04-08,2024-04-07,-1,bublik|a / coric|b,Monte Carlo Masters,Monte Carlo Masters,R64,R64,1.0,1.0,1.0,0.6666666666666667,98.33333333333333,24,Monte Carlo,Monte Carlo Masters,2024-04-07,Masters 1000,Outdoor,Clay,1st Round,3,Coric B.,Bublik A.,33,18.0,1204,1992.0,6.0,1.0,6.0,1.0,,,,,,,2.0,0.0,Completed,1.53,2.5,1.59,2.5,1.59,3.1,1.54,2.46,9590,831
9591,955,877,877,2024-04-08,2024-04-07,-1,baez|s / struff|j,Monte Carlo Masters,Monte Carlo Masters,R64,R64,1.0,1.0,1.0,0.6666666666666667,98.33333333333333,24,Monte Carlo,Monte Carlo Masters,2024-04-07,Masters 1000,Outdoor,Clay,1st Round,3,Struff J.L.,Baez S.,25,19.0,1493,1955.0,1.0,6.0,7.0,6.0,6.0,2.0,,,,,2.0,1.0,Completed,2.75,1.44,2.9,1.46,2.9,1.5,2.73,1.45,9591,832
9569,933,891,891,2024-04-08,2024-04-08,0,munar|j / safiullin|r,Monte Carlo Masters,Monte Carlo Masters,R64,R64,1.0,1.0,1.0,1.0,100.0,24,Monte Carlo,Monte Carlo Masters,2024-04-08,Masters 1000,Outdoor,Clay,1st Round,3,Safiullin R.,Munar J.,41,72.0,1089,775.0,7.0,5.0,6.0,1.0,,,,,,,2.0,0.0,Completed,2.3,1.62,2.43,1.62,2.43,1.67,2.3,1.61,9569,833
9570,934,889,889,2024-04-08,2024-04-08,0,fils|a / hanfmann|y,Monte Carlo Masters,Monte Carlo Masters,R64,R64,1.0,1.0,1.0,1.0,100.0,24,Monte Carlo,Monte Carlo Masters,2024-04-08,Masters 1000,Outdoor,Clay,1st Round,3,Fils A.,Hanfmann Y.,36,61.0,1145,888.0,6.0,0.0,6.0,2.0,,,,,,,2.0,0.0,Completed,1.4,3.0,1.44,2.93,1.44,11.13,1.39,3.28,9570,834
9574,938,883,883,2024-04-08,2024-04-08,0,moutet|c / popyrin|a,Monte Carlo Masters,Monte Carlo Masters,R64,R64,1.0,1.0,1.0,1.0,100.0,24,Monte Carlo,Monte Carlo Masters,2024-04-08,Masters 1000,Outdoor,Clay,1st Round,3,Popyrin A.,Moutet C.,46,101.0,1047,612.0,3.0,6.0,7.0,5.0,6.0,2.0,,,,,2.0,1.0,Completed,2.1,1.73,2.09,1.81,2.15,1.81,2.06,1.75,9574,835
9575,939,882,882,2024-04-08,2024-04-08,0,aliassime|f / nardi|l <> auger aliassime|f / nardi|l,Monte Carlo Masters,Monte Carlo Masters,R64,R64,1.0,1.0,1.0,1.0,100.0,24,Monte Carlo,Monte Carlo Masters,2024-04-08,Masters 1000,Outdoor,Clay,1st Round,3,Auger-Aliassime F.,Nardi L.,35,76.0,1150,748.0,6.0,2.0,6.0,3.0,,,,,,,2.0,0.0,Completed,1.67,2.2,1.68,2.31,1.68,2.33,1.63,2.26,9575,836
9577,941,892,892,2024-04-08,2024-04-08,0,coria|f / humbert|u,Monte Carlo Masters,Monte Carlo Masters,R64,R64,1.0,1.0,1.0,1.0,100.0,24,Monte Carlo,Monte Carlo Masters,2024-04-08,Masters 1000,Outdoor,Clay,1st Round,3,Humbert U.,Coria F.,15,89.0,2425,687.0,4.0,6.0,6.0,1.0,6.0,2.0,,,,,2.0,1.0,Completed,1.36,3.2,1.45,2.95,1.45,3.2,1.39,2.94,9577,837
9581,945,881,881,2024-04-08,2024-04-08,0,evans|d / ofner|s,Monte Carlo Masters,Monte Carlo Masters,R64,R64,1.0,1.0,1.0,1.0,100.0,24,Monte Carlo,Monte Carlo Masters,2024-04-08,Masters 1000,Outdoor,Clay,1st Round,3,Ofner S.,Evans D.,44,50.0,1056,996.0,6.0,1.0,6.0,4.0,,,,,,,2.0,0.0,Completed,1.8,2.0,1.81,2.1,1.83,2.1,1.78,2.03,9581,838
9583,947,887,887,2024-04-08,2024-04-08,0,djere|l / tsitsipas|s,Monte Carlo Masters,Monte Carlo Masters,R64,R64,1.0,1.0,1.0,1.0,100.0,24,Monte Carlo,Monte Carlo Masters,2024-04-08,Masters 1000,Outdoor,Clay,1st Round,3,Tsitsipas S.,Djere L.,12,34.0,3175,1185.0,6.0,3.0,3.0,2.0,,,,,,,1.0,0.0,Retired,1.29,3.75,1.34,3.5,1.34,3.75,1.31,3.44,9583,839
9584,948,890,890,2024-04-08,2024-04-08,0,khachanov|k / norrie|c,Monte Carlo Masters,Monte Carlo Masters,R64,R64,1.0,1.0,1.0,1.0,100.0,24,Monte Carlo,Monte Carlo Masters,2024-04-08,Masters 1000,Outdoor,Clay,1st Round,3,Khachanov K.,Norrie C.,17,30.0,2005,1290.0,7.0,5.0,7.0,6.0,,,,,,,2.0,0.0,Completed,1.67,2.2,1.7,2.26,1.74,2.26,1.69,2.15,9584,840
9585,949,885,885,2024-04-08,2024-04-08,0,altmaier|d / cerundolo|f,Monte Carlo Masters,Monte Carlo Masters,R64,R64,1.0,1.0,1.0,1.0,100.0,24,Monte Carlo,Monte Carlo Masters,2024-04-08,Masters 1000,Outdoor,Clay,1st Round,3,Cerundolo F.,Altmaier D.,22,52.0,1715,955.0,6.0,2.0,7.0,6.0,,,,,,,2.0,0.0,Completed,1.57,2.38,1.68,2.3,1.73,2.4,1.64,2.24,9585,841
9587,951,884,884,2024-04-08,2024-04-08,0,arnaldi|m / nagal|s,Monte Carlo Masters,Monte Carlo Masters,R64,R64,1.0,1.0,1.0,1.0,100.0,24,Monte Carlo,Monte Carlo Masters,2024-04-08,Masters 1000,Outdoor,Clay,1st Round,3,Nagal S.,Arnaldi M.,93,38.0,656,1121.0,5.0,7.0,6.0,2.0,6.0,4.0,,,,,2.0,1.0,Completed,2.75,1.44,2.97,1.44,2.97,1.46,2.84,1.42,9587,842
9589,953,886,886,2024-04-08,2024-04-08,0,dimitrov|g / vacherot|v,Monte Carlo Masters,Monte Carlo Masters,R64,R64,1.0,1.0,1.0,1.0,100.0,24,Monte Carlo,Monte Carlo Masters,2024-04-08,Masters 1000,Outdoor,Clay,1st Round,3,Dimitrov G.,Vacherot V.,9,138.0,3540,464.0,7.0,5.0,6.0,2.0,,,,,,,2.0,0.0,Completed,1.08,8.0,1.08,10.26,1.09,10.26,1.07,8.34,9589,843
9553,917,901,901,2024-04-08,2024-04-09,1,djokovic|n / safiullin|r,Monte Carlo Masters,Monte Carlo Masters,R32,R32,1.0,1.0,1.0,0.9523809523809523,99.76190476190476,24,Monte Carlo,Monte Carlo Masters,2024-04-09,Masters 1000,Outdoor,Clay,2nd Round,3,Djokovic N.,Safiullin R.,1,41.0,9725,1089.0,6.0,1.0,6.0,2.0,,,,,,,2.0,0.0,Completed,1.14,5.5,1.17,5.81,1.17,5.81,1.15,5.31,9553,844
9554,918,904,904,2024-04-08,2024-04-09,1,fils|a / musetti|l,Monte Carlo Masters,Monte Carlo Masters,R32,R32,1.0,1.0,1.0,0.9523809523809523,99.76190476190476,24,Monte Carlo,Monte Carlo Masters,2024-04-09,Masters 1000,Outdoor,Clay,2nd Round,3,Musetti L.,Fils A.,24,36.0,1590,1145.0,6.0,3.0,7.0,5.0,,,,,,,2.0,0.0,Completed,1.5,2.63,1.45,2.97,1.5,2.97,1.45,2.74,9554,845
9561,925,902,902,2024-04-08,2024-04-09,1,ofner|s / zverev|a,Monte Carlo Masters,Monte Carlo Masters,R32,R32,1.0,1.0,1.0,0.9523809523809523,99.76190476190476,24,Monte Carlo,Monte Carlo Masters,2024-04-09,Masters 1000,Outdoor,Clay,2nd Round,3,Zverev A.,Ofner S.,5,44.0,5415,1056.0,6.0,3.0,6.0,4.0,,,,,,,2.0,0.0,Completed,1.1,7.0,1.11,8.31,1.12,8.31,1.1,7.03,9561,846
9567,931,903,903,2024-04-08,2024-04-09,1,coric|b / struff|j,Monte Carlo Masters,Monte Carlo Masters,R32,R32,1.0,1.0,1.0,0.9523809523809523,99.76190476190476,24,Monte Carlo,Monte Carlo Masters,2024-04-09,Masters 1000,Outdoor,Clay,2nd Round,3,Struff J.L.,Coric B.,25,33.0,1493,1204.0,7.0,6.0,6.0,1.0,,,,,,,2.0,0.0,Completed,1.91,1.91,1.95,1.95,1.95,1.96,1.89,1.89,9567,847
9572,936,894,894,2024-04-08,2024-04-09,1,de minaur|a / wawrinka|s,Monte Carlo Masters,Monte Carlo Masters,R64,R64,1.0,1.0,1.0,0.9523809523809523,99.76190476190476,24,Monte Carlo,Monte Carlo Masters,2024-04-09,Masters 1000,Outdoor,Clay,1st Round,3,De Minaur A.,Wawrinka S.,11,79.0,3355,742.0,6.0,3.0,6.0,0.0,,,,,,,2.0,0.0,Completed,1.4,3.0,1.44,2.99,1.44,3.1,1.41,2.88,9572,848
9578,942,897,897,2024-04-08,2024-04-09,1,draper|j / hurkacz|h,Monte Carlo Masters,Monte Carlo Masters,R64,R64,1.0,1.0,1.0,0.9523809523809523,99.76190476190476,24,Monte Carlo,Monte Carlo Masters,2024-04-09,Masters 1000,Outdoor,Clay,1st Round,3,Hurkacz H.,Draper J.,8,39.0,3665,1101.0,6.0,4.0,3.0,6.0,7.0,6.0,,,,,2.0,1.0,Completed,1.67,2.2,1.66,2.34,1.67,2.46,1.64,2.25,9578,849
9579,943,895,895,2024-04-08,2024-04-09,1,acosta|f / agut|r <> acosta|f / bautista agut|r <> agut|r / diaz acosta|f <> bautista agut|r / diaz acosta|f,Monte Carlo Masters,Monte Carlo Masters,R64,R64,1.0,1.0,1.0,0.9523809523809523,99.76190476190476,24,Monte Carlo,Monte Carlo Masters,2024-04-09,Masters 1000,Outdoor,Clay,1st Round,3,Bautista Agut R.,Diaz Acosta F.,90,53.0,668,943.0,6.0,2.0,6.0,4.0,,,,,,,2.0,0.0,Completed,1.8,2.0,1.91,1.98,1.91,2.1,1.82,1.97,9579,850
9582,946,899,899,2024-04-08,2024-04-09,1,etcheverry|t / jarry|n,Monte Carlo Masters,Monte Carlo Masters,R64,R64,1.0,1.0,1.0,0.9523809523809523,99.76190476190476,24,Monte Carlo,Monte Carlo Masters,2024-04-09,Masters 1000,Outdoor,Clay,1st Round,3,Etcheverry T.,Jarry N.,31,21.0,1260,1755.0,6.0,4.0,7.0,5.0,,,,,,,2.0,0.0,Completed,2.38,1.57,2.33,1.67,2.45,1.67,2.3,1.61,9582,851
9586,950,900,900,2024-04-08,2024-04-09,1,monfils|g / vukic|a,Monte Carlo Masters,Monte Carlo Masters,R64,R64,1.0,1.0,1.0,0.9523809523809523,99.76190476190476,24,Monte Carlo,Monte Carlo Masters,2024-04-09,Masters 1000,Outdoor,Clay,1st Round,3,Monfils G.,Vukic A.,40,65.0,1092,856.0,6.0,7.0,6.0,3.0,7.0,5.0,,,,,2.0,1.0,Completed,1.1,7.0,1.11,8.31,1.33,3.9,1.29,3.72,9586,852
9588,952,898,898,2024-04-08,2024-04-09,1,berrettini|m / kecmanovic|m,Monte Carlo Masters,Monte Carlo Masters,R64,R64,1.0,1.0,1.0,0.9523809523809523,99.76190476190476,24,Monte Carlo,Monte Carlo Masters,2024-04-09,Masters 1000,Outdoor,Clay,1st Round,3,Kecmanovic M.,Berrettini M.,66,84.0,855,720.0,6.0,3.0,6.0,1.0,,,,,,,2.0,0.0,Completed,3.0,1.4,3.25,1.39,3.25,1.4,3.05,1.37,9588,853
9592,956,896,896,2024-04-08,2024-04-09,1,davidovich fokina|a / korda|s <> fokina|a / korda|s,Monte Carlo Masters,Monte Carlo Masters,R64,R64,1.0,1.0,1.0,0.9523809523809523,99.76190476190476,24,Monte Carlo,Monte Carlo Masters,2024-04-09,Masters 1000,Outdoor,Clay,1st Round,3,Korda S.,Davidovich Fokina A.,27,29.0,1445,1395.0,6.0,1.0,6.0,2.0,,,,,,,2.0,0.0,Completed,2.0,1.8,2.09,1.82,2.3,1.84,2.03,1.77,9592,854
9555,919,907,907,2024-04-08,2024-04-10,2,de minaur|a / griekspoor|t,Monte Carlo Masters,Monte Carlo Masters,R32,R32,1.0,1.0,1.0,0.9047619047619048,99.52380952380952,24,Monte Carlo,Monte Carlo Masters,2024-04-10,Masters 1000,Outdoor,Clay,2nd Round,3,De Minaur A.,Griekspoor T.,11,26.0,3355,1475.0,2.0,6.0,6.0,2.0,6.0,3.0,,,,,2.0,1.0,Completed,1.44,2.75,1.51,2.75,1.53,2.89,1.45,2.72,9555,855
9556,920,905,905,2024-04-08,2024-04-10,2,popyrin|a / rublev|a,Monte Carlo Masters,Monte Carlo Masters,R32,R32,1.0,1.0,1.0,0.9047619047619048,99.52380952380952,24,Monte Carlo,Monte Carlo Masters,2024-04-10,Masters 1000,Outdoor,Clay,2nd Round,3,Popyrin A.,Rublev A.,46,6.0,1047,4890.0,6.0,4.0,6.0,4.0,,,,,,,2.0,0.0,Completed,4.0,1.25,4.18,1.27,4.2,1.3,3.89,1.25,9556,856
9557,921,906,906,2024-04-08,2024-04-10,2,aliassime|f / sonego|l <> auger aliassime|f / sonego|l,Monte Carlo Masters,Monte Carlo Masters,R32,R32,1.0,1.0,1.0,0.9047619047619048,99.52380952380952,24,Monte Carlo,Monte Carlo Masters,2024-04-10,Masters 1000,Outdoor,Clay,2nd Round,3,Sonego L.,Auger-Aliassime F.,57,35.0,915,1150.0,6.0,4.0,7.0,5.0,,,,,,,2.0,0.0,Completed,2.63,1.5,2.7,1.53,2.7,1.53,2.59,1.49,9557,857
9559,923,912,912,2024-04-08,2024-04-10,2,agut|r / hurkacz|h <> bautista agut|r / hurkacz|h,Monte Carlo Masters,Monte Carlo Masters,R32,R32,1.0,1.0,1.0,0.9047619047619048,99.52380952380952,24,Monte Carlo,Monte Carlo Masters,2024-04-10,Masters 1000,Outdoor,Clay,2nd Round,3,Hurkacz H.,Bautista Agut R.,8,90.0,3665,668.0,7.0,5.0,7.0,6.0,,,,,,,2.0,0.0,Completed,1.44,2.75,1.49,2.84,1.49,2.84,1.45,2.71,9559,858
9560,924,914,914,2024-04-08,2024-04-10,2,ruud|c / tabilo|a,Monte Carlo Masters,Monte Carlo Masters,R32,R32,1.0,1.0,1.0,0.9047619047619048,99.52380952380952,24,Monte Carlo,Monte Carlo Masters,2024-04-10,Masters 1000,Outdoor,Clay,2nd Round,3,Ruud C.,Tabilo A.,10,45.0,3465,1051.0,6.0,2.0,6.0,4.0,,,,,,,2.0,0.0,Completed,1.25,4.0,1.27,4.22,1.29,4.23,1.25,3.9,9560,859
9562,926,911,911,2024-04-08,2024-04-10,2,etcheverry|t / tsitsipas|s,Monte Carlo Masters,Monte Carlo Masters,R32,R32,1.0,1.0,1.0,0.9047619047619048,99.52380952380952,24,Monte Carlo,Monte Carlo Masters,2024-04-10,Masters 1000,Outdoor,Clay,2nd Round,3,Tsitsipas S.,Etcheverry T.,12,31.0,3175,1260.0,6.0,1.0,6.0,0.0,,,,,,,2.0,0.0,Completed,1.36,3.2,1.4,3.2,1.4,3.2,1.37,3.06,9562,860
9563,927,908,908,2024-04-08,2024-04-10,2,cerundolo|f / khachanov|k,Monte Carlo Masters,Monte Carlo Masters,R32,R32,1.0,1.0,1.0,0.9047619047619048,99.52380952380952,24,Monte Carlo,Monte Carlo Masters,2024-04-10,Masters 1000,Outdoor,Clay,2nd Round,3,Khachanov K.,Cerundolo F.,17,22.0,2005,1715.0,4.0,6.0,6.0,4.0,6.0,3.0,,,,,2.0,1.0,Completed,1.67,2.2,1.69,2.31,1.73,2.35,1.66,2.2,9563,861
9564,928,913,913,2024-04-08,2024-04-10,2,medvedev|d / monfils|g,Monte Carlo Masters,Monte Carlo Masters,R32,R32,1.0,1.0,1.0,0.9047619047619048,99.52380952380952,24,Monte Carlo,Monte Carlo Masters,2024-04-10,Masters 1000,Outdoor,Clay,2nd Round,3,Medvedev D.,Monfils G.,4,40.0,7165,1092.0,6.0,2.0,6.0,4.0,,,,,,,2.0,0.0,Completed,1.33,3.4,1.36,3.48,1.38,3.48,1.34,3.21,9564,862
9568,932,909,909,2024-04-08,2024-04-10,2,korda|s / sinner|j,Monte Carlo Masters,Monte Carlo Masters,R32,R32,1.0,1.0,1.0,0.9047619047619048,99.52380952380952,24,Monte Carlo,Monte Carlo Masters,2024-04-10,Masters 1000,Outdoor,Clay,2nd Round,3,Sinner J.,Korda S.,2,27.0,8710,1445.0,6.0,1.0,6.0,2.0,,,,,,,2.0,0.0,Completed,1.13,6.0,1.14,6.71,1.15,6.71,1.13,5.87,9568,863
9545,909,920,920,2024-04-08,2024-04-11,3,djokovic|n / musetti|l,Monte Carlo Masters,Monte Carlo Masters,R16,R16,1.0,1.0,1.0,0.8571428571428572,99.28571428571429,24,Monte Carlo,Monte Carlo Masters,2024-04-11,Masters 1000,Outdoor,Clay,3rd Round,3,Djokovic N.,Musetti L.,1,24.0,9725,1590.0,7.0,5.0,6.0,3.0,,,,,,,2.0,0.0,Completed,1.2,4.5,1.22,4.88,1.22,4.88,1.2,4.51,9545,864
9546,910,917,917,2024-04-08,2024-04-11,3,de minaur|a / popyrin|a,Monte Carlo Masters,Monte Carlo Masters,R16,R16,1.0,1.0,1.0,0.8571428571428572,99.28571428571429,24,Monte Carlo,Monte Carlo Masters,2024-04-11,Masters 1000,Outdoor,Clay,3rd Round,3,De Minaur A.,Popyrin A.,11,46.0,3355,1047.0,6.0,3.0,6.0,4.0,,,,,,,2.0,0.0,Completed,1.44,2.75,1.55,2.65,1.55,2.78,1.48,2.61,9546,865
9547,911,924,924,2024-04-08,2024-04-11,3,humbert|u / sonego|l,Monte Carlo Masters,Monte Carlo Masters,R16,R16,1.0,1.0,1.0,0.8571428571428572,99.28571428571429,24,Monte Carlo,Monte Carlo Masters,2024-04-11,Masters 1000,Outdoor,Clay,3rd Round,3,Humbert U.,Sonego L.,15,57.0,2425,915.0,5.0,7.0,6.0,3.0,6.0,1.0,,,,,2.0,1.0,Completed,1.5,2.63,1.52,2.53,1.58,2.73,1.52,2.51,9547,866
9548,912,923,923,2024-04-08,2024-04-11,3,hurkacz|h / ruud|c,Monte Carlo Masters,Monte Carlo Masters,R16,R16,1.0,1.0,1.0,0.8571428571428572,99.28571428571429,24,Monte Carlo,Monte Carlo Masters,2024-04-11,Masters 1000,Outdoor,Clay,3rd Round,3,Ruud C.,Hurkacz H.,10,8.0,3465,3665.0,6.0,4.0,6.0,2.0,,,,,,,2.0,0.0,Completed,1.44,2.75,1.48,2.88,1.48,2.88,1.44,2.75,9548,867
9549,913,919,919,2024-04-08,2024-04-11,3,tsitsipas|s / zverev|a,Monte Carlo Masters,Monte Carlo Masters,R16,R16,1.0,1.0,1.0,0.8571428571428572,99.28571428571429,24,Monte Carlo,Monte Carlo Masters,2024-04-11,Masters 1000,Outdoor,Clay,3rd Round,3,Tsitsipas S.,Zverev A.,12,5.0,3175,5415.0,7.0,5.0,7.0,6.0,,,,,,,2.0,0.0,Completed,2.0,1.8,2.2,1.76,2.2,1.85,2.01,1.79,9549,868
9550,914,918,918,2024-04-08,2024-04-11,3,khachanov|k / medvedev|d,Monte Carlo Masters,Monte Carlo Masters,R16,R16,1.0,1.0,1.0,0.8571428571428572,99.28571428571429,24,Monte Carlo,Monte Carlo Masters,2024-04-11,Masters 1000,Outdoor,Clay,3rd Round,3,Khachanov K.,Medvedev D.,17,4.0,2005,7165.0,6.0,3.0,7.0,5.0,,,,,,,2.0,0.0,Completed,3.0,1.4,3.08,1.43,3.08,1.43,2.93,1.4,9550,869
9551,915,921,921,2024-04-08,2024-04-11,3,dimitrov|g / rune|h,Monte Carlo Masters,Monte Carlo Masters,R16,R16,1.0,1.0,1.0,0.8571428571428572,99.28571428571429,24,Monte Carlo,Monte Carlo Masters,2024-04-11,Masters 1000,Outdoor,Clay,3rd Round,3,Rune H.,Dimitrov G.,7,9.0,3795,3540.0,7.0,6.0,3.0,6.0,7.0,6.0,,,,,2.0,1.0,Completed,2.2,1.67,2.36,1.65,2.36,1.71,2.17,1.67,9551,870
9552,916,922,922,2024-04-08,2024-04-11,3,sinner|j / struff|j,Monte Carlo Masters,Monte Carlo Masters,R16,R16,1.0,1.0,1.0,0.8571428571428572,99.28571428571429,24,Monte Carlo,Monte Carlo Masters,2024-04-11,Masters 1000,Outdoor,Clay,3rd Round,3,Sinner J.,Struff J.L.,2,25.0,8710,1493.0,6.0,4.0,6.0,2.0,,,,,,,2.0,0.0,Completed,1.07,9.0,1.07,11.34,1.09,11.34,1.06,8.74,9552,871
9565,929,916,916,2024-04-08,2024-04-11,3,nagal|s / rune|h,Monte Carlo Masters,Monte Carlo Masters,R32,R32,1.0,1.0,1.0,0.8571428571428572,99.28571428571429,24,Monte Carlo,Monte Carlo Masters,2024-04-11,Masters 1000,Outdoor,Clay,2nd Round,3,Rune H.,Nagal S.,7,93.0,3795,656.0,6.0,3.0,3.0,6.0,6.0,2.0,,,,,2.0,1.0,Completed,1.25,4.0,1.26,4.3,1.27,4.6,1.24,4.04,9565,872
9566,930,915,915,2024-04-08,2024-04-11,3,dimitrov|g / kecmanovic|m,Monte Carlo Masters,Monte Carlo Masters,R32,R32,1.0,1.0,1.0,0.8571428571428572,99.28571428571429,24,Monte Carlo,Monte Carlo Masters,2024-04-11,Masters 1000,Outdoor,Clay,2nd Round,3,Dimitrov G.,Kecmanovic M.,9,66.0,3540,855.0,6.0,4.0,6.0,3.0,,,,,,,2.0,0.0,Completed,1.33,3.4,1.3,3.95,1.34,3.95,1.3,3.49,9566,873
9541,905,927,927,2024-04-08,2024-04-12,4,de minaur|a / djokovic|n,Monte Carlo Masters,Monte Carlo Masters,QF,QF,1.0,1.0,1.0,0.8095238095238095,99.04761904761905,24,Monte Carlo,Monte Carlo Masters,2024-04-12,Masters 1000,Outdoor,Clay,Quarterfinals,3,Djokovic N.,De Minaur A.,1,11.0,9725,3355.0,7.0,5.0,6.0,4.0,,,,,,,2.0,0.0,Completed,1.22,4.33,1.27,4.2,1.29,4.34,1.24,4.04,9541,874
9542,906,928,928,2024-04-08,2024-04-12,4,humbert|u / ruud|c,Monte Carlo Masters,Monte Carlo Masters,QF,QF,1.0,1.0,1.0,0.8095238095238095,99.04761904761905,24,Monte Carlo,Monte Carlo Masters,2024-04-12,Masters 1000,Outdoor,Clay,Quarterfinals,3,Ruud C.,Humbert U.,10,15.0,3465,2425.0,6.0,3.0,4.0,6.0,6.0,1.0,,,,,2.0,1.0,Completed,1.3,3.5,1.33,3.64,1.33,3.64,1.31,3.43,9542,875
9543,907,925,925,2024-04-08,2024-04-12,4,khachanov|k / tsitsipas|s,Monte Carlo Masters,Monte Carlo Masters,QF,QF,1.0,1.0,1.0,0.8095238095238095,99.04761904761905,24,Monte Carlo,Monte Carlo Masters,2024-04-12,Masters 1000,Outdoor,Clay,Quarterfinals,3,Tsitsipas S.,Khachanov K.,12,17.0,3175,2005.0,6.0,4.0,6.0,2.0,,,,,,,2.0,0.0,Completed,1.4,3.0,1.45,2.97,1.45,3.0,1.41,2.86,9543,876
9544,908,926,926,2024-04-08,2024-04-12,4,rune|h / sinner|j,Monte Carlo Masters,Monte Carlo Masters,QF,QF,1.0,1.0,1.0,0.8095238095238095,99.04761904761905,24,Monte Carlo,Monte Carlo Masters,2024-04-12,Masters 1000,Outdoor,Clay,Quarterfinals,3,Sinner J.,Rune H.,2,7.0,8710,3795.0,6.0,4.0,6.0,7.0,6.0,3.0,,,,,2.0,1.0,Completed,1.11,6.5,1.15,6.48,1.16,6.75,1.13,5.77,9544,877
9539,903,930,930,2024-04-08,2024-04-13,5,djokovic|n / ruud|c,Monte Carlo Masters,Monte Carlo Masters,SF,SF,1.0,1.0,1.0,0.7619047619047619,98.80952380952381,24,Monte Carlo,Monte Carlo Masters,2024-04-13,Masters 1000,Outdoor,Clay,Semifinals,3,Ruud C.,Djokovic N.,10,1.0,3465,9725.0,6.0,4.0,1.0,6.0,6.0,4.0,,,,,2.0,1.0,Completed,3.0,1.4,3.1,1.43,3.19,1.44,2.9,1.41,9539,878
9540,904,929,929,2024-04-08,2024-04-13,5,sinner|j / tsitsipas|s,Monte Carlo Masters,Monte Carlo Masters,SF,SF,1.0,1.0,1.0,0.7619047619047619,98.80952380952381,24,Monte Carlo,Monte Carlo Masters,2024-04-13,Masters 1000,Outdoor,Clay,Semifinals,3,Tsitsipas S.,Sinner J.,12,2.0,3175,8710.0,6.0,4.0,3.0,6.0,6.0,4.0,,,,,2.0,1.0,Completed,3.75,1.29,3.99,1.29,3.99,1.31,3.62,1.28,9540,879
9538,902,931,931,2024-04-08,2024-04-14,6,ruud|c / tsitsipas|s,Monte Carlo Masters,Monte Carlo Masters,F,F,1.0,1.0,1.0,0.7142857142857143,98.57142857142857,24,Monte Carlo,Monte Carlo Masters,2024-04-14,Masters 1000,Outdoor,Clay,The Final,3,Tsitsipas S.,Ruud C.,12,10.0,3175,3465.0,6.0,1.0,6.0,4.0,,,,,,,2.0,0.0,Completed,1.67,2.2,1.76,2.2,1.78,2.25,1.69,2.16,9538,880
9625,989,933,933,2024-04-15,2024-04-15,0,acosta|f / rincon|d <> diaz acosta|f / rincon|d,Barcelona,Barcelona Open,R64,R64,1.0,1.0,1.0,1.0,100.0,25,Barcelona,Barcelona Open,2024-04-15,ATP500,Outdoor,Clay,1st Round,3,Diaz Acosta F.,Rincon D.,53,216.0,958,283.0,6.0,1.0,6.0,4.0,,,,,,,2.0,0.0,Completed,1.29,3.75,1.35,3.49,1.35,3.9,1.31,3.41,9625,881
9627,991,939,939,2024-04-15,2024-04-15,0,kotov|p / ofner|s,Barcelona,Barcelona Open,R64,R64,1.0,1.0,1.0,1.0,100.0,25,Barcelona,Barcelona Open,2024-04-15,ATP500,Outdoor,Clay,1st Round,3,Ofner S.,Kotov P.,43,69.0,1081,817.0,5.0,7.0,6.0,3.0,6.0,2.0,,,,,2.0,1.0,Completed,2.0,1.8,2.02,1.87,2.05,1.89,1.97,1.83,9627,882
9632,996,935,935,2024-04-15,2024-04-15,0,arnaldi|m / cazaux|a,Barcelona,Barcelona Open,R64,R64,1.0,1.0,1.0,1.0,100.0,25,Barcelona,Barcelona Open,2024-04-15,ATP500,Outdoor,Clay,1st Round,3,Arnaldi M.,Cazaux A.,40,75.0,1121,748.0,5.0,5.0,,,,,,,,,0.0,0.0,Retired,1.33,3.4,1.34,3.54,1.36,3.68,1.33,3.3,9632,883
9633,997,936,936,2024-04-15,2024-04-15,0,ajdukovic|d / trungelliti|m,Barcelona,Barcelona Open,R64,R64,1.0,1.0,1.0,1.0,100.0,25,Barcelona,Barcelona Open,2024-04-15,ATP500,Outdoor,Clay,1st Round,3,Trungelliti M.,Ajdukovic D.,197,123.0,310,507.0,6.0,2.0,7.0,6.0,,,,,,,2.0,0.0,Completed,1.73,2.1,1.87,2.02,1.91,2.1,1.83,1.97,9633,884
9636,1000,934,934,2024-04-15,2024-04-15,0,agut|r / safiullin|r <> bautista agut|r / safiullin|r,Barcelona,Barcelona Open,R64,R64,1.0,1.0,1.0,1.0,100.0,25,Barcelona,Barcelona Open,2024-04-15,ATP500,Outdoor,Clay,1st Round,3,Bautista Agut R.,Safiullin R.,84,38.0,703,1139.0,6.0,3.0,7.0,6.0,,,,,,,2.0,0.0,Completed,1.67,2.2,1.76,2.17,1.76,2.3,1.67,2.21,9636,885
9637,1001,937,937,2024-04-15,2024-04-15,0,cachin|p / mayot|h,Barcelona,Barcelona Open,R64,R64,1.0,1.0,1.0,1.0,100.0,25,Barcelona,Barcelona Open,2024-04-15,ATP500,Outdoor,Clay,1st Round,3,Mayot H.,Cachin P.,116,88.0,525,673.0,7.0,6.0,2.0,6.0,6.0,3.0,,,,,2.0,1.0,Completed,1.67,2.2,1.66,2.34,1.68,2.38,1.64,2.26,9637,886
9638,1002,938,938,2024-04-15,2024-04-15,0,hardt|n / landaluce|m,Barcelona,Barcelona Open,R64,R64,1.0,1.0,1.0,1.0,100.0,25,Barcelona,Barcelona Open,2024-04-15,ATP500,Outdoor,Clay,1st Round,3,Hardt N.,Landaluce M.,229,328.0,260,160.0,2.0,6.0,6.0,4.0,6.0,3.0,,,,,2.0,1.0,Completed,1.8,2.0,1.87,2.02,1.9,2.07,1.84,1.97,9638,887
9639,1003,932,932,2024-04-15,2024-04-15,0,evans|d / nakashima|b,Barcelona,Barcelona Open,R64,R64,1.0,1.0,1.0,1.0,100.0,25,Barcelona,Barcelona Open,2024-04-15,ATP500,Outdoor,Clay,1st Round,3,Nakashima B.,Evans D.,87,49.0,695,996.0,7.0,6.0,6.0,2.0,,,,,,,2.0,0.0,Completed,1.5,2.63,1.51,2.75,1.53,2.8,1.48,2.65,9639,888
9656,1020,1006,1006,2024-04-15,2024-04-15,0,michelsen|a / rehberg|m,Munich,BMW Open,R32,R32,0.17777777777777778,1.0,1.0,1.0,54.77777777777778,27,Munich,BMW Open,2024-04-15,ATP250,Outdoor,Clay,1st Round,3,Michelsen A.,Rehberg M.,70,473.0,790,87.0,7.0,6.0,6.0,3.0,,,,,,,2.0,0.0,Completed,1.36,3.2,1.43,3.03,1.43,3.2,1.39,2.97,9656,889
9658,1022,1008,1008,2024-04-15,2024-04-15,0,canas|a / thiem|d <> moro canas|a / thiem|d,Munich,BMW Open,R32,R32,0.17777777777777778,1.0,1.0,1.0,54.77777777777778,27,Munich,BMW Open,2024-04-15,ATP250,Outdoor,Clay,1st Round,3,Moro Canas A.,Thiem D.,240,105.0,243,601.0,6.0,4.0,6.0,4.0,,,,,,,2.0,0.0,Completed,2.5,1.53,2.63,1.54,2.63,1.56,2.47,1.53,9658,890
9659,1023,1009,1009,2024-04-15,2024-04-15,0,molleker|r / passaro|f,Munich,BMW Open,R32,R32,0.17777777777777778,1.0,1.0,1.0,54.77777777777778,27,Munich,BMW Open,2024-04-15,ATP250,Outdoor,Clay,1st Round,3,Molleker R.,Passaro F.,179,235.0,341,252.0,6.0,4.0,6.0,2.0,,,,,,,2.0,0.0,Completed,2.1,1.73,2.1,1.81,2.12,1.81,2.04,1.76,9659,891
9660,1024,1007,1007,2024-04-15,2024-04-15,0,draper|j / kopriva|v,Munich,BMW Open,R32,R32,0.17777777777777778,1.0,1.0,1.0,54.77777777777778,27,Munich,BMW Open,2024-04-15,ATP250,Outdoor,Clay,1st Round,3,Draper J.,Kopriva V.,46,119.0,1066,520.0,6.0,1.0,5.0,7.0,6.0,4.0,,,,,2.0,1.0,Completed,1.17,5.0,1.22,4.72,1.22,5.0,1.19,4.52,9660,892
9682,1046,982,982,2024-04-15,2024-04-15,0,bonzi|b / coria|f,Bucharest,Tiriac Open,R32,R32,0.10666666666666667,1.0,1.0,1.0,50.86666666666667,26,Bucharest,Tiriac Open,2024-04-15,ATP250,Outdoor,Clay,1st Round,3,Coria F.,Bonzi B.,83,182.0,711,336.0,6.0,4.0,6.0,2.0,,,,,,,2.0,0.0,Completed,1.5,2.63,1.43,2.98,1.52,3.0,1.43,2.76,9682,893
9683,1047,979,979,2024-04-15,2024-04-15,0,nardi|l / seyboth wild|t <> nardi|l / wild|t,Bucharest,Tiriac Open,R32,R32,0.10666666666666667,1.0,1.0,1.0,50.86666666666667,26,Bucharest,Tiriac Open,2024-04-15,ATP250,Outdoor,Clay,1st Round,3,Seyboth Wild T.,Nardi L.,67,81.0,831,718.0,6.0,3.0,6.0,7.0,7.0,6.0,,,,,2.0,1.0,Completed,1.67,2.2,1.65,2.35,1.74,2.4,1.66,2.19,9683,894
9684,1048,980,980,2024-04-15,2024-04-15,0,darderi|l / navone|m,Bucharest,Tiriac Open,R32,R32,0.10666666666666667,1.0,1.0,1.0,50.86666666666667,26,Bucharest,Tiriac Open,2024-04-15,ATP250,Outdoor,Clay,1st Round,3,Navone M.,Darderi L.,52,64.0,976,875.0,6.0,2.0,6.0,3.0,,,,,,,2.0,0.0,Completed,2.0,1.8,2.14,1.78,2.14,1.8,2.05,1.75,9684,895
9690,1054,981,981,2024-04-15,2024-04-15,0,gaston|h / rinderknech|a,Bucharest,Tiriac Open,R32,R32,0.10666666666666667,1.0,1.0,1.0,50.86666666666667,26,Bucharest,Tiriac Open,2024-04-15,ATP250,Outdoor,Clay,1st Round,3,Rinderknech A.,Gaston H.,79,96.0,729,642.0,6.0,7.0,6.0,4.0,7.0,5.0,,,,,2.0,1.0,Completed,1.67,2.2,1.65,2.37,1.68,2.5,1.62,2.27,9690,896
9609,973,948,948,2024-04-15,2024-04-16,1,acosta|f / coric|b <> coric|b / diaz acosta|f,Barcelona,Barcelona Open,R32,R32,1.0,1.0,1.0,0.9523809523809523,99.76190476190476,25,Barcelona,Barcelona Open,2024-04-16,ATP500,Outdoor,Clay,2nd Round,3,Diaz Acosta F.,Coric B.,53,32.0,958,1244.0,6.0,2.0,7.0,5.0,,,,,,,2.0,0.0,Completed,2.1,1.73,2.18,1.76,2.3,1.83,2.17,1.69,9609,897
9616,980,950,950,2024-04-15,2024-04-16,1,arnaldi|m / baez|s,Barcelona,Barcelona Open,R32,R32,1.0,1.0,1.0,0.9523809523809523,99.76190476190476,25,Barcelona,Barcelona Open,2024-04-16,ATP500,Outdoor,Clay,2nd Round,3,Arnaldi M.,Baez S.,40,19.0,1121,1955.0,5.0,7.0,7.0,6.0,6.0,2.0,,,,,2.0,1.0,Completed,2.3,1.62,2.29,1.69,2.5,1.69,2.29,1.62,9616,898
9621,985,952,952,2024-04-15,2024-04-16,1,mayot|h / norrie|c,Barcelona,Barcelona Open,R32,R32,1.0,1.0,1.0,0.9523809523809523,99.76190476190476,25,Barcelona,Barcelona Open,2024-04-16,ATP500,Outdoor,Clay,2nd Round,3,Norrie C.,Mayot H.,31,116.0,1290,525.0,7.0,6.0,6.0,7.0,,,,,,,1.0,1.0,Retired,1.22,4.33,1.24,4.47,1.25,4.5,1.22,4.24,9621,899
9622,986,951,951,2024-04-15,2024-04-16,1,etcheverry|t / hardt|n,Barcelona,Barcelona Open,R32,R32,1.0,1.0,1.0,0.9523809523809523,99.76190476190476,25,Barcelona,Barcelona Open,2024-04-16,ATP500,Outdoor,Clay,2nd Round,3,Etcheverry T.,Hardt N.,30,229.0,1295,260.0,7.0,5.0,6.0,2.0,,,,,,,2.0,0.0,Completed,1.17,5.0,1.19,5.39,1.22,5.39,1.17,4.98,9622,900
9623,987,949,949,2024-04-15,2024-04-16,1,nakashima|b / rublev|a,Barcelona,Barcelona Open,R32,R32,1.0,1.0,1.0,0.9523809523809523,99.76190476190476,25,Barcelona,Barcelona Open,2024-04-16,ATP500,Outdoor,Clay,2nd Round,3,Nakashima B.,Rublev A.,87,8.0,695,3935.0,6.0,4.0,7.0,6.0,,,,,,,2.0,0.0,Completed,3.75,1.29,3.94,1.29,3.94,1.3,3.7,1.28,9623,901
9626,990,943,943,2024-04-15,2024-04-16,1,baena|r / grenier|h <> carballes baena|r / grenier|h,Barcelona,Barcelona Open,R64,R64,1.0,1.0,1.0,0.9523809523809523,99.76190476190476,25,Barcelona,Barcelona Open,2024-04-16,ATP500,Outdoor,Clay,1st Round,3,Carballes Baena R.,Grenier H.,72,159.0,771,407.0,6.0,2.0,6.0,4.0,,,,,,,2.0,0.0,Completed,1.17,5.5,1.18,5.43,1.2,5.6,1.17,5.11,9626,902
9628,992,947,947,2024-04-15,2024-04-16,1,cobolli|f / nadal|r,Barcelona,Barcelona Open,R64,R64,1.0,1.0,1.0,0.9523809523809523,99.76190476190476,25,Barcelona,Barcelona Open,2024-04-16,ATP500,Outdoor,Clay,1st Round,3,Nadal R.,Cobolli F.,644,62.0,50,880.0,6.0,2.0,6.0,3.0,,,,,,,2.0,0.0,Completed,1.22,4.33,1.26,4.24,1.26,4.53,1.22,4.19,9628,903
9629,993,946,946,2024-04-15,2024-04-16,1,altmaier|d / popyrin|a,Barcelona,Barcelona Open,R64,R64,1.0,1.0,1.0,0.9523809523809523,99.76190476190476,25,Barcelona,Barcelona Open,2024-04-16,ATP500,Outdoor,Clay,1st Round,3,Altmaier D.,Popyrin A.,66,44.0,856,1077.0,6.0,3.0,7.0,6.0,,,,,,,2.0,0.0,Completed,2.5,1.53,2.48,1.6,2.5,1.62,2.41,1.56,9629,904
9630,994,945,945,2024-04-15,2024-04-16,1,machac|t / shang|j,Barcelona,Barcelona Open,R64,R64,1.0,1.0,1.0,0.9523809523809523,99.76190476190476,25,Barcelona,Barcelona Open,2024-04-16,ATP500,Outdoor,Clay,1st Round,3,Machac T.,Shang J.,50,114.0,988,544.0,6.0,4.0,6.0,4.0,,,,,,,2.0,0.0,Completed,1.57,2.38,1.65,2.36,1.65,2.4,1.6,2.32,9630,905
9631,995,942,942,2024-04-15,2024-04-16,1,lajovic|d / schwartzman|d,Barcelona,Barcelona Open,R64,R64,1.0,1.0,1.0,0.9523809523809523,99.76190476190476,25,Barcelona,Barcelona Open,2024-04-16,ATP500,Outdoor,Clay,1st Round,3,Lajovic D.,Schwartzman D.,59,142.0,896,453.0,6.0,1.0,6.0,2.0,,,,,,,2.0,0.0,Completed,1.8,2.0,1.78,2.14,1.82,2.14,1.77,2.05,9631,906
9634,998,944,944,2024-04-15,2024-04-16,1,munar|j / nishioka|y,Barcelona,Barcelona Open,R64,R64,1.0,1.0,1.0,0.9523809523809523,99.76190476190476,25,Barcelona,Barcelona Open,2024-04-16,ATP500,Outdoor,Clay,1st Round,3,Munar J.,Nishioka Y.,73,71.0,770,788.0,6.0,3.0,6.0,1.0,,,,,,,2.0,0.0,Completed,1.25,4.0,1.3,3.85,1.3,4.05,1.27,3.74,9634,907
9655,1019,1010,1010,2024-04-15,2024-04-16,1,rodionov|j / vukic|a,Munich,BMW Open,R32,R32,0.17777777777777778,1.0,1.0,0.9523809523809523,54.53968253968254,27,Munich,BMW Open,2024-04-16,ATP250,Outdoor,Clay,1st Round,3,Rodionov J.,Vukic A.,118,65.0,520,857.0,6.0,2.0,6.0,3.0,,,,,,,2.0,0.0,Completed,2.2,1.67,2.23,1.72,2.25,1.72,2.18,1.66,9655,908
9657,1021,1012,1012,2024-04-15,2024-04-16,1,garin|c / koepfer|d,Munich,BMW Open,R32,R32,0.17777777777777778,1.0,1.0,0.9523809523809523,54.53968253968254,27,Munich,BMW Open,2024-04-16,ATP250,Outdoor,Clay,1st Round,3,Garin C.,Koepfer D.,106,54.0,598,938.0,7.0,6.0,6.0,3.0,,,,,,,2.0,0.0,Completed,1.91,1.91,2.04,1.85,2.04,2.0,1.91,1.87,9657,909
9661,1025,1014,1014,2024-04-15,2024-04-16,1,aliassime|f / marterer|m <> auger aliassime|f / marterer|m,Munich,BMW Open,R32,R32,0.17777777777777778,1.0,1.0,0.9523809523809523,54.53968253968254,27,Munich,BMW Open,2024-04-16,ATP250,Outdoor,Clay,1st Round,3,Auger-Aliassime F.,Marterer M.,34,101.0,1200,616.0,6.0,7.0,7.0,6.0,7.0,6.0,,,,,2.0,1.0,Completed,1.2,4.5,1.23,4.59,1.25,4.59,1.21,4.31,9661,910
9663,1027,1015,1015,2024-04-15,2024-04-16,1,gakhov|i / van de zandschulp|b,Munich,BMW Open,R32,R32,0.17777777777777778,1.0,1.0,0.9523809523809523,54.53968253968254,27,Munich,BMW Open,2024-04-16,ATP250,Outdoor,Clay,1st Round,3,Van De Zandschulp B.,Gakhov I.,89,280.0,670,202.0,6.0,4.0,2.0,6.0,6.0,3.0,,,,,2.0,1.0,Completed,1.25,4.0,1.31,3.79,1.31,4.0,1.28,3.62,9663,911
9664,1028,1016,1016,2024-04-15,2024-04-16,1,hanfmann|y / shevchenko|a,Munich,BMW Open,R32,R32,0.17777777777777778,1.0,1.0,0.9523809523809523,54.53968253968254,27,Munich,BMW Open,2024-04-16,ATP250,Outdoor,Clay,1st Round,3,Hanfmann Y.,Shevchenko A.,61,63.0,894,879.0,6.0,7.0,6.0,3.0,7.0,5.0,,,,,2.0,1.0,Completed,1.67,2.2,1.73,2.22,1.75,2.22,1.7,2.11,9664,912
9665,1029,1017,1017,2024-04-15,2024-04-16,1,huesler|m / topo|m,Munich,BMW Open,R32,R32,0.17777777777777778,1.0,1.0,0.9523809523809523,54.53968253968254,27,Munich,BMW Open,2024-04-16,ATP250,Outdoor,Clay,1st Round,3,Huesler M.A.,Topo M.,223,320.0,266,165.0,3.0,6.0,6.0,1.0,6.0,3.0,,,,,2.0,1.0,Completed,1.33,3.4,1.36,3.37,1.38,3.4,1.34,3.21,9665,913
9666,1030,1013,1013,2024-04-15,2024-04-16,1,carabelli|c / galan|d <> galan|d / ugo carabelli|c,Munich,BMW Open,R32,R32,0.17777777777777778,1.0,1.0,0.9523809523809523,54.53968253968254,27,Munich,BMW Open,2024-04-16,ATP250,Outdoor,Clay,1st Round,3,Galan D.E.,Ugo Carabelli C.,93,109.0,651,579.0,7.0,6.0,6.0,4.0,,,,,,,2.0,0.0,Completed,2.0,1.8,2.0,1.89,2.05,1.9,1.97,1.82,9666,914
9686,1050,989,989,2024-04-15,2024-04-16,1,goffin|d / kecmanovic|m,Bucharest,Tiriac Open,R32,R32,0.10666666666666667,1.0,1.0,0.9523809523809523,50.628571428571426,26,Bucharest,Tiriac Open,2024-04-16,ATP250,Outdoor,Clay,1st Round,3,Kecmanovic M.,Goffin D.,60,100.0,895,621.0,6.0,4.0,3.0,6.0,6.0,3.0,,,,,2.0,1.0,Completed,1.53,2.5,1.58,2.52,1.58,2.55,1.54,2.43,9686,915
9687,1051,987,987,2024-04-15,2024-04-16,1,martinez|p / taberner|c,Bucharest,Tiriac Open,R32,R32,0.10666666666666667,1.0,1.0,0.9523809523809523,50.628571428571426,26,Bucharest,Tiriac Open,2024-04-16,ATP250,Outdoor,Clay,1st Round,3,Martinez P.,Taberner C.,57,352.0,897,144.0,6.0,1.0,3.0,6.0,6.0,3.0,,,,,2.0,1.0,Completed,1.22,4.33,1.26,4.21,1.26,4.4,1.23,4.03,9687,916
9688,1052,983,983,2024-04-15,2024-04-16,1,fonseca|j / sonego|l,Bucharest,Tiriac Open,R32,R32,0.10666666666666667,1.0,1.0,0.9523809523809523,50.628571428571426,26,Bucharest,Tiriac Open,2024-04-16,ATP250,Outdoor,Clay,1st Round,3,Fonseca J.,Sonego L.,276,51.0,207,986.0,7.0,6.0,7.0,5.0,,,,,,,2.0,0.0,Completed,3.4,1.33,3.06,1.42,3.4,1.42,3.13,1.35,9688,917
9689,1053,985,985,2024-04-15,2024-04-16,1,albot|r / kovacevic|a,Bucharest,Tiriac Open,R32,R32,0.10666666666666667,1.0,1.0,0.9523809523809523,50.628571428571426,26,Bucharest,Tiriac Open,2024-04-16,ATP250,Outdoor,Clay,1st Round,3,Albot R.,Kovacevic A.,139,97.0,459,638.0,7.0,6.0,4.0,6.0,6.0,1.0,,,,,2.0,1.0,Completed,1.62,2.3,1.6,2.49,1.65,2.49,1.58,2.34,9689,918
9691,1055,988,988,2024-04-15,2024-04-16,1,borges|n / wawrinka|s,Bucharest,Tiriac Open,R32,R32,0.10666666666666667,1.0,1.0,0.9523809523809523,50.628571428571426,26,Bucharest,Tiriac Open,2024-04-16,ATP250,Outdoor,Clay,1st Round,3,Borges N.,Wawrinka S.,55,86.0,911,697.0,3.0,6.0,7.0,5.0,6.0,2.0,,,,,2.0,1.0,Completed,1.62,2.3,1.58,2.53,1.62,2.53,1.57,2.37,9691,919
9692,1056,986,986,2024-04-15,2024-04-16,1,moutet|c / shapovalov|d,Bucharest,Tiriac Open,R32,R32,0.10666666666666667,1.0,1.0,0.9523809523809523,50.628571428571426,26,Bucharest,Tiriac Open,2024-04-16,ATP250,Outdoor,Clay,1st Round,3,Moutet C.,Shapovalov D.,92,121.0,652,510.0,6.0,4.0,6.0,2.0,,,,,,,2.0,0.0,Completed,1.8,2.0,1.85,2.05,1.9,2.05,1.81,1.97,9692,920
9693,1057,984,984,2024-04-15,2024-04-16,1,fucsovics|m / vacherot|v,Bucharest,Tiriac Open,R32,R32,0.10666666666666667,1.0,1.0,0.9523809523809523,50.628571428571426,26,Bucharest,Tiriac Open,2024-04-16,ATP250,Outdoor,Clay,1st Round,3,Fucsovics M.,Vacherot V.,82,136.0,712,464.0,7.0,6.0,6.0,2.0,,,,,,,2.0,0.0,Completed,1.3,3.5,1.32,3.67,1.32,3.67,1.29,3.47,9693,921
9608,972,960,960,2024-04-15,2024-04-17,2,marozsan|f / van assche|l,Barcelona,Barcelona Open,R32,R32,1.0,1.0,1.0,0.9047619047619048,99.52380952380952,25,Barcelona,Barcelona Open,2024-04-17,ATP500,Outdoor,Clay,2nd Round,3,Marozsan F.,Van Assche L.,39,99.0,1122,625.0,6.0,0.0,3.0,2.0,,,,,,,1.0,0.0,Retired,1.62,2.3,1.68,2.3,1.68,2.32,1.66,2.23,9608,922
9610,974,961,961,2024-04-15,2024-04-17,2,baena|r / musetti|l <> carballes baena|r / musetti|l,Barcelona,Barcelona Open,R32,R32,1.0,1.0,1.0,0.9047619047619048,99.52380952380952,25,Barcelona,Barcelona Open,2024-04-17,ATP500,Outdoor,Clay,2nd Round,3,Carballes Baena R.,Musetti L.,72,24.0,771,1510.0,7.0,6.0,6.0,4.0,,,,,,,2.0,0.0,Completed,3.2,1.36,3.31,1.37,3.31,1.37,3.15,1.36,9610,923
9611,975,962,962,2024-04-15,2024-04-17,2,ofner|s / tsitsipas|s,Barcelona,Barcelona Open,R32,R32,1.0,1.0,1.0,0.9047619047619048,99.52380952380952,25,Barcelona,Barcelona Open,2024-04-17,ATP500,Outdoor,Clay,2nd Round,3,Tsitsipas S.,Ofner S.,7,43.0,3995,1081.0,6.0,4.0,7.0,5.0,,,,,,,2.0,0.0,Completed,1.07,9.0,1.09,9.31,1.09,9.33,1.08,8.16,9611,924
9612,976,959,959,2024-04-15,2024-04-17,2,de minaur|a / nadal|r,Barcelona,Barcelona Open,R32,R32,1.0,1.0,1.0,0.9047619047619048,99.52380952380952,25,Barcelona,Barcelona Open,2024-04-17,ATP500,Outdoor,Clay,2nd Round,3,De Minaur A.,Nadal R.,11,644.0,3510,50.0,7.0,5.0,6.0,1.0,,,,,,,2.0,0.0,Completed,2.0,1.8,2.04,1.86,2.1,1.86,2.01,1.8,9612,925
9613,977,963,963,2024-04-15,2024-04-17,2,altmaier|d / fils|a,Barcelona,Barcelona Open,R32,R32,1.0,1.0,1.0,0.9047619047619048,99.52380952380952,25,Barcelona,Barcelona Open,2024-04-17,ATP500,Outdoor,Clay,2nd Round,3,Fils A.,Altmaier D.,36,66.0,1185,856.0,6.0,4.0,1.0,6.0,6.0,1.0,,,,,2.0,1.0,Completed,1.67,2.2,1.68,2.3,1.68,2.3,1.66,2.21,9613,926
9614,978,953,953,2024-04-15,2024-04-17,2,davidovich fokina|a / machac|t <> fokina|a / machac|t,Barcelona,Barcelona Open,R32,R32,1.0,1.0,1.0,0.9047619047619048,99.52380952380952,25,Barcelona,Barcelona Open,2024-04-17,ATP500,Outdoor,Clay,2nd Round,3,Davidovich Fokina A.,Machac T.,27,50.0,1395,988.0,,,,,,,,,,,,,Walkover,1.67,2.2,1.72,2.23,1.75,2.23,1.7,2.15,9614,927
9615,979,958,958,2024-04-15,2024-04-17,2,humbert|u / lajovic|d,Barcelona,Barcelona Open,R32,R32,1.0,1.0,1.0,0.9047619047619048,99.52380952380952,25,Barcelona,Barcelona Open,2024-04-17,ATP500,Outdoor,Clay,2nd Round,3,Lajovic D.,Humbert U.,59,13.0,896,2535.0,6.0,4.0,6.0,4.0,,,,,,,2.0,0.0,Completed,2.75,1.44,2.68,1.53,2.78,1.53,2.61,1.49,9615,928
9617,981,955,955,2024-04-15,2024-04-17,2,jarry|n / trungelliti|m,Barcelona,Barcelona Open,R32,R32,1.0,1.0,1.0,0.9047619047619048,99.52380952380952,25,Barcelona,Barcelona Open,2024-04-17,ATP500,Outdoor,Clay,2nd Round,3,Trungelliti M.,Jarry N.,197,22.0,310,1685.0,7.0,6.0,6.0,3.0,,,,,,,2.0,0.0,Completed,4.33,1.22,4.39,1.25,4.39,1.25,4.17,1.23,9617,929
9618,982,956,956,2024-04-15,2024-04-17,2,munar|j / thompson|j,Barcelona,Barcelona Open,R32,R32,1.0,1.0,1.0,0.9047619047619048,99.52380952380952,25,Barcelona,Barcelona Open,2024-04-17,ATP500,Outdoor,Clay,2nd Round,3,Thompson J.,Munar J.,33,73.0,1235,770.0,6.0,4.0,2.0,6.0,6.0,4.0,,,,,2.0,1.0,Completed,3.5,1.3,3.66,1.32,3.75,1.33,3.49,1.3,9618,930
9619,983,957,957,2024-04-15,2024-04-17,2,muller|a / ruud|c,Barcelona,Barcelona Open,R32,R32,1.0,1.0,1.0,0.9047619047619048,99.52380952380952,25,Barcelona,Barcelona Open,2024-04-17,ATP500,Outdoor,Clay,2nd Round,3,Ruud C.,Muller A.,6,110.0,4025,560.0,6.0,3.0,6.0,4.0,,,,,,,2.0,0.0,Completed,1.1,7.0,1.12,7.37,1.12,7.69,1.11,6.67,9619,931
9620,984,954,954,2024-04-15,2024-04-17,2,agut|r / vavassori|a <> bautista agut|r / vavassori|a,Barcelona,Barcelona Open,R32,R32,1.0,1.0,1.0,0.9047619047619048,99.52380952380952,25,Barcelona,Barcelona Open,2024-04-17,ATP500,Outdoor,Clay,2nd Round,3,Bautista Agut R.,Vavassori A.,84,156.0,703,413.0,4.0,6.0,6.0,3.0,6.0,1.0,,,,,2.0,1.0,Completed,1.36,3.2,1.41,3.13,1.45,3.2,1.38,3.03,9620,932
9647,1011,1019,1019,2024-04-15,2024-04-17,2,rodionov|j / zverev|a,Munich,BMW Open,R16,R16,0.17777777777777778,1.0,1.0,0.9047619047619048,54.301587301587304,27,Munich,BMW Open,2024-04-17,ATP250,Outdoor,Clay,2nd Round,3,Zverev A.,Rodionov J.,5,118.0,5425,520.0,7.0,6.0,6.0,2.0,,,,,,,2.0,0.0,Completed,1.08,8.0,1.08,10.41,1.09,10.41,1.07,8.07,9647,933
9650,1014,1018,1018,2024-04-15,2024-04-17,2,draper|j / molleker|r,Munich,BMW Open,R16,R16,0.17777777777777778,1.0,1.0,0.9047619047619048,54.301587301587304,27,Munich,BMW Open,2024-04-17,ATP250,Outdoor,Clay,2nd Round,3,Draper J.,Molleker R.,46,179.0,1066,341.0,4.0,6.0,6.0,1.0,6.0,1.0,,,,,2.0,1.0,Completed,1.22,4.33,1.25,4.46,1.25,4.46,1.23,4.16,9650,934
9679,1043,991,991,2024-04-15,2024-04-17,2,rinderknech|a / tabilo|a,Bucharest,Tiriac Open,R16,R16,0.10666666666666667,1.0,1.0,0.9047619047619048,50.39047619047619,26,Bucharest,Tiriac Open,2024-04-17,ATP250,Outdoor,Clay,2nd Round,3,Tabilo A.,Rinderknech A.,41,79.0,1101,729.0,6.0,3.0,6.0,4.0,,,,,,,2.0,0.0,Completed,1.53,2.5,1.56,2.62,1.57,2.62,1.52,2.49,9679,935
9685,1049,990,990,2024-04-15,2024-04-17,2,barrere|g / kokkinakis|t,Bucharest,Tiriac Open,R32,R32,0.10666666666666667,1.0,1.0,0.9047619047619048,50.39047619047619,26,Bucharest,Tiriac Open,2024-04-17,ATP250,Outdoor,Clay,1st Round,3,Barrere G.,Kokkinakis T.,128,94.0,482,650.0,7.0,5.0,6.0,3.0,,,,,,,2.0,0.0,Completed,1.91,1.91,1.89,2.0,1.91,2.0,1.87,1.92,9685,936
9600,964,969,969,2024-04-15,2024-04-18,3,acosta|f / marozsan|f <> diaz acosta|f / marozsan|f,Barcelona,Barcelona Open,R16,R16,1.0,1.0,1.0,0.8571428571428572,99.28571428571429,25,Barcelona,Barcelona Open,2024-04-18,ATP500,Outdoor,Clay,3rd Round,3,Diaz Acosta F.,Marozsan F.,53,39.0,958,1122.0,3.0,6.0,6.0,3.0,6.0,1.0,,,,,2.0,1.0,Completed,2.38,1.57,2.38,1.66,2.4,1.66,2.33,1.6,9600,937
9601,965,970,970,2024-04-15,2024-04-18,3,baena|r / tsitsipas|s <> carballes baena|r / tsitsipas|s,Barcelona,Barcelona Open,R16,R16,1.0,1.0,1.0,0.8571428571428572,99.28571428571429,25,Barcelona,Barcelona Open,2024-04-18,ATP500,Outdoor,Clay,3rd Round,3,Tsitsipas S.,Carballes Baena R.,7,72.0,3995,771.0,7.0,5.0,6.0,3.0,,,,,,,2.0,0.0,Completed,1.14,5.5,1.17,5.91,1.17,5.95,1.15,5.42,9601,938
9602,966,971,971,2024-04-15,2024-04-18,3,de minaur|a / fils|a,Barcelona,Barcelona Open,R16,R16,1.0,1.0,1.0,0.8571428571428572,99.28571428571429,25,Barcelona,Barcelona Open,2024-04-18,ATP500,Outdoor,Clay,3rd Round,3,Fils A.,De Minaur A.,36,11.0,1185,3510.0,7.0,5.0,6.0,2.0,,,,,,,2.0,0.0,Completed,3.75,1.29,3.64,1.33,3.75,1.33,3.58,1.29,9602,939
9603,967,966,966,2024-04-15,2024-04-18,3,davidovich fokina|a / lajovic|d <> fokina|a / lajovic|d,Barcelona,Barcelona Open,R16,R16,1.0,1.0,1.0,0.8571428571428572,99.28571428571429,25,Barcelona,Barcelona Open,2024-04-18,ATP500,Outdoor,Clay,3rd Round,3,Lajovic D.,Davidovich Fokina A.,59,27.0,896,1395.0,7.0,6.0,3.0,6.0,6.0,1.0,,,,,2.0,1.0,Completed,2.2,1.67,2.38,1.65,2.38,1.73,2.24,1.65,9603,940
9604,968,967,967,2024-04-15,2024-04-18,3,arnaldi|m / trungelliti|m,Barcelona,Barcelona Open,R16,R16,1.0,1.0,1.0,0.8571428571428572,99.28571428571429,25,Barcelona,Barcelona Open,2024-04-18,ATP500,Outdoor,Clay,3rd Round,3,Arnaldi M.,Trungelliti M.,40,197.0,1121,310.0,6.0,3.0,6.0,0.0,,,,,,,2.0,0.0,Completed,1.25,4.0,1.27,4.2,1.29,4.2,1.26,3.92,9604,941
9605,969,968,968,2024-04-15,2024-04-18,3,ruud|c / thompson|j,Barcelona,Barcelona Open,R16,R16,1.0,1.0,1.0,0.8571428571428572,99.28571428571429,25,Barcelona,Barcelona Open,2024-04-18,ATP500,Outdoor,Clay,3rd Round,3,Ruud C.,Thompson J.,6,33.0,4025,1235.0,6.0,1.0,6.0,4.0,,,,,,,2.0,0.0,Completed,1.1,7.0,1.12,7.5,1.13,7.5,1.11,6.53,9605,942
9606,970,964,964,2024-04-15,2024-04-18,3,agut|r / norrie|c <> bautista agut|r / norrie|c,Barcelona,Barcelona Open,R16,R16,1.0,1.0,1.0,0.8571428571428572,99.28571428571429,25,Barcelona,Barcelona Open,2024-04-18,ATP500,Outdoor,Clay,3rd Round,3,Norrie C.,Bautista Agut R.,31,84.0,1290,703.0,6.0,4.0,6.0,3.0,,,,,,,2.0,0.0,Completed,1.67,2.2,1.75,2.21,1.75,2.22,1.69,2.16,9606,943
9607,971,965,965,2024-04-15,2024-04-18,3,etcheverry|t / nakashima|b,Barcelona,Barcelona Open,R16,R16,1.0,1.0,1.0,0.8571428571428572,99.28571428571429,25,Barcelona,Barcelona Open,2024-04-18,ATP500,Outdoor,Clay,3rd Round,3,Etcheverry T.,Nakashima B.,30,87.0,1295,695.0,3.0,6.0,7.0,6.0,6.0,4.0,,,,,2.0,1.0,Completed,1.67,2.2,1.71,2.27,1.76,2.29,1.68,2.19,9607,944
9648,1012,1020,1020,2024-04-15,2024-04-18,3,garin|c / michelsen|a,Munich,BMW Open,R16,R16,0.17777777777777778,1.0,1.0,0.8571428571428572,54.06349206349206,27,Munich,BMW Open,2024-04-18,ATP250,Outdoor,Clay,2nd Round,3,Garin C.,Michelsen A.,106,70.0,598,790.0,6.0,7.0,6.0,2.0,6.0,1.0,,,,,2.0,1.0,Completed,1.33,3.4,1.37,3.39,1.37,3.4,1.34,3.21,9648,945
9649,1013,1021,1021,2024-04-15,2024-04-18,3,canas|a / fritz|t <> fritz|t / moro canas|a,Munich,BMW Open,R16,R16,0.17777777777777778,1.0,1.0,0.8571428571428572,54.06349206349206,27,Munich,BMW Open,2024-04-18,ATP250,Outdoor,Clay,2nd Round,3,Fritz T.,Moro Canas A.,15,240.0,2450,243.0,6.0,3.0,6.0,1.0,,,,,,,2.0,0.0,Completed,1.2,4.5,1.22,4.93,1.22,4.93,1.2,4.45,9649,946
9651,1015,1025,1025,2024-04-15,2024-04-18,3,aliassime|f / daniel|t <> auger aliassime|f / daniel|t,Munich,BMW Open,R16,R16,0.17777777777777778,1.0,1.0,0.8571428571428572,54.06349206349206,27,Munich,BMW Open,2024-04-18,ATP250,Outdoor,Clay,2nd Round,3,Auger-Aliassime F.,Daniel T.,34,85.0,1200,702.0,6.0,3.0,6.0,2.0,,,,,,,2.0,0.0,Completed,1.33,3.4,1.32,3.72,1.33,3.73,1.31,3.37,9651,947
9652,1016,1024,1024,2024-04-15,2024-04-18,3,struff|j / van de zandschulp|b,Munich,BMW Open,R16,R16,0.17777777777777778,1.0,1.0,0.8571428571428572,54.06349206349206,27,Munich,BMW Open,2024-04-18,ATP250,Outdoor,Clay,2nd Round,3,Struff J.L.,Van De Zandschulp B.,28,89.0,1388,670.0,7.0,6.0,6.0,4.0,,,,,,,2.0,0.0,Completed,1.44,2.75,1.53,2.69,1.53,2.78,1.48,2.62,9652,948
9653,1017,1023,1023,2024-04-15,2024-04-18,3,hanfmann|y / huesler|m,Munich,BMW Open,R16,R16,0.17777777777777778,1.0,1.0,0.8571428571428572,54.06349206349206,27,Munich,BMW Open,2024-04-18,ATP250,Outdoor,Clay,2nd Round,3,Huesler M.A.,Hanfmann Y.,223,61.0,266,894.0,6.0,2.0,6.0,4.0,,,,,,,2.0,0.0,Completed,2.2,1.67,2.26,1.72,2.26,1.73,2.18,1.67,9653,949
9654,1018,1022,1022,2024-04-15,2024-04-18,3,galan|d / rune|h,Munich,BMW Open,R16,R16,0.17777777777777778,1.0,1.0,0.8571428571428572,54.06349206349206,27,Munich,BMW Open,2024-04-18,ATP250,Outdoor,Clay,2nd Round,3,Rune H.,Galan D.E.,12,93.0,3395,651.0,6.0,4.0,6.0,2.0,,,,,,,2.0,0.0,Completed,1.14,5.5,1.15,6.41,1.16,6.41,1.14,5.57,9654,950
9678,1042,992,992,2024-04-15,2024-04-18,3,albot|r / fonseca|j,Bucharest,Tiriac Open,R16,R16,0.10666666666666667,1.0,1.0,0.8571428571428572,50.15238095238095,26,Bucharest,Tiriac Open,2024-04-18,ATP250,Outdoor,Clay,2nd Round,3,Fonseca J.,Albot R.,276,139.0,207,459.0,7.0,6.0,6.0,2.0,,,,,,,2.0,0.0,Completed,1.67,2.2,1.69,2.29,1.69,2.29,1.66,2.21,9678,951
9680,1044,993,993,2024-04-15,2024-04-18,3,borges|n / moutet|c,Bucharest,Tiriac Open,R16,R16,0.10666666666666667,1.0,1.0,0.8571428571428572,50.15238095238095,26,Bucharest,Tiriac Open,2024-04-18,ATP250,Outdoor,Clay,2nd Round,3,Moutet C.,Borges N.,92,55.0,652,911.0,6.0,2.0,6.0,7.0,6.0,2.0,,,,,2.0,1.0,Completed,1.8,2.0,1.92,1.99,1.92,2.02,1.82,1.97,9680,952
9681,1045,994,994,2024-04-15,2024-04-18,3,fucsovics|m / griekspoor|t,Bucharest,Tiriac Open,R16,R16,0.10666666666666667,1.0,1.0,0.8571428571428572,50.15238095238095,26,Bucharest,Tiriac Open,2024-04-18,ATP250,Outdoor,Clay,2nd Round,3,Fucsovics M.,Griekspoor T.,82,25.0,712,1505.0,7.0,5.0,6.0,1.0,,,,,,,2.0,0.0,Completed,2.0,1.8,2.21,1.75,2.21,1.8,2.1,1.73,9681,953
9596,960,974,974,2024-04-15,2024-04-19,4,acosta|f / tsitsipas|s <> diaz acosta|f / tsitsipas|s,Barcelona,Barcelona Open,QF,QF,1.0,1.0,1.0,0.8095238095238095,99.04761904761905,25,Barcelona,Barcelona Open,2024-04-19,ATP500,Outdoor,Clay,Quarterfinals,3,Tsitsipas S.,Diaz Acosta F.,7,53.0,3995,958.0,4.0,6.0,6.0,3.0,7.0,6.0,,,,,2.0,1.0,Completed,1.14,5.5,1.18,5.69,1.18,6.15,1.14,5.57,9596,954
9597,961,975,975,2024-04-15,2024-04-19,4,fils|a / lajovic|d,Barcelona,Barcelona Open,QF,QF,1.0,1.0,1.0,0.8095238095238095,99.04761904761905,25,Barcelona,Barcelona Open,2024-04-19,ATP500,Outdoor,Clay,Quarterfinals,3,Lajovic D.,Fils A.,59,36.0,896,1185.0,6.0,4.0,3.0,6.0,6.0,2.0,,,,,2.0,1.0,Completed,2.38,1.57,2.35,1.67,2.38,1.7,2.3,1.62,9597,955
9598,962,973,973,2024-04-15,2024-04-19,4,arnaldi|m / ruud|c,Barcelona,Barcelona Open,QF,QF,1.0,1.0,1.0,0.8095238095238095,99.04761904761905,25,Barcelona,Barcelona Open,2024-04-19,ATP500,Outdoor,Clay,Quarterfinals,3,Ruud C.,Arnaldi M.,6,40.0,4025,1121.0,6.0,4.0,6.0,3.0,,,,,,,2.0,0.0,Completed,1.29,3.75,1.28,4.06,1.31,4.06,1.27,3.77,9598,956
9599,963,972,972,2024-04-15,2024-04-19,4,etcheverry|t / norrie|c,Barcelona,Barcelona Open,QF,QF,1.0,1.0,1.0,0.8095238095238095,99.04761904761905,25,Barcelona,Barcelona Open,2024-04-19,ATP500,Outdoor,Clay,Quarterfinals,3,Etcheverry T.,Norrie C.,30,31.0,1295,1290.0,7.0,6.0,7.0,6.0,,,,,,,2.0,0.0,Completed,2.1,1.73,2.11,1.82,2.12,1.82,2.08,1.75,9599,957
9643,1007,1027,1027,2024-04-15,2024-04-19,4,garin|c / zverev|a,Munich,BMW Open,QF,QF,0.17777777777777778,1.0,1.0,0.8095238095238095,53.82539682539682,27,Munich,BMW Open,2024-04-19,ATP250,Outdoor,Clay,Quarterfinals,3,Garin C.,Zverev A.,106,5.0,598,5425.0,6.0,4.0,6.0,4.0,,,,,,,2.0,0.0,Completed,5.0,1.17,5.44,1.19,5.44,1.2,4.85,1.18,9643,958
9644,1008,1026,1026,2024-04-15,2024-04-19,4,draper|j / fritz|t,Munich,BMW Open,QF,QF,0.17777777777777778,1.0,1.0,0.8095238095238095,53.82539682539682,27,Munich,BMW Open,2024-04-19,ATP250,Outdoor,Clay,Quarterfinals,3,Fritz T.,Draper J.,15,46.0,2450,1066.0,4.0,6.0,6.0,3.0,7.0,6.0,,,,,2.0,1.0,Completed,1.67,2.2,1.72,2.26,1.74,2.26,1.67,2.17,9644,959
9646,1010,1028,1028,2024-04-15,2024-04-19,4,huesler|m / rune|h,Munich,BMW Open,QF,QF,0.17777777777777778,1.0,1.0,0.8095238095238095,53.82539682539682,27,Munich,BMW Open,2024-04-19,ATP250,Outdoor,Clay,Quarterfinals,3,Rune H.,Huesler M.A.,12,223.0,3395,266.0,6.0,4.0,7.0,6.0,,,,,,,2.0,0.0,Completed,1.2,4.5,1.21,5.08,1.22,5.08,1.19,4.55,9646,960
9671,1035,1000,1000,2024-04-15,2024-04-19,4,barrere|g / martinez|p,Bucharest,Tiriac Open,QF,QF,0.10666666666666667,1.0,1.0,0.8095238095238095,49.91428571428571,26,Bucharest,Tiriac Open,2024-04-19,ATP250,Outdoor,Clay,Quarterfinals,3,Barrere G.,Martinez P.,128,57.0,482,897.0,6.0,7.0,6.0,3.0,6.0,4.0,,,,,2.0,1.0,Completed,2.75,1.44,2.7,1.52,2.8,1.55,2.66,1.47,9671,961
9672,1036,1001,1001,2024-04-15,2024-04-19,4,fonseca|j / tabilo|a,Bucharest,Tiriac Open,QF,QF,0.10666666666666667,1.0,1.0,0.8095238095238095,49.91428571428571,26,Bucharest,Tiriac Open,2024-04-19,ATP250,Outdoor,Clay,Quarterfinals,3,Tabilo A.,Fonseca J.,41,276.0,1101,207.0,4.0,6.0,7.0,6.0,6.0,4.0,,,,,2.0,1.0,Completed,1.5,2.63,1.53,2.69,1.53,2.75,1.49,2.58,9672,962
9673,1037,999,999,2024-04-15,2024-04-19,4,fucsovics|m / moutet|c,Bucharest,Tiriac Open,QF,QF,0.10666666666666667,1.0,1.0,0.8095238095238095,49.91428571428571,26,Bucharest,Tiriac Open,2024-04-19,ATP250,Outdoor,Clay,Quarterfinals,3,Fucsovics M.,Moutet C.,82,92.0,712,652.0,4.0,6.0,6.0,4.0,6.0,1.0,,,,,2.0,1.0,Completed,1.8,2.0,1.81,2.12,1.9,2.12,1.79,2.0,9673,963
9674,1038,998,998,2024-04-15,2024-04-19,4,cerundolo|f / coria|f,Bucharest,Tiriac Open,R16,R16,0.10666666666666667,1.0,1.0,0.8095238095238095,49.91428571428571,26,Bucharest,Tiriac Open,2024-04-19,ATP250,Outdoor,Clay,2nd Round,3,Cerundolo F.,Coria F.,21,83.0,1720,711.0,7.0,5.0,6.0,1.0,,,,,,,2.0,0.0,Completed,1.5,2.63,1.58,2.54,1.58,2.63,1.53,2.47,9674,964
9675,1039,997,997,2024-04-15,2024-04-19,4,navone|m / seyboth wild|t <> navone|m / wild|t,Bucharest,Tiriac Open,R16,R16,0.10666666666666667,1.0,1.0,0.8095238095238095,49.91428571428571,26,Bucharest,Tiriac Open,2024-04-19,ATP250,Outdoor,Clay,2nd Round,3,Navone M.,Seyboth Wild T.,52,67.0,976,831.0,6.0,3.0,2.0,6.0,7.0,5.0,,,,,2.0,1.0,Completed,1.73,2.1,1.79,2.14,1.8,2.14,1.74,2.06,9675,965
9676,1040,995,995,2024-04-15,2024-04-19,4,barrere|g / korda|s,Bucharest,Tiriac Open,R16,R16,0.10666666666666667,1.0,1.0,0.8095238095238095,49.91428571428571,26,Bucharest,Tiriac Open,2024-04-19,ATP250,Outdoor,Clay,2nd Round,3,Barrere G.,Korda S.,128,26.0,482,1485.0,6.0,4.0,6.0,4.0,,,,,,,2.0,0.0,Completed,4.5,1.2,4.55,1.25,4.55,1.25,4.22,1.22,9676,966
9677,1041,996,996,2024-04-15,2024-04-19,4,kecmanovic|m / martinez|p,Bucharest,Tiriac Open,R16,R16,0.10666666666666667,1.0,1.0,0.8095238095238095,49.91428571428571,26,Bucharest,Tiriac Open,2024-04-19,ATP250,Outdoor,Clay,2nd Round,3,Martinez P.,Kecmanovic M.,57,60.0,897,895.0,7.0,6.0,3.0,6.0,6.0,3.0,,,,,2.0,1.0,Completed,1.8,2.0,1.89,2.02,1.89,2.1,1.8,1.99,9677,967
9594,958,977,977,2024-04-15,2024-04-20,5,lajovic|d / tsitsipas|s,Barcelona,Barcelona Open,SF,SF,1.0,1.0,1.0,0.7619047619047619,98.80952380952381,25,Barcelona,Barcelona Open,2024-04-20,ATP500,Outdoor,Clay,Semifinals,3,Tsitsipas S.,Lajovic D.,7,59.0,3995,896.0,5.0,7.0,6.0,4.0,6.0,2.0,,,,,2.0,1.0,Completed,1.2,4.5,1.23,4.69,1.23,4.69,1.21,4.41,9594,968
9595,959,976,976,2024-04-15,2024-04-20,5,etcheverry|t / ruud|c,Barcelona,Barcelona Open,SF,SF,1.0,1.0,1.0,0.7619047619047619,98.80952380952381,25,Barcelona,Barcelona Open,2024-04-20,ATP500,Outdoor,Clay,Semifinals,3,Ruud C.,Etcheverry T.,6,30.0,4025,1295.0,7.0,6.0,6.0,4.0,,,,,,,2.0,0.0,Completed,1.25,4.0,1.25,4.41,1.26,4.41,1.24,4.06,9595,969
9641,1005,1030,1030,2024-04-15,2024-04-20,5,fritz|t / garin|c,Munich,BMW Open,SF,SF,0.17777777777777778,1.0,1.0,0.7619047619047619,53.58730158730159,27,Munich,BMW Open,2024-04-20,ATP250,Outdoor,Clay,Semifinals,3,Fritz T.,Garin C.,15,106.0,2450,598.0,6.0,3.0,6.0,4.0,,,,,,,2.0,0.0,Completed,1.53,2.5,1.56,2.62,1.57,2.62,1.53,2.46,9641,970
9642,1006,1031,1031,2024-04-15,2024-04-20,5,rune|h / struff|j,Munich,BMW Open,SF,SF,0.17777777777777778,1.0,1.0,0.7619047619047619,53.58730158730159,27,Munich,BMW Open,2024-04-20,ATP250,Outdoor,Clay,Semifinals,3,Struff J.L.,Rune H.,28,12.0,1388,3395.0,6.0,2.0,6.0,0.0,,,,,,,2.0,0.0,Completed,2.63,1.5,2.68,1.53,2.68,1.53,2.54,1.5,9642,971
9645,1009,1029,1029,2024-04-15,2024-04-20,5,aliassime|f / struff|j <> auger aliassime|f / struff|j,Munich,BMW Open,QF,QF,0.17777777777777778,1.0,1.0,0.7619047619047619,53.58730158730159,27,Munich,BMW Open,2024-04-20,ATP250,Outdoor,Clay,Quarterfinals,3,Struff J.L.,Auger-Aliassime F.,28,34.0,1388,1200.0,7.0,5.0,6.0,4.0,,,,,,,2.0,0.0,Completed,1.91,1.91,2.05,1.86,2.05,1.95,1.91,1.9,9645,972
9668,1032,1004,1004,2024-04-15,2024-04-20,5,barrere|g / navone|m,Bucharest,Tiriac Open,SF,SF,0.10666666666666667,1.0,1.0,0.7619047619047619,49.67619047619048,26,Bucharest,Tiriac Open,2024-04-20,ATP250,Outdoor,Clay,Semifinals,3,Navone M.,Barrere G.,52,128.0,976,482.0,6.0,3.0,6.0,4.0,,,,,,,2.0,0.0,Completed,1.5,2.63,1.55,2.6,1.55,2.78,1.51,2.54,9668,973
9669,1033,1003,1003,2024-04-15,2024-04-20,5,fucsovics|m / tabilo|a,Bucharest,Tiriac Open,SF,SF,0.10666666666666667,1.0,1.0,0.7619047619047619,49.67619047619048,26,Bucharest,Tiriac Open,2024-04-20,ATP250,Outdoor,Clay,Semifinals,3,Fucsovics M.,Tabilo A.,82,41.0,712,1101.0,6.0,4.0,6.0,4.0,,,,,,,2.0,0.0,Completed,1.73,2.1,1.83,2.09,1.83,2.19,1.73,2.09,9669,974
9670,1034,1002,1002,2024-04-15,2024-04-20,5,cerundolo|f / navone|m,Bucharest,Tiriac Open,QF,QF,0.10666666666666667,1.0,1.0,0.7619047619047619,49.67619047619048,26,Bucharest,Tiriac Open,2024-04-20,ATP250,Outdoor,Clay,Quarterfinals,3,Navone M.,Cerundolo F.,52,21.0,976,1720.0,5.0,7.0,6.0,4.0,7.0,5.0,,,,,2.0,1.0,Completed,2.2,1.67,2.4,1.63,2.4,1.67,2.27,1.62,9670,975
9593,957,978,978,2024-04-15,2024-04-21,6,ruud|c / tsitsipas|s,Barcelona,Barcelona Open,F,F,1.0,1.0,1.0,0.7142857142857143,98.57142857142857,25,Barcelona,Barcelona Open,2024-04-21,ATP500,Outdoor,Clay,The Final,3,Ruud C.,Tsitsipas S.,6,7.0,4025,3995.0,7.0,5.0,6.0,3.0,,,,,,,2.0,0.0,Completed,1.73,2.1,1.79,2.14,1.83,2.15,1.75,2.07,9593,976
9640,1004,1032,1032,2024-04-15,2024-04-21,6,fritz|t / struff|j,Munich,BMW Open,F,F,0.17777777777777778,1.0,1.0,0.7142857142857143,53.34920634920635,27,Munich,BMW Open,2024-04-21,ATP250,Outdoor,Clay,The Final,3,Struff J.L.,Fritz T.,28,15.0,1388,2450.0,7.0,5.0,6.0,3.0,,,,,,,2.0,0.0,Completed,2.1,1.73,2.14,1.79,2.21,1.79,2.1,1.72,9640,977
9667,1031,1005,1005,2024-04-15,2024-04-21,6,fucsovics|m / navone|m,Bucharest,Tiriac Open,F,F,0.10666666666666667,1.0,1.0,0.7142857142857143,49.43809523809524,26,Bucharest,Tiriac Open,2024-04-21,ATP250,Outdoor,Clay,The Final,3,Fucsovics M.,Navone M.,82,52.0,712,976.0,6.0,4.0,7.0,5.0,,,,,,,2.0,0.0,Completed,1.67,2.2,1.68,2.32,1.73,2.32,1.68,2.17,9667,978
9773,1137,1043,1043,2024-04-22,2024-04-24,2,draper|j / kokkinakis|t,Madrid Masters,Mutua Madrid Open,R128,R128,0.5333333333333333,1.0,1.0,0.9047619047619048,73.85714285714285,28,Madrid,Mutua Madrid Open,2024-04-24,Masters 1000,Outdoor,Clay,1st Round,3,Draper J.,Kokkinakis T.,43,93.0,1106,650.0,6.0,3.0,3.0,6.0,7.0,5.0,,,,,2.0,1.0,Completed,1.53,2.5,1.56,2.59,1.58,2.64,1.53,2.49,9773,979
9774,1138,1037,1037,2024-04-22,2024-04-24,2,altmaier|d / landaluce|m,Madrid Masters,Mutua Madrid Open,R128,R128,0.5333333333333333,1.0,1.0,0.9047619047619048,73.85714285714285,28,Madrid,Mutua Madrid Open,2024-04-24,Masters 1000,Outdoor,Clay,1st Round,3,Altmaier D.,Landaluce M.,61,322.0,871,160.0,6.0,1.0,7.0,5.0,,,,,,,2.0,0.0,Completed,1.33,3.4,1.36,3.41,1.36,3.5,1.33,3.28,9774,980
9775,1139,1039,1039,2024-04-22,2024-04-24,2,bergs|z / van assche|l,Madrid Masters,Mutua Madrid Open,R128,R128,0.5333333333333333,1.0,1.0,0.9047619047619048,73.85714285714285,28,Madrid,Mutua Madrid Open,2024-04-24,Masters 1000,Outdoor,Clay,1st Round,3,Van Assche L.,Bergs Z.,99,103.0,630,597.0,6.0,4.0,6.0,7.0,6.0,1.0,,,,,2.0,1.0,Completed,1.67,2.2,1.71,2.25,1.79,2.25,1.68,2.17,9775,981
9776,1140,1040,1040,2024-04-22,2024-04-24,2,darderi|l / monfils|g,Madrid Masters,Mutua Madrid Open,R128,R128,0.5333333333333333,1.0,1.0,0.9047619047619048,73.85714285714285,28,Madrid,Mutua Madrid Open,2024-04-24,Masters 1000,Outdoor,Clay,1st Round,3,Darderi L.,Monfils G.,60,40.0,875,1142.0,6.0,4.0,6.0,2.0,,,,,,,2.0,0.0,Completed,2.3,1.62,2.24,1.72,2.38,1.72,2.21,1.66,9776,982
9777,1141,1046,1046,2024-04-22,2024-04-24,2,klein|l / llamas ruiz|p <> klein|l / ruiz|p,Madrid Masters,Mutua Madrid Open,R128,R128,0.5333333333333333,1.0,1.0,0.9047619047619048,73.85714285714285,28,Madrid,Mutua Madrid Open,2024-04-24,Masters 1000,Outdoor,Clay,1st Round,3,Klein L.,Llamas Ruiz P.,120,146.0,524,434.0,6.0,1.0,4.0,6.0,7.0,6.0,,,,,2.0,1.0,Completed,1.91,1.91,1.93,1.96,1.96,1.96,1.89,1.9,9777,983
9778,1142,1041,1041,2024-04-22,2024-04-24,2,karatsev|a / marozsan|f,Madrid Masters,Mutua Madrid Open,R128,R128,0.5333333333333333,1.0,1.0,0.9047619047619048,73.85714285714285,28,Madrid,Mutua Madrid Open,2024-04-24,Masters 1000,Outdoor,Clay,1st Round,3,Marozsan F.,Karatsev A.,37,48.0,1164,1041.0,7.0,6.0,7.0,6.0,,,,,,,2.0,0.0,Completed,1.14,5.5,1.22,4.84,1.25,5.5,1.2,4.54,9778,984
9779,1143,1048,1048,2024-04-22,2024-04-24,2,acosta|f / shapovalov|d <> diaz acosta|f / shapovalov|d,Madrid Masters,Mutua Madrid Open,R128,R128,0.5333333333333333,1.0,1.0,0.9047619047619048,73.85714285714285,28,Madrid,Mutua Madrid Open,2024-04-24,Masters 1000,Outdoor,Clay,1st Round,3,Shapovalov D.,Diaz Acosta F.,132,47.0,465,1048.0,6.0,4.0,3.0,6.0,6.0,3.0,,,,,2.0,1.0,Completed,2.38,1.57,2.35,1.65,2.4,1.65,2.29,1.61,9779,985
9780,1144,1042,1042,2024-04-22,2024-04-24,2,coric|b / hassan|b,Madrid Masters,Mutua Madrid Open,R128,R128,0.5333333333333333,1.0,1.0,0.9047619047619048,73.85714285714285,28,Madrid,Mutua Madrid Open,2024-04-24,Masters 1000,Outdoor,Clay,1st Round,3,Coric B.,Hassan B.,34,159.0,1244,395.0,6.0,7.0,7.0,5.0,6.0,3.0,,,,,2.0,1.0,Completed,1.3,3.5,1.32,3.66,1.35,3.66,1.3,3.46,9780,986
9781,1145,1044,1044,2024-04-22,2024-04-24,2,bagnis|f / nakashima|b,Madrid Masters,Mutua Madrid Open,R128,R128,0.5333333333333333,1.0,1.0,0.9047619047619048,73.85714285714285,28,Madrid,Mutua Madrid Open,2024-04-24,Masters 1000,Outdoor,Clay,1st Round,3,Bagnis F.,Nakashima B.,136,81.0,460,725.0,6.0,3.0,7.0,6.0,,,,,,,2.0,0.0,Completed,3.0,1.4,2.87,1.47,3.0,1.48,2.77,1.44,9781,987
9782,1146,1047,1047,2024-04-22,2024-04-24,2,moutet|c / shang|j,Madrid Masters,Mutua Madrid Open,R128,R128,0.5333333333333333,1.0,1.0,0.9047619047619048,73.85714285714285,28,Madrid,Mutua Madrid Open,2024-04-24,Masters 1000,Outdoor,Clay,1st Round,3,Shang J.,Moutet C.,111,88.0,560,695.0,6.0,7.0,6.0,2.0,7.0,6.0,,,,,2.0,1.0,Completed,2.38,1.57,2.42,1.63,2.55,1.63,2.39,1.57,9782,988
9783,1147,1035,1035,2024-04-22,2024-04-24,2,daniel|t / vukic|a,Madrid Masters,Mutua Madrid Open,R128,R128,0.5333333333333333,1.0,1.0,0.9047619047619048,73.85714285714285,28,Madrid,Mutua Madrid Open,2024-04-24,Masters 1000,Outdoor,Clay,1st Round,3,Daniel T.,Vukic A.,85,62.0,717,857.0,6.0,2.0,6.0,7.0,6.0,1.0,,,,,2.0,1.0,Completed,1.91,1.91,1.97,1.92,2.03,2.0,1.89,1.9,9783,989
9784,1148,1034,1034,2024-04-22,2024-04-24,2,navone|m / popyrin|a,Madrid Masters,Mutua Madrid Open,R128,R128,0.5333333333333333,1.0,1.0,0.9047619047619048,73.85714285714285,28,Madrid,Mutua Madrid Open,2024-04-24,Masters 1000,Outdoor,Clay,1st Round,3,Navone M.,Popyrin A.,41,46.0,1141,1057.0,7.0,5.0,6.0,2.0,,,,,,,2.0,0.0,Completed,2.1,1.73,2.2,1.74,2.2,1.75,2.11,1.72,9784,990
9785,1149,1045,1045,2024-04-22,2024-04-24,2,eubanks|c / van de zandschulp|b,Madrid Masters,Mutua Madrid Open,R128,R128,0.5333333333333333,1.0,1.0,0.9047619047619048,73.85714285714285,28,Madrid,Mutua Madrid Open,2024-04-24,Masters 1000,Outdoor,Clay,1st Round,3,Van De Zandschulp B.,Eubanks C.,115,44.0,545,1087.0,6.0,3.0,6.0,3.0,,,,,,,2.0,0.0,Completed,1.33,3.4,1.34,3.56,1.37,3.56,1.32,3.33,9785,991
9786,1150,1033,1033,2024-04-22,2024-04-24,2,borges|n / munar|j,Madrid Masters,Mutua Madrid Open,R128,R128,0.5333333333333333,1.0,1.0,0.9047619047619048,73.85714285714285,28,Madrid,Mutua Madrid Open,2024-04-24,Masters 1000,Outdoor,Clay,1st Round,3,Munar J.,Borges N.,73,56.0,785,916.0,7.0,5.0,6.0,4.0,,,,,,,2.0,0.0,Completed,1.67,2.2,1.71,2.24,1.75,2.28,1.68,2.17,9786,992
9787,1151,1036,1036,2024-04-22,2024-04-24,2,safiullin|r / seyboth wild|t <> safiullin|r / wild|t,Madrid Masters,Mutua Madrid Open,R128,R128,0.5333333333333333,1.0,1.0,0.9047619047619048,73.85714285714285,28,Madrid,Mutua Madrid Open,2024-04-24,Masters 1000,Outdoor,Clay,1st Round,3,Seyboth Wild T.,Safiullin R.,63,42.0,849,1139.0,6.0,4.0,6.0,4.0,,,,,,,2.0,0.0,Completed,1.73,2.1,1.85,2.05,1.85,2.1,1.8,2.0,9787,993
9788,1152,1038,1038,2024-04-22,2024-04-24,2,rinderknech|a / shevchenko|a,Madrid Masters,Mutua Madrid Open,R128,R128,0.5333333333333333,1.0,1.0,0.9047619047619048,73.85714285714285,28,Madrid,Mutua Madrid Open,2024-04-24,Masters 1000,Outdoor,Clay,1st Round,3,Shevchenko A.,Rinderknech A.,59,77.0,879,744.0,6.0,4.0,5.0,7.0,6.0,3.0,,,,,2.0,1.0,Completed,2.0,1.8,2.04,1.85,2.04,1.86,1.98,1.81,9788,994
9757,1121,1054,1054,2024-04-22,2024-04-25,3,gasquet|r / sonego|l,Madrid Masters,Mutua Madrid Open,R128,R128,0.5333333333333333,1.0,1.0,0.8571428571428572,73.61904761904762,28,Madrid,Mutua Madrid Open,2024-04-25,Masters 1000,Outdoor,Clay,1st Round,3,Sonego L.,Gasquet R.,52,116.0,976,545.0,6.0,2.0,7.0,5.0,,,,,,,2.0,0.0,Completed,1.44,2.75,1.49,2.81,1.5,2.81,1.46,2.67,9757,995
9759,1123,1050,1050,2024-04-22,2024-04-25,3,cobolli|f / tabilo|a,Madrid Masters,Mutua Madrid Open,R128,R128,0.5333333333333333,1.0,1.0,0.8571428571428572,73.61904761904762,28,Madrid,Mutua Madrid Open,2024-04-25,Masters 1000,Outdoor,Clay,1st Round,3,Cobolli F.,Tabilo A.,64,38.0,848,1151.0,5.0,7.0,6.0,4.0,6.0,4.0,,,,,2.0,1.0,Completed,2.38,1.57,2.33,1.67,2.5,1.67,2.33,1.59,9759,996
9760,1124,1057,1057,2024-04-22,2024-04-25,3,agut|r / galan|d <> bautista agut|r / galan|d,Madrid Masters,Mutua Madrid Open,R128,R128,0.5333333333333333,1.0,1.0,0.8571428571428572,73.61904761904762,28,Madrid,Mutua Madrid Open,2024-04-25,Masters 1000,Outdoor,Clay,1st Round,3,Bautista Agut R.,Galan D.E.,86,89.0,708,666.0,7.0,6.0,4.0,6.0,6.0,1.0,,,,,2.0,1.0,Completed,1.4,3.0,1.4,3.16,1.44,3.16,1.4,2.91,9760,997
9761,1125,1058,1058,2024-04-22,2024-04-25,3,hanfmann|y / mensik|j,Madrid Masters,Mutua Madrid Open,R128,R128,0.5333333333333333,1.0,1.0,0.8571428571428572,73.61904761904762,28,Madrid,Mutua Madrid Open,2024-04-25,Masters 1000,Outdoor,Clay,1st Round,3,Mensik J.,Hanfmann Y.,74,58.0,766,899.0,6.0,4.0,7.0,6.0,,,,,,,2.0,0.0,Completed,1.73,2.1,1.81,2.1,1.81,2.25,1.74,2.08,9761,998
9762,1126,1051,1051,2024-04-22,2024-04-25,3,aliassime|f / nishioka|y <> auger aliassime|f / nishioka|y,Madrid Masters,Mutua Madrid Open,R128,R128,0.5333333333333333,1.0,1.0,0.8571428571428572,73.61904761904762,28,Madrid,Mutua Madrid Open,2024-04-25,Masters 1000,Outdoor,Clay,1st Round,3,Auger-Aliassime F.,Nishioka Y.,35,78.0,1240,743.0,4.0,6.0,6.0,1.0,6.0,4.0,,,,,2.0,1.0,Completed,1.22,4.33,1.25,4.32,1.27,4.6,1.22,4.18,9762,999
9763,1127,1063,1063,2024-04-22,2024-04-25,3,fonseca|j / michelsen|a,Madrid Masters,Mutua Madrid Open,R128,R128,0.5333333333333333,1.0,1.0,0.8571428571428572,73.61904761904762,28,Madrid,Mutua Madrid Open,2024-04-25,Masters 1000,Outdoor,Clay,1st Round,3,Fonseca J.,Michelsen A.,242,70.0,241,799.0,4.0,6.0,6.0,0.0,6.0,2.0,,,,,2.0,1.0,Completed,1.57,2.38,1.57,2.56,1.62,2.6,1.54,2.44,9763,1000
9766,1130,1053,1053,2024-04-22,2024-04-25,3,giron|m / purcell|m,Madrid Masters,Mutua Madrid Open,R128,R128,0.5333333333333333,1.0,1.0,0.8571428571428572,73.61904761904762,28,Madrid,Mutua Madrid Open,2024-04-25,Masters 1000,Outdoor,Clay,1st Round,3,Purcell M.,Giron M.,80,51.0,731,995.0,4.0,6.0,6.0,4.0,7.0,6.0,,,,,2.0,1.0,Completed,3.75,1.29,3.73,1.31,3.8,1.39,3.55,1.29,9766,1001
9767,1131,1064,1064,2024-04-22,2024-04-25,3,baena|r / koepfer|d <> carballes baena|r / koepfer|d,Madrid Masters,Mutua Madrid Open,R128,R128,0.5333333333333333,1.0,1.0,0.8571428571428572,73.61904761904762,28,Madrid,Mutua Madrid Open,2024-04-25,Masters 1000,Outdoor,Clay,1st Round,3,Carballes Baena R.,Koepfer D.,68,54.0,821,938.0,6.0,1.0,3.0,6.0,7.0,6.0,,,,,2.0,1.0,Completed,1.53,2.5,1.63,2.4,1.65,2.54,1.59,2.34,9767,1002
9768,1132,1052,1052,2024-04-22,2024-04-25,3,machac|t / ruusuvuori|e,Madrid Masters,Mutua Madrid Open,R128,R128,0.5333333333333333,1.0,1.0,0.8571428571428572,73.61904761904762,28,Madrid,Mutua Madrid Open,2024-04-25,Masters 1000,Outdoor,Clay,1st Round,3,Machac T.,Ruusuvuori E.,50,71.0,1013,795.0,6.0,4.0,1.0,6.0,6.0,2.0,,,,,2.0,1.0,Completed,1.5,2.63,1.53,2.65,1.54,2.75,1.49,2.6,9768,1003
9769,1133,1062,1062,2024-04-22,2024-04-25,3,blanch|d / nadal|r,Madrid Masters,Mutua Madrid Open,R128,R128,0.5333333333333333,1.0,1.0,0.8571428571428572,73.61904761904762,28,Madrid,Mutua Madrid Open,2024-04-25,Masters 1000,Outdoor,Clay,1st Round,3,Nadal R.,Blanch D.,512,622.0,75,54.0,6.0,1.0,6.0,0.0,,,,,,,2.0,0.0,Completed,1.04,13.0,1.05,15.34,1.09,15.34,1.03,11.76,9769,1004
9770,1134,1049,1049,2024-04-22,2024-04-25,3,cachin|p / ofner|s,Madrid Masters,Mutua Madrid Open,R128,R128,0.5333333333333333,1.0,1.0,0.8571428571428572,73.61904761904762,28,Madrid,Mutua Madrid Open,2024-04-25,Masters 1000,Outdoor,Clay,1st Round,3,Cachin P.,Ofner S.,91,45.0,653,1076.0,6.0,3.0,6.0,3.0,,,,,,,2.0,0.0,Completed,2.75,1.44,2.65,1.53,2.75,1.54,2.59,1.49,9770,1005
9771,1135,1061,1061,2024-04-22,2024-04-25,3,kovacevic|a / medjedovic|h,Madrid Masters,Mutua Madrid Open,R128,R128,0.5333333333333333,1.0,1.0,0.8571428571428572,73.61904761904762,28,Madrid,Mutua Madrid Open,2024-04-25,Masters 1000,Outdoor,Clay,1st Round,3,Medjedovic H.,Kovacevic A.,130,97.0,475,638.0,4.0,6.0,7.0,5.0,6.0,4.0,,,,,2.0,1.0,Completed,1.44,2.75,1.5,2.76,1.52,3.0,1.47,2.65,9771,1006
9772,1136,1055,1055,2024-04-22,2024-04-25,3,lajovic|d / monteiro|t,Madrid Masters,Mutua Madrid Open,R128,R128,0.5333333333333333,1.0,1.0,0.8571428571428572,73.61904761904762,28,Madrid,Mutua Madrid Open,2024-04-25,Masters 1000,Outdoor,Clay,1st Round,3,Monteiro T.,Lajovic D.,118,65.0,545,846.0,6.0,4.0,6.0,3.0,,,,,,,2.0,0.0,Completed,2.5,1.53,2.55,1.57,2.8,1.57,2.55,1.51,9772,1007
9741,1105,1073,1073,2024-04-22,2024-04-26,4,draper|j / hurkacz|h,Madrid Masters,Mutua Madrid Open,R64,R64,0.5333333333333333,1.0,1.0,0.8095238095238095,73.38095238095238,28,Madrid,Mutua Madrid Open,2024-04-26,Masters 1000,Outdoor,Clay,2nd Round,3,Hurkacz H.,Draper J.,9,43.0,3675,1106.0,6.0,1.0,7.0,5.0,,,,,,,2.0,0.0,Completed,1.67,2.2,1.75,2.21,1.75,2.45,1.67,2.2,9741,1008
9742,1106,1069,1069,2024-04-22,2024-04-26,4,altmaier|d / fils|a,Madrid Masters,Mutua Madrid Open,R64,R64,0.5333333333333333,1.0,1.0,0.8095238095238095,73.38095238095238,28,Madrid,Mutua Madrid Open,2024-04-26,Masters 1000,Outdoor,Clay,2nd Round,3,Altmaier D.,Fils A.,61,32.0,871,1273.0,6.0,2.0,6.0,3.0,,,,,,,2.0,0.0,Completed,2.38,1.57,2.38,1.65,2.4,1.65,2.31,1.61,9742,1009
9743,1107,1072,1072,2024-04-22,2024-04-26,4,baez|s / van assche|l,Madrid Masters,Mutua Madrid Open,R64,R64,0.5333333333333333,1.0,1.0,0.8095238095238095,73.38095238095238,28,Madrid,Mutua Madrid Open,2024-04-26,Masters 1000,Outdoor,Clay,2nd Round,3,Baez S.,Van Assche L.,19,99.0,1955,630.0,6.0,4.0,6.0,7.0,6.0,3.0,,,,,2.0,1.0,Completed,1.4,3.0,1.46,2.95,1.46,3.13,1.42,2.84,9743,1010
9744,1108,1075,1075,2024-04-22,2024-04-26,4,darderi|l / fritz|t,Madrid Masters,Mutua Madrid Open,R64,R64,0.5333333333333333,1.0,1.0,0.8095238095238095,73.38095238095238,28,Madrid,Mutua Madrid Open,2024-04-26,Masters 1000,Outdoor,Clay,2nd Round,3,Fritz T.,Darderi L.,13,60.0,2560,875.0,7.0,6.0,6.0,4.0,,,,,,,2.0,0.0,Completed,1.44,2.75,1.45,3.0,1.5,3.0,1.44,2.77,9744,1011
9745,1109,1065,1065,2024-04-22,2024-04-26,4,klein|l / paul|t,Madrid Masters,Mutua Madrid Open,R64,R64,0.5333333333333333,1.0,1.0,0.8095238095238095,73.38095238095238,28,Madrid,Mutua Madrid Open,2024-04-26,Masters 1000,Outdoor,Clay,2nd Round,3,Paul T.,Klein L.,16,120.0,2350,524.0,6.0,7.0,6.0,1.0,6.0,4.0,,,,,2.0,1.0,Completed,1.62,2.3,1.76,2.19,1.76,2.45,1.65,2.23,9745,1012
9746,1110,1067,1067,2024-04-22,2024-04-26,4,cerundolo|f / marozsan|f,Madrid Masters,Mutua Madrid Open,R64,R64,0.5333333333333333,1.0,1.0,0.8095238095238095,73.38095238095238,28,Madrid,Mutua Madrid Open,2024-04-26,Masters 1000,Outdoor,Clay,2nd Round,3,Cerundolo F.,Marozsan F.,22,37.0,1680,1164.0,6.0,2.0,7.0,6.0,,,,,,,2.0,0.0,Completed,2.2,1.67,2.24,1.73,2.24,1.85,2.14,1.7,9746,1013
9747,1111,1071,1071,2024-04-22,2024-04-26,4,etcheverry|t / shapovalov|d,Madrid Masters,Mutua Madrid Open,R64,R64,0.5333333333333333,1.0,1.0,0.8095238095238095,73.38095238095238,28,Madrid,Mutua Madrid Open,2024-04-26,Masters 1000,Outdoor,Clay,2nd Round,3,Shapovalov D.,Etcheverry T.,132,27.0,465,1475.0,7.0,6.0,6.0,3.0,,,,,,,2.0,0.0,Completed,2.5,1.53,2.51,1.6,2.62,1.62,2.44,1.55,9747,1014
9748,1112,1080,1080,2024-04-22,2024-04-26,4,coric|b / zverev|a,Madrid Masters,Mutua Madrid Open,R64,R64,0.5333333333333333,1.0,1.0,0.8095238095238095,73.38095238095238,28,Madrid,Mutua Madrid Open,2024-04-26,Masters 1000,Outdoor,Clay,2nd Round,3,Zverev A.,Coric B.,5,34.0,5425,1244.0,6.0,3.0,6.0,2.0,,,,,,,2.0,0.0,Completed,1.2,4.5,1.22,4.93,1.25,4.97,1.2,4.46,9748,1015
9749,1113,1068,1068,2024-04-22,2024-04-26,4,bagnis|f / rublev|a,Madrid Masters,Mutua Madrid Open,R64,R64,0.5333333333333333,1.0,1.0,0.8095238095238095,73.38095238095238,28,Madrid,Mutua Madrid Open,2024-04-26,Masters 1000,Outdoor,Clay,2nd Round,3,Rublev A.,Bagnis F.,8,136.0,3830,460.0,6.0,1.0,6.0,4.0,,,,,,,2.0,0.0,Completed,1.2,4.5,1.23,4.66,1.26,6.0,1.2,4.54,9749,1016
9750,1114,1070,1070,2024-04-22,2024-04-26,4,davidovich fokina|a / shang|j <> fokina|a / shang|j,Madrid Masters,Mutua Madrid Open,R64,R64,0.5333333333333333,1.0,1.0,0.8095238095238095,73.38095238095238,28,Madrid,Mutua Madrid Open,2024-04-26,Masters 1000,Outdoor,Clay,2nd Round,3,Davidovich Fokina A.,Shang J.,28,111.0,1355,560.0,7.0,5.0,6.0,3.0,,,,,,,2.0,0.0,Completed,1.44,2.75,1.49,2.85,1.5,2.85,1.45,2.72,9750,1017
9751,1115,1079,1079,2024-04-22,2024-04-26,4,daniel|t / griekspoor|t,Madrid Masters,Mutua Madrid Open,R64,R64,0.5333333333333333,1.0,1.0,0.8095238095238095,73.38095238095238,28,Madrid,Mutua Madrid Open,2024-04-26,Masters 1000,Outdoor,Clay,2nd Round,3,Griekspoor T.,Daniel T.,25,85.0,1505,717.0,4.0,6.0,6.0,3.0,6.0,4.0,,,,,2.0,1.0,Completed,1.4,3.0,1.42,3.1,1.43,3.1,1.4,2.93,9751,1018
9752,1116,1077,1077,2024-04-22,2024-04-26,4,navone|m / rune|h,Madrid Masters,Mutua Madrid Open,R64,R64,0.5333333333333333,1.0,1.0,0.8095238095238095,73.38095238095238,28,Madrid,Mutua Madrid Open,2024-04-26,Masters 1000,Outdoor,Clay,2nd Round,3,Rune H.,Navone M.,12,41.0,3245,1141.0,5.0,7.0,7.0,6.0,6.0,4.0,,,,,2.0,1.0,Completed,1.4,3.0,1.39,3.28,1.41,3.3,1.37,3.05,9752,1019
9753,1117,1076,1076,2024-04-22,2024-04-26,4,humbert|u / van de zandschulp|b,Madrid Masters,Mutua Madrid Open,R64,R64,0.5333333333333333,1.0,1.0,0.8095238095238095,73.38095238095238,28,Madrid,Mutua Madrid Open,2024-04-26,Masters 1000,Outdoor,Clay,2nd Round,3,Humbert U.,Van De Zandschulp B.,14,115.0,2535,545.0,6.0,3.0,6.0,3.0,,,,,,,2.0,0.0,Completed,1.4,3.0,1.43,3.09,1.44,3.13,1.39,2.97,9753,1020
9754,1118,1078,1078,2024-04-22,2024-04-26,4,munar|j / struff|j,Madrid Masters,Mutua Madrid Open,R64,R64,0.5333333333333333,1.0,1.0,0.8095238095238095,73.38095238095238,28,Madrid,Mutua Madrid Open,2024-04-26,Masters 1000,Outdoor,Clay,2nd Round,3,Struff J.L.,Munar J.,24,73.0,1628,785.0,6.0,1.0,7.0,5.0,,,,,,,2.0,0.0,Completed,1.5,2.63,1.53,2.71,1.53,2.75,1.49,2.6,9754,1021
9755,1119,1066,1066,2024-04-22,2024-04-26,4,musetti|l / seyboth wild|t <> musetti|l / wild|t,Madrid Masters,Mutua Madrid Open,R64,R64,0.5333333333333333,1.0,1.0,0.8095238095238095,73.38095238095238,28,Madrid,Mutua Madrid Open,2024-04-26,Masters 1000,Outdoor,Clay,2nd Round,3,Seyboth Wild T.,Musetti L.,63,29.0,849,1355.0,6.0,4.0,6.0,4.0,,,,,,,2.0,0.0,Completed,2.3,1.62,2.43,1.63,2.43,1.67,2.27,1.63,9755,1022
9756,1120,1074,1074,2024-04-22,2024-04-26,4,alcaraz|c / shevchenko|a,Madrid Masters,Mutua Madrid Open,R64,R64,0.5333333333333333,1.0,1.0,0.8095238095238095,73.38095238095238,28,Madrid,Mutua Madrid Open,2024-04-26,Masters 1000,Outdoor,Clay,2nd Round,3,Alcaraz C.,Shevchenko A.,3,59.0,8145,879.0,6.0,2.0,6.0,1.0,,,,,,,2.0,0.0,Completed,1.05,11.0,1.05,14.46,1.07,15.0,1.04,11.18,9756,1023
9725,1089,1084,1084,2024-04-22,2024-04-27,5,sinner|j / sonego|l,Madrid Masters,Mutua Madrid Open,R64,R64,0.5333333333333333,1.0,1.0,0.7619047619047619,73.14285714285714,28,Madrid,Mutua Madrid Open,2024-04-27,Masters 1000,Outdoor,Clay,2nd Round,3,Sinner J.,Sonego L.,2,52.0,8660,976.0,6.0,0.0,6.0,3.0,,,,,,,2.0,0.0,Completed,1.04,13.0,1.05,15.37,1.05,15.37,1.04,11.47,9725,1024
9726,1090,1086,1086,2024-04-22,2024-04-27,5,kotov|p / thompson|j,Madrid Masters,Mutua Madrid Open,R64,R64,0.5333333333333333,1.0,1.0,0.7619047619047619,73.14285714285714,28,Madrid,Mutua Madrid Open,2024-04-27,Masters 1000,Outdoor,Clay,2nd Round,3,Kotov P.,Thompson J.,72,33.0,787,1256.0,5.0,7.0,6.0,4.0,7.0,5.0,,,,,2.0,1.0,Completed,1.67,2.2,1.74,2.23,1.74,2.25,1.68,2.16,9726,1025
9727,1091,1093,1093,2024-04-22,2024-04-27,5,cobolli|f / jarry|n,Madrid Masters,Mutua Madrid Open,R64,R64,0.5333333333333333,1.0,1.0,0.7619047619047619,73.14285714285714,28,Madrid,Mutua Madrid Open,2024-04-27,Masters 1000,Outdoor,Clay,2nd Round,3,Cobolli F.,Jarry N.,64,23.0,848,1675.0,6.0,3.0,3.0,6.0,6.0,3.0,,,,,2.0,1.0,Completed,2.5,1.53,2.64,1.55,2.64,1.59,2.52,1.52,9727,1026
9728,1092,1091,1091,2024-04-22,2024-04-27,5,agut|r / khachanov|k <> bautista agut|r / khachanov|k,Madrid Masters,Mutua Madrid Open,R64,R64,0.5333333333333333,1.0,1.0,0.7619047619047619,73.14285714285714,28,Madrid,Mutua Madrid Open,2024-04-27,Masters 1000,Outdoor,Clay,2nd Round,3,Khachanov K.,Bautista Agut R.,17,86.0,2080,708.0,3.0,6.0,6.0,3.0,7.0,5.0,,,,,2.0,1.0,Completed,1.44,2.75,1.47,2.91,1.48,2.95,1.44,2.77,9728,1027
9729,1093,1090,1090,2024-04-22,2024-04-27,5,dimitrov|g / mensik|j,Madrid Masters,Mutua Madrid Open,R64,R64,0.5333333333333333,1.0,1.0,0.7619047619047619,73.14285714285714,28,Madrid,Mutua Madrid Open,2024-04-27,Masters 1000,Outdoor,Clay,2nd Round,3,Mensik J.,Dimitrov G.,74,10.0,766,3640.0,6.0,2.0,6.0,7.0,6.0,3.0,,,,,2.0,1.0,Completed,3.4,1.33,3.43,1.36,3.53,1.36,3.28,1.33,9729,1028
9730,1094,1092,1092,2024-04-22,2024-04-27,5,aliassime|f / mannarino|a <> auger aliassime|f / mannarino|a,Madrid Masters,Mutua Madrid Open,R64,R64,0.5333333333333333,1.0,1.0,0.7619047619047619,73.14285714285714,28,Madrid,Mutua Madrid Open,2024-04-27,Masters 1000,Outdoor,Clay,2nd Round,3,Auger-Aliassime F.,Mannarino A.,35,20.0,1240,1875.0,6.0,0.0,6.0,4.0,,,,,,,2.0,0.0,Completed,1.11,6.5,1.15,6.42,1.18,6.5,1.13,5.85,9730,1029
9731,1095,1095,1095,2024-04-22,2024-04-27,5,fonseca|j / norrie|c,Madrid Masters,Mutua Madrid Open,R64,R64,0.5333333333333333,1.0,1.0,0.7619047619047619,73.14285714285714,28,Madrid,Mutua Madrid Open,2024-04-27,Masters 1000,Outdoor,Clay,2nd Round,3,Norrie C.,Fonseca J.,30,242.0,1345,241.0,6.0,1.0,6.0,4.0,,,,,,,2.0,0.0,Completed,1.5,2.63,1.56,2.6,1.63,2.63,1.53,2.48,9731,1030
9732,1096,1096,1096,2024-04-22,2024-04-27,5,kecmanovic|m / ruud|c,Madrid Masters,Mutua Madrid Open,R64,R64,0.5333333333333333,1.0,1.0,0.7619047619047619,73.14285714285714,28,Madrid,Mutua Madrid Open,2024-04-27,Masters 1000,Outdoor,Clay,2nd Round,3,Ruud C.,Kecmanovic M.,6,66.0,4480,830.0,6.0,4.0,6.0,1.0,,,,,,,2.0,0.0,Completed,1.17,5.0,1.17,5.91,1.18,5.91,1.16,5.21,9732,1031
9733,1097,1088,1088,2024-04-22,2024-04-27,5,arnaldi|m / medvedev|d,Madrid Masters,Mutua Madrid Open,R64,R64,0.5333333333333333,1.0,1.0,0.7619047619047619,73.14285714285714,28,Madrid,Mutua Madrid Open,2024-04-27,Masters 1000,Outdoor,Clay,2nd Round,3,Medvedev D.,Arnaldi M.,4,36.0,7085,1191.0,2.0,6.0,6.0,4.0,6.0,4.0,,,,,2.0,1.0,Completed,1.5,2.63,1.51,2.78,1.53,2.78,1.48,2.64,9733,1032
9734,1098,1082,1082,2024-04-22,2024-04-27,5,korda|s / purcell|m,Madrid Masters,Mutua Madrid Open,R64,R64,0.5333333333333333,1.0,1.0,0.7619047619047619,73.14285714285714,28,Madrid,Mutua Madrid Open,2024-04-27,Masters 1000,Outdoor,Clay,2nd Round,3,Korda S.,Purcell M.,26,80.0,1485,731.0,6.0,3.0,6.0,3.0,,,,,,,2.0,0.0,Completed,1.13,6.0,1.17,5.98,1.19,6.0,1.14,5.47,9734,1033
9735,1099,1089,1089,2024-04-22,2024-04-27,5,baena|r / bublik|a <> bublik|a / carballes baena|r,Madrid Masters,Mutua Madrid Open,R64,R64,0.5333333333333333,1.0,1.0,0.7619047619047619,73.14285714285714,28,Madrid,Mutua Madrid Open,2024-04-27,Masters 1000,Outdoor,Clay,2nd Round,3,Bublik A.,Carballes Baena R.,18,68.0,1992,821.0,1.0,6.0,6.0,2.0,6.0,2.0,,,,,2.0,1.0,Completed,3.0,1.4,3.08,1.43,3.19,1.46,2.9,1.41,9735,1034
9736,1100,1094,1094,2024-04-22,2024-04-27,5,machac|t / shelton|b,Madrid Masters,Mutua Madrid Open,R64,R64,0.5333333333333333,1.0,1.0,0.7619047619047619,73.14285714285714,28,Madrid,Mutua Madrid Open,2024-04-27,Masters 1000,Outdoor,Clay,2nd Round,3,Shelton B.,Machac T.,15,50.0,2480,1013.0,6.0,0.0,6.0,2.0,,,,,,,2.0,0.0,Completed,1.73,2.1,1.73,2.24,1.73,2.24,1.68,2.17,9736,1035
9737,1101,1087,1087,2024-04-22,2024-04-27,5,de minaur|a / nadal|r,Madrid Masters,Mutua Madrid Open,R64,R64,0.5333333333333333,1.0,1.0,0.7619047619047619,73.14285714285714,28,Madrid,Mutua Madrid Open,2024-04-27,Masters 1000,Outdoor,Clay,2nd Round,3,Nadal R.,De Minaur A.,512,11.0,75,3470.0,7.0,6.0,6.0,3.0,,,,,,,2.0,0.0,Completed,2.2,1.67,2.42,1.63,2.52,1.7,2.29,1.62,9737,1036
9738,1102,1085,1085,2024-04-22,2024-04-27,5,cachin|p / tiafoe|f,Madrid Masters,Mutua Madrid Open,R64,R64,0.5333333333333333,1.0,1.0,0.7619047619047619,73.14285714285714,28,Madrid,Mutua Madrid Open,2024-04-27,Masters 1000,Outdoor,Clay,2nd Round,3,Cachin P.,Tiafoe F.,91,21.0,653,1685.0,7.0,6.0,3.0,6.0,6.0,4.0,,,,,2.0,1.0,Completed,2.5,1.53,2.68,1.54,2.7,1.58,2.57,1.5,9738,1037
9739,1103,1083,1083,2024-04-22,2024-04-27,5,lehecka|j / medjedovic|h,Madrid Masters,Mutua Madrid Open,R64,R64,0.5333333333333333,1.0,1.0,0.7619047619047619,73.14285714285714,28,Madrid,Mutua Madrid Open,2024-04-27,Masters 1000,Outdoor,Clay,2nd Round,3,Lehecka J.,Medjedovic H.,31,130.0,1305,475.0,7.0,5.0,6.0,4.0,,,,,,,2.0,0.0,Completed,1.73,2.1,1.77,2.18,1.85,2.18,1.78,2.02,9739,1038
9740,1104,1081,1081,2024-04-22,2024-04-27,5,monteiro|t / tsitsipas|s,Madrid Masters,Mutua Madrid Open,R64,R64,0.5333333333333333,1.0,1.0,0.7619047619047619,73.14285714285714,28,Madrid,Mutua Madrid Open,2024-04-27,Masters 1000,Outdoor,Clay,2nd Round,3,Monteiro T.,Tsitsipas S.,118,7.0,545,4030.0,6.0,4.0,6.0,4.0,,,,,,,2.0,0.0,Completed,6.0,1.13,6.33,1.16,6.33,1.16,5.66,1.14,9740,1039
9717,1081,1100,1100,2024-04-22,2024-04-28,6,altmaier|d / hurkacz|h,Madrid Masters,Mutua Madrid Open,R32,R32,0.5333333333333333,1.0,1.0,0.7142857142857143,72.9047619047619,28,Madrid,Mutua Madrid Open,2024-04-28,Masters 1000,Outdoor,Clay,3rd Round,3,Hurkacz H.,Altmaier D.,9,61.0,3675,871.0,6.0,4.0,7.0,6.0,,,,,,,2.0,0.0,Completed,1.3,3.5,1.32,3.74,1.36,3.74,1.3,3.46,9717,1040
9718,1082,1102,1102,2024-04-22,2024-04-28,6,baez|s / fritz|t,Madrid Masters,Mutua Madrid Open,R32,R32,0.5333333333333333,1.0,1.0,0.7142857142857143,72.9047619047619,28,Madrid,Mutua Madrid Open,2024-04-28,Masters 1000,Outdoor,Clay,3rd Round,3,Fritz T.,Baez S.,13,19.0,2560,1955.0,6.0,2.0,6.0,3.0,,,,,,,2.0,0.0,Completed,1.57,2.38,1.54,2.67,1.57,2.67,1.51,2.54,9718,1041
9719,1083,1103,1103,2024-04-22,2024-04-28,6,cerundolo|f / paul|t,Madrid Masters,Mutua Madrid Open,R32,R32,0.5333333333333333,1.0,1.0,0.7142857142857143,72.9047619047619,28,Madrid,Mutua Madrid Open,2024-04-28,Masters 1000,Outdoor,Clay,3rd Round,3,Cerundolo F.,Paul T.,22,16.0,1680,2350.0,6.0,7.0,6.0,4.0,6.0,2.0,,,,,2.0,1.0,Completed,1.67,2.2,1.75,2.21,1.75,2.25,1.69,2.16,9719,1042
9720,1084,1104,1104,2024-04-22,2024-04-28,6,shapovalov|d / zverev|a,Madrid Masters,Mutua Madrid Open,R32,R32,0.5333333333333333,1.0,1.0,0.7142857142857143,72.9047619047619,28,Madrid,Mutua Madrid Open,2024-04-28,Masters 1000,Outdoor,Clay,3rd Round,3,Zverev A.,Shapovalov D.,5,132.0,5425,465.0,6.0,4.0,7.0,5.0,,,,,,,2.0,0.0,Completed,1.17,5.0,1.19,5.53,1.24,5.53,1.18,4.86,9720,1043
9721,1085,1099,1099,2024-04-22,2024-04-28,6,davidovich fokina|a / rublev|a <> fokina|a / rublev|a,Madrid Masters,Mutua Madrid Open,R32,R32,0.5333333333333333,1.0,1.0,0.7142857142857143,72.9047619047619,28,Madrid,Mutua Madrid Open,2024-04-28,Masters 1000,Outdoor,Clay,3rd Round,3,Rublev A.,Davidovich Fokina A.,8,28.0,3830,1355.0,7.0,6.0,6.0,4.0,,,,,,,2.0,0.0,Completed,1.44,2.75,1.51,2.75,1.51,2.77,1.47,2.66,9721,1044
9722,1086,1098,1098,2024-04-22,2024-04-28,6,griekspoor|t / rune|h,Madrid Masters,Mutua Madrid Open,R32,R32,0.5333333333333333,1.0,1.0,0.7142857142857143,72.9047619047619,28,Madrid,Mutua Madrid Open,2024-04-28,Masters 1000,Outdoor,Clay,3rd Round,3,Griekspoor T.,Rune H.,25,12.0,1505,3245.0,6.0,4.0,4.0,6.0,6.0,3.0,,,,,2.0,1.0,Completed,2.75,1.44,2.96,1.46,2.96,1.49,2.81,1.43,9722,1045
9723,1087,1097,1097,2024-04-22,2024-04-28,6,humbert|u / struff|j,Madrid Masters,Mutua Madrid Open,R32,R32,0.5333333333333333,1.0,1.0,0.7142857142857143,72.9047619047619,28,Madrid,Mutua Madrid Open,2024-04-28,Masters 1000,Outdoor,Clay,3rd Round,3,Struff J.L.,Humbert U.,24,14.0,1628,2535.0,7.0,5.0,6.0,4.0,,,,,,,2.0,0.0,Completed,1.67,2.2,1.64,2.42,1.68,2.5,1.63,2.26,9723,1046
9724,1088,1101,1101,2024-04-22,2024-04-28,6,alcaraz|c / seyboth wild|t <> alcaraz|c / wild|t,Madrid Masters,Mutua Madrid Open,R32,R32,0.5333333333333333,1.0,1.0,0.7142857142857143,72.9047619047619,28,Madrid,Mutua Madrid Open,2024-04-28,Masters 1000,Outdoor,Clay,3rd Round,3,Alcaraz C.,Seyboth Wild T.,3,63.0,8145,849.0,6.0,3.0,6.0,3.0,,,,,,,2.0,0.0,Completed,1.07,9.0,1.1,9.04,1.11,9.04,1.09,7.6,9724,1047
9709,1073,1111,1111,2024-04-22,2024-04-29,7,kotov|p / sinner|j,Madrid Masters,Mutua Madrid Open,R32,R32,0.5333333333333333,1.0,1.0,0.6666666666666667,72.66666666666666,28,Madrid,Mutua Madrid Open,2024-04-29,Masters 1000,Outdoor,Clay,3rd Round,3,Sinner J.,Kotov P.,2,72.0,8660,787.0,6.0,2.0,7.0,5.0,,,,,,,2.0,0.0,Completed,1.03,17.0,1.02,28.31,1.03,28.31,1.02,16.53,9709,1048
9710,1074,1112,1112,2024-04-22,2024-04-29,7,cobolli|f / khachanov|k,Madrid Masters,Mutua Madrid Open,R32,R32,0.5333333333333333,1.0,1.0,0.6666666666666667,72.66666666666666,28,Madrid,Mutua Madrid Open,2024-04-29,Masters 1000,Outdoor,Clay,3rd Round,3,Khachanov K.,Cobolli F.,17,64.0,2080,848.0,7.0,5.0,6.0,4.0,,,,,,,2.0,0.0,Completed,1.36,3.2,1.35,3.52,1.4,3.52,1.35,3.16,9710,1049
9711,1075,1109,1109,2024-04-22,2024-04-29,7,aliassime|f / mensik|j <> auger aliassime|f / mensik|j,Madrid Masters,Mutua Madrid Open,R32,R32,0.5333333333333333,1.0,1.0,0.6666666666666667,72.66666666666666,28,Madrid,Mutua Madrid Open,2024-04-29,Masters 1000,Outdoor,Clay,3rd Round,3,Auger-Aliassime F.,Mensik J.,35,74.0,1240,766.0,6.0,1.0,1.0,0.0,,,,,,,1.0,0.0,Retired,1.91,1.91,1.96,1.94,1.99,1.98,1.9,1.9,9711,1050
9712,1076,1110,1110,2024-04-22,2024-04-29,7,norrie|c / ruud|c,Madrid Masters,Mutua Madrid Open,R32,R32,0.5333333333333333,1.0,1.0,0.6666666666666667,72.66666666666666,28,Madrid,Mutua Madrid Open,2024-04-29,Masters 1000,Outdoor,Clay,3rd Round,3,Ruud C.,Norrie C.,6,30.0,4480,1345.0,6.0,2.0,6.0,4.0,,,,,,,2.0,0.0,Completed,1.2,4.5,1.2,5.16,1.22,5.16,1.19,4.57,9712,1051
9713,1077,1107,1107,2024-04-22,2024-04-29,7,korda|s / medvedev|d,Madrid Masters,Mutua Madrid Open,R32,R32,0.5333333333333333,1.0,1.0,0.6666666666666667,72.66666666666666,28,Madrid,Mutua Madrid Open,2024-04-29,Masters 1000,Outdoor,Clay,3rd Round,3,Medvedev D.,Korda S.,4,26.0,7085,1485.0,5.0,7.0,7.0,6.0,6.0,3.0,,,,,2.0,1.0,Completed,1.5,2.63,1.54,2.67,1.54,2.74,1.5,2.58,9713,1052
9714,1078,1105,1105,2024-04-22,2024-04-29,7,bublik|a / shelton|b,Madrid Masters,Mutua Madrid Open,R32,R32,0.5333333333333333,1.0,1.0,0.6666666666666667,72.66666666666666,28,Madrid,Mutua Madrid Open,2024-04-29,Masters 1000,Outdoor,Clay,3rd Round,3,Bublik A.,Shelton B.,18,15.0,1992,2480.0,3.0,6.0,7.0,6.0,6.0,4.0,,,,,2.0,1.0,Completed,3.2,1.36,3.28,1.39,3.37,1.4,3.13,1.36,9714,1053
9715,1079,1108,1108,2024-04-22,2024-04-29,7,cachin|p / nadal|r,Madrid Masters,Mutua Madrid Open,R32,R32,0.5333333333333333,1.0,1.0,0.6666666666666667,72.66666666666666,28,Madrid,Mutua Madrid Open,2024-04-29,Masters 1000,Outdoor,Clay,3rd Round,3,Nadal R.,Cachin P.,512,91.0,75,653.0,6.0,1.0,6.0,7.0,6.0,3.0,,,,,2.0,1.0,Completed,1.14,5.5,1.16,6.24,1.21,6.24,1.15,5.31,9715,1054
9716,1080,1106,1106,2024-04-22,2024-04-29,7,lehecka|j / monteiro|t,Madrid Masters,Mutua Madrid Open,R32,R32,0.5333333333333333,1.0,1.0,0.6666666666666667,72.66666666666666,28,Madrid,Mutua Madrid Open,2024-04-29,Masters 1000,Outdoor,Clay,3rd Round,3,Lehecka J.,Monteiro T.,31,118.0,1305,545.0,6.0,4.0,7.0,6.0,,,,,,,2.0,0.0,Completed,1.53,2.5,1.6,2.52,1.63,2.52,1.55,2.43,9716,1055
9701,1065,1118,1118,2024-04-22,2024-04-30,8,khachanov|k / sinner|j,Madrid Masters,Mutua Madrid Open,R16,R16,0.5333333333333333,1.0,1.0,0.6190476190476191,72.42857142857143,28,Madrid,Mutua Madrid Open,2024-04-30,Masters 1000,Outdoor,Clay,4th Round,3,Sinner J.,Khachanov K.,2,17.0,8660,2080.0,5.0,7.0,6.0,3.0,6.0,3.0,,,,,2.0,1.0,Completed,1.22,4.33,1.29,4.01,1.29,4.5,1.24,3.94,9701,1056
9702,1066,1119,1119,2024-04-22,2024-04-30,8,aliassime|f / ruud|c <> auger aliassime|f / ruud|c,Madrid Masters,Mutua Madrid Open,R16,R16,0.5333333333333333,1.0,1.0,0.6190476190476191,72.42857142857143,28,Madrid,Mutua Madrid Open,2024-04-30,Masters 1000,Outdoor,Clay,4th Round,3,Auger-Aliassime F.,Ruud C.,35,6.0,1240,4480.0,6.0,4.0,7.0,5.0,,,,,,,2.0,0.0,Completed,4.0,1.25,4.1,1.28,4.1,1.29,3.79,1.26,9702,1057
9703,1067,1113,1113,2024-04-22,2024-04-30,8,bublik|a / medvedev|d,Madrid Masters,Mutua Madrid Open,R16,R16,0.5333333333333333,1.0,1.0,0.6190476190476191,72.42857142857143,28,Madrid,Mutua Madrid Open,2024-04-30,Masters 1000,Outdoor,Clay,4th Round,3,Medvedev D.,Bublik A.,4,18.0,7085,1992.0,7.0,6.0,6.0,4.0,,,,,,,2.0,0.0,Completed,1.2,4.5,1.2,5.34,1.21,5.34,1.19,4.67,9703,1058
9704,1068,1120,1120,2024-04-22,2024-04-30,8,lehecka|j / nadal|r,Madrid Masters,Mutua Madrid Open,R16,R16,0.5333333333333333,1.0,1.0,0.6190476190476191,72.42857142857143,28,Madrid,Mutua Madrid Open,2024-04-30,Masters 1000,Outdoor,Clay,4th Round,3,Lehecka J.,Nadal R.,31,512.0,1305,75.0,7.0,5.0,6.0,4.0,,,,,,,2.0,0.0,Completed,1.91,1.91,1.91,2.0,2.0,2.0,1.87,1.92,9704,1059
9705,1069,1115,1115,2024-04-22,2024-04-30,8,fritz|t / hurkacz|h,Madrid Masters,Mutua Madrid Open,R16,R16,0.5333333333333333,1.0,1.0,0.6190476190476191,72.42857142857143,28,Madrid,Mutua Madrid Open,2024-04-30,Masters 1000,Outdoor,Clay,4th Round,3,Fritz T.,Hurkacz H.,13,9.0,2560,3675.0,7.0,6.0,6.0,4.0,,,,,,,2.0,0.0,Completed,1.8,2.0,1.95,1.95,1.95,2.02,1.84,1.95,9705,1060
9706,1070,1116,1116,2024-04-22,2024-04-30,8,cerundolo|f / zverev|a,Madrid Masters,Mutua Madrid Open,R16,R16,0.5333333333333333,1.0,1.0,0.6190476190476191,72.42857142857143,28,Madrid,Mutua Madrid Open,2024-04-30,Masters 1000,Outdoor,Clay,4th Round,3,Cerundolo F.,Zverev A.,22,5.0,1680,5425.0,6.0,3.0,6.0,4.0,,,,,,,2.0,0.0,Completed,4.5,1.2,4.96,1.22,4.96,1.24,4.47,1.2,9706,1061
9707,1071,1114,1114,2024-04-22,2024-04-30,8,griekspoor|t / rublev|a,Madrid Masters,Mutua Madrid Open,R16,R16,0.5333333333333333,1.0,1.0,0.6190476190476191,72.42857142857143,28,Madrid,Mutua Madrid Open,2024-04-30,Masters 1000,Outdoor,Clay,4th Round,3,Rublev A.,Griekspoor T.,8,25.0,3830,1505.0,6.0,2.0,6.0,4.0,,,,,,,2.0,0.0,Completed,1.44,2.75,1.47,2.92,1.5,2.92,1.44,2.75,9707,1062
9708,1072,1117,1117,2024-04-22,2024-04-30,8,alcaraz|c / struff|j,Madrid Masters,Mutua Madrid Open,R16,R16,0.5333333333333333,1.0,1.0,0.6190476190476191,72.42857142857143,28,Madrid,Mutua Madrid Open,2024-04-30,Masters 1000,Outdoor,Clay,4th Round,3,Alcaraz C.,Struff J.L.,3,24.0,8145,1628.0,6.0,3.0,6.0,7.0,7.0,6.0,,,,,2.0,1.0,Completed,1.17,5.0,1.19,5.59,1.21,5.59,1.18,4.87,9708,1063
9699,1063,1122,1122,2024-04-22,2024-05-01,9,cerundolo|f / fritz|t,Madrid Masters,Mutua Madrid Open,QF,QF,0.5333333333333333,1.0,1.0,0.5714285714285714,72.19047619047619,28,Madrid,Mutua Madrid Open,2024-05-01,Masters 1000,Outdoor,Clay,Quarterfinals,3,Fritz T.,Cerundolo F.,13,22.0,2560,1680.0,6.0,1.0,3.0,6.0,6.0,3.0,,,,,2.0,1.0,Completed,1.5,2.63,1.55,2.64,1.55,2.79,1.51,2.56,9699,1064
9700,1064,1121,1121,2024-04-22,2024-05-01,9,alcaraz|c / rublev|a,Madrid Masters,Mutua Madrid Open,QF,QF,0.5333333333333333,1.0,1.0,0.5714285714285714,72.19047619047619,28,Madrid,Mutua Madrid Open,2024-05-01,Masters 1000,Outdoor,Clay,Quarterfinals,3,Rublev A.,Alcaraz C.,8,3.0,3830,8145.0,4.0,6.0,6.0,3.0,6.0,2.0,,,,,2.0,1.0,Completed,4.0,1.25,4.48,1.25,4.48,1.28,4.13,1.23,9700,1065
9697,1061,1123,1123,2024-04-22,2024-05-02,10,aliassime|f / sinner|j <> auger aliassime|f / sinner|j,Madrid Masters,Mutua Madrid Open,QF,QF,0.5333333333333333,1.0,1.0,0.5238095238095238,71.95238095238095,28,Madrid,Mutua Madrid Open,2024-05-02,Masters 1000,Outdoor,Clay,Quarterfinals,3,Auger-Aliassime F.,Sinner J.,35,2.0,1240,8660.0,,,,,,,,,,,,,Walkover,3.4,1.33,3.54,1.35,3.54,1.4,3.24,1.34,9697,1066
9698,1062,1124,1124,2024-04-22,2024-05-02,10,lehecka|j / medvedev|d,Madrid Masters,Mutua Madrid Open,QF,QF,0.5333333333333333,1.0,1.0,0.5238095238095238,71.95238095238095,28,Madrid,Mutua Madrid Open,2024-05-02,Masters 1000,Outdoor,Clay,Quarterfinals,3,Lehecka J.,Medvedev D.,31,4.0,1305,7085.0,6.0,4.0,,,,,,,,,1.0,0.0,Retired,2.38,1.57,2.53,1.59,2.62,1.59,2.43,1.55,9698,1067
9695,1059,1126,1126,2024-04-22,2024-05-03,11,aliassime|f / lehecka|j <> auger aliassime|f / lehecka|j,Madrid Masters,Mutua Madrid Open,SF,SF,0.5333333333333333,1.0,1.0,0.47619047619047616,71.71428571428571,28,Madrid,Mutua Madrid Open,2024-05-03,Masters 1000,Outdoor,Clay,Semifinals,3,Auger-Aliassime F.,Lehecka J.,35,31.0,1240,1305.0,3.0,3.0,,,,,,,,,0.0,0.0,Retired,2.1,1.73,2.17,1.78,2.3,1.78,2.1,1.73,9695,1068
9696,1060,1125,1125,2024-04-22,2024-05-03,11,fritz|t / rublev|a,Madrid Masters,Mutua Madrid Open,SF,SF,0.5333333333333333,1.0,1.0,0.47619047619047616,71.71428571428571,28,Madrid,Mutua Madrid Open,2024-05-03,Masters 1000,Outdoor,Clay,Semifinals,3,Rublev A.,Fritz T.,8,22.0,3830,1680.0,6.0,4.0,6.0,3.0,,,,,,,2.0,0.0,Completed,1.62,2.3,1.7,2.28,1.7,2.6,1.63,2.26,9696,1069
9694,1058,1127,1127,2024-04-22,2024-05-05,13,aliassime|f / rublev|a <> auger aliassime|f / rublev|a,Madrid Masters,Mutua Madrid Open,F,F,0.5333333333333333,1.0,1.0,0.38095238095238093,71.23809523809523,28,Madrid,Mutua Madrid Open,2024-05-05,Masters 1000,Outdoor,Clay,The Final,3,Rublev A.,Auger-Aliassime F.,8,35.0,3830,1240.0,4.0,6.0,7.0,5.0,7.0,5.0,,,,,2.0,1.0,Completed,1.33,3.4,1.35,3.52,1.36,3.53,1.33,3.32,9694,1070
9853,1217,1129,1129,2024-05-06,2024-05-08,2,hanfmann|y / mensik|j,Rome Masters,Internazionali BNL d'Italia,R128,R128,1.0,1.0,1.0,0.9047619047619048,99.52380952380952,29,Rome,Internazionali BNL d'Italia,2024-05-08,Masters 1000,Outdoor,Clay,1st Round,3,Hanfmann Y.,Mensik J.,59,65.0,848,809.0,6.0,3.0,6.0,2.0,,,,,,,2.0,0.0,Completed,2.3,1.62,2.45,1.61,2.45,1.67,2.26,1.64,9853,1071
9855,1219,1136,1136,2024-05-06,2024-05-08,2,marozsan|f / shevchenko|a,Rome Masters,Internazionali BNL d'Italia,R128,R128,1.0,1.0,1.0,0.9047619047619048,99.52380952380952,29,Rome,Internazionali BNL d'Italia,2024-05-08,Masters 1000,Outdoor,Clay,1st Round,3,Shevchenko A.,Marozsan F.,60,36.0,848,1179.0,6.0,3.0,6.0,2.0,,,,,,,2.0,0.0,Completed,2.75,1.44,2.84,1.48,2.84,1.48,2.78,1.45,9855,1072
9856,1220,1133,1133,2024-05-06,2024-05-08,2,kotov|p / michelsen|a,Rome Masters,Internazionali BNL d'Italia,R128,R128,1.0,1.0,1.0,0.9047619047619048,99.52380952380952,29,Rome,Internazionali BNL d'Italia,2024-05-08,Masters 1000,Outdoor,Clay,1st Round,3,Kotov P.,Michelsen A.,63,69.0,819,798.0,6.0,1.0,6.0,1.0,,,,,,,2.0,0.0,Completed,1.44,2.75,1.46,2.92,1.5,2.92,1.44,2.77,9856,1073
9858,1222,1135,1135,2024-05-06,2024-05-08,2,monfils|g / monteiro|t,Rome Masters,Internazionali BNL d'Italia,R128,R128,1.0,1.0,1.0,0.9047619047619048,99.52380952380952,29,Rome,Internazionali BNL d'Italia,2024-05-08,Masters 1000,Outdoor,Clay,1st Round,3,Monteiro T.,Monfils G.,106,38.0,590,1145.0,6.0,2.0,7.0,5.0,,,,,,,2.0,0.0,Completed,1.67,2.2,1.73,2.21,1.75,2.36,1.69,2.17,9858,1074
9860,1224,1138,1138,2024-05-06,2024-05-08,2,schwartzman|d / vukic|a,Rome Masters,Internazionali BNL d'Italia,R128,R128,1.0,1.0,1.0,0.9047619047619048,99.52380952380952,29,Rome,Internazionali BNL d'Italia,2024-05-08,Masters 1000,Outdoor,Clay,1st Round,3,Vukic A.,Schwartzman D.,70,142.0,792,439.0,6.0,2.0,6.0,2.0,,,,,,,2.0,0.0,Completed,2.38,1.57,2.52,1.58,2.6,1.59,2.48,1.53,9860,1075
9861,1225,1132,1132,2024-05-06,2024-05-08,2,darderi|l / shapovalov|d,Rome Masters,Internazionali BNL d'Italia,R128,R128,1.0,1.0,1.0,0.9047619047619048,99.52380952380952,29,Rome,Internazionali BNL d'Italia,2024-05-08,Masters 1000,Outdoor,Clay,1st Round,3,Darderi L.,Shapovalov D.,54,126.0,918,505.0,6.0,7.0,6.0,3.0,7.0,6.0,,,,,2.0,1.0,Completed,1.67,2.2,1.69,2.28,1.69,2.28,1.66,2.21,9861,1076
9863,1227,1131,1131,2024-05-06,2024-05-08,2,borges|n / martinez|p,Rome Masters,Internazionali BNL d'Italia,R128,R128,1.0,1.0,1.0,0.9047619047619048,99.52380952380952,29,Rome,Internazionali BNL d'Italia,2024-05-08,Masters 1000,Outdoor,Clay,1st Round,3,Borges N.,Martinez P.,53,51.0,931,937.0,6.0,7.0,6.0,4.0,7.0,6.0,,,,,2.0,1.0,Completed,1.91,1.91,1.97,1.92,1.97,1.92,1.9,1.89,9863,1077
9865,1229,1134,1134,2024-05-06,2024-05-08,2,cobolli|f / marterer|m,Rome Masters,Internazionali BNL d'Italia,R128,R128,1.0,1.0,1.0,0.9047619047619048,99.52380952380952,29,Rome,Internazionali BNL d'Italia,2024-05-08,Masters 1000,Outdoor,Clay,1st Round,3,Cobolli F.,Marterer M.,57,98.0,868,616.0,6.0,4.0,6.0,2.0,,,,,,,2.0,0.0,Completed,1.4,3.0,1.43,3.01,1.44,3.01,1.41,2.89,9865,1078
9866,1230,1137,1137,2024-05-06,2024-05-08,2,atmane|t / eubanks|c,Rome Masters,Internazionali BNL d'Italia,R128,R128,1.0,1.0,1.0,0.9047619047619048,99.52380952380952,29,Rome,Internazionali BNL d'Italia,2024-05-08,Masters 1000,Outdoor,Clay,1st Round,3,Atmane T.,Eubanks C.,137,43.0,463,1053.0,6.0,4.0,6.0,4.0,,,,,,,2.0,0.0,Completed,1.5,2.63,1.55,2.6,1.56,2.63,1.51,2.54,9866,1079
9867,1231,1130,1130,2024-05-06,2024-05-08,2,nishioka|y / ofner|s,Rome Masters,Internazionali BNL d'Italia,R128,R128,1.0,1.0,1.0,0.9047619047619048,99.52380952380952,29,Rome,Internazionali BNL d'Italia,2024-05-08,Masters 1000,Outdoor,Clay,1st Round,3,Nishioka Y.,Ofner S.,80,46.0,721,1036.0,6.0,3.0,2.0,6.0,7.0,6.0,,,,,2.0,1.0,Completed,2.1,1.73,2.29,1.69,2.33,1.75,2.18,1.68,9867,1080
9852,1216,1147,1147,2024-05-06,2024-05-09,3,moutet|c / safiullin|r,Rome Masters,Internazionali BNL d'Italia,R128,R128,1.0,1.0,1.0,0.8571428571428572,99.28571428571429,29,Rome,Internazionali BNL d'Italia,2024-05-09,Masters 1000,Outdoor,Clay,1st Round,3,Moutet C.,Safiullin R.,83,39.0,715,1138.0,3.0,6.0,7.0,6.0,6.0,2.0,,,,,2.0,1.0,Completed,1.73,2.1,1.81,2.1,1.81,2.1,1.76,2.06,9852,1081
9854,1218,1146,1146,2024-05-06,2024-05-09,3,gigante|m / zeppieri|g,Rome Masters,Internazionali BNL d'Italia,R128,R128,1.0,1.0,1.0,0.8571428571428572,99.28571428571429,29,Rome,Internazionali BNL d'Italia,2024-05-09,Masters 1000,Outdoor,Clay,1st Round,3,Gigante M.,Zeppieri G.,139,144.0,456,427.0,7.0,6.0,6.0,4.0,,,,,,,2.0,0.0,Completed,2.38,1.57,2.43,1.61,2.43,1.63,2.34,1.59,9854,1082
9859,1223,1148,1148,2024-05-06,2024-05-09,3,kecmanovic|m / nakashima|b,Rome Masters,Internazionali BNL d'Italia,R128,R128,1.0,1.0,1.0,0.8571428571428572,99.28571428571429,29,Rome,Internazionali BNL d'Italia,2024-05-09,Masters 1000,Outdoor,Clay,1st Round,3,Kecmanovic M.,Nakashima B.,58,72.0,850,760.0,6.0,4.0,6.0,4.0,,,,,,,2.0,0.0,Completed,1.73,2.1,1.81,2.09,1.82,2.13,1.76,2.06,9859,1083
9862,1226,1143,1143,2024-05-06,2024-05-09,3,passaro|f / rinderknech|a,Rome Masters,Internazionali BNL d'Italia,R128,R128,1.0,1.0,1.0,0.8571428571428572,99.28571428571429,29,Rome,Internazionali BNL d'Italia,2024-05-09,Masters 1000,Outdoor,Clay,1st Round,3,Passaro F.,Rinderknech A.,240,73.0,248,754.0,6.0,7.0,7.0,5.0,7.0,6.0,,,,,2.0,1.0,Completed,2.2,1.67,2.33,1.67,2.36,1.67,2.27,1.65,9862,1084
9864,1228,1155,1155,2024-05-06,2024-05-09,3,evans|d / fognini|f,Rome Masters,Internazionali BNL d'Italia,R128,R128,1.0,1.0,1.0,0.8571428571428572,99.28571428571429,29,Rome,Internazionali BNL d'Italia,2024-05-09,Masters 1000,Outdoor,Clay,1st Round,3,Fognini F.,Evans D.,92,67.0,650,806.0,6.0,4.0,3.0,6.0,6.0,2.0,,,,,2.0,1.0,Completed,1.53,2.5,1.64,2.38,1.64,2.68,1.56,2.43,9864,1085
9868,1232,1153,1153,2024-05-06,2024-05-09,3,cachin|p / struff|j,Rome Masters,Internazionali BNL d'Italia,R128,R128,1.0,1.0,1.0,0.8571428571428572,99.28571428571429,29,Rome,Internazionali BNL d'Italia,2024-05-09,Masters 1000,Outdoor,Clay,1st Round,3,Struff J.L.,Cachin P.,41,99.0,1120,613.0,6.0,4.0,6.0,4.0,,,,,,,2.0,0.0,Completed,1.22,4.33,1.24,4.44,1.25,4.44,1.22,4.21,9868,1086
9869,1233,1140,1140,2024-05-06,2024-05-09,3,hijikata|r / munar|j,Rome Masters,Internazionali BNL d'Italia,R128,R128,1.0,1.0,1.0,0.8571428571428572,99.28571428571429,29,Rome,Internazionali BNL d'Italia,2024-05-09,Masters 1000,Outdoor,Clay,1st Round,3,Munar J.,Hijikata R.,68,79.0,805,724.0,6.0,4.0,7.0,5.0,,,,,,,2.0,0.0,Completed,1.08,8.0,1.11,7.89,1.12,8.0,1.1,7.01,9869,1087
9872,1236,1145,1145,2024-05-06,2024-05-09,3,napolitano|s / wolf|j,Rome Masters,Internazionali BNL d'Italia,R128,R128,1.0,1.0,1.0,0.8571428571428572,99.28571428571429,29,Rome,Internazionali BNL d'Italia,2024-05-09,Masters 1000,Outdoor,Clay,1st Round,3,Napolitano S.,Wolf J.J.,125,101.0,506,605.0,6.0,2.0,7.0,6.0,,,,,,,2.0,0.0,Completed,1.44,2.75,1.48,2.83,1.52,2.83,1.45,2.73,9872,1088
9873,1237,1149,1149,2024-05-06,2024-05-09,3,arnaldi|m / mayot|h,Rome Masters,Internazionali BNL d'Italia,R128,R128,1.0,1.0,1.0,0.8571428571428572,99.28571428571429,29,Rome,Internazionali BNL d'Italia,2024-05-09,Masters 1000,Outdoor,Clay,1st Round,3,Arnaldi M.,Mayot H.,37,130.0,1160,499.0,3.0,6.0,7.0,5.0,6.0,4.0,,,,,2.0,1.0,Completed,1.17,5.0,1.19,5.25,1.19,5.25,1.17,4.89,9873,1089
9874,1238,1156,1156,2024-05-06,2024-05-09,3,fucsovics|m / muller|a,Rome Masters,Internazionali BNL d'Italia,R128,R128,1.0,1.0,1.0,0.8571428571428572,99.28571428571429,29,Rome,Internazionali BNL d'Italia,2024-05-09,Masters 1000,Outdoor,Clay,1st Round,3,Muller A.,Fucsovics M.,109,50.0,577,957.0,4.0,6.0,7.0,6.0,6.0,2.0,,,,,2.0,1.0,Completed,2.5,1.53,2.48,1.6,2.63,1.6,2.45,1.55,9874,1090
9875,1239,1152,1152,2024-05-06,2024-05-09,3,giron|m / ruusuvuori|e,Rome Masters,Internazionali BNL d'Italia,R128,R128,1.0,1.0,1.0,0.8571428571428572,99.28571428571429,29,Rome,Internazionali BNL d'Italia,2024-05-09,Masters 1000,Outdoor,Clay,1st Round,3,Giron M.,Ruusuvuori E.,49,71.0,980,780.0,3.0,6.0,6.0,3.0,6.0,3.0,,,,,2.0,1.0,Completed,2.1,1.73,2.24,1.72,2.24,1.8,2.16,1.7,9875,1091
9876,1240,1144,1144,2024-05-06,2024-05-09,3,bergs|z / nadal|r,Rome Masters,Internazionali BNL d'Italia,R128,R128,1.0,1.0,1.0,0.8571428571428572,99.28571428571429,29,Rome,Internazionali BNL d'Italia,2024-05-09,Masters 1000,Outdoor,Clay,1st Round,3,Nadal R.,Bergs Z.,305,108.0,175,581.0,4.0,6.0,6.0,3.0,6.0,4.0,,,,,2.0,1.0,Completed,1.14,5.5,1.17,5.85,1.17,6.5,1.14,5.6,9876,1092
9877,1241,1141,1141,2024-05-06,2024-05-09,3,barrere|g / seyboth wild|t <> barrere|g / wild|t,Rome Masters,Internazionali BNL d'Italia,R128,R128,1.0,1.0,1.0,0.8571428571428572,99.28571428571429,29,Rome,Internazionali BNL d'Italia,2024-05-09,Masters 1000,Outdoor,Clay,1st Round,3,Seyboth Wild T.,Barrere G.,61,115.0,839,560.0,6.0,4.0,6.0,2.0,,,,,,,2.0,0.0,Completed,1.4,3.0,1.47,2.89,1.47,3.0,1.43,2.83,9877,1093
9878,1242,1158,1158,2024-05-06,2024-05-09,3,lajovic|d / sonego|l,Rome Masters,Internazionali BNL d'Italia,R128,R128,1.0,1.0,1.0,0.8571428571428572,99.28571428571429,29,Rome,Internazionali BNL d'Italia,2024-05-09,Masters 1000,Outdoor,Clay,1st Round,3,Lajovic D.,Sonego L.,64,47.0,811,996.0,6.0,3.0,6.0,7.0,6.0,3.0,,,,,2.0,1.0,Completed,2.0,1.8,2.1,1.81,2.1,1.87,2.02,1.79,9878,1094
9879,1243,1159,1159,2024-05-06,2024-05-09,3,altmaier|d / nardi|l,Rome Masters,Internazionali BNL d'Italia,R128,R128,1.0,1.0,1.0,0.8571428571428572,99.28571428571429,29,Rome,Internazionali BNL d'Italia,2024-05-09,Masters 1000,Outdoor,Clay,1st Round,3,Nardi L.,Altmaier D.,81,78.0,718,733.0,6.0,4.0,6.0,4.0,,,,,,,2.0,0.0,Completed,2.2,1.67,2.25,1.71,2.33,1.71,2.2,1.67,9879,1095
9880,1244,1157,1157,2024-05-06,2024-05-09,3,karatsev|a / mcdonald|m,Rome Masters,Internazionali BNL d'Italia,R128,R128,1.0,1.0,1.0,0.8571428571428572,99.28571428571429,29,Rome,Internazionali BNL d'Italia,2024-05-09,Masters 1000,Outdoor,Clay,1st Round,3,Karatsev A.,Mcdonald M.,86,76.0,675,735.0,4.0,6.0,6.0,3.0,6.0,4.0,,,,,2.0,1.0,Completed,1.25,4.0,1.29,3.9,1.3,4.0,1.27,3.67,9880,1096
9881,1245,1139,1139,2024-05-06,2024-05-09,3,koepfer|d / vavassori|a,Rome Masters,Internazionali BNL d'Italia,R128,R128,1.0,1.0,1.0,0.8571428571428572,99.28571428571429,29,Rome,Internazionali BNL d'Italia,2024-05-09,Masters 1000,Outdoor,Clay,1st Round,3,Koepfer D.,Vavassori A.,52,168.0,932,355.0,6.0,4.0,6.0,3.0,,,,,,,2.0,0.0,Completed,1.67,2.2,1.75,2.2,1.75,2.33,1.66,2.21,9881,1097
9882,1246,1142,1142,2024-05-06,2024-05-09,3,medjedovic|h / popyrin|a,Rome Masters,Internazionali BNL d'Italia,R128,R128,1.0,1.0,1.0,0.8571428571428572,99.28571428571429,29,Rome,Internazionali BNL d'Italia,2024-05-09,Masters 1000,Outdoor,Clay,1st Round,3,Medjedovic H.,Popyrin A.,121,42.0,522,1057.0,6.0,3.0,6.0,2.0,,,,,,,2.0,0.0,Completed,1.8,2.0,1.83,2.02,1.95,2.06,1.81,1.99,9882,1098
9883,1247,1150,1150,2024-05-06,2024-05-09,3,coric|b / draper|j,Rome Masters,Internazionali BNL d'Italia,R128,R128,1.0,1.0,1.0,0.8571428571428572,99.28571428571429,29,Rome,Internazionali BNL d'Italia,2024-05-09,Masters 1000,Outdoor,Clay,1st Round,3,Draper J.,Coric B.,40,55.0,1136,914.0,7.0,5.0,6.0,1.0,,,,,,,2.0,0.0,Completed,1.67,2.2,1.81,2.1,1.81,2.38,1.66,2.21,9883,1099
9820,1184,1175,1175,2024-05-06,2024-05-10,4,djokovic|n / moutet|c,Rome Masters,Internazionali BNL d'Italia,R64,R64,1.0,1.0,1.0,0.8095238095238095,99.04761904761905,29,Rome,Internazionali BNL d'Italia,2024-05-10,Masters 1000,Outdoor,Clay,2nd Round,3,Djokovic N.,Moutet C.,1,83.0,9990,715.0,6.0,3.0,6.0,1.0,,,,,,,2.0,0.0,Completed,1.08,8.0,1.11,8.9,1.11,8.9,1.09,7.39,9820,1100
9821,1185,1171,1171,2024-05-06,2024-05-10,4,hanfmann|y / tabilo|a,Rome Masters,Internazionali BNL d'Italia,R64,R64,1.0,1.0,1.0,0.8095238095238095,99.04761904761905,29,Rome,Internazionali BNL d'Italia,2024-05-10,Masters 1000,Outdoor,Clay,2nd Round,3,Tabilo A.,Hanfmann Y.,32,59.0,1320,848.0,6.0,3.0,7.0,6.0,,,,,,,2.0,0.0,Completed,1.53,2.5,1.54,2.66,1.64,2.66,1.51,2.57,9821,1101
9822,1186,1174,1174,2024-05-06,2024-05-10,4,cerundolo|f / gigante|m,Rome Masters,Internazionali BNL d'Italia,R64,R64,1.0,1.0,1.0,0.8095238095238095,99.04761904761905,29,Rome,Internazionali BNL d'Italia,2024-05-10,Masters 1000,Outdoor,Clay,2nd Round,3,Cerundolo F.,Gigante M.,22,139.0,1870,456.0,6.0,1.0,6.0,3.0,,,,,,,2.0,0.0,Completed,1.29,3.75,1.29,3.99,1.3,3.99,1.28,3.7,9822,1102
9823,1187,1170,1170,2024-05-06,2024-05-10,4,khachanov|k / shevchenko|a,Rome Masters,Internazionali BNL d'Italia,R64,R64,1.0,1.0,1.0,0.8095238095238095,99.04761904761905,29,Rome,Internazionali BNL d'Italia,2024-05-10,Masters 1000,Outdoor,Clay,2nd Round,3,Khachanov K.,Shevchenko A.,18,60.0,2000,848.0,6.0,4.0,6.0,4.0,,,,,,,2.0,0.0,Completed,1.29,3.75,1.35,3.52,1.4,3.94,1.32,3.41,9823,1103
9824,1188,1164,1164,2024-05-06,2024-05-10,4,kotov|p / shelton|b,Rome Masters,Internazionali BNL d'Italia,R64,R64,1.0,1.0,1.0,0.8095238095238095,99.04761904761905,29,Rome,Internazionali BNL d'Italia,2024-05-10,Masters 1000,Outdoor,Clay,2nd Round,3,Shelton B.,Kotov P.,14,63.0,2460,819.0,4.0,6.0,6.0,3.0,6.0,4.0,,,,,2.0,1.0,Completed,1.5,2.63,1.58,2.56,1.62,2.74,1.53,2.5,9824,1104
9826,1190,1166,1166,2024-05-06,2024-05-10,4,monteiro|t / thompson|j,Rome Masters,Internazionali BNL d'Italia,R64,R64,1.0,1.0,1.0,0.8095238095238095,99.04761904761905,29,Rome,Internazionali BNL d'Italia,2024-05-10,Masters 1000,Outdoor,Clay,2nd Round,3,Monteiro T.,Thompson J.,106,35.0,590,1191.0,6.0,1.0,6.0,3.0,,,,,,,2.0,0.0,Completed,1.4,3.0,1.41,3.19,1.41,3.22,1.39,2.99,9826,1105
9827,1191,1173,1173,2024-05-06,2024-05-10,4,kecmanovic|m / ruud|c,Rome Masters,Internazionali BNL d'Italia,R64,R64,1.0,1.0,1.0,0.8095238095238095,99.04761904761905,29,Rome,Internazionali BNL d'Italia,2024-05-10,Masters 1000,Outdoor,Clay,2nd Round,3,Kecmanovic M.,Ruud C.,58,7.0,850,4535.0,0.0,6.0,6.0,4.0,6.0,4.0,,,,,2.0,1.0,Completed,5.0,1.17,5.11,1.21,5.12,1.21,4.88,1.18,9827,1106
9828,1192,1168,1168,2024-05-06,2024-05-10,4,vukic|a / zverev|a,Rome Masters,Internazionali BNL d'Italia,R64,R64,1.0,1.0,1.0,0.8095238095238095,99.04761904761905,29,Rome,Internazionali BNL d'Italia,2024-05-10,Masters 1000,Outdoor,Clay,2nd Round,3,Zverev A.,Vukic A.,5,70.0,5435,792.0,6.0,0.0,6.0,4.0,,,,,,,2.0,0.0,Completed,1.05,11.0,1.06,12.76,1.08,12.76,1.05,10.29,9828,1107
9829,1193,1163,1163,2024-05-06,2024-05-10,4,darderi|l / navone|m,Rome Masters,Internazionali BNL d'Italia,R64,R64,1.0,1.0,1.0,0.8095238095238095,99.04761904761905,29,Rome,Internazionali BNL d'Italia,2024-05-10,Masters 1000,Outdoor,Clay,2nd Round,3,Darderi L.,Navone M.,54,31.0,918,1329.0,6.0,3.0,6.0,2.0,,,,,,,2.0,0.0,Completed,2.2,1.67,2.29,1.7,2.52,1.7,2.24,1.65,9829,1108
9830,1194,1169,1169,2024-05-06,2024-05-10,4,griekspoor|t / passaro|f,Rome Masters,Internazionali BNL d'Italia,R64,R64,1.0,1.0,1.0,0.8095238095238095,99.04761904761905,29,Rome,Internazionali BNL d'Italia,2024-05-10,Masters 1000,Outdoor,Clay,2nd Round,3,Passaro F.,Griekspoor T.,240,26.0,248,1595.0,4.0,6.0,6.0,3.0,7.0,6.0,,,,,2.0,1.0,Completed,3.2,1.36,3.56,1.34,3.56,1.4,3.3,1.33,9830,1109
9831,1195,1160,1160,2024-05-06,2024-05-10,4,borges|n / bublik|a,Rome Masters,Internazionali BNL d'Italia,R64,R64,1.0,1.0,1.0,0.8095238095238095,99.04761904761905,29,Rome,Internazionali BNL d'Italia,2024-05-10,Masters 1000,Outdoor,Clay,2nd Round,3,Borges N.,Bublik A.,53,17.0,931,2055.0,6.0,4.0,6.0,4.0,,,,,,,2.0,0.0,Completed,1.73,2.1,1.71,2.28,1.8,2.28,1.72,2.11,9831,1110
9832,1196,1172,1172,2024-05-06,2024-05-10,4,fognini|f / fritz|t,Rome Masters,Internazionali BNL d'Italia,R64,R64,1.0,1.0,1.0,0.8095238095238095,99.04761904761905,29,Rome,Internazionali BNL d'Italia,2024-05-10,Masters 1000,Outdoor,Clay,2nd Round,3,Fritz T.,Fognini F.,13,92.0,2870,650.0,6.0,3.0,6.0,4.0,,,,,,,2.0,0.0,Completed,1.2,4.5,1.22,4.82,1.22,4.98,1.2,4.53,9832,1111
9833,1197,1167,1167,2024-05-06,2024-05-10,4,cobolli|f / korda|s,Rome Masters,Internazionali BNL d'Italia,R64,R64,1.0,1.0,1.0,0.8095238095238095,99.04761904761905,29,Rome,Internazionali BNL d'Italia,2024-05-10,Masters 1000,Outdoor,Clay,2nd Round,3,Korda S.,Cobolli F.,27,57.0,1525,868.0,7.0,6.0,4.0,6.0,6.0,4.0,,,,,2.0,1.0,Completed,1.57,2.38,1.65,2.4,1.68,2.6,1.59,2.36,9833,1112
9834,1198,1161,1161,2024-05-06,2024-05-10,4,atmane|t / musetti|l,Rome Masters,Internazionali BNL d'Italia,R64,R64,1.0,1.0,1.0,0.8095238095238095,99.04761904761905,29,Rome,Internazionali BNL d'Italia,2024-05-10,Masters 1000,Outdoor,Clay,2nd Round,3,Atmane T.,Musetti L.,137,29.0,463,1405.0,7.0,5.0,1.0,0.0,,,,,,,1.0,0.0,Retired,5.5,1.14,5.67,1.19,6.0,1.2,5.28,1.16,9834,1113
9835,1199,1162,1162,2024-05-06,2024-05-10,4,dimitrov|g / nishioka|y,Rome Masters,Internazionali BNL d'Italia,R64,R64,1.0,1.0,1.0,0.8095238095238095,99.04761904761905,29,Rome,Internazionali BNL d'Italia,2024-05-10,Masters 1000,Outdoor,Clay,2nd Round,3,Dimitrov G.,Nishioka Y.,10,80.0,3605,721.0,7.0,5.0,6.0,4.0,,,,,,,2.0,0.0,Completed,1.11,6.5,1.16,6.06,1.17,6.5,1.13,5.78,9835,1114
9836,1200,1188,1188,2024-05-06,2024-05-11,5,struff|j / tsitsipas|s,Rome Masters,Internazionali BNL d'Italia,R64,R64,1.0,1.0,1.0,0.7619047619047619,98.80952380952381,29,Rome,Internazionali BNL d'Italia,2024-05-11,Masters 1000,Outdoor,Clay,2nd Round,3,Tsitsipas S.,Struff J.L.,8,41.0,3860,1120.0,6.0,7.0,6.0,4.0,6.0,4.0,,,,,2.0,1.0,Completed,1.53,2.5,1.58,2.55,1.58,2.6,1.52,2.51,9836,1115
9837,1201,1187,1187,2024-05-06,2024-05-11,5,munar|j / norrie|c,Rome Masters,Internazionali BNL d'Italia,R64,R64,1.0,1.0,1.0,0.7619047619047619,98.80952380952381,29,Rome,Internazionali BNL d'Italia,2024-05-11,Masters 1000,Outdoor,Clay,2nd Round,3,Norrie C.,Munar J.,30,68.0,1350,805.0,6.0,3.0,1.0,6.0,6.0,3.0,,,,,2.0,1.0,Completed,1.57,2.38,1.68,2.33,1.68,2.45,1.62,2.29,9837,1116
9838,1202,1189,1189,2024-05-06,2024-05-11,5,aliassime|f / van de zandschulp|b <> auger aliassime|f / van de zandschulp|b,Rome Masters,Internazionali BNL d'Italia,R64,R64,1.0,1.0,1.0,0.7619047619047619,98.80952380952381,29,Rome,Internazionali BNL d'Italia,2024-05-11,Masters 1000,Outdoor,Clay,2nd Round,3,Auger-Aliassime F.,Van De Zandschulp B.,20,112.0,1880,565.0,6.0,1.0,7.0,6.0,,,,,,,2.0,0.0,Completed,1.4,3.0,1.44,3.03,1.44,3.06,1.4,2.93,9838,1117
9839,1203,1183,1183,2024-05-06,2024-05-11,5,baena|r / de minaur|a <> carballes baena|r / de minaur|a,Rome Masters,Internazionali BNL d'Italia,R64,R64,1.0,1.0,1.0,0.7619047619047619,98.80952380952381,29,Rome,Internazionali BNL d'Italia,2024-05-11,Masters 1000,Outdoor,Clay,2nd Round,3,De Minaur A.,Carballes Baena R.,11,62.0,3435,826.0,6.0,3.0,6.0,2.0,,,,,,,2.0,0.0,Completed,1.33,3.4,1.39,3.27,1.4,3.4,1.36,3.17,9839,1118
9840,1204,1181,1181,2024-05-06,2024-05-11,5,napolitano|s / shang|j,Rome Masters,Internazionali BNL d'Italia,R64,R64,1.0,1.0,1.0,0.7619047619047619,98.80952380952381,29,Rome,Internazionali BNL d'Italia,2024-05-11,Masters 1000,Outdoor,Clay,2nd Round,3,Napolitano S.,Shang J.,125,105.0,506,590.0,6.0,7.0,6.0,1.0,6.0,0.0,,,,,2.0,1.0,Completed,2.0,1.8,2.03,1.88,2.03,1.88,1.98,1.81,9840,1119
9841,1205,1178,1178,2024-05-06,2024-05-11,5,arnaldi|m / jarry|n,Rome Masters,Internazionali BNL d'Italia,R64,R64,1.0,1.0,1.0,0.7619047619047619,98.80952380952381,29,Rome,Internazionali BNL d'Italia,2024-05-11,Masters 1000,Outdoor,Clay,2nd Round,3,Jarry N.,Arnaldi M.,24,37.0,1675,1160.0,6.0,2.0,7.0,6.0,,,,,,,2.0,0.0,Completed,2.1,1.73,2.23,1.74,2.23,1.76,2.14,1.7,9841,1120
9842,1206,1184,1184,2024-05-06,2024-05-11,5,fils|a / muller|a,Rome Masters,Internazionali BNL d'Italia,R64,R64,1.0,1.0,1.0,0.7619047619047619,98.80952380952381,29,Rome,Internazionali BNL d'Italia,2024-05-11,Masters 1000,Outdoor,Clay,2nd Round,3,Muller A.,Fils A.,109,34.0,577,1251.0,7.0,5.0,6.0,3.0,,,,,,,2.0,0.0,Completed,2.2,1.67,2.3,1.69,2.38,1.74,2.24,1.64,9842,1121
9843,1207,1191,1191,2024-05-06,2024-05-11,5,giron|m / rublev|a,Rome Masters,Internazionali BNL d'Italia,R64,R64,1.0,1.0,1.0,0.7619047619047619,98.80952380952381,29,Rome,Internazionali BNL d'Italia,2024-05-11,Masters 1000,Outdoor,Clay,2nd Round,3,Rublev A.,Giron M.,6,49.0,4740,980.0,5.0,7.0,6.0,4.0,7.0,5.0,,,,,2.0,1.0,Completed,1.11,6.5,1.12,7.98,1.12,7.98,1.11,6.74,9843,1122
9844,1208,1179,1179,2024-05-06,2024-05-11,5,hurkacz|h / nadal|r,Rome Masters,Internazionali BNL d'Italia,R64,R64,1.0,1.0,1.0,0.7619047619047619,98.80952380952381,29,Rome,Internazionali BNL d'Italia,2024-05-11,Masters 1000,Outdoor,Clay,2nd Round,3,Hurkacz H.,Nadal R.,9,305.0,3730,175.0,6.0,1.0,6.0,3.0,,,,,,,2.0,0.0,Completed,2.3,1.62,2.4,1.65,2.4,1.84,2.28,1.62,9844,1123
9845,1209,1176,1176,2024-05-06,2024-05-11,5,etcheverry|t / seyboth wild|t <> etcheverry|t / wild|t,Rome Masters,Internazionali BNL d'Italia,R64,R64,1.0,1.0,1.0,0.7619047619047619,98.80952380952381,29,Rome,Internazionali BNL d'Italia,2024-05-11,Masters 1000,Outdoor,Clay,2nd Round,3,Etcheverry T.,Seyboth Wild T.,28,61.0,1460,839.0,6.0,3.0,7.0,5.0,,,,,,,2.0,0.0,Completed,1.73,2.1,1.87,2.04,1.89,2.12,1.83,1.98,9845,1124
9846,1210,1186,1186,2024-05-06,2024-05-11,5,baez|s / lajovic|d,Rome Masters,Internazionali BNL d'Italia,R64,R64,1.0,1.0,1.0,0.7619047619047619,98.80952380952381,29,Rome,Internazionali BNL d'Italia,2024-05-11,Masters 1000,Outdoor,Clay,2nd Round,3,Baez S.,Lajovic D.,19,64.0,1960,811.0,7.0,6.0,7.0,6.0,,,,,,,2.0,0.0,Completed,1.57,2.38,1.69,2.3,1.69,2.42,1.63,2.27,9846,1125
9847,1211,1190,1190,2024-05-06,2024-05-11,5,nardi|l / rune|h,Rome Masters,Internazionali BNL d'Italia,R64,R64,1.0,1.0,1.0,0.7619047619047619,98.80952380952381,29,Rome,Internazionali BNL d'Italia,2024-05-11,Masters 1000,Outdoor,Clay,2nd Round,3,Rune H.,Nardi L.,12,81.0,3250,718.0,6.0,4.0,6.0,4.0,,,,,,,2.0,0.0,Completed,1.33,3.4,1.36,3.49,1.36,3.87,1.33,3.33,9847,1126
9848,1212,1180,1180,2024-05-06,2024-05-11,5,karatsev|a / paul|t,Rome Masters,Internazionali BNL d'Italia,R64,R64,1.0,1.0,1.0,0.7619047619047619,98.80952380952381,29,Rome,Internazionali BNL d'Italia,2024-05-11,Masters 1000,Outdoor,Clay,2nd Round,3,Paul T.,Karatsev A.,16,86.0,2300,675.0,6.0,4.0,6.0,2.0,,,,,,,2.0,0.0,Completed,1.44,2.75,1.5,2.59,1.57,3.13,1.47,2.7,9848,1127
9849,1213,1182,1182,2024-05-06,2024-05-11,5,koepfer|d / tiafoe|f,Rome Masters,Internazionali BNL d'Italia,R64,R64,1.0,1.0,1.0,0.7619047619047619,98.80952380952381,29,Rome,Internazionali BNL d'Italia,2024-05-11,Masters 1000,Outdoor,Clay,2nd Round,3,Koepfer D.,Tiafoe F.,52,25.0,932,1650.0,6.0,4.0,6.0,2.0,,,,,,,2.0,0.0,Completed,1.91,1.91,1.89,2.01,1.94,2.01,1.87,1.93,9849,1128
9850,1214,1177,1177,2024-05-06,2024-05-11,5,davidovich fokina|a / medjedovic|h <> fokina|a / medjedovic|h,Rome Masters,Internazionali BNL d'Italia,R64,R64,1.0,1.0,1.0,0.7619047619047619,98.80952380952381,29,Rome,Internazionali BNL d'Italia,2024-05-11,Masters 1000,Outdoor,Clay,2nd Round,3,Medjedovic H.,Davidovich Fokina A.,121,33.0,522,1315.0,7.0,6.0,6.0,4.0,,,,,,,2.0,0.0,Completed,2.3,1.62,2.2,1.76,2.32,1.8,2.17,1.7,9850,1129
9851,1215,1185,1185,2024-05-06,2024-05-11,5,draper|j / medvedev|d,Rome Masters,Internazionali BNL d'Italia,R64,R64,1.0,1.0,1.0,0.7619047619047619,98.80952380952381,29,Rome,Internazionali BNL d'Italia,2024-05-11,Masters 1000,Outdoor,Clay,2nd Round,3,Medvedev D.,Draper J.,4,40.0,7195,1136.0,7.0,5.0,6.0,4.0,,,,,,,2.0,0.0,Completed,1.67,2.2,1.75,2.21,1.75,2.28,1.68,2.18,9851,1130
9804,1168,1196,1196,2024-05-06,2024-05-12,6,djokovic|n / tabilo|a,Rome Masters,Internazionali BNL d'Italia,R32,R32,1.0,1.0,1.0,0.7142857142857143,98.57142857142857,29,Rome,Internazionali BNL d'Italia,2024-05-12,Masters 1000,Outdoor,Clay,3rd Round,3,Tabilo A.,Djokovic N.,32,1.0,1320,9990.0,6.0,2.0,6.0,3.0,,,,,,,2.0,0.0,Completed,9.0,1.07,8.97,1.1,9.0,1.11,7.79,1.08,9804,1131
9805,1169,1194,1194,2024-05-06,2024-05-12,6,cerundolo|f / khachanov|k,Rome Masters,Internazionali BNL d'Italia,R32,R32,1.0,1.0,1.0,0.7142857142857143,98.57142857142857,29,Rome,Internazionali BNL d'Italia,2024-05-12,Masters 1000,Outdoor,Clay,3rd Round,3,Khachanov K.,Cerundolo F.,18,22.0,2000,1870.0,6.0,2.0,6.0,4.0,,,,,,,2.0,0.0,Completed,1.8,2.0,1.78,2.16,1.84,2.16,1.79,2.01,9805,1132
9807,1171,1192,1192,2024-05-06,2024-05-12,6,kecmanovic|m / monteiro|t,Rome Masters,Internazionali BNL d'Italia,R32,R32,1.0,1.0,1.0,0.7142857142857143,98.57142857142857,29,Rome,Internazionali BNL d'Italia,2024-05-12,Masters 1000,Outdoor,Clay,3rd Round,3,Monteiro T.,Kecmanovic M.,106,58.0,590,850.0,6.0,2.0,4.0,6.0,7.0,6.0,,,,,2.0,1.0,Completed,2.0,1.8,2.02,1.88,2.1,1.88,1.99,1.81,9807,1133
9808,1172,1198,1198,2024-05-06,2024-05-12,6,darderi|l / zverev|a,Rome Masters,Internazionali BNL d'Italia,R32,R32,1.0,1.0,1.0,0.7142857142857143,98.57142857142857,29,Rome,Internazionali BNL d'Italia,2024-05-12,Masters 1000,Outdoor,Clay,3rd Round,3,Zverev A.,Darderi L.,5,54.0,5435,918.0,7.0,6.0,6.0,2.0,,,,,,,2.0,0.0,Completed,1.2,4.5,1.25,4.51,1.25,4.6,1.21,4.32,9808,1134
9809,1173,1193,1193,2024-05-06,2024-05-12,6,borges|n / passaro|f,Rome Masters,Internazionali BNL d'Italia,R32,R32,1.0,1.0,1.0,0.7142857142857143,98.57142857142857,29,Rome,Internazionali BNL d'Italia,2024-05-12,Masters 1000,Outdoor,Clay,3rd Round,3,Borges N.,Passaro F.,53,240.0,931,248.0,4.0,6.0,7.0,6.0,7.0,6.0,,,,,2.0,1.0,Completed,1.5,2.63,1.54,2.67,1.54,2.67,1.51,2.56,9809,1135
9810,1174,1197,1197,2024-05-06,2024-05-12,6,fritz|t / korda|s,Rome Masters,Internazionali BNL d'Italia,R32,R32,1.0,1.0,1.0,0.7142857142857143,98.57142857142857,29,Rome,Internazionali BNL d'Italia,2024-05-12,Masters 1000,Outdoor,Clay,3rd Round,3,Fritz T.,Korda S.,13,27.0,2870,1525.0,6.0,3.0,6.0,4.0,,,,,,,2.0,0.0,Completed,1.53,2.5,1.55,2.65,1.57,2.65,1.51,2.53,9810,1136
9811,1175,1195,1195,2024-05-06,2024-05-12,6,atmane|t / dimitrov|g,Rome Masters,Internazionali BNL d'Italia,R32,R32,1.0,1.0,1.0,0.7142857142857143,98.57142857142857,29,Rome,Internazionali BNL d'Italia,2024-05-12,Masters 1000,Outdoor,Clay,3rd Round,3,Dimitrov G.,Atmane T.,10,137.0,3605,463.0,7.0,6.0,6.0,3.0,,,,,,,2.0,0.0,Completed,1.13,6.0,1.15,6.41,1.16,6.41,1.14,5.83,9811,1137
9812,1176,1201,1201,2024-05-06,2024-05-13,7,norrie|c / tsitsipas|s,Rome Masters,Internazionali BNL d'Italia,R32,R32,1.0,1.0,1.0,0.6666666666666667,98.33333333333333,29,Rome,Internazionali BNL d'Italia,2024-05-13,Masters 1000,Outdoor,Clay,3rd Round,3,Tsitsipas S.,Norrie C.,8,30.0,3860,1350.0,6.0,2.0,7.0,6.0,,,,,,,2.0,0.0,Completed,1.2,4.5,1.26,4.29,1.35,4.5,1.25,3.95,9812,1138
9813,1177,1200,1200,2024-05-06,2024-05-13,7,aliassime|f / de minaur|a <> auger aliassime|f / de minaur|a,Rome Masters,Internazionali BNL d'Italia,R32,R32,1.0,1.0,1.0,0.6666666666666667,98.33333333333333,29,Rome,Internazionali BNL d'Italia,2024-05-13,Masters 1000,Outdoor,Clay,3rd Round,3,De Minaur A.,Auger-Aliassime F.,11,20.0,3435,1880.0,6.0,7.0,6.0,4.0,6.0,4.0,,,,,2.0,1.0,Completed,1.57,2.38,1.66,2.37,1.66,2.4,1.61,2.31,9813,1139
9814,1178,1204,1204,2024-05-06,2024-05-13,7,jarry|n / napolitano|s,Rome Masters,Internazionali BNL d'Italia,R32,R32,1.0,1.0,1.0,0.6666666666666667,98.33333333333333,29,Rome,Internazionali BNL d'Italia,2024-05-13,Masters 1000,Outdoor,Clay,3rd Round,3,Jarry N.,Napolitano S.,24,125.0,1675,506.0,6.0,2.0,4.0,6.0,6.0,4.0,,,,,2.0,1.0,Completed,1.36,3.2,1.38,3.31,1.38,3.4,1.35,3.21,9814,1140
9815,1179,1202,1202,2024-05-06,2024-05-13,7,muller|a / rublev|a,Rome Masters,Internazionali BNL d'Italia,R32,R32,1.0,1.0,1.0,0.6666666666666667,98.33333333333333,29,Rome,Internazionali BNL d'Italia,2024-05-13,Masters 1000,Outdoor,Clay,3rd Round,3,Muller A.,Rublev A.,109,6.0,577,4740.0,3.0,6.0,6.0,3.0,6.0,2.0,,,,,2.0,1.0,Completed,5.0,1.17,4.95,1.22,5.0,1.22,4.64,1.19,9815,1141
9816,1180,1205,1205,2024-05-06,2024-05-13,7,etcheverry|t / hurkacz|h,Rome Masters,Internazionali BNL d'Italia,R32,R32,1.0,1.0,1.0,0.6666666666666667,98.33333333333333,29,Rome,Internazionali BNL d'Italia,2024-05-13,Masters 1000,Outdoor,Clay,3rd Round,3,Hurkacz H.,Etcheverry T.,9,28.0,3730,1460.0,7.0,6.0,6.0,2.0,,,,,,,2.0,0.0,Completed,1.5,2.63,1.56,2.6,1.56,2.74,1.51,2.54,9816,1142
9817,1181,1207,1207,2024-05-06,2024-05-13,7,baez|s / rune|h,Rome Masters,Internazionali BNL d'Italia,R32,R32,1.0,1.0,1.0,0.6666666666666667,98.33333333333333,29,Rome,Internazionali BNL d'Italia,2024-05-13,Masters 1000,Outdoor,Clay,3rd Round,3,Baez S.,Rune H.,19,12.0,1960,3250.0,2.0,6.0,6.0,2.0,6.0,3.0,,,,,2.0,1.0,Completed,2.5,1.53,2.59,1.57,2.68,1.57,2.5,1.53,9817,1143
9818,1182,1203,1203,2024-05-06,2024-05-13,7,koepfer|d / paul|t,Rome Masters,Internazionali BNL d'Italia,R32,R32,1.0,1.0,1.0,0.6666666666666667,98.33333333333333,29,Rome,Internazionali BNL d'Italia,2024-05-13,Masters 1000,Outdoor,Clay,3rd Round,3,Paul T.,Koepfer D.,16,52.0,2300,932.0,6.0,4.0,6.0,3.0,,,,,,,2.0,0.0,Completed,1.67,2.2,1.69,2.31,1.7,2.38,1.65,2.23,9818,1144
9819,1183,1206,1206,2024-05-06,2024-05-13,7,medjedovic|h / medvedev|d,Rome Masters,Internazionali BNL d'Italia,R32,R32,1.0,1.0,1.0,0.6666666666666667,98.33333333333333,29,Rome,Internazionali BNL d'Italia,2024-05-13,Masters 1000,Outdoor,Clay,3rd Round,3,Medvedev D.,Medjedovic H.,4,121.0,7195,522.0,7.0,6.0,2.0,6.0,7.0,5.0,,,,,2.0,1.0,Completed,1.4,3.0,1.45,2.98,1.45,3.1,1.4,2.95,9819,1145
9796,1160,1208,1208,2024-05-06,2024-05-14,8,khachanov|k / tabilo|a,Rome Masters,Internazionali BNL d'Italia,R16,R16,1.0,1.0,1.0,0.6190476190476191,98.0952380952381,29,Rome,Internazionali BNL d'Italia,2024-05-14,Masters 1000,Outdoor,Clay,4th Round,3,Tabilo A.,Khachanov K.,32,18.0,1320,2000.0,7.0,6.0,7.0,6.0,,,,,,,2.0,0.0,Completed,3.0,1.4,3.03,1.44,3.04,1.48,2.8,1.43,9796,1146
9798,1162,1211,1211,2024-05-06,2024-05-14,8,borges|n / zverev|a,Rome Masters,Internazionali BNL d'Italia,R16,R16,1.0,1.0,1.0,0.6190476190476191,98.0952380952381,29,Rome,Internazionali BNL d'Italia,2024-05-14,Masters 1000,Outdoor,Clay,4th Round,3,Zverev A.,Borges N.,5,53.0,5435,931.0,6.0,2.0,7.0,5.0,,,,,,,2.0,0.0,Completed,1.13,6.0,1.15,6.63,1.16,6.63,1.13,5.94,9798,1147
9799,1163,1209,1209,2024-05-06,2024-05-14,8,dimitrov|g / fritz|t,Rome Masters,Internazionali BNL d'Italia,R16,R16,1.0,1.0,1.0,0.6190476190476191,98.0952380952381,29,Rome,Internazionali BNL d'Italia,2024-05-14,Masters 1000,Outdoor,Clay,4th Round,3,Fritz T.,Dimitrov G.,13,10.0,2870,3605.0,6.0,2.0,6.0,7.0,6.0,1.0,,,,,2.0,1.0,Completed,1.62,2.3,1.72,2.26,1.77,2.3,1.68,2.19,9799,1148
9800,1164,1215,1215,2024-05-06,2024-05-14,8,de minaur|a / tsitsipas|s,Rome Masters,Internazionali BNL d'Italia,R16,R16,1.0,1.0,1.0,0.6190476190476191,98.0952380952381,29,Rome,Internazionali BNL d'Italia,2024-05-14,Masters 1000,Outdoor,Clay,4th Round,3,Tsitsipas S.,De Minaur A.,8,11.0,3860,3435.0,6.0,1.0,6.0,2.0,,,,,,,2.0,0.0,Completed,1.36,3.2,1.36,3.47,1.36,3.5,1.33,3.31,9800,1149
9801,1165,1212,1212,2024-05-06,2024-05-14,8,jarry|n / muller|a,Rome Masters,Internazionali BNL d'Italia,R16,R16,1.0,1.0,1.0,0.6190476190476191,98.0952380952381,29,Rome,Internazionali BNL d'Italia,2024-05-14,Masters 1000,Outdoor,Clay,4th Round,3,Jarry N.,Muller A.,24,109.0,1675,577.0,7.0,5.0,6.0,3.0,,,,,,,2.0,0.0,Completed,1.5,2.63,1.52,2.73,1.53,2.73,1.5,2.58,9801,1150
9802,1166,1213,1213,2024-05-06,2024-05-14,8,baez|s / hurkacz|h,Rome Masters,Internazionali BNL d'Italia,R16,R16,1.0,1.0,1.0,0.6190476190476191,98.0952380952381,29,Rome,Internazionali BNL d'Italia,2024-05-14,Masters 1000,Outdoor,Clay,4th Round,3,Hurkacz H.,Baez S.,9,19.0,3730,1960.0,5.0,7.0,7.0,6.0,6.0,4.0,,,,,2.0,1.0,Completed,1.44,2.75,1.52,2.73,1.52,2.77,1.47,2.67,9802,1151
9803,1167,1214,1214,2024-05-06,2024-05-14,8,medvedev|d / paul|t,Rome Masters,Internazionali BNL d'Italia,R16,R16,1.0,1.0,1.0,0.6190476190476191,98.0952380952381,29,Rome,Internazionali BNL d'Italia,2024-05-14,Masters 1000,Outdoor,Clay,4th Round,3,Paul T.,Medvedev D.,16,4.0,2300,7195.0,6.0,1.0,6.0,4.0,,,,,,,2.0,0.0,Completed,2.63,1.5,2.88,1.48,2.88,1.51,2.68,1.48,9803,1152
9793,1157,1217,1217,2024-05-06,2024-05-15,9,fritz|t / zverev|a,Rome Masters,Internazionali BNL d'Italia,QF,QF,1.0,1.0,1.0,0.5714285714285714,97.85714285714286,29,Rome,Internazionali BNL d'Italia,2024-05-15,Masters 1000,Outdoor,Clay,Quarterfinals,3,Zverev A.,Fritz T.,5,13.0,5435,2870.0,6.0,4.0,6.0,3.0,,,,,,,2.0,0.0,Completed,1.5,2.63,1.52,2.73,1.53,2.8,1.48,2.66,9793,1153
9794,1158,1219,1219,2024-05-06,2024-05-16,10,jarry|n / tsitsipas|s,Rome Masters,Internazionali BNL d'Italia,QF,QF,1.0,1.0,1.0,0.5238095238095238,97.61904761904762,29,Rome,Internazionali BNL d'Italia,2024-05-16,Masters 1000,Outdoor,Clay,Quarterfinals,3,Jarry N.,Tsitsipas S.,24,8.0,1675,3860.0,3.0,6.0,7.0,5.0,6.0,4.0,,,,,2.0,1.0,Completed,4.0,1.25,4.2,1.27,4.33,1.29,3.98,1.24,9794,1154
9795,1159,1218,1218,2024-05-06,2024-05-16,10,hurkacz|h / paul|t,Rome Masters,Internazionali BNL d'Italia,QF,QF,1.0,1.0,1.0,0.5238095238095238,97.61904761904762,29,Rome,Internazionali BNL d'Italia,2024-05-16,Masters 1000,Outdoor,Clay,Quarterfinals,3,Paul T.,Hurkacz H.,16,9.0,2300,3730.0,7.0,5.0,3.0,6.0,6.0,3.0,,,,,2.0,1.0,Completed,2.3,1.62,2.36,1.67,2.37,1.7,2.24,1.65,9795,1155
9790,1154,1220,1220,2024-05-06,2024-05-17,11,tabilo|a / zverev|a,Rome Masters,Internazionali BNL d'Italia,SF,SF,1.0,1.0,1.0,0.47619047619047616,97.38095238095238,29,Rome,Internazionali BNL d'Italia,2024-05-17,Masters 1000,Outdoor,Clay,Semifinals,3,Zverev A.,Tabilo A.,5,32.0,5435,1320.0,1.0,6.0,7.0,6.0,6.0,2.0,,,,,2.0,1.0,Completed,1.22,4.33,1.26,4.31,1.89,4.33,1.27,3.94,9790,1156
9791,1155,1221,1221,2024-05-06,2024-05-17,11,jarry|n / paul|t,Rome Masters,Internazionali BNL d'Italia,SF,SF,1.0,1.0,1.0,0.47619047619047616,97.38095238095238,29,Rome,Internazionali BNL d'Italia,2024-05-17,Masters 1000,Outdoor,Clay,Semifinals,3,Jarry N.,Paul T.,24,16.0,1675,2300.0,6.0,3.0,6.0,7.0,6.0,3.0,,,,,2.0,1.0,Completed,2.1,1.73,2.15,1.79,2.15,1.8,2.07,1.75,9791,1157
9789,1153,1222,1222,2024-05-06,2024-05-19,13,jarry|n / zverev|a,Rome Masters,Internazionali BNL d'Italia,F,F,1.0,1.0,1.0,0.38095238095238093,96.9047619047619,29,Rome,Internazionali BNL d'Italia,2024-05-19,Masters 1000,Outdoor,Clay,The Final,3,Zverev A.,Jarry N.,5,24.0,5435,1675.0,6.0,4.0,7.0,5.0,,,,,,,2.0,0.0,Completed,1.33,3.4,1.35,3.5,1.36,3.5,1.33,3.32,9789,1158
9908,1272,1223,1223,2024-05-20,2024-05-19,-1,baez|s / nagal|s,Geneva,Geneva Open,R32,R32,1.0,1.0,1.0,0.6666666666666667,98.33333333333333,30,Geneva,Geneva Open,2024-05-19,ATP250,Outdoor,Clay,1st Round,3,Baez S.,Nagal S.,20,94.0,1985,646.0,7.0,6.0,6.0,3.0,,,,,,,2.0,0.0,Completed,1.2,4.5,1.23,4.43,1.25,4.54,1.22,4.24,9908,1159
9909,1273,1224,1224,2024-05-20,2024-05-19,-1,altmaier|d / baena|r <> altmaier|d / carballes baena|r,Geneva,Geneva Open,R32,R32,1.0,1.0,1.0,0.6666666666666667,98.33333333333333,30,Geneva,Geneva Open,2024-05-19,ATP250,Outdoor,Clay,1st Round,3,Carballes Baena R.,Altmaier D.,62,83.0,811,702.0,7.0,6.0,6.0,4.0,,,,,,,2.0,0.0,Completed,1.91,1.91,1.98,1.88,2.0,1.95,1.93,1.86,9909,1160
9936,1300,1251,1251,2024-05-20,2024-05-19,-1,gasquet|r / muller|a,Lyon,Lyon Open,R32,R32,1.0,1.0,1.0,0.6666666666666667,98.33333333333333,31,Lyon,Lyon Open,2024-05-19,ATP250,Outdoor,Clay,1st Round,3,Muller A.,Gasquet R.,90,124.0,656,515.0,6.0,4.0,6.0,4.0,,,,,,,2.0,0.0,Completed,1.4,3.0,1.44,2.9,1.46,3.0,1.42,2.82,9936,1161
9937,1301,1250,1250,2024-05-20,2024-05-19,-1,mcdonald|m / vukic|a,Lyon,Lyon Open,R32,R32,1.0,1.0,1.0,0.6666666666666667,98.33333333333333,31,Lyon,Lyon Open,2024-05-19,ATP250,Outdoor,Clay,1st Round,3,Vukic A.,Mcdonald M.,93,74.0,647,735.0,6.0,2.0,6.0,2.0,,,,,,,2.0,0.0,Completed,1.67,2.2,1.65,2.31,1.68,2.31,1.64,2.25,9937,1162
9905,1269,1225,1225,2024-05-20,2024-05-20,0,marozsan|f / shevchenko|a,Geneva,Geneva Open,R32,R32,1.0,1.0,1.0,1.0,100.0,30,Geneva,Geneva Open,2024-05-20,ATP250,Outdoor,Clay,1st Round,3,Shevchenko A.,Marozsan F.,61,41.0,825,1083.0,6.0,4.0,7.0,6.0,,,,,,,2.0,0.0,Completed,2.2,1.67,2.33,1.67,2.36,1.73,2.21,1.66,9905,1163
9906,1270,1227,1227,2024-05-20,2024-05-20,0,giron|m / ruusuvuori|e,Geneva,Geneva Open,R32,R32,1.0,1.0,1.0,1.0,100.0,30,Geneva,Geneva Open,2024-05-20,ATP250,Outdoor,Clay,1st Round,3,Ruusuvuori E.,Giron M.,66,48.0,768,1000.0,6.0,3.0,6.0,3.0,,,,,,,2.0,0.0,Completed,1.73,2.1,1.69,2.29,1.73,2.29,1.66,2.2,9906,1164
9907,1271,1228,1228,2024-05-20,2024-05-20,0,cobolli|f / karatsev|a,Geneva,Geneva Open,R32,R32,1.0,1.0,1.0,1.0,100.0,30,Geneva,Geneva Open,2024-05-20,ATP250,Outdoor,Clay,1st Round,3,Cobolli F.,Karatsev A.,56,82.0,860,705.0,7.0,5.0,6.0,1.0,,,,,,,2.0,0.0,Completed,1.5,2.63,1.57,2.55,1.57,2.63,1.53,2.47,9907,1165
9910,1274,1226,1226,2024-05-20,2024-05-20,0,hijikata|r / ofner|s,Geneva,Geneva Open,R32,R32,1.0,1.0,1.0,1.0,100.0,30,Geneva,Geneva Open,2024-05-20,ATP250,Outdoor,Clay,1st Round,3,Ofner S.,Hijikata R.,45,78.0,1010,723.0,4.0,6.0,6.0,4.0,6.0,3.0,,,,,2.0,1.0,Completed,1.29,3.75,1.27,4.12,1.29,4.12,1.26,3.84,9910,1166
9926,1290,1255,1255,2024-05-20,2024-05-20,0,barranco cosano|j / koepfer|d <> cosano|j / koepfer|d,Lyon,Lyon Open,R32,R32,1.0,1.0,1.0,1.0,100.0,31,Lyon,Lyon Open,2024-05-20,ATP250,Outdoor,Clay,1st Round,3,Koepfer D.,Barranco Cosano J.,67,254.0,767,233.0,6.0,4.0,6.0,7.0,6.0,4.0,,,,,2.0,1.0,Completed,1.22,4.33,1.28,3.99,1.29,4.34,1.26,3.84,9926,1167
9928,1292,1252,1252,2024-05-20,2024-05-20,0,etcheverry|t / izquierdo|n <> etcheverry|t / sanchez izquierdo|n,Lyon,Lyon Open,R32,R32,1.0,1.0,1.0,1.0,100.0,31,Lyon,Lyon Open,2024-05-20,ATP250,Outdoor,Clay,1st Round,3,Etcheverry T.,Sanchez Izquierdo N.,29,260.0,1410,221.0,1.0,6.0,6.0,2.0,6.0,2.0,,,,,2.0,1.0,Completed,1.07,9.0,1.1,8.73,1.1,9.0,1.08,7.84,9928,1168
9930,1294,1254,1254,2024-05-20,2024-05-20,0,evans|d / rinderknech|a,Lyon,Lyon Open,R32,R32,1.0,1.0,1.0,1.0,100.0,31,Lyon,Lyon Open,2024-05-20,ATP250,Outdoor,Clay,1st Round,3,Rinderknech A.,Evans D.,73,60.0,739,831.0,6.0,3.0,4.0,6.0,7.0,6.0,,,,,2.0,1.0,Completed,1.67,2.2,1.68,2.3,1.73,2.3,1.66,2.19,9930,1169
9935,1299,1253,1253,2024-05-20,2024-05-20,0,cachin|p / kotov|p,Lyon,Lyon Open,R32,R32,1.0,1.0,1.0,1.0,100.0,31,Lyon,Lyon Open,2024-05-20,ATP250,Outdoor,Clay,1st Round,3,Kotov P.,Cachin P.,57,106.0,849,597.0,6.0,1.0,6.0,4.0,,,,,,,2.0,0.0,Completed,1.57,2.38,1.67,2.3,1.67,2.4,1.58,2.35,9935,1170
9895,1259,1236,1236,2024-05-20,2024-05-21,1,ruusuvuori|e / shevchenko|a,Geneva,Geneva Open,R16,R16,1.0,1.0,1.0,0.9523809523809523,99.76190476190476,30,Geneva,Geneva Open,2024-05-21,ATP250,Outdoor,Clay,2nd Round,3,Shevchenko A.,Ruusuvuori E.,61,66.0,825,768.0,,,,,,,,,,,,,Walkover,2.1,1.73,2.25,1.72,2.25,1.75,2.16,1.67,9895,1171
9896,1260,1235,1235,2024-05-20,2024-05-21,1,cobolli|f / shelton|b,Geneva,Geneva Open,R16,R16,1.0,1.0,1.0,0.9523809523809523,99.76190476190476,30,Geneva,Geneva Open,2024-05-21,ATP250,Outdoor,Clay,2nd Round,3,Cobolli F.,Shelton B.,56,15.0,860,2500.0,4.0,6.0,7.0,6.0,6.0,2.0,,,,,2.0,1.0,Completed,2.2,1.67,2.18,1.77,2.36,1.78,2.15,1.7,9896,1172
9899,1263,1231,1231,2024-05-20,2024-05-21,1,hanfmann|y / murray|a,Geneva,Geneva Open,R32,R32,1.0,1.0,1.0,0.9523809523809523,99.76190476190476,30,Geneva,Geneva Open,2024-05-21,ATP250,Outdoor,Clay,1st Round,3,Hanfmann Y.,Murray A.,85,75.0,682,728.0,7.0,5.0,6.0,2.0,,,,,,,2.0,0.0,Completed,1.62,2.3,1.7,2.26,1.72,2.41,1.64,2.23,9899,1173
9900,1264,1234,1234,2024-05-20,2024-05-21,1,coria|f / shapovalov|d,Geneva,Geneva Open,R32,R32,1.0,1.0,1.0,0.9523809523809523,99.76190476190476,30,Geneva,Geneva Open,2024-05-21,ATP250,Outdoor,Clay,1st Round,3,Shapovalov D.,Coria F.,123,69.0,515,761.0,7.0,5.0,6.0,0.0,,,,,,,2.0,0.0,Completed,1.62,2.3,1.61,2.44,1.66,2.53,1.59,2.35,9900,1174
9901,1265,1232,1232,2024-05-20,2024-05-21,1,eubanks|c / griekspoor|t,Geneva,Geneva Open,R32,R32,1.0,1.0,1.0,0.9523809523809523,99.76190476190476,30,Geneva,Geneva Open,2024-05-21,ATP250,Outdoor,Clay,1st Round,3,Griekspoor T.,Eubanks C.,27,43.0,1605,1038.0,6.0,4.0,1.0,6.0,6.0,3.0,,,,,2.0,1.0,Completed,1.17,5.0,1.2,5.04,1.21,5.04,1.18,4.66,9901,1175
9902,1266,1229,1229,2024-05-20,2024-05-21,1,kovacevic|a / michelsen|a,Geneva,Geneva Open,R32,R32,1.0,1.0,1.0,0.9523809523809523,99.76190476190476,30,Geneva,Geneva Open,2024-05-21,ATP250,Outdoor,Clay,1st Round,3,Michelsen A.,Kovacevic A.,65,88.0,795,668.0,3.0,6.0,6.0,3.0,6.0,4.0,,,,,2.0,1.0,Completed,2.0,1.8,2.26,1.71,2.26,1.82,2.11,1.72,9902,1176
9904,1268,1233,1233,2024-05-20,2024-05-21,1,draper|j / machac|t,Geneva,Geneva Open,R32,R32,1.0,1.0,1.0,0.9523809523809523,99.76190476190476,30,Geneva,Geneva Open,2024-05-21,ATP250,Outdoor,Clay,1st Round,3,Machac T.,Draper J.,44,35.0,1029,1166.0,7.0,6.0,6.0,1.0,,,,,,,2.0,0.0,Completed,2.63,1.5,2.69,1.52,2.69,1.54,2.59,1.49,9904,1177
9924,1288,1262,1262,2024-05-20,2024-05-21,1,kotov|p / muller|a,Lyon,Lyon Open,R16,R16,1.0,1.0,1.0,0.9523809523809523,99.76190476190476,31,Lyon,Lyon Open,2024-05-21,ATP250,Outdoor,Clay,2nd Round,3,Kotov P.,Muller A.,57,90.0,849,656.0,7.0,6.0,6.0,1.0,,,,,,,2.0,0.0,Completed,2.0,1.8,2.01,1.89,2.1,1.89,1.97,1.82,9924,1178
9925,1289,1263,1263,2024-05-20,2024-05-21,1,bublik|a / vukic|a,Lyon,Lyon Open,R16,R16,1.0,1.0,1.0,0.9523809523809523,99.76190476190476,31,Lyon,Lyon Open,2024-05-21,ATP250,Outdoor,Clay,2nd Round,3,Bublik A.,Vukic A.,19,93.0,2020,647.0,6.0,4.0,6.0,2.0,,,,,,,2.0,0.0,Completed,1.8,2.0,1.86,2.05,1.86,2.17,1.78,2.02,9925,1179
9927,1291,1256,1256,2024-05-20,2024-05-21,1,martinez|p / seyboth wild|t <> martinez|p / wild|t,Lyon,Lyon Open,R32,R32,1.0,1.0,1.0,0.9523809523809523,99.76190476190476,31,Lyon,Lyon Open,2024-05-21,ATP250,Outdoor,Clay,1st Round,3,Seyboth Wild T.,Martinez P.,58,49.0,837,995.0,6.0,4.0,6.0,1.0,,,,,,,2.0,0.0,Completed,1.91,1.91,1.83,2.08,1.94,2.08,1.85,1.95,9927,1180
9929,1293,1260,1260,2024-05-20,2024-05-21,1,daniel|t / darderi|l,Lyon,Lyon Open,R32,R32,1.0,1.0,1.0,0.9523809523809523,99.76190476190476,31,Lyon,Lyon Open,2024-05-21,ATP250,Outdoor,Clay,1st Round,3,Darderi L.,Daniel T.,47,81.0,1002,713.0,7.0,5.0,7.0,6.0,,,,,,,2.0,0.0,Completed,1.4,3.0,1.5,2.76,1.5,3.0,1.45,2.73,9929,1181
9931,1295,1259,1259,2024-05-20,2024-05-21,1,munar|j / tiafoe|f,Lyon,Lyon Open,R32,R32,1.0,1.0,1.0,0.9523809523809523,99.76190476190476,31,Lyon,Lyon Open,2024-05-21,ATP250,Outdoor,Clay,1st Round,3,Tiafoe F.,Munar J.,26,63.0,1615,810.0,7.0,6.0,6.0,4.0,,,,,,,2.0,0.0,Completed,2.63,1.5,2.66,1.53,3.15,1.53,2.6,1.49,9931,1182
9932,1296,1261,1261,2024-05-20,2024-05-21,1,fanselow|s / nishioka|y,Lyon,Lyon Open,R32,R32,1.0,1.0,1.0,0.9523809523809523,99.76190476190476,31,Lyon,Lyon Open,2024-05-21,ATP250,Outdoor,Clay,1st Round,3,Nishioka Y.,Fanselow S.,72,316.0,741,166.0,6.0,0.0,6.0,1.0,,,,,,,2.0,0.0,Completed,1.3,3.5,1.34,3.51,1.34,4.0,1.31,3.43,9932,1183
9934,1298,1258,1258,2024-05-20,2024-05-21,1,galan|d / gaston|h,Lyon,Lyon Open,R32,R32,1.0,1.0,1.0,0.9523809523809523,99.76190476190476,31,Lyon,Lyon Open,2024-05-21,ATP250,Outdoor,Clay,1st Round,3,Gaston H.,Galan D.E.,104,105.0,610,606.0,7.0,6.0,7.0,6.0,,,,,,,2.0,0.0,Completed,1.91,1.91,1.88,2.0,1.91,2.02,1.83,1.96,9934,1184
9891,1255,1241,1241,2024-05-20,2024-05-22,2,djokovic|n / hanfmann|y,Geneva,Geneva Open,R16,R16,1.0,1.0,1.0,0.9047619047619048,99.52380952380952,30,Geneva,Geneva Open,2024-05-22,ATP250,Outdoor,Clay,2nd Round,3,Djokovic N.,Hanfmann Y.,1,85.0,9860,682.0,6.0,3.0,6.0,3.0,,,,,,,2.0,0.0,Completed,1.08,8.0,1.12,7.9,1.14,8.01,1.09,7.05,9891,1185
9893,1257,1239,1239,2024-05-20,2024-05-22,2,fritz|t / michelsen|a,Geneva,Geneva Open,R16,R16,1.0,1.0,1.0,0.9047619047619048,99.52380952380952,30,Geneva,Geneva Open,2024-05-22,ATP250,Outdoor,Clay,2nd Round,3,Michelsen A.,Fritz T.,65,12.0,795,3025.0,6.0,4.0,4.0,6.0,7.0,5.0,,,,,2.0,1.0,Completed,6.0,1.13,7.5,1.12,7.57,1.15,6.26,1.12,9893,1186
9897,1261,1237,1237,2024-05-20,2024-05-22,2,baena|r / baez|s <> baez|s / carballes baena|r,Geneva,Geneva Open,R16,R16,1.0,1.0,1.0,0.9047619047619048,99.52380952380952,30,Geneva,Geneva Open,2024-05-22,ATP250,Outdoor,Clay,2nd Round,3,Baez S.,Carballes Baena R.,20,62.0,1985,811.0,6.0,3.0,6.0,0.0,,,,,,,2.0,0.0,Completed,1.36,3.2,1.38,3.33,1.4,3.39,1.36,3.1,9897,1187
9898,1262,1240,1240,2024-05-20,2024-05-22,2,ofner|s / ruud|c,Geneva,Geneva Open,R16,R16,1.0,1.0,1.0,0.9047619047619048,99.52380952380952,30,Geneva,Geneva Open,2024-05-22,ATP250,Outdoor,Clay,2nd Round,3,Ruud C.,Ofner S.,7,45.0,4185,1010.0,4.0,6.0,6.0,2.0,6.0,2.0,,,,,2.0,1.0,Completed,1.13,6.0,1.13,7.26,1.14,7.26,1.12,6.21,9898,1188
9918,1282,1266,1266,2024-05-20,2024-05-22,2,humbert|u / koepfer|d,Lyon,Lyon Open,R16,R16,1.0,1.0,1.0,0.9047619047619048,99.52380952380952,31,Lyon,Lyon Open,2024-05-22,ATP250,Outdoor,Clay,2nd Round,3,Koepfer D.,Humbert U.,67,17.0,767,2285.0,2.0,6.0,6.0,4.0,6.0,4.0,,,,,2.0,1.0,Completed,2.38,1.57,2.57,1.57,2.57,1.58,2.44,1.55,9918,1189
9919,1283,1265,1265,2024-05-20,2024-05-22,2,etcheverry|t / seyboth wild|t <> etcheverry|t / wild|t,Lyon,Lyon Open,R16,R16,1.0,1.0,1.0,0.9047619047619048,99.52380952380952,31,Lyon,Lyon Open,2024-05-22,ATP250,Outdoor,Clay,2nd Round,3,Etcheverry T.,Seyboth Wild T.,29,58.0,1410,837.0,7.0,5.0,3.0,0.0,,,,,,,1.0,0.0,Retired,1.67,2.2,1.7,2.28,1.73,2.28,1.67,2.19,9919,1190
9920,1284,1264,1264,2024-05-20,2024-05-22,2,darderi|l / mannarino|a,Lyon,Lyon Open,R16,R16,1.0,1.0,1.0,0.9047619047619048,99.52380952380952,31,Lyon,Lyon Open,2024-05-22,ATP250,Outdoor,Clay,2nd Round,3,Darderi L.,Mannarino A.,47,22.0,1002,1865.0,7.0,6.0,6.0,3.0,,,,,,,2.0,0.0,Completed,1.1,7.0,1.15,6.64,1.15,7.0,1.13,5.99,9920,1191
9921,1285,1268,1268,2024-05-20,2024-05-22,2,rinderknech|a / tiafoe|f,Lyon,Lyon Open,R16,R16,1.0,1.0,1.0,0.9047619047619048,99.52380952380952,31,Lyon,Lyon Open,2024-05-22,ATP250,Outdoor,Clay,2nd Round,3,Rinderknech A.,Tiafoe F.,73,26.0,739,1615.0,7.0,6.0,6.0,4.0,,,,,,,2.0,0.0,Completed,2.3,1.62,2.28,1.7,2.35,1.72,2.22,1.65,9921,1192
9923,1287,1269,1269,2024-05-20,2024-05-22,2,cerundolo|f / gaston|h,Lyon,Lyon Open,R16,R16,1.0,1.0,1.0,0.9047619047619048,99.52380952380952,31,Lyon,Lyon Open,2024-05-22,ATP250,Outdoor,Clay,2nd Round,3,Gaston H.,Cerundolo F.,104,23.0,610,1740.0,6.0,2.0,2.0,6.0,6.0,3.0,,,,,2.0,1.0,Completed,3.2,1.36,3.32,1.38,3.32,1.4,3.09,1.36,9923,1193
9887,1251,1244,1244,2024-05-20,2024-05-23,3,djokovic|n / griekspoor|t,Geneva,Geneva Open,QF,QF,1.0,1.0,1.0,0.8571428571428572,99.28571428571429,30,Geneva,Geneva Open,2024-05-23,ATP250,Outdoor,Clay,Quarterfinals,3,Djokovic N.,Griekspoor T.,1,27.0,9860,1605.0,7.0,5.0,6.0,1.0,,,,,,,2.0,0.0,Completed,1.14,5.5,1.18,5.62,1.18,6.25,1.15,5.41,9887,1194
9888,1252,1243,1243,2024-05-20,2024-05-23,3,machac|t / michelsen|a,Geneva,Geneva Open,QF,QF,1.0,1.0,1.0,0.8571428571428572,99.28571428571429,30,Geneva,Geneva Open,2024-05-23,ATP250,Outdoor,Clay,Quarterfinals,3,Machac T.,Michelsen A.,44,65.0,1029,795.0,6.0,3.0,7.0,6.0,,,,,,,2.0,0.0,Completed,1.44,2.75,1.46,2.95,1.48,2.95,1.44,2.77,9888,1195
9889,1253,1245,1245,2024-05-20,2024-05-23,3,cobolli|f / shevchenko|a,Geneva,Geneva Open,QF,QF,1.0,1.0,1.0,0.8571428571428572,99.28571428571429,30,Geneva,Geneva Open,2024-05-23,ATP250,Outdoor,Clay,Quarterfinals,3,Cobolli F.,Shevchenko A.,56,61.0,860,825.0,6.0,4.0,6.0,4.0,,,,,,,2.0,0.0,Completed,1.62,2.3,1.61,2.49,1.62,2.49,1.59,2.35,9889,1196
9890,1254,1246,1246,2024-05-20,2024-05-23,3,baez|s / ruud|c,Geneva,Geneva Open,QF,QF,1.0,1.0,1.0,0.8571428571428572,99.28571428571429,30,Geneva,Geneva Open,2024-05-23,ATP250,Outdoor,Clay,Quarterfinals,3,Ruud C.,Baez S.,7,20.0,4185,1985.0,6.0,3.0,3.0,6.0,6.0,4.0,,,,,2.0,1.0,Completed,1.33,3.4,1.31,3.81,1.33,3.86,1.3,3.46,9890,1197
9892,1256,1242,1242,2024-05-20,2024-05-23,3,griekspoor|t / shapovalov|d,Geneva,Geneva Open,R16,R16,1.0,1.0,1.0,0.8571428571428572,99.28571428571429,30,Geneva,Geneva Open,2024-05-23,ATP250,Outdoor,Clay,2nd Round,3,Griekspoor T.,Shapovalov D.,27,123.0,1605,515.0,6.0,7.0,7.0,6.0,6.0,3.0,,,,,2.0,1.0,Completed,1.73,2.1,1.76,2.19,1.8,2.19,1.75,2.09,9892,1198
9914,1278,1271,1271,2024-05-20,2024-05-23,3,etcheverry|t / koepfer|d,Lyon,Lyon Open,QF,QF,1.0,1.0,1.0,0.8571428571428572,99.28571428571429,31,Lyon,Lyon Open,2024-05-23,ATP250,Outdoor,Clay,Quarterfinals,3,Etcheverry T.,Koepfer D.,29,67.0,1410,767.0,6.0,4.0,6.0,1.0,,,,,,,2.0,0.0,Completed,1.44,2.75,1.52,2.73,1.54,2.75,1.48,2.62,9914,1199
9915,1279,1270,1270,2024-05-20,2024-05-23,3,darderi|l / rinderknech|a,Lyon,Lyon Open,QF,QF,1.0,1.0,1.0,0.8571428571428572,99.28571428571429,31,Lyon,Lyon Open,2024-05-23,ATP250,Outdoor,Clay,Quarterfinals,3,Darderi L.,Rinderknech A.,47,73.0,1002,739.0,,,,,,,,,,,,,Walkover,1.62,2.3,1.61,2.49,1.92,2.49,1.62,2.29,9915,1200
9917,1281,1272,1272,2024-05-20,2024-05-23,3,bublik|a / kotov|p,Lyon,Lyon Open,QF,QF,1.0,1.0,1.0,0.8571428571428572,99.28571428571429,31,Lyon,Lyon Open,2024-05-23,ATP250,Outdoor,Clay,Quarterfinals,3,Bublik A.,Kotov P.,19,57.0,2020,849.0,6.0,7.0,7.0,6.0,6.0,3.0,,,,,2.0,1.0,Completed,2.2,1.67,2.22,1.74,2.22,1.76,2.14,1.7,9917,1201
9885,1249,1247,1247,2024-05-20,2024-05-24,4,djokovic|n / machac|t,Geneva,Geneva Open,SF,SF,1.0,1.0,1.0,0.8095238095238095,99.04761904761905,30,Geneva,Geneva Open,2024-05-24,ATP250,Outdoor,Clay,Semifinals,3,Machac T.,Djokovic N.,44,1.0,1029,9860.0,6.0,4.0,0.0,6.0,6.0,1.0,,,,,2.0,1.0,Completed,5.5,1.14,5.65,1.18,6.19,1.18,5.45,1.15,9885,1202
9912,1276,1274,1274,2024-05-20,2024-05-24,4,darderi|l / etcheverry|t,Lyon,Lyon Open,SF,SF,1.0,1.0,1.0,0.8095238095238095,99.04761904761905,31,Lyon,Lyon Open,2024-05-24,ATP250,Outdoor,Clay,Semifinals,3,Etcheverry T.,Darderi L.,29,47.0,1410,1002.0,6.0,2.0,6.0,4.0,,,,,,,2.0,0.0,Completed,1.67,2.2,1.71,2.27,1.71,2.27,1.67,2.19,9912,1203
9884,1248,1249,1249,2024-05-20,2024-05-25,5,machac|t / ruud|c,Geneva,Geneva Open,F,F,1.0,1.0,1.0,0.7619047619047619,98.80952380952381,30,Geneva,Geneva Open,2024-05-25,ATP250,Outdoor,Clay,The Final,3,Ruud C.,Machac T.,7,44.0,4185,1029.0,7.0,5.0,6.0,3.0,,,,,,,2.0,0.0,Completed,1.57,2.38,1.57,2.56,1.61,2.57,1.56,2.42,9884,1204
9886,1250,1248,1248,2024-05-20,2024-05-25,5,cobolli|f / ruud|c,Geneva,Geneva Open,SF,SF,1.0,1.0,1.0,0.7619047619047619,98.80952380952381,30,Geneva,Geneva Open,2024-05-25,ATP250,Outdoor,Clay,Semifinals,3,Ruud C.,Cobolli F.,7,56.0,4185,860.0,1.0,6.0,6.0,1.0,7.0,6.0,,,,,2.0,1.0,Completed,1.2,4.5,1.26,4.3,1.28,4.75,1.22,4.23,9886,1205
10003,1367,1286,1286,2024-05-27,2024-05-26,-1,alcaraz|c / wolf|j,Roland Garros,French Open,R128,R128,1.0,1.0,1.0,0.6666666666666667,98.33333333333333,32,Paris,French Open,2024-05-26,Grand Slam,Outdoor,Clay,1st Round,5,Alcaraz C.,Wolf J.J.,3,107.0,7300,585.0,6.0,1.0,6.0,2.0,6.0,1.0,,,,,3.0,0.0,Completed,1.01,26.0,1.01,41.77,1.03,41.77,1.01,23.24,10003,1206
10006,1370,1278,1278,2024-05-27,2024-05-26,-1,daniel|t / rublev|a,Roland Garros,French Open,R128,R128,1.0,1.0,1.0,0.6666666666666667,98.33333333333333,32,Paris,French Open,2024-05-26,Grand Slam,Outdoor,Clay,1st Round,5,Rublev A.,Daniel T.,6,80.0,4700,715.0,6.0,2.0,6.0,7.0,6.0,3.0,7.0,5.0,,,3.0,1.0,Completed,1.04,13.0,1.06,14.08,1.08,14.08,1.05,11.4,10006,1207
10008,1372,1283,1283,2024-05-27,2024-05-26,-1,hurkacz|h / mochizuki|s,Roland Garros,French Open,R128,R128,1.0,1.0,1.0,0.6666666666666667,98.33333333333333,32,Paris,French Open,2024-05-26,Grand Slam,Outdoor,Clay,1st Round,5,Hurkacz H.,Mochizuki S.,8,162.0,3885,366.0,4.0,6.0,6.0,3.0,3.0,6.0,6.0,0.0,6.0,3.0,3.0,2.0,Completed,1.03,15.0,1.05,15.11,1.09,15.11,1.04,12.27,10008,1208
10010,1374,1284,1284,2024-05-27,2024-05-26,-1,dimitrov|g / kovacevic|a,Roland Garros,French Open,R128,R128,1.0,1.0,1.0,0.6666666666666667,98.33333333333333,32,Paris,French Open,2024-05-26,Grand Slam,Outdoor,Clay,1st Round,5,Dimitrov G.,Kovacevic A.,10,87.0,3555,681.0,6.0,4.0,6.0,3.0,6.0,4.0,,,,,3.0,0.0,Completed,1.08,8.0,1.1,8.78,1.12,8.85,1.09,7.5,10010,1209
10016,1380,1294,1294,2024-05-27,2024-05-26,-1,jarry|n / moutet|c,Roland Garros,French Open,R128,R128,1.0,1.0,1.0,0.6666666666666667,98.33333333333333,32,Paris,French Open,2024-05-26,Grand Slam,Outdoor,Clay,1st Round,5,Moutet C.,Jarry N.,79,19.0,720,2075.0,6.0,2.0,6.0,1.0,3.0,6.0,6.0,0.0,,,3.0,1.0,Completed,2.75,1.44,2.88,1.48,2.95,1.5,2.81,1.44,10016,1210
10017,1381,1280,1280,2024-05-27,2024-05-26,-1,humbert|u / sonego|l,Roland Garros,French Open,R128,R128,1.0,1.0,1.0,0.6666666666666667,98.33333333333333,32,Paris,French Open,2024-05-26,Grand Slam,Outdoor,Clay,1st Round,5,Sonego L.,Humbert U.,49,16.0,991,2285.0,6.0,4.0,2.0,6.0,6.0,4.0,6.0,3.0,,,3.0,1.0,Completed,2.5,1.53,2.75,1.52,2.75,1.57,2.59,1.51,10017,1211
10024,1388,1289,1289,2024-05-27,2024-05-26,-1,bergs|z / tabilo|a,Roland Garros,French Open,R128,R128,1.0,1.0,1.0,0.6666666666666667,98.33333333333333,32,Paris,French Open,2024-05-26,Grand Slam,Outdoor,Clay,1st Round,5,Bergs Z.,Tabilo A.,104,24.0,611,1645.0,3.0,6.0,7.0,6.0,6.0,2.0,6.0,2.0,,,3.0,1.0,Completed,3.2,1.36,3.3,1.39,3.3,1.4,3.12,1.37,10024,1212
10027,1391,1292,1292,2024-05-27,2024-05-26,-1,korda|s / mayot|h,Roland Garros,French Open,R128,R128,1.0,1.0,1.0,0.6666666666666667,98.33333333333333,32,Paris,French Open,2024-05-26,Grand Slam,Outdoor,Clay,1st Round,5,Korda S.,Mayot H.,28,122.0,1565,522.0,6.0,2.0,7.0,6.0,6.0,4.0,,,,,3.0,0.0,Completed,1.17,5.0,1.21,4.99,1.22,5.05,1.19,4.71,10027,1213
10033,1397,1293,1293,2024-05-27,2024-05-26,-1,altmaier|d / djere|l,Roland Garros,French Open,R128,R128,1.0,1.0,1.0,0.6666666666666667,98.33333333333333,32,Paris,French Open,2024-05-26,Grand Slam,Outdoor,Clay,1st Round,5,Altmaier D.,Djere L.,83,52.0,702,960.0,7.0,5.0,6.0,4.0,6.0,7.0,5.0,7.0,7.0,6.0,3.0,2.0,Completed,1.53,2.5,1.61,2.49,1.61,2.55,1.56,2.44,10033,1214
10038,1402,1282,1282,2024-05-27,2024-05-26,-1,de jong|j / draper|j,Roland Garros,French Open,R128,R128,1.0,1.0,1.0,0.6666666666666667,98.33333333333333,32,Paris,French Open,2024-05-26,Grand Slam,Outdoor,Clay,1st Round,5,De Jong J.,Draper J.,176,39.0,344,1131.0,7.0,5.0,6.0,4.0,6.0,7.0,3.0,6.0,6.0,3.0,3.0,2.0,Completed,4.5,1.2,4.22,1.27,4.54,1.29,4.12,1.24,10038,1215
10040,1404,1287,1287,2024-05-27,2024-05-26,-1,coric|b / gasquet|r,Roland Garros,French Open,R128,R128,1.0,1.0,1.0,0.6666666666666667,98.33333333333333,32,Paris,French Open,2024-05-26,Grand Slam,Outdoor,Clay,1st Round,5,Gasquet R.,Coric B.,124,73.0,515,744.0,7.0,6.0,7.0,6.0,6.0,4.0,,,,,3.0,0.0,Completed,3.2,1.36,3.23,1.4,3.25,1.41,3.1,1.37,10040,1216
10048,1412,1291,1291,2024-05-27,2024-05-26,-1,kukushkin|m / marozsan|f,Roland Garros,French Open,R128,R128,1.0,1.0,1.0,0.6666666666666667,98.33333333333333,32,Paris,French Open,2024-05-26,Grand Slam,Outdoor,Clay,1st Round,5,Marozsan F.,Kukushkin M.,43,136.0,1083,492.0,6.0,2.0,6.0,2.0,6.0,3.0,,,,,3.0,0.0,Completed,1.25,4.0,1.27,4.26,1.33,4.26,1.26,3.93,10048,1217
10049,1413,1285,1285,2024-05-27,2024-05-26,-1,marterer|m / thompson|j,Roland Garros,French Open,R128,R128,1.0,1.0,1.0,0.6666666666666667,98.33333333333333,32,Paris,French Open,2024-05-26,Grand Slam,Outdoor,Clay,1st Round,5,Marterer M.,Thompson J.,101,36.0,622,1156.0,6.0,3.0,6.0,2.0,6.0,0.0,,,,,3.0,0.0,Completed,2.3,1.62,2.51,1.6,2.71,1.63,2.42,1.57,10049,1218
10050,1414,1279,1279,2024-05-27,2024-05-26,-1,martinez|p / tirante|t,Roland Garros,French Open,R128,R128,1.0,1.0,1.0,0.6666666666666667,98.33333333333333,32,Paris,French Open,2024-05-26,Grand Slam,Outdoor,Clay,1st Round,5,Martinez P.,Tirante T.A.,48,109.0,995,580.0,5.0,7.0,6.0,4.0,3.0,6.0,6.0,4.0,6.0,3.0,3.0,2.0,Completed,1.29,3.75,1.31,3.91,1.35,3.91,1.3,3.58,10050,1219
10053,1417,1288,1288,2024-05-27,2024-05-26,-1,muller|a / nardi|l,Roland Garros,French Open,R128,R128,1.0,1.0,1.0,0.6666666666666667,98.33333333333333,32,Paris,French Open,2024-05-26,Grand Slam,Outdoor,Clay,1st Round,5,Muller A.,Nardi L.,90,72.0,670,748.0,6.0,4.0,6.0,1.0,6.0,3.0,,,,,3.0,0.0,Completed,1.53,2.5,1.6,2.52,1.62,2.54,1.56,2.44,10053,1220
10056,1420,1290,1290,2024-05-27,2024-05-26,-1,diallo|g / nishikori|k,Roland Garros,French Open,R128,R128,1.0,1.0,1.0,0.6666666666666667,98.33333333333333,32,Paris,French Open,2024-05-26,Grand Slam,Outdoor,Clay,1st Round,5,Nishikori K.,Diallo G.,350,166.0,143,360.0,7.0,5.0,7.0,6.0,3.0,6.0,1.0,6.0,7.0,5.0,3.0,2.0,Completed,2.75,1.44,2.54,1.58,2.8,1.58,2.56,1.52,10056,1221
10057,1421,1295,1295,2024-05-27,2024-05-26,-1,atmane|t / ofner|s,Roland Garros,French Open,R128,R128,1.0,1.0,1.0,0.6666666666666667,98.33333333333333,32,Paris,French Open,2024-05-26,Grand Slam,Outdoor,Clay,1st Round,5,Ofner S.,Atmane T.,45,121.0,1038,525.0,3.0,6.0,4.0,6.0,7.0,6.0,6.0,2.0,7.0,5.0,3.0,2.0,Completed,1.57,2.38,1.56,2.62,1.59,2.62,1.54,2.5,10057,1222
10063,1427,1296,1296,2024-05-27,2024-05-26,-1,murray|a / wawrinka|s,Roland Garros,French Open,R128,R128,1.0,1.0,1.0,0.6666666666666667,98.33333333333333,32,Paris,French Open,2024-05-26,Grand Slam,Outdoor,Clay,1st Round,5,Wawrinka S.,Murray A.,98,75.0,628,728.0,6.0,4.0,6.0,4.0,6.0,2.0,,,,,3.0,0.0,Completed,1.53,2.5,1.58,2.54,1.62,2.54,1.55,2.46,10063,1223
10002,1366,1299,1299,2024-05-27,2024-05-27,0,eubanks|c / sinner|j,Roland Garros,French Open,R128,R128,1.0,1.0,1.0,1.0,100.0,32,Paris,French Open,2024-05-27,Grand Slam,Outdoor,Clay,1st Round,5,Sinner J.,Eubanks C.,2,46.0,8770,1028.0,6.0,3.0,6.0,3.0,6.0,4.0,,,,,3.0,0.0,Completed,1.02,19.0,1.02,27.95,1.04,27.95,1.02,17.1,10002,1224
10004,1368,1308,1308,2024-05-27,2024-05-27,0,nadal|r / zverev|a,Roland Garros,French Open,R128,R128,1.0,1.0,1.0,1.0,100.0,32,Paris,French Open,2024-05-27,Grand Slam,Outdoor,Clay,1st Round,5,Zverev A.,Nadal R.,4,275.0,6305,205.0,6.0,3.0,7.0,6.0,6.0,3.0,,,,,3.0,0.0,Completed,1.3,3.5,1.31,3.81,1.34,3.81,1.31,3.49,10004,1225
10005,1369,1320,1320,2024-05-27,2024-05-27,0,koepfer|d / medvedev|d,Roland Garros,French Open,R128,R128,1.0,1.0,1.0,1.0,100.0,32,Paris,French Open,2024-05-27,Grand Slam,Outdoor,Clay,1st Round,5,Medvedev D.,Koepfer D.,5,65.0,6295,807.0,6.0,3.0,6.0,4.0,5.0,7.0,6.0,3.0,,,3.0,1.0,Completed,1.2,4.5,1.22,4.9,1.22,5.19,1.2,4.66,10005,1226
10009,1373,1305,1305,2024-05-27,2024-05-27,0,fucsovics|m / tsitsipas|s,Roland Garros,French Open,R128,R128,1.0,1.0,1.0,1.0,100.0,32,Paris,French Open,2024-05-27,Grand Slam,Outdoor,Clay,1st Round,5,Tsitsipas S.,Fucsovics M.,9,54.0,3700,922.0,7.0,6.0,6.0,4.0,6.0,1.0,,,,,3.0,0.0,Completed,1.1,7.0,1.12,7.63,1.14,7.63,1.11,6.77,10009,1227
10014,1378,1314,1314,2024-05-27,2024-05-27,0,cachin|p / paul|t,Roland Garros,French Open,R128,R128,1.0,1.0,1.0,1.0,100.0,32,Paris,French Open,2024-05-27,Grand Slam,Outdoor,Clay,1st Round,5,Paul T.,Cachin P.,14,108.0,2655,584.0,6.0,2.0,6.0,3.0,6.0,1.0,,,,,3.0,0.0,Completed,1.1,7.0,1.12,7.82,1.13,8.3,1.1,7.14,10014,1228
10015,1379,1301,1301,2024-05-27,2024-05-27,0,gaston|h / shelton|b,Roland Garros,French Open,R128,R128,1.0,1.0,1.0,1.0,100.0,32,Paris,French Open,2024-05-27,Grand Slam,Outdoor,Clay,1st Round,5,Shelton B.,Gaston H.,15,88.0,2500,673.0,3.0,6.0,6.0,3.0,6.0,4.0,6.0,4.0,,,3.0,1.0,Completed,1.4,3.0,1.41,3.19,1.44,3.19,1.4,2.96,10015,1229
10018,1382,1307,1307,2024-05-27,2024-05-27,0,khachanov|k / nagal|s,Roland Garros,French Open,R128,R128,1.0,1.0,1.0,1.0,100.0,32,Paris,French Open,2024-05-27,Grand Slam,Outdoor,Clay,1st Round,5,Khachanov K.,Nagal S.,18,95.0,2090,635.0,6.0,2.0,6.0,0.0,7.0,6.0,,,,,3.0,0.0,Completed,1.11,6.5,1.15,6.53,1.15,6.69,1.13,6.11,10018,1230
10020,1384,1303,1303,2024-05-27,2024-05-27,0,baez|s / heide|g,Roland Garros,French Open,R128,R128,1.0,1.0,1.0,1.0,100.0,32,Paris,French Open,2024-05-27,Grand Slam,Outdoor,Clay,1st Round,5,Baez S.,Heide G.,20,174.0,1990,346.0,4.0,6.0,6.0,3.0,6.0,1.0,4.0,6.0,6.0,3.0,3.0,2.0,Completed,1.17,5.0,1.17,5.84,1.22,5.84,1.17,5.18,10020,1231
10021,1385,1302,1302,2024-05-27,2024-05-27,0,aliassime|f / nishioka|y <> auger aliassime|f / nishioka|y,Roland Garros,French Open,R128,R128,1.0,1.0,1.0,1.0,100.0,32,Paris,French Open,2024-05-27,Grand Slam,Outdoor,Clay,1st Round,5,Auger-Aliassime F.,Nishioka Y.,21,70.0,1885,766.0,6.0,2.0,6.0,4.0,6.0,4.0,,,,,3.0,0.0,Completed,1.2,4.5,1.2,5.32,1.22,5.36,1.19,4.87,10021,1232
10023,1387,1310,1310,2024-05-27,2024-05-27,0,cerundolo|f / hanfmann|y,Roland Garros,French Open,R128,R128,1.0,1.0,1.0,1.0,100.0,32,Paris,French Open,2024-05-27,Grand Slam,Outdoor,Clay,1st Round,5,Cerundolo F.,Hanfmann Y.,27,85.0,1590,697.0,6.0,3.0,6.0,3.0,6.0,4.0,,,,,3.0,0.0,Completed,1.3,3.5,1.34,3.56,1.34,4.11,1.32,3.47,10023,1233
10025,1389,1312,1312,2024-05-27,2024-05-27,0,bellucci|m / tiafoe|f,Roland Garros,French Open,R128,R128,1.0,1.0,1.0,1.0,100.0,32,Paris,French Open,2024-05-27,Grand Slam,Outdoor,Clay,1st Round,5,Tiafoe F.,Bellucci M.,26,173.0,1630,349.0,6.0,3.0,3.0,6.0,6.0,7.0,6.0,4.0,6.0,4.0,3.0,2.0,Completed,1.29,3.75,1.31,3.8,1.35,3.8,1.31,3.55,10025,1234
10029,1393,1304,1304,2024-05-27,2024-05-27,0,arnaldi|m / fils|a,Roland Garros,French Open,R128,R128,1.0,1.0,1.0,1.0,100.0,32,Paris,French Open,2024-05-27,Grand Slam,Outdoor,Clay,1st Round,5,Arnaldi M.,Fils A.,35,38.0,1165,1145.0,6.0,3.0,4.0,6.0,6.0,4.0,6.0,2.0,,,3.0,1.0,Completed,2.2,1.67,2.04,1.87,2.27,1.87,2.07,1.77,10029,1235
10030,1394,1313,1313,2024-05-27,2024-05-27,0,galan|d / musetti|l,Roland Garros,French Open,R128,R128,1.0,1.0,1.0,1.0,100.0,32,Paris,French Open,2024-05-27,Grand Slam,Outdoor,Clay,1st Round,5,Musetti L.,Galan D.E.,30,106.0,1370,609.0,6.0,3.0,6.0,3.0,7.0,5.0,,,,,3.0,0.0,Completed,1.13,6.0,1.16,6.07,1.22,6.25,1.15,5.65,10030,1236
10032,1396,1309,1309,2024-05-27,2024-05-27,0,kotov|p / norrie|c,Roland Garros,French Open,R128,R128,1.0,1.0,1.0,1.0,100.0,32,Paris,French Open,2024-05-27,Grand Slam,Outdoor,Clay,1st Round,5,Kotov P.,Norrie C.,56,33.0,892,1230.0,4.0,6.0,6.0,3.0,3.0,6.0,7.0,6.0,6.0,2.0,3.0,2.0,Completed,2.75,1.44,2.99,1.45,3.06,1.49,2.85,1.43,10032,1237
10039,1403,1319,1319,2024-05-27,2024-05-27,0,fognini|f / van de zandschulp|b,Roland Garros,French Open,R128,R128,1.0,1.0,1.0,1.0,100.0,32,Paris,French Open,2024-05-27,Grand Slam,Outdoor,Clay,1st Round,5,Fognini F.,Van De Zandschulp B.,93,102.0,648,618.0,6.0,1.0,6.0,1.0,7.0,5.0,,,,,3.0,0.0,Completed,2.75,1.44,2.72,1.52,2.75,1.54,2.65,1.49,10039,1238
10042,1406,1316,1316,2024-05-27,2024-05-27,0,kecmanovic|m / monteiro|t,Roland Garros,French Open,R128,R128,1.0,1.0,1.0,1.0,100.0,32,Paris,French Open,2024-05-27,Grand Slam,Outdoor,Clay,1st Round,5,Kecmanovic M.,Monteiro T.,57,86.0,880,685.0,6.0,2.0,6.0,1.0,4.0,6.0,7.0,5.0,,,3.0,1.0,Completed,1.8,2.0,1.88,2.03,1.89,2.03,1.84,1.97,10042,1239
10044,1408,1306,1306,2024-05-27,2024-05-27,0,giron|m / kovalik|j,Roland Garros,French Open,R128,R128,1.0,1.0,1.0,1.0,100.0,32,Paris,French Open,2024-05-27,Grand Slam,Outdoor,Clay,1st Round,5,Kovalik J.,Giron M.,145,50.0,427,990.0,7.0,6.0,6.0,4.0,3.0,6.0,7.0,6.0,,,3.0,1.0,Completed,2.0,1.8,2.12,1.81,2.2,1.82,2.09,1.77,10044,1240
10045,1409,1297,1297,2024-05-27,2024-05-27,0,kwon|s / ruusuvuori|e,Roland Garros,French Open,R128,R128,1.0,1.0,1.0,1.0,100.0,32,Paris,French Open,2024-05-27,Grand Slam,Outdoor,Clay,1st Round,5,Kwon S.W.,Ruusuvuori E.,494,67.0,85,783.0,6.0,3.0,6.0,4.0,6.0,3.0,,,,,3.0,0.0,Completed,6.0,1.13,6.2,1.16,6.85,1.17,5.86,1.14,10045,1241
10046,1410,1317,1317,2024-05-27,2024-05-27,0,lajovic|d / safiullin|r,Roland Garros,French Open,R128,R128,1.0,1.0,1.0,1.0,100.0,32,Paris,French Open,2024-05-27,Grand Slam,Outdoor,Clay,1st Round,5,Lajovic D.,Safiullin R.,61,42.0,831,1087.0,4.0,6.0,7.0,5.0,6.0,4.0,6.0,7.0,6.0,4.0,3.0,2.0,Completed,1.62,2.3,1.67,2.35,1.68,2.35,1.64,2.29,10046,1242
10051,1415,1311,1311,2024-05-27,2024-05-27,0,misolic|f / virtanen|o,Roland Garros,French Open,R128,R128,1.0,1.0,1.0,1.0,100.0,32,Paris,French Open,2024-05-27,Grand Slam,Outdoor,Clay,1st Round,5,Misolic F.,Virtanen O.,243,156.0,255,387.0,4.0,6.0,4.0,6.0,6.0,3.0,6.0,4.0,6.0,2.0,3.0,2.0,Completed,1.5,2.63,1.59,2.54,1.59,2.63,1.54,2.5,10051,1243
10052,1416,1318,1318,2024-05-27,2024-05-27,0,monfils|g / seyboth wild|t <> monfils|g / wild|t,Roland Garros,French Open,R128,R128,1.0,1.0,1.0,1.0,100.0,32,Paris,French Open,2024-05-27,Grand Slam,Outdoor,Clay,1st Round,5,Monfils G.,Seyboth Wild T.,37,58.0,1155,855.0,6.0,2.0,3.0,6.0,6.0,3.0,6.0,4.0,,,3.0,1.0,Completed,2.3,1.62,2.34,1.68,2.36,1.68,2.27,1.65,10052,1244
10059,1423,1315,1315,2024-05-27,2024-05-27,0,shapovalov|d / van assche|l,Roland Garros,French Open,R128,R128,1.0,1.0,1.0,1.0,100.0,32,Paris,French Open,2024-05-27,Grand Slam,Outdoor,Clay,1st Round,5,Shapovalov D.,Van Assche L.,118,103.0,540,613.0,6.0,3.0,6.0,4.0,6.0,4.0,,,,,3.0,0.0,Completed,1.67,2.2,1.63,2.45,1.68,2.56,1.61,2.34,10059,1245
10060,1424,1298,1298,2024-05-27,2024-05-27,0,karatsev|a / shevchenko|a,Roland Garros,French Open,R128,R128,1.0,1.0,1.0,1.0,100.0,32,Paris,French Open,2024-05-27,Grand Slam,Outdoor,Clay,1st Round,5,Shevchenko A.,Karatsev A.,59,82.0,855,705.0,6.0,4.0,4.0,6.0,1.0,6.0,6.0,1.0,6.0,4.0,3.0,2.0,Completed,1.57,2.38,1.62,2.47,1.63,2.5,1.58,2.41,10060,1246
10061,1425,1300,1300,2024-05-27,2024-05-27,0,purcell|m / squire|h,Roland Garros,French Open,R128,R128,1.0,1.0,1.0,1.0,100.0,32,Paris,French Open,2024-05-27,Grand Slam,Outdoor,Clay,1st Round,5,Squire H.,Purcell M.,221,94.0,280,647.0,6.0,2.0,6.0,2.0,3.0,6.0,4.0,6.0,7.0,6.0,3.0,2.0,Completed,1.44,2.75,1.51,2.75,1.56,2.78,1.48,2.68,10061,1247
10001,1365,1339,1339,2024-05-27,2024-05-28,1,djokovic|n / herbert|p,Roland Garros,French Open,R128,R128,1.0,1.0,1.0,0.9523809523809523,99.76190476190476,32,Paris,French Open,2024-05-28,Grand Slam,Outdoor,Clay,1st Round,5,Djokovic N.,Herbert P.H.,1,142.0,9960,450.0,6.0,4.0,7.0,6.0,6.0,4.0,,,,,3.0,0.0,Completed,1.02,21.0,1.02,28.68,1.03,28.68,1.02,17.79,10001,1248
10007,1371,1322,1322,2024-05-27,2024-05-28,1,alves|f / ruud|c <> meligeni alves|f / ruud|c,Roland Garros,French Open,R128,R128,1.0,1.0,1.0,0.9523809523809523,99.76190476190476,32,Paris,French Open,2024-05-28,Grand Slam,Outdoor,Clay,1st Round,5,Ruud C.,Meligeni Alves F.,7,137.0,4425,490.0,6.0,3.0,6.0,4.0,6.0,3.0,,,,,3.0,0.0,Completed,1.06,10.0,1.06,13.63,1.07,13.63,1.05,10.54,10007,1249
10011,1375,1326,1326,2024-05-27,2024-05-28,1,de minaur|a / michelsen|a,Roland Garros,French Open,R128,R128,1.0,1.0,1.0,0.9523809523809523,99.76190476190476,32,Paris,French Open,2024-05-28,Grand Slam,Outdoor,Clay,1st Round,5,De Minaur A.,Michelsen A.,11,60.0,3490,835.0,6.0,1.0,6.0,0.0,6.0,2.0,,,,,3.0,0.0,Completed,1.08,8.0,1.11,8.0,1.14,8.0,1.1,7.13,10011,1250
10012,1376,1329,1329,2024-05-27,2024-05-28,1,coria|f / fritz|t,Roland Garros,French Open,R128,R128,1.0,1.0,1.0,0.9523809523809523,99.76190476190476,32,Paris,French Open,2024-05-28,Grand Slam,Outdoor,Clay,1st Round,5,Fritz T.,Coria F.,12,71.0,2980,761.0,2.0,6.0,6.0,1.0,6.0,2.0,6.0,1.0,,,3.0,1.0,Completed,1.14,5.5,1.14,6.86,1.15,7.0,1.13,6.09,10012,1251
10013,1377,1333,1333,2024-05-27,2024-05-28,1,evans|d / rune|h,Roland Garros,French Open,R128,R128,1.0,1.0,1.0,0.9523809523809523,99.76190476190476,32,Paris,French Open,2024-05-28,Grand Slam,Outdoor,Clay,1st Round,5,Rune H.,Evans D.,13,62.0,2700,831.0,6.0,4.0,6.0,4.0,6.0,4.0,,,,,3.0,0.0,Completed,1.08,8.0,1.09,9.41,1.14,9.41,1.09,7.84,10013,1252
10019,1383,1340,1340,2024-05-27,2024-05-28,1,barrere|g / bublik|a,Roland Garros,French Open,R128,R128,1.0,1.0,1.0,0.9523809523809523,99.76190476190476,32,Paris,French Open,2024-05-28,Grand Slam,Outdoor,Clay,1st Round,5,Bublik A.,Barrere G.,17,112.0,2110,575.0,6.0,4.0,7.0,5.0,6.0,3.0,,,,,3.0,0.0,Completed,1.91,1.91,2.08,1.84,2.08,2.03,1.9,1.92,10019,1253
10022,1386,1334,1334,2024-05-27,2024-05-28,1,mannarino|a / zeppieri|g,Roland Garros,French Open,R128,R128,1.0,1.0,1.0,0.9523809523809523,99.76190476190476,32,Paris,French Open,2024-05-28,Grand Slam,Outdoor,Clay,1st Round,5,Zeppieri G.,Mannarino A.,148,22.0,420,1865.0,4.0,6.0,6.0,2.0,6.0,1.0,6.0,2.0,,,3.0,1.0,Completed,1.22,4.33,1.23,4.71,1.27,4.71,1.23,4.28,10022,1254
10026,1390,1338,1338,2024-05-27,2024-05-28,1,griekspoor|t / mcdonald|m,Roland Garros,French Open,R128,R128,1.0,1.0,1.0,0.9523809523809523,99.76190476190476,32,Paris,French Open,2024-05-28,Grand Slam,Outdoor,Clay,1st Round,5,Griekspoor T.,Mcdonald M.,25,74.0,1635,735.0,6.0,3.0,6.0,4.0,1.0,6.0,6.0,2.0,,,3.0,1.0,Completed,1.1,7.0,1.13,7.48,1.16,7.48,1.12,6.58,10026,1255
10028,1392,1321,1321,2024-05-27,2024-05-28,1,cazaux|a / etcheverry|t,Roland Garros,French Open,R128,R128,1.0,1.0,1.0,0.9523809523809523,99.76190476190476,32,Paris,French Open,2024-05-28,Grand Slam,Outdoor,Clay,1st Round,5,Etcheverry T.,Cazaux A.,29,77.0,1550,725.0,3.0,6.0,6.0,2.0,6.0,1.0,6.0,4.0,,,3.0,1.0,Completed,1.2,4.5,1.22,4.85,1.23,4.85,1.2,4.54,10028,1256
10031,1395,1327,1327,2024-05-27,2024-05-28,1,busta|p / navone|m <> carreno busta|p / navone|m,Roland Garros,French Open,R128,R128,1.0,1.0,1.0,0.9523809523809523,99.76190476190476,32,Paris,French Open,2024-05-28,Grand Slam,Outdoor,Clay,1st Round,5,Navone M.,Carreno Busta P.,31,1049.0,1339,11.0,5.0,7.0,6.0,1.0,6.0,3.0,6.0,0.0,,,3.0,1.0,Completed,1.13,6.0,1.19,5.43,1.19,6.0,1.16,5.39,10031,1257
10034,1398,1337,1337,2024-05-27,2024-05-28,1,baena|r / lestienne|c <> carballes baena|r / lestienne|c,Roland Garros,French Open,R128,R128,1.0,1.0,1.0,0.9523809523809523,99.76190476190476,32,Paris,French Open,2024-05-28,Grand Slam,Outdoor,Clay,1st Round,5,Carballes Baena R.,Lestienne C.,63,91.0,816,669.0,6.0,3.0,7.0,5.0,4.0,6.0,6.0,2.0,,,3.0,1.0,Completed,1.14,5.5,1.17,6.01,1.18,6.01,1.15,5.44,10034,1258
10035,1399,1331,1331,2024-05-27,2024-05-28,1,cobolli|f / medjedovic|h,Roland Garros,French Open,R128,R128,1.0,1.0,1.0,0.9523809523809523,99.76190476190476,32,Paris,French Open,2024-05-28,Grand Slam,Outdoor,Clay,1st Round,5,Cobolli F.,Medjedovic H.,53,135.0,940,492.0,6.0,2.0,6.0,3.0,6.0,7.0,6.0,3.0,,,3.0,1.0,Completed,2.5,1.53,2.64,1.55,2.64,1.56,2.53,1.53,10035,1259
10036,1400,1335,1335,2024-05-27,2024-05-28,1,darderi|l / hijikata|r,Roland Garros,French Open,R128,R128,1.0,1.0,1.0,0.9523809523809523,99.76190476190476,32,Paris,French Open,2024-05-28,Grand Slam,Outdoor,Clay,1st Round,5,Darderi L.,Hijikata R.,40,78.0,1092,723.0,6.0,3.0,7.0,6.0,6.0,1.0,,,,,3.0,0.0,Completed,1.06,10.0,1.1,9.24,1.12,10.0,1.08,8.14,10036,1260
10037,1401,1324,1324,2024-05-27,2024-05-28,1,davidovich fokina|a / vacherot|v <> fokina|a / vacherot|v,Roland Garros,French Open,R128,R128,1.0,1.0,1.0,0.9523809523809523,99.76190476190476,32,Paris,French Open,2024-05-28,Grand Slam,Outdoor,Clay,1st Round,5,Davidovich Fokina A.,Vacherot V.,32,116.0,1280,543.0,4.0,6.0,6.0,2.0,6.0,2.0,7.0,6.0,,,3.0,1.0,Completed,1.2,4.5,1.25,4.41,1.26,4.54,1.22,4.27,10037,1261
10043,1407,1336,1336,2024-05-27,2024-05-28,1,kokkinakis|t / popyrin|a,Roland Garros,French Open,R128,R128,1.0,1.0,1.0,0.9523809523809523,99.76190476190476,32,Paris,French Open,2024-05-28,Grand Slam,Outdoor,Clay,1st Round,5,Kokkinakis T.,Popyrin A.,100,51.0,623,961.0,4.0,6.0,7.0,6.0,6.0,3.0,5.0,7.0,6.0,3.0,3.0,2.0,Completed,2.0,1.8,2.04,1.87,2.05,1.88,1.98,1.83,10043,1262
10047,1411,1323,1323,2024-05-27,2024-05-28,1,borges|n / machac|t,Roland Garros,French Open,R128,R128,1.0,1.0,1.0,0.9523809523809523,99.76190476190476,32,Paris,French Open,2024-05-28,Grand Slam,Outdoor,Clay,1st Round,5,Machac T.,Borges N.,34,47.0,1185,1006.0,7.0,6.0,6.0,4.0,6.0,3.0,,,,,3.0,0.0,Completed,1.62,2.3,1.63,2.43,1.63,2.46,1.6,2.38,10047,1263
10054,1418,1325,1325,2024-05-27,2024-05-28,1,agut|r / munar|j <> bautista agut|r / munar|j,Roland Garros,French Open,R128,R128,1.0,1.0,1.0,0.9523809523809523,99.76190476190476,32,Paris,French Open,2024-05-28,Grand Slam,Outdoor,Clay,1st Round,5,Munar J.,Bautista Agut R.,64,81.0,810,715.0,6.0,1.0,4.0,6.0,6.0,4.0,6.0,1.0,,,3.0,1.0,Completed,1.67,2.2,1.69,2.3,1.8,2.3,1.69,2.2,10054,1264
10058,1422,1328,1328,2024-05-27,2024-05-28,1,rinderknech|a / walton|a,Roland Garros,French Open,R128,R128,1.0,1.0,1.0,0.9523809523809523,99.76190476190476,32,Paris,French Open,2024-05-28,Grand Slam,Outdoor,Clay,1st Round,5,Rinderknech A.,Walton A.,69,96.0,772,635.0,6.0,2.0,6.0,4.0,7.0,5.0,,,,,3.0,0.0,Completed,1.14,5.5,1.19,5.48,1.19,5.5,1.17,5.13,10058,1265
10062,1426,1332,1332,2024-05-27,2024-05-28,1,burruchaga|r / struff|j,Roland Garros,French Open,R128,R128,1.0,1.0,1.0,0.9523809523809523,99.76190476190476,32,Paris,French Open,2024-05-28,Grand Slam,Outdoor,Clay,1st Round,5,Struff J.L.,Burruchaga R.,41,144.0,1090,431.0,6.0,3.0,6.0,2.0,6.0,1.0,,,,,3.0,0.0,Completed,1.14,5.5,1.13,7.41,1.22,7.41,1.14,5.99,10062,1266
9970,1334,1345,1345,2024-05-27,2024-05-29,2,gasquet|r / sinner|j,Roland Garros,French Open,R64,R64,1.0,1.0,1.0,0.9047619047619048,99.52380952380952,32,Paris,French Open,2024-05-29,Grand Slam,Outdoor,Clay,2nd Round,5,Sinner J.,Gasquet R.,2,124.0,8770,515.0,6.0,4.0,6.0,2.0,6.0,4.0,,,,,3.0,0.0,Completed,1.02,19.0,1.03,23.35,1.09,23.35,1.03,15.54,9970,1267
9971,1335,1342,1342,2024-05-27,2024-05-29,2,alcaraz|c / de jong|j,Roland Garros,French Open,R64,R64,1.0,1.0,1.0,0.9047619047619048,99.52380952380952,32,Paris,French Open,2024-05-29,Grand Slam,Outdoor,Clay,2nd Round,5,Alcaraz C.,De Jong J.,3,176.0,7300,344.0,6.0,3.0,6.0,4.0,2.0,6.0,6.0,2.0,,,3.0,1.0,Completed,1.01,26.0,1.01,43.94,1.03,43.94,1.01,22.91,9971,1268
9974,1338,1343,1343,2024-05-27,2024-05-29,2,martinez|p / rublev|a,Roland Garros,French Open,R64,R64,1.0,1.0,1.0,0.9047619047619048,99.52380952380952,32,Paris,French Open,2024-05-29,Grand Slam,Outdoor,Clay,2nd Round,5,Rublev A.,Martinez P.,6,48.0,4700,995.0,6.0,3.0,6.0,4.0,6.0,3.0,,,,,3.0,0.0,Completed,1.13,6.0,1.13,7.12,1.14,7.24,1.12,6.39,9974,1269
9977,1341,1341,1341,2024-05-27,2024-05-29,2,altmaier|d / tsitsipas|s,Roland Garros,French Open,R64,R64,1.0,1.0,1.0,0.9047619047619048,99.52380952380952,32,Paris,French Open,2024-05-29,Grand Slam,Outdoor,Clay,2nd Round,5,Tsitsipas S.,Altmaier D.,9,83.0,3700,702.0,6.0,3.0,6.0,2.0,6.0,7.0,6.0,4.0,,,3.0,1.0,Completed,1.05,11.0,1.07,12.24,1.08,12.24,1.06,9.61,9977,1270
9998,1362,1344,1344,2024-05-27,2024-05-29,2,kotov|p / wawrinka|s,Roland Garros,French Open,R64,R64,1.0,1.0,1.0,0.9047619047619048,99.52380952380952,32,Paris,French Open,2024-05-29,Grand Slam,Outdoor,Clay,2nd Round,5,Kotov P.,Wawrinka S.,56,98.0,892,628.0,7.0,6.0,6.0,4.0,1.0,6.0,7.0,6.0,,,3.0,1.0,Completed,1.62,2.3,1.56,2.61,1.63,2.61,1.57,2.43,9998,1271
9969,1333,1358,1358,2024-05-27,2024-05-30,3,baena|r / djokovic|n <> carballes baena|r / djokovic|n,Roland Garros,French Open,R64,R64,1.0,1.0,1.0,0.8571428571428572,99.28571428571429,32,Paris,French Open,2024-05-30,Grand Slam,Outdoor,Clay,2nd Round,5,Djokovic N.,Carballes Baena R.,1,63.0,9960,816.0,6.0,4.0,6.0,1.0,6.0,2.0,,,,,3.0,0.0,Completed,1.03,17.0,1.04,16.93,1.05,18.0,1.03,13.61,9969,1272
9972,1336,1357,1357,2024-05-27,2024-05-30,3,goffin|d / zverev|a,Roland Garros,French Open,R64,R64,1.0,1.0,1.0,0.8571428571428572,99.28571428571429,32,Paris,French Open,2024-05-30,Grand Slam,Outdoor,Clay,2nd Round,5,Zverev A.,Goffin D.,4,115.0,6305,543.0,7.0,6.0,6.0,2.0,6.0,2.0,,,,,3.0,0.0,Completed,1.03,15.0,1.05,15.36,1.06,15.36,1.04,12.04,9972,1273
9973,1337,1353,1353,2024-05-27,2024-05-30,3,kecmanovic|m / medvedev|d,Roland Garros,French Open,R64,R64,1.0,1.0,1.0,0.8571428571428572,99.28571428571429,32,Paris,French Open,2024-05-30,Grand Slam,Outdoor,Clay,2nd Round,5,Medvedev D.,Kecmanovic M.,5,57.0,6295,880.0,6.0,1.0,5.0,0.0,,,,,,,1.0,0.0,Retired,1.25,4.0,1.29,3.99,1.3,4.18,1.27,3.8,9973,1274
9975,1339,1369,1369,2024-05-27,2024-05-30,3,davidovich fokina|a / ruud|c <> fokina|a / ruud|c,Roland Garros,French Open,R64,R64,1.0,1.0,1.0,0.8571428571428572,99.28571428571429,32,Paris,French Open,2024-05-30,Grand Slam,Outdoor,Clay,2nd Round,5,Ruud C.,Davidovich Fokina A.,7,32.0,4425,1280.0,7.0,6.0,1.0,6.0,6.0,3.0,4.0,6.0,6.0,3.0,3.0,2.0,Completed,1.17,5.0,1.18,5.71,1.24,5.71,1.17,5.09,9975,1275
9976,1340,1351,1351,2024-05-27,2024-05-30,3,hurkacz|h / nakashima|b,Roland Garros,French Open,R64,R64,1.0,1.0,1.0,0.8571428571428572,99.28571428571429,32,Paris,French Open,2024-05-30,Grand Slam,Outdoor,Clay,2nd Round,5,Hurkacz H.,Nakashima B.,8,84.0,3885,700.0,6.0,7.0,6.0,1.0,6.0,3.0,7.0,6.0,,,3.0,1.0,Completed,1.3,3.5,1.35,3.55,1.36,3.55,1.33,3.37,9976,1276
9978,1342,1352,1352,2024-05-27,2024-05-30,3,dimitrov|g / marozsan|f,Roland Garros,French Open,R64,R64,1.0,1.0,1.0,0.8571428571428572,99.28571428571429,32,Paris,French Open,2024-05-30,Grand Slam,Outdoor,Clay,2nd Round,5,Dimitrov G.,Marozsan F.,10,43.0,3555,1083.0,6.0,0.0,6.0,3.0,6.0,4.0,,,,,3.0,0.0,Completed,1.3,3.5,1.37,3.41,1.37,3.53,1.34,3.31,9978,1277
9979,1343,1360,1360,2024-05-27,2024-05-30,3,de minaur|a / munar|j,Roland Garros,French Open,R64,R64,1.0,1.0,1.0,0.8571428571428572,99.28571428571429,32,Paris,French Open,2024-05-30,Grand Slam,Outdoor,Clay,2nd Round,5,De Minaur A.,Munar J.,11,64.0,3490,810.0,7.0,5.0,6.0,1.0,6.0,4.0,,,,,3.0,0.0,Completed,1.3,3.5,1.32,3.76,1.32,3.82,1.3,3.59,9979,1278
9980,1344,1370,1370,2024-05-27,2024-05-30,3,fritz|t / lajovic|d,Roland Garros,French Open,R64,R64,1.0,1.0,1.0,0.8571428571428572,99.28571428571429,32,Paris,French Open,2024-05-30,Grand Slam,Outdoor,Clay,2nd Round,5,Fritz T.,Lajovic D.,12,61.0,2980,831.0,6.0,3.0,3.0,6.0,6.0,3.0,6.0,4.0,,,3.0,1.0,Completed,1.17,5.0,1.21,5.06,1.22,5.24,1.19,4.75,9980,1279
9981,1345,1363,1363,2024-05-27,2024-05-30,3,cobolli|f / rune|h,Roland Garros,French Open,R64,R64,1.0,1.0,1.0,0.8571428571428572,99.28571428571429,32,Paris,French Open,2024-05-30,Grand Slam,Outdoor,Clay,2nd Round,5,Rune H.,Cobolli F.,13,53.0,2700,940.0,6.0,4.0,6.0,3.0,3.0,6.0,3.0,6.0,7.0,6.0,3.0,2.0,Completed,1.44,2.75,1.48,2.86,1.5,2.86,1.45,2.76,9981,1280
9982,1346,1362,1362,2024-05-27,2024-05-30,3,fognini|f / paul|t,Roland Garros,French Open,R64,R64,1.0,1.0,1.0,0.8571428571428572,99.28571428571429,32,Paris,French Open,2024-05-30,Grand Slam,Outdoor,Clay,2nd Round,5,Paul T.,Fognini F.,14,93.0,2655,648.0,6.0,1.0,6.0,0.0,6.0,2.0,,,,,3.0,0.0,Completed,1.17,5.0,1.2,5.15,1.26,5.3,1.19,4.8,9982,1281
9983,1347,1361,1361,2024-05-27,2024-05-30,3,nishikori|k / shelton|b,Roland Garros,French Open,R64,R64,1.0,1.0,1.0,0.8571428571428572,99.28571428571429,32,Paris,French Open,2024-05-30,Grand Slam,Outdoor,Clay,2nd Round,5,Shelton B.,Nishikori K.,15,350.0,2500,143.0,7.0,6.0,6.0,4.0,,,,,,,2.0,0.0,Retired,1.14,5.5,1.17,6.01,1.18,6.01,1.16,5.27,9983,1282
9984,1348,1366,1366,2024-05-27,2024-05-30,3,khachanov|k / kovalik|j,Roland Garros,French Open,R64,R64,1.0,1.0,1.0,0.8571428571428572,99.28571428571429,32,Paris,French Open,2024-05-30,Grand Slam,Outdoor,Clay,2nd Round,5,Kovalik J.,Khachanov K.,145,18.0,427,2090.0,4.0,6.0,4.0,6.0,6.0,4.0,6.0,3.0,6.0,4.0,3.0,2.0,Completed,8.0,1.08,10.78,1.08,10.78,1.16,8.23,1.08,9984,1283
9985,1349,1367,1367,2024-05-27,2024-05-30,3,bublik|a / struff|j,Roland Garros,French Open,R64,R64,1.0,1.0,1.0,0.8571428571428572,99.28571428571429,32,Paris,French Open,2024-05-30,Grand Slam,Outdoor,Clay,2nd Round,5,Struff J.L.,Bublik A.,41,17.0,1090,2110.0,6.0,2.0,6.0,2.0,6.0,3.0,,,,,3.0,0.0,Completed,1.29,3.75,1.29,4.05,1.36,4.09,1.28,3.78,9985,1284
9986,1350,1349,1349,2024-05-27,2024-05-30,3,baez|s / ofner|s,Roland Garros,French Open,R64,R64,1.0,1.0,1.0,0.8571428571428572,99.28571428571429,32,Paris,French Open,2024-05-30,Grand Slam,Outdoor,Clay,2nd Round,5,Ofner S.,Baez S.,45,20.0,1038,1990.0,3.0,6.0,3.0,6.0,6.0,4.0,7.0,5.0,7.0,6.0,3.0,2.0,Completed,4.5,1.2,4.54,1.24,4.59,1.25,4.33,1.22,9986,1285
9987,1351,1354,1354,2024-05-27,2024-05-30,3,aliassime|f / squire|h <> auger aliassime|f / squire|h,Roland Garros,French Open,R64,R64,1.0,1.0,1.0,0.8571428571428572,99.28571428571429,32,Paris,French Open,2024-05-30,Grand Slam,Outdoor,Clay,2nd Round,5,Auger-Aliassime F.,Squire H.,21,221.0,1885,280.0,6.0,4.0,4.0,6.0,6.0,3.0,6.0,2.0,,,3.0,1.0,Completed,1.06,10.0,1.09,9.62,1.09,10.0,1.07,8.63,9987,1286
9988,1352,1368,1368,2024-05-27,2024-05-30,3,cerundolo|f / misolic|f,Roland Garros,French Open,R64,R64,1.0,1.0,1.0,0.8571428571428572,99.28571428571429,32,Paris,French Open,2024-05-30,Grand Slam,Outdoor,Clay,2nd Round,5,Cerundolo F.,Misolic F.,27,243.0,1590,255.0,6.0,2.0,7.0,6.0,6.0,0.0,,,,,3.0,0.0,Completed,1.11,6.5,1.14,7.27,1.19,7.27,1.13,6.14,9988,1287
9989,1353,1348,1348,2024-05-27,2024-05-30,3,shapovalov|d / tiafoe|f,Roland Garros,French Open,R64,R64,1.0,1.0,1.0,0.8571428571428572,99.28571428571429,32,Paris,French Open,2024-05-30,Grand Slam,Outdoor,Clay,2nd Round,5,Shapovalov D.,Tiafoe F.,118,26.0,540,1630.0,6.0,7.0,6.0,4.0,6.0,2.0,6.0,4.0,,,3.0,1.0,Completed,1.53,2.5,1.55,2.63,1.57,2.63,1.54,2.49,9989,1288
9990,1354,1355,1355,2024-05-27,2024-05-30,3,darderi|l / griekspoor|t,Roland Garros,French Open,R64,R64,1.0,1.0,1.0,0.8571428571428572,99.28571428571429,32,Paris,French Open,2024-05-30,Grand Slam,Outdoor,Clay,2nd Round,5,Griekspoor T.,Darderi L.,25,40.0,1635,1092.0,7.0,6.0,6.0,3.0,6.0,3.0,,,,,3.0,0.0,Completed,2.2,1.67,2.34,1.68,2.34,1.73,2.23,1.67,9990,1289
9991,1355,1347,1347,2024-05-27,2024-05-30,3,korda|s / kwon|s,Roland Garros,French Open,R64,R64,1.0,1.0,1.0,0.8571428571428572,99.28571428571429,32,Paris,French Open,2024-05-30,Grand Slam,Outdoor,Clay,2nd Round,5,Korda S.,Kwon S.W.,28,494.0,1565,85.0,6.0,4.0,6.0,4.0,1.0,6.0,6.0,3.0,,,3.0,1.0,Completed,1.14,5.5,1.18,5.74,1.18,5.8,1.15,5.37,9991,1290
9992,1356,1372,1372,2024-05-27,2024-05-30,3,etcheverry|t / rinderknech|a,Roland Garros,French Open,R64,R64,1.0,1.0,1.0,0.8571428571428572,99.28571428571429,32,Paris,French Open,2024-05-30,Grand Slam,Outdoor,Clay,2nd Round,5,Etcheverry T.,Rinderknech A.,29,69.0,1550,772.0,3.0,6.0,6.0,7.0,6.0,1.0,5.0,0.0,,,1.0,2.0,Retired,1.3,3.5,1.28,4.07,1.39,4.07,1.28,3.73,9992,1291
9993,1357,1371,1371,2024-05-27,2024-05-30,3,monfils|g / musetti|l,Roland Garros,French Open,R64,R64,1.0,1.0,1.0,0.8571428571428572,99.28571428571429,32,Paris,French Open,2024-05-30,Grand Slam,Outdoor,Clay,2nd Round,5,Musetti L.,Monfils G.,30,37.0,1370,1155.0,7.0,5.0,6.0,1.0,6.0,4.0,,,,,3.0,0.0,Completed,1.44,2.75,1.44,3.01,1.52,3.01,1.45,2.77,9993,1292
9994,1358,1364,1364,2024-05-27,2024-05-30,3,machac|t / navone|m,Roland Garros,French Open,R64,R64,1.0,1.0,1.0,0.8571428571428572,99.28571428571429,32,Paris,French Open,2024-05-30,Grand Slam,Outdoor,Clay,2nd Round,5,Machac T.,Navone M.,34,31.0,1185,1339.0,6.0,2.0,6.0,1.0,3.0,6.0,1.0,6.0,6.0,1.0,3.0,2.0,Completed,1.67,2.2,1.73,2.24,1.73,2.31,1.67,2.22,9994,1293
9995,1359,1346,1346,2024-05-27,2024-05-30,3,arnaldi|m / muller|a,Roland Garros,French Open,R64,R64,1.0,1.0,1.0,0.8571428571428572,99.28571428571429,32,Paris,French Open,2024-05-30,Grand Slam,Outdoor,Clay,2nd Round,5,Arnaldi M.,Muller A.,35,90.0,1165,670.0,6.0,4.0,6.0,1.0,6.0,3.0,,,,,3.0,0.0,Completed,1.57,2.38,1.56,2.61,1.58,2.61,1.53,2.5,9995,1294
9996,1360,1350,1350,2024-05-27,2024-05-30,3,bergs|z / marterer|m,Roland Garros,French Open,R64,R64,1.0,1.0,1.0,0.8571428571428572,99.28571428571429,32,Paris,French Open,2024-05-30,Grand Slam,Outdoor,Clay,2nd Round,5,Bergs Z.,Marterer M.,104,101.0,611,622.0,3.0,6.0,6.0,3.0,6.0,1.0,6.0,3.0,,,3.0,1.0,Completed,1.4,3.0,1.45,2.98,1.45,3.11,1.41,2.92,9996,1295
9997,1361,1365,1365,2024-05-27,2024-05-30,3,kokkinakis|t / zeppieri|g,Roland Garros,French Open,R64,R64,1.0,1.0,1.0,0.8571428571428572,99.28571428571429,32,Paris,French Open,2024-05-30,Grand Slam,Outdoor,Clay,2nd Round,5,Kokkinakis T.,Zeppieri G.,100,148.0,623,420.0,1.0,6.0,4.0,6.0,6.0,3.0,7.0,6.0,6.0,2.0,3.0,2.0,Completed,1.67,2.2,1.69,2.3,1.71,2.3,1.68,2.21,9997,1296
9999,1363,1359,1359,2024-05-27,2024-05-30,3,moutet|c / shevchenko|a,Roland Garros,French Open,R64,R64,1.0,1.0,1.0,0.8571428571428572,99.28571428571429,32,Paris,French Open,2024-05-30,Grand Slam,Outdoor,Clay,2nd Round,5,Moutet C.,Shevchenko A.,79,59.0,720,855.0,6.0,4.0,6.0,2.0,0.0,6.0,6.0,3.0,,,3.0,1.0,Completed,1.44,2.75,1.5,2.81,1.5,2.85,1.45,2.76,9999,1297
9954,1318,1374,1374,2024-05-27,2024-05-31,4,kotov|p / sinner|j,Roland Garros,French Open,R32,R32,1.0,1.0,1.0,0.8095238095238095,99.04761904761905,32,Paris,French Open,2024-05-31,Grand Slam,Outdoor,Clay,3rd Round,5,Sinner J.,Kotov P.,2,56.0,8770,892.0,6.0,4.0,6.0,4.0,6.0,4.0,,,,,3.0,0.0,Completed,1.03,17.0,1.04,18.76,1.06,18.76,1.03,13.59,9954,1298
9955,1319,1377,1377,2024-05-27,2024-05-31,4,alcaraz|c / korda|s,Roland Garros,French Open,R32,R32,1.0,1.0,1.0,0.8095238095238095,99.04761904761905,32,Paris,French Open,2024-05-31,Grand Slam,Outdoor,Clay,3rd Round,5,Alcaraz C.,Korda S.,3,28.0,7300,1565.0,6.0,4.0,7.0,6.0,6.0,3.0,,,,,3.0,0.0,Completed,1.1,7.0,1.11,8.29,1.13,8.29,1.1,7.11,9955,1299
9958,1322,1373,1373,2024-05-27,2024-05-31,4,arnaldi|m / rublev|a,Roland Garros,French Open,R32,R32,1.0,1.0,1.0,0.8095238095238095,99.04761904761905,32,Paris,French Open,2024-05-31,Grand Slam,Outdoor,Clay,3rd Round,5,Arnaldi M.,Rublev A.,35,6.0,1165,4700.0,7.0,6.0,6.0,2.0,6.0,4.0,,,,,3.0,0.0,Completed,5.0,1.17,4.79,1.23,5.05,1.23,4.57,1.2,9958,1300
9968,1332,1376,1376,2024-05-27,2024-05-31,4,moutet|c / ofner|s,Roland Garros,French Open,R32,R32,1.0,1.0,1.0,0.8095238095238095,99.04761904761905,32,Paris,French Open,2024-05-31,Grand Slam,Outdoor,Clay,3rd Round,5,Moutet C.,Ofner S.,79,45.0,720,1038.0,3.0,6.0,6.0,4.0,6.0,4.0,6.0,1.0,,,3.0,1.0,Completed,1.36,3.2,1.38,3.35,1.39,3.35,1.35,3.21,9968,1301
9953,1317,1388,1388,2024-05-27,2024-06-01,5,djokovic|n / musetti|l,Roland Garros,French Open,R32,R32,1.0,1.0,1.0,0.7619047619047619,98.80952380952381,32,Paris,French Open,2024-06-01,Grand Slam,Outdoor,Clay,3rd Round,5,Djokovic N.,Musetti L.,1,30.0,9960,1370.0,7.0,5.0,6.0,7.0,2.0,6.0,6.0,3.0,6.0,0.0,3.0,2.0,Completed,1.2,4.5,1.22,4.86,1.25,4.89,1.2,4.57,9953,1302
9956,1320,1381,1381,2024-05-27,2024-06-01,5,griekspoor|t / zverev|a,Roland Garros,French Open,R32,R32,1.0,1.0,1.0,0.7619047619047619,98.80952380952381,32,Paris,French Open,2024-06-01,Grand Slam,Outdoor,Clay,3rd Round,5,Zverev A.,Griekspoor T.,4,25.0,6305,1635.0,3.0,6.0,6.0,4.0,6.0,2.0,4.0,6.0,7.0,6.0,3.0,2.0,Completed,1.1,7.0,1.12,7.89,1.13,7.89,1.1,7.0,9956,1303
9957,1321,1380,1380,2024-05-27,2024-06-01,5,machac|t / medvedev|d,Roland Garros,French Open,R32,R32,1.0,1.0,1.0,0.7619047619047619,98.80952380952381,32,Paris,French Open,2024-06-01,Grand Slam,Outdoor,Clay,3rd Round,5,Medvedev D.,Machac T.,5,34.0,6295,1185.0,7.0,6.0,7.0,5.0,1.0,6.0,6.0,4.0,,,3.0,1.0,Completed,1.3,3.5,1.36,3.44,1.36,3.6,1.33,3.35,9957,1304
9959,1323,1387,1387,2024-05-27,2024-06-01,5,etcheverry|t / ruud|c,Roland Garros,French Open,R32,R32,1.0,1.0,1.0,0.7619047619047619,98.80952380952381,32,Paris,French Open,2024-06-01,Grand Slam,Outdoor,Clay,3rd Round,5,Ruud C.,Etcheverry T.,7,29.0,4425,1550.0,6.0,4.0,1.0,6.0,6.0,2.0,6.0,2.0,,,3.0,1.0,Completed,1.22,4.33,1.23,4.65,1.26,4.65,1.22,4.27,9959,1305
9960,1324,1382,1382,2024-05-27,2024-06-01,5,hurkacz|h / shapovalov|d,Roland Garros,French Open,R32,R32,1.0,1.0,1.0,0.7619047619047619,98.80952380952381,32,Paris,French Open,2024-06-01,Grand Slam,Outdoor,Clay,3rd Round,5,Hurkacz H.,Shapovalov D.,8,118.0,3885,540.0,6.0,3.0,7.0,6.0,4.0,6.0,6.0,1.0,,,3.0,1.0,Completed,1.4,3.0,1.43,3.05,1.46,3.05,1.42,2.92,9960,1306
9962,1326,1386,1386,2024-05-27,2024-06-01,5,bergs|z / dimitrov|g,Roland Garros,French Open,R32,R32,1.0,1.0,1.0,0.7619047619047619,98.80952380952381,32,Paris,French Open,2024-06-01,Grand Slam,Outdoor,Clay,3rd Round,5,Dimitrov G.,Bergs Z.,10,104.0,3555,611.0,6.0,3.0,7.0,6.0,4.0,6.0,6.0,4.0,,,3.0,1.0,Completed,1.2,4.5,1.2,5.28,1.23,5.28,1.19,4.83,9962,1307
9963,1327,1378,1378,2024-05-27,2024-06-01,5,de minaur|a / struff|j,Roland Garros,French Open,R32,R32,1.0,1.0,1.0,0.7619047619047619,98.80952380952381,32,Paris,French Open,2024-06-01,Grand Slam,Outdoor,Clay,3rd Round,5,De Minaur A.,Struff J.L.,11,41.0,3490,1090.0,4.0,6.0,6.0,4.0,6.0,3.0,6.0,3.0,,,3.0,1.0,Completed,1.8,2.0,1.92,1.99,1.92,2.0,1.86,1.95,9963,1308
9964,1328,1385,1385,2024-05-27,2024-06-01,5,fritz|t / kokkinakis|t,Roland Garros,French Open,R32,R32,1.0,1.0,1.0,0.7619047619047619,98.80952380952381,32,Paris,French Open,2024-06-01,Grand Slam,Outdoor,Clay,3rd Round,5,Fritz T.,Kokkinakis T.,12,100.0,2980,623.0,6.0,3.0,6.0,2.0,6.0,7.0,5.0,7.0,6.0,3.0,3.0,2.0,Completed,1.14,5.5,1.14,6.59,1.17,7.53,1.14,5.81,9964,1309
9965,1329,1383,1383,2024-05-27,2024-06-01,5,kovalik|j / rune|h,Roland Garros,French Open,R32,R32,1.0,1.0,1.0,0.7619047619047619,98.80952380952381,32,Paris,French Open,2024-06-01,Grand Slam,Outdoor,Clay,3rd Round,5,Rune H.,Kovalik J.,13,145.0,2700,427.0,7.0,5.0,6.0,1.0,7.0,6.0,,,,,3.0,0.0,Completed,1.11,6.5,1.13,7.19,1.15,7.19,1.12,6.4,9965,1310
9966,1330,1384,1384,2024-05-27,2024-06-01,5,cerundolo|f / paul|t,Roland Garros,French Open,R32,R32,1.0,1.0,1.0,0.7619047619047619,98.80952380952381,32,Paris,French Open,2024-06-01,Grand Slam,Outdoor,Clay,3rd Round,5,Cerundolo F.,Paul T.,27,14.0,1590,2655.0,3.0,6.0,6.0,3.0,6.0,3.0,6.0,2.0,,,3.0,1.0,Completed,2.3,1.62,2.36,1.67,2.4,1.7,2.25,1.66,9966,1311
9967,1331,1379,1379,2024-05-27,2024-06-01,5,aliassime|f / shelton|b <> auger aliassime|f / shelton|b,Roland Garros,French Open,R32,R32,1.0,1.0,1.0,0.7619047619047619,98.80952380952381,32,Paris,French Open,2024-06-01,Grand Slam,Outdoor,Clay,3rd Round,5,Auger-Aliassime F.,Shelton B.,21,15.0,1885,2500.0,6.0,4.0,6.0,2.0,6.0,1.0,,,,,3.0,0.0,Completed,1.57,2.38,1.57,2.58,1.67,2.58,1.56,2.44,9967,1312
9946,1310,1392,1392,2024-05-27,2024-06-02,6,moutet|c / sinner|j,Roland Garros,French Open,R16,R16,1.0,1.0,1.0,0.7142857142857143,98.57142857142857,32,Paris,French Open,2024-06-02,Grand Slam,Outdoor,Clay,4th Round,5,Sinner J.,Moutet C.,2,79.0,8770,720.0,2.0,6.0,6.0,3.0,6.0,2.0,6.0,1.0,,,3.0,1.0,Completed,1.05,11.0,1.05,14.36,1.08,14.36,1.05,10.75,9946,1313
9947,1311,1390,1390,2024-05-27,2024-06-02,6,alcaraz|c / aliassime|f <> alcaraz|c / auger aliassime|f,Roland Garros,French Open,R16,R16,1.0,1.0,1.0,0.7142857142857143,98.57142857142857,32,Paris,French Open,2024-06-02,Grand Slam,Outdoor,Clay,4th Round,5,Alcaraz C.,Auger-Aliassime F.,3,21.0,7300,1885.0,6.0,3.0,6.0,3.0,6.0,1.0,,,,,3.0,0.0,Completed,1.11,6.5,1.12,7.55,1.16,7.55,1.12,6.56,9947,1314
9951,1315,1391,1391,2024-05-27,2024-06-02,6,dimitrov|g / hurkacz|h,Roland Garros,French Open,R16,R16,1.0,1.0,1.0,0.7142857142857143,98.57142857142857,32,Paris,French Open,2024-06-02,Grand Slam,Outdoor,Clay,4th Round,5,Dimitrov G.,Hurkacz H.,10,8.0,3555,3885.0,7.0,6.0,6.0,4.0,7.0,6.0,,,,,3.0,0.0,Completed,1.62,2.3,1.59,2.53,1.65,2.53,1.59,2.38,9951,1315
9952,1316,1389,1389,2024-05-27,2024-06-02,6,arnaldi|m / tsitsipas|s,Roland Garros,French Open,R16,R16,1.0,1.0,1.0,0.7142857142857143,98.57142857142857,32,Paris,French Open,2024-06-02,Grand Slam,Outdoor,Clay,4th Round,5,Tsitsipas S.,Arnaldi M.,9,35.0,3700,1165.0,3.0,6.0,7.0,6.0,6.0,2.0,6.0,2.0,,,3.0,1.0,Completed,1.17,5.0,1.22,4.97,1.28,5.05,1.2,4.65,9952,1316
9945,1309,1394,1394,2024-05-27,2024-06-03,7,cerundolo|f / djokovic|n,Roland Garros,French Open,R16,R16,1.0,1.0,1.0,0.6666666666666667,98.33333333333333,32,Paris,French Open,2024-06-03,Grand Slam,Outdoor,Clay,4th Round,5,Djokovic N.,Cerundolo F.,1,27.0,9960,1590.0,6.0,1.0,5.0,7.0,3.0,6.0,7.0,5.0,6.0,3.0,3.0,2.0,Completed,1.14,5.5,1.19,5.55,1.19,5.75,1.16,5.27,9945,1317
9948,1312,1396,1396,2024-05-27,2024-06-03,7,rune|h / zverev|a,Roland Garros,French Open,R16,R16,1.0,1.0,1.0,0.6666666666666667,98.33333333333333,32,Paris,French Open,2024-06-03,Grand Slam,Outdoor,Clay,4th Round,5,Zverev A.,Rune H.,4,13.0,6305,2700.0,4.0,6.0,6.0,1.0,5.0,7.0,7.0,6.0,6.0,2.0,3.0,2.0,Completed,1.36,3.2,1.38,3.35,1.42,3.4,1.35,3.21,9948,1318
9949,1313,1393,1393,2024-05-27,2024-06-03,7,de minaur|a / medvedev|d,Roland Garros,French Open,R16,R16,1.0,1.0,1.0,0.6666666666666667,98.33333333333333,32,Paris,French Open,2024-06-03,Grand Slam,Outdoor,Clay,4th Round,5,De Minaur A.,Medvedev D.,11,5.0,3490,6295.0,4.0,6.0,6.0,2.0,6.0,1.0,6.0,3.0,,,3.0,1.0,Completed,2.38,1.57,2.39,1.65,2.5,1.65,2.36,1.59,9949,1319
9950,1314,1395,1395,2024-05-27,2024-06-03,7,fritz|t / ruud|c,Roland Garros,French Open,R16,R16,1.0,1.0,1.0,0.6666666666666667,98.33333333333333,32,Paris,French Open,2024-06-03,Grand Slam,Outdoor,Clay,4th Round,5,Ruud C.,Fritz T.,7,12.0,4425,2980.0,7.0,6.0,3.0,6.0,6.0,4.0,6.0,2.0,,,3.0,1.0,Completed,1.36,3.2,1.33,3.69,1.4,3.69,1.32,3.41,9950,1320
9942,1306,1397,1397,2024-05-27,2024-06-04,8,dimitrov|g / sinner|j,Roland Garros,French Open,QF,QF,1.0,1.0,1.0,0.6190476190476191,98.0952380952381,32,Paris,French Open,2024-06-04,Grand Slam,Outdoor,Clay,Quarterfinals,5,Sinner J.,Dimitrov G.,2,10.0,8770,3555.0,6.0,2.0,6.0,4.0,7.0,6.0,,,,,3.0,0.0,Completed,1.2,4.5,1.21,5.08,1.23,5.08,1.2,4.66,9942,1321
9943,1307,1398,1398,2024-05-27,2024-06-04,8,alcaraz|c / tsitsipas|s,Roland Garros,French Open,QF,QF,1.0,1.0,1.0,0.6190476190476191,98.0952380952381,32,Paris,French Open,2024-06-04,Grand Slam,Outdoor,Clay,Quarterfinals,5,Alcaraz C.,Tsitsipas S.,3,9.0,7300,3700.0,6.0,3.0,7.0,6.0,6.0,4.0,,,,,3.0,0.0,Completed,1.2,4.5,1.25,4.4,1.26,4.5,1.23,4.25,9943,1322
9941,1305,1399,1399,2024-05-27,2024-06-05,9,djokovic|n / ruud|c,Roland Garros,French Open,QF,QF,1.0,1.0,1.0,0.5714285714285714,97.85714285714286,32,Paris,French Open,2024-06-05,Grand Slam,Outdoor,Clay,Quarterfinals,5,Ruud C.,Djokovic N.,7,1.0,4425,9960.0,,,,,,,,,,,,,Walkover,1.8,2.0,1.74,2.18,1.82,2.2,1.76,2.09,9941,1323
9944,1308,1400,1400,2024-05-27,2024-06-05,9,de minaur|a / zverev|a,Roland Garros,French Open,QF,QF,1.0,1.0,1.0,0.5714285714285714,97.85714285714286,32,Paris,French Open,2024-06-05,Grand Slam,Outdoor,Clay,Quarterfinals,5,Zverev A.,De Minaur A.,4,11.0,6305,3490.0,6.0,4.0,7.0,6.0,6.0,4.0,,,,,3.0,0.0,Completed,1.36,3.2,1.4,3.23,1.46,3.4,1.37,3.11,9944,1324
9939,1303,1401,1401,2024-05-27,2024-06-07,11,alcaraz|c / sinner|j,Roland Garros,French Open,SF,SF,1.0,1.0,1.0,0.47619047619047616,97.38095238095238,32,Paris,French Open,2024-06-07,Grand Slam,Outdoor,Clay,Semifinals,5,Alcaraz C.,Sinner J.,3,2.0,7300,8770.0,2.0,6.0,6.0,3.0,3.0,6.0,6.0,4.0,6.0,3.0,3.0,2.0,Completed,1.62,2.3,1.68,2.28,1.73,2.3,1.67,2.22,9939,1325
9940,1304,1402,1402,2024-05-27,2024-06-07,11,ruud|c / zverev|a,Roland Garros,French Open,SF,SF,1.0,1.0,1.0,0.47619047619047616,97.38095238095238,32,Paris,French Open,2024-06-07,Grand Slam,Outdoor,Clay,Semifinals,5,Zverev A.,Ruud C.,4,7.0,6305,4425.0,2.0,6.0,6.0,2.0,6.0,4.0,6.0,2.0,,,3.0,1.0,Completed,1.8,2.0,1.81,2.08,1.82,2.13,1.79,2.03,9940,1326
9938,1302,1403,1403,2024-05-27,2024-06-09,13,alcaraz|c / zverev|a,Roland Garros,French Open,F,F,1.0,1.0,1.0,0.38095238095238093,96.9047619047619,32,Paris,French Open,2024-06-09,Grand Slam,Outdoor,Clay,The Final,5,Alcaraz C.,Zverev A.,3,4.0,7300,6305.0,6.0,3.0,2.0,6.0,5.0,7.0,6.0,1.0,6.0,2.0,3.0,2.0,Completed,1.33,3.4,1.36,3.32,1.39,3.4,1.35,3.26,9938,1327
10090,1454,1431,1431,2024-06-10,2024-06-10,0,goffin|d / nardi|l,s Hertogenbosch,Rosmalen Grass Court Championships,R32,R32,0.18285714285714286,1.0,1.0,1.0,55.05714285714286,34,'s-Hertogenbosch,Rosmalen Grass Court Championships,2024-06-10,ATP250,Outdoor,Grass,1st Round,3,Nardi L.,Goffin D.,73,109.0,742,583.0,7.0,5.0,7.0,5.0,,,,,,,2.0,0.0,Completed,2.75,1.44,2.82,1.47,2.88,1.5,2.7,1.45,10090,1328
10110,1474,1406,1406,2024-06-10,2024-06-10,0,hanfmann|y / squire|h,Stuttgart,Stuttgart Open,R32,R32,1.0,1.0,1.0,1.0,100.0,33,Stuttgart,Stuttgart Open,2024-06-10,ATP250,Outdoor,Grass,1st Round,3,Hanfmann Y.,Squire H.,91,178.0,646,344.0,6.0,3.0,6.0,3.0,,,,,,,2.0,0.0,Completed,1.67,2.2,1.71,2.21,1.81,2.3,1.66,2.18,10110,1329
10112,1476,1404,1404,2024-06-10,2024-06-10,0,draper|j / ofner|s,Stuttgart,Stuttgart Open,R32,R32,1.0,1.0,1.0,1.0,100.0,33,Stuttgart,Stuttgart Open,2024-06-10,ATP250,Outdoor,Grass,1st Round,3,Draper J.,Ofner S.,40,52.0,1131,933.0,7.0,6.0,7.0,6.0,,,,,,,2.0,0.0,Completed,1.25,4.0,1.26,4.08,1.27,4.17,1.25,3.86,10112,1330
10115,1479,1407,1407,2024-06-10,2024-06-10,0,marozsan|f / medjedovic|h,Stuttgart,Stuttgart Open,R32,R32,1.0,1.0,1.0,1.0,100.0,33,Stuttgart,Stuttgart Open,2024-06-10,ATP250,Outdoor,Grass,1st Round,3,Medjedovic H.,Marozsan F.,131,42.0,497,1122.0,6.0,7.0,6.0,1.0,6.0,4.0,,,,,2.0,1.0,Completed,1.57,2.38,1.65,2.31,1.68,2.38,1.61,2.28,10115,1331
10080,1444,1442,1442,2024-06-10,2024-06-11,1,bergs|z / van rijthoven|t,s Hertogenbosch,Rosmalen Grass Court Championships,R32,R32,0.18285714285714286,1.0,1.0,0.9523809523809523,54.819047619047616,34,'s-Hertogenbosch,Rosmalen Grass Court Championships,2024-06-11,ATP250,Outdoor,Grass,1st Round,3,Bergs Z.,Van Rijthoven T.,81,,688,,6.0,4.0,6.0,3.0,,,,,,,2.0,0.0,Completed,1.4,3.0,1.43,2.94,1.44,3.15,1.4,2.96,10080,1332
10081,1445,1439,1439,2024-06-10,2024-06-11,1,agut|r / huesler|m <> bautista agut|r / huesler|m,s Hertogenbosch,Rosmalen Grass Court Championships,R32,R32,0.18285714285714286,1.0,1.0,0.9523809523809523,54.819047619047616,34,'s-Hertogenbosch,Rosmalen Grass Court Championships,2024-06-11,ATP250,Outdoor,Grass,1st Round,3,Bautista Agut R.,Huesler M.A.,85,201.0,680,303.0,7.0,6.0,6.0,2.0,,,,,,,2.0,0.0,Completed,1.67,2.2,1.72,2.18,1.73,2.28,1.66,2.18,10081,1333
10082,1446,1436,1436,2024-06-10,2024-06-11,1,raonic|m / thompson|j,s Hertogenbosch,Rosmalen Grass Court Championships,R32,R32,0.18285714285714286,1.0,1.0,0.9523809523809523,54.819047619047616,34,'s-Hertogenbosch,Rosmalen Grass Court Championships,2024-06-11,ATP250,Outdoor,Grass,1st Round,3,Raonic M.,Thompson J.,197,37.0,305,1156.0,6.0,3.0,6.0,4.0,,,,,,,2.0,0.0,Completed,2.38,1.57,2.53,1.56,2.54,1.62,2.41,1.55,10082,1334
10083,1447,1435,1435,2024-06-10,2024-06-11,1,cazaux|a / fils|a,s Hertogenbosch,Rosmalen Grass Court Championships,R32,R32,0.18285714285714286,1.0,1.0,0.9523809523809523,54.819047619047616,34,'s-Hertogenbosch,Rosmalen Grass Court Championships,2024-06-11,ATP250,Outdoor,Grass,1st Round,3,Fils A.,Cazaux A.,38,75.0,1155,735.0,6.0,4.0,6.0,4.0,,,,,,,2.0,0.0,Completed,1.62,2.3,1.72,2.19,1.74,2.32,1.64,2.21,10083,1335
10084,1448,1433,1433,2024-06-10,2024-06-11,1,brouwer|g / mensik|j,s Hertogenbosch,Rosmalen Grass Court Championships,R32,R32,0.18285714285714286,1.0,1.0,0.9523809523809523,54.819047619047616,34,'s-Hertogenbosch,Rosmalen Grass Court Championships,2024-06-11,ATP250,Outdoor,Grass,1st Round,3,Brouwer G.,Mensik J.,232,79.0,259,708.0,6.0,1.0,3.0,6.0,6.0,3.0,,,,,2.0,1.0,Completed,1.67,2.2,1.68,2.25,1.72,2.29,1.65,2.19,10084,1336
10085,1449,1432,1432,2024-06-10,2024-06-11,1,mannarino|a / napolitano|s,s Hertogenbosch,Rosmalen Grass Court Championships,R32,R32,0.18285714285714286,1.0,1.0,0.9523809523809523,54.819047619047616,34,'s-Hertogenbosch,Rosmalen Grass Court Championships,2024-06-11,ATP250,Outdoor,Grass,1st Round,3,Mannarino A.,Napolitano S.,21,125.0,1865,517.0,3.0,6.0,7.0,6.0,6.0,2.0,,,,,2.0,1.0,Completed,1.3,3.5,1.35,3.4,1.35,3.53,1.32,3.3,10085,1337
10086,1450,1438,1438,2024-06-10,2024-06-11,1,griekspoor|t / kecmanovic|m,s Hertogenbosch,Rosmalen Grass Court Championships,R32,R32,0.18285714285714286,1.0,1.0,0.9523809523809523,54.819047619047616,34,'s-Hertogenbosch,Rosmalen Grass Court Championships,2024-06-11,ATP250,Outdoor,Grass,1st Round,3,Griekspoor T.,Kecmanovic M.,23,53.0,1690,920.0,6.0,7.0,7.0,6.0,7.0,6.0,,,,,2.0,1.0,Completed,1.33,3.4,1.35,3.37,1.4,3.4,1.35,3.13,10086,1338
10087,1451,1434,1434,2024-06-10,2024-06-11,1,mcdonald|m / van de zandschulp|b,s Hertogenbosch,Rosmalen Grass Court Championships,R32,R32,0.18285714285714286,1.0,1.0,0.9523809523809523,54.819047619047616,34,'s-Hertogenbosch,Rosmalen Grass Court Championships,2024-06-11,ATP250,Outdoor,Grass,1st Round,3,Mcdonald M.,Van De Zandschulp B.,74,99.0,735,618.0,6.0,4.0,4.0,6.0,6.0,2.0,,,,,2.0,1.0,Completed,2.0,1.8,1.96,1.89,2.02,1.89,1.96,1.81,10087,1339
10088,1452,1437,1437,2024-06-10,2024-06-11,1,purcell|m / vukic|a,s Hertogenbosch,Rosmalen Grass Court Championships,R32,R32,0.18285714285714286,1.0,1.0,0.9523809523809523,54.819047619047616,34,'s-Hertogenbosch,Rosmalen Grass Court Championships,2024-06-11,ATP250,Outdoor,Grass,1st Round,3,Vukic A.,Purcell M.,87,100.0,674,612.0,6.0,3.0,7.0,6.0,,,,,,,2.0,0.0,Completed,1.62,2.3,1.65,2.32,1.7,2.34,1.63,2.23,10088,1340
10089,1453,1441,1441,2024-06-10,2024-06-11,1,korda|s / schoolkate|t,s Hertogenbosch,Rosmalen Grass Court Championships,R32,R32,0.18285714285714286,1.0,1.0,0.9523809523809523,54.819047619047616,34,'s-Hertogenbosch,Rosmalen Grass Court Championships,2024-06-11,ATP250,Outdoor,Grass,1st Round,3,Korda S.,Schoolkate T.,26,185.0,1620,335.0,6.0,4.0,7.0,6.0,,,,,,,2.0,0.0,Completed,1.25,4.0,1.26,4.14,1.27,4.14,1.25,3.93,10089,1341
10091,1455,1440,1440,2024-06-10,2024-06-11,1,hijikata|r / popyrin|a,s Hertogenbosch,Rosmalen Grass Court Championships,R32,R32,0.18285714285714286,1.0,1.0,0.9523809523809523,54.819047619047616,34,'s-Hertogenbosch,Rosmalen Grass Court Championships,2024-06-11,ATP250,Outdoor,Grass,1st Round,3,Popyrin A.,Hijikata R.,49,80.0,961,708.0,6.0,4.0,6.0,4.0,,,,,,,2.0,0.0,Completed,1.67,2.2,1.63,2.4,1.67,2.4,1.63,2.25,10091,1342
10107,1471,1410,1410,2024-06-10,2024-06-11,1,eubanks|c / nakashima|b,Stuttgart,Stuttgart Open,R32,R32,1.0,1.0,1.0,0.9523809523809523,99.76190476190476,33,Stuttgart,Stuttgart Open,2024-06-11,ATP250,Outdoor,Grass,1st Round,3,Nakashima B.,Eubanks C.,70,45.0,750,1017.0,7.0,6.0,6.0,4.0,,,,,,,2.0,0.0,Completed,1.57,2.38,1.62,2.38,1.69,2.42,1.57,2.34,10107,1343
10108,1472,1412,1412,2024-06-10,2024-06-11,1,michelsen|a / rinderknech|a,Stuttgart,Stuttgart Open,R32,R32,1.0,1.0,1.0,0.9523809523809523,99.76190476190476,33,Stuttgart,Stuttgart Open,2024-06-11,ATP250,Outdoor,Grass,1st Round,3,Rinderknech A.,Michelsen A.,67,61.0,777,832.0,6.0,4.0,7.0,5.0,,,,,,,2.0,0.0,Completed,2.5,1.53,2.52,1.56,2.54,1.62,2.42,1.55,10108,1344
10109,1473,1415,1415,2024-06-10,2024-06-11,1,cobolli|f / struff|j,Stuttgart,Stuttgart Open,R32,R32,1.0,1.0,1.0,0.9523809523809523,99.76190476190476,33,Stuttgart,Stuttgart Open,2024-06-11,ATP250,Outdoor,Grass,1st Round,3,Struff J.L.,Cobolli F.,35,50.0,1180,955.0,7.0,6.0,6.0,3.0,,,,,,,2.0,0.0,Completed,1.14,5.5,1.18,5.35,1.2,5.5,1.17,4.88,10109,1345
10111,1475,1414,1414,2024-06-10,2024-06-11,1,giron|m / murray|a,Stuttgart,Stuttgart Open,R32,R32,1.0,1.0,1.0,0.9523809523809523,99.76190476190476,33,Stuttgart,Stuttgart Open,2024-06-11,ATP250,Outdoor,Grass,1st Round,3,Giron M.,Murray A.,54,97.0,910,623.0,6.0,3.0,6.0,4.0,,,,,,,2.0,0.0,Completed,2.38,1.57,2.37,1.66,2.4,1.68,2.27,1.62,10111,1346
10116,1480,1411,1411,2024-06-10,2024-06-11,1,berrettini|m / safiullin|r,Stuttgart,Stuttgart Open,R32,R32,1.0,1.0,1.0,0.9523809523809523,99.76190476190476,33,Stuttgart,Stuttgart Open,2024-06-11,ATP250,Outdoor,Grass,1st Round,3,Berrettini M.,Safiullin R.,95,43.0,630,1097.0,7.0,6.0,5.0,7.0,7.0,5.0,,,,,2.0,1.0,Completed,1.57,2.38,1.57,2.5,1.59,2.62,1.55,2.41,10116,1347
10117,1481,1413,1413,2024-06-10,2024-06-11,1,martineau|m / shapovalov|d,Stuttgart,Stuttgart Open,R32,R32,1.0,1.0,1.0,0.9523809523809523,99.76190476190476,33,Stuttgart,Stuttgart Open,2024-06-11,ATP250,Outdoor,Grass,1st Round,3,Shapovalov D.,Martineau M.,117,179.0,550,344.0,7.0,6.0,7.0,5.0,,,,,,,2.0,0.0,Completed,1.2,4.5,1.22,4.68,1.25,4.72,1.21,4.26,10117,1348
10118,1482,1409,1409,2024-06-10,2024-06-11,1,duckworth|j / herbert|p,Stuttgart,Stuttgart Open,R32,R32,1.0,1.0,1.0,0.9523809523809523,99.76190476190476,33,Stuttgart,Stuttgart Open,2024-06-11,ATP250,Outdoor,Grass,1st Round,3,Duckworth J.,Herbert P.H.,101,139.0,611,448.0,6.0,4.0,7.0,6.0,,,,,,,2.0,0.0,Completed,1.8,2.0,1.82,2.05,1.83,2.1,1.79,2.0,10118,1349
10074,1438,1445,1445,2024-06-10,2024-06-12,2,fils|a / humbert|u,s Hertogenbosch,Rosmalen Grass Court Championships,R16,R16,0.18285714285714286,1.0,1.0,0.9047619047619048,54.58095238095238,34,'s-Hertogenbosch,Rosmalen Grass Court Championships,2024-06-12,ATP250,Outdoor,Grass,2nd Round,3,Humbert U.,Fils A.,16,38.0,2250,1155.0,6.0,3.0,7.0,6.0,,,,,,,2.0,0.0,Completed,1.67,2.2,1.68,2.28,1.69,2.31,1.64,2.2,10074,1350
10075,1439,1443,1443,2024-06-10,2024-06-12,2,brouwer|g / mannarino|a,s Hertogenbosch,Rosmalen Grass Court Championships,R16,R16,0.18285714285714286,1.0,1.0,0.9047619047619048,54.58095238095238,34,'s-Hertogenbosch,Rosmalen Grass Court Championships,2024-06-12,ATP250,Outdoor,Grass,2nd Round,3,Brouwer G.,Mannarino A.,232,21.0,259,1865.0,6.0,3.0,6.0,3.0,,,,,,,2.0,0.0,Completed,2.5,1.53,2.68,1.51,2.8,1.58,2.58,1.48,10075,1351
10076,1440,1444,1444,2024-06-10,2024-06-12,2,griekspoor|t / mcdonald|m,s Hertogenbosch,Rosmalen Grass Court Championships,R16,R16,0.18285714285714286,1.0,1.0,0.9047619047619048,54.58095238095238,34,'s-Hertogenbosch,Rosmalen Grass Court Championships,2024-06-12,ATP250,Outdoor,Grass,2nd Round,3,Griekspoor T.,Mcdonald M.,23,74.0,1690,735.0,6.0,3.0,7.0,6.0,,,,,,,2.0,0.0,Completed,1.4,3.0,1.39,3.2,1.4,3.2,1.37,3.02,10076,1352
10101,1465,1417,1417,2024-06-10,2024-06-12,2,hanfmann|y / tiafoe|f,Stuttgart,Stuttgart Open,R16,R16,1.0,1.0,1.0,0.9047619047619048,99.52380952380952,33,Stuttgart,Stuttgart Open,2024-06-12,ATP250,Outdoor,Grass,2nd Round,3,Tiafoe F.,Hanfmann Y.,28,91.0,1590,646.0,7.0,5.0,7.0,6.0,,,,,,,2.0,0.0,Completed,1.5,2.63,1.49,2.76,1.51,2.8,1.46,2.67,10101,1353
10102,1466,1419,1419,2024-06-10,2024-06-12,2,draper|j / giron|m,Stuttgart,Stuttgart Open,R16,R16,1.0,1.0,1.0,0.9047619047619048,99.52380952380952,33,Stuttgart,Stuttgart Open,2024-06-12,ATP250,Outdoor,Grass,2nd Round,3,Draper J.,Giron M.,40,54.0,1131,910.0,6.0,4.0,3.0,6.0,6.0,3.0,,,,,2.0,1.0,Completed,1.3,3.5,1.3,3.77,1.34,3.82,1.3,3.49,10102,1354
10103,1467,1416,1416,2024-06-10,2024-06-12,2,koepfer|d / musetti|l,Stuttgart,Stuttgart Open,R16,R16,1.0,1.0,1.0,0.9047619047619048,99.52380952380952,33,Stuttgart,Stuttgart Open,2024-06-12,ATP250,Outdoor,Grass,2nd Round,3,Musetti L.,Koepfer D.,30,65.0,1290,801.0,6.0,7.0,7.0,6.0,6.0,3.0,,,,,2.0,1.0,Completed,1.57,2.38,1.64,2.35,1.66,2.5,1.57,2.36,10103,1355
10104,1468,1418,1418,2024-06-10,2024-06-12,2,bublik|a / medjedovic|h,Stuttgart,Stuttgart Open,R16,R16,1.0,1.0,1.0,0.9047619047619048,99.52380952380952,33,Stuttgart,Stuttgart Open,2024-06-12,ATP250,Outdoor,Grass,2nd Round,3,Bublik A.,Medjedovic H.,17,131.0,2150,497.0,6.0,1.0,7.0,6.0,,,,,,,2.0,0.0,Completed,1.57,2.38,1.6,2.45,1.62,2.51,1.58,2.35,10104,1356
10072,1436,1449,1449,2024-06-10,2024-06-13,3,bergs|z / de minaur|a,s Hertogenbosch,Rosmalen Grass Court Championships,R16,R16,0.18285714285714286,1.0,1.0,0.8571428571428572,54.34285714285714,34,'s-Hertogenbosch,Rosmalen Grass Court Championships,2024-06-13,ATP250,Outdoor,Grass,2nd Round,3,De Minaur A.,Bergs Z.,9,81.0,3845,688.0,7.0,5.0,6.0,4.0,,,,,,,2.0,0.0,Completed,1.14,5.5,1.16,6.17,1.18,6.36,1.15,5.42,10072,1357
10073,1437,1450,1450,2024-06-10,2024-06-13,3,agut|r / raonic|m <> bautista agut|r / raonic|m,s Hertogenbosch,Rosmalen Grass Court Championships,R16,R16,0.18285714285714286,1.0,1.0,0.8571428571428572,54.34285714285714,34,'s-Hertogenbosch,Rosmalen Grass Court Championships,2024-06-13,ATP250,Outdoor,Grass,2nd Round,3,Raonic M.,Bautista Agut R.,197,85.0,305,680.0,4.0,6.0,6.0,2.0,7.0,5.0,,,,,2.0,1.0,Completed,1.57,2.38,1.61,2.48,1.62,2.51,1.57,2.36,10073,1358
10077,1441,1448,1448,2024-06-10,2024-06-13,3,khachanov|k / vukic|a,s Hertogenbosch,Rosmalen Grass Court Championships,R16,R16,0.18285714285714286,1.0,1.0,0.8571428571428572,54.34285714285714,34,'s-Hertogenbosch,Rosmalen Grass Court Championships,2024-06-13,ATP250,Outdoor,Grass,2nd Round,3,Vukic A.,Khachanov K.,87,22.0,674,1780.0,6.0,4.0,5.0,7.0,7.0,6.0,,,,,2.0,1.0,Completed,3.0,1.4,3.23,1.38,3.3,1.4,3.08,1.36,10077,1359
10078,1442,1446,1446,2024-06-10,2024-06-13,3,korda|s / nardi|l,s Hertogenbosch,Rosmalen Grass Court Championships,R16,R16,0.18285714285714286,1.0,1.0,0.8571428571428572,54.34285714285714,34,'s-Hertogenbosch,Rosmalen Grass Court Championships,2024-06-13,ATP250,Outdoor,Grass,2nd Round,3,Korda S.,Nardi L.,26,73.0,1620,742.0,7.0,5.0,7.0,5.0,,,,,,,2.0,0.0,Completed,1.22,4.33,1.23,4.72,1.26,4.72,1.22,4.18,10078,1360
10079,1443,1447,1447,2024-06-10,2024-06-13,3,paul|t / popyrin|a,s Hertogenbosch,Rosmalen Grass Court Championships,R16,R16,0.18285714285714286,1.0,1.0,0.8571428571428572,54.34285714285714,34,'s-Hertogenbosch,Rosmalen Grass Court Championships,2024-06-13,ATP250,Outdoor,Grass,2nd Round,3,Paul T.,Popyrin A.,13,49.0,2710,961.0,5.0,7.0,6.0,4.0,6.0,3.0,,,,,2.0,1.0,Completed,1.4,3.0,1.41,3.19,1.41,3.19,1.37,3.01,10079,1361
10099,1463,1420,1420,2024-06-10,2024-06-13,3,gasquet|r / nakashima|b,Stuttgart,Stuttgart Open,R16,R16,1.0,1.0,1.0,0.8571428571428572,99.28571428571429,33,Stuttgart,Stuttgart Open,2024-06-13,ATP250,Outdoor,Grass,2nd Round,3,Nakashima B.,Gasquet R.,70,116.0,750,555.0,6.0,3.0,6.0,4.0,,,,,,,2.0,0.0,Completed,1.3,3.5,1.34,3.6,1.36,3.67,1.31,3.36,10099,1362
10100,1464,1421,1421,2024-06-10,2024-06-13,3,rinderknech|a / struff|j,Stuttgart,Stuttgart Open,R16,R16,1.0,1.0,1.0,0.8571428571428572,99.28571428571429,33,Stuttgart,Stuttgart Open,2024-06-13,ATP250,Outdoor,Grass,2nd Round,3,Struff J.L.,Rinderknech A.,35,67.0,1180,777.0,6.0,4.0,7.0,6.0,,,,,,,2.0,0.0,Completed,1.22,4.33,1.27,4.24,1.27,4.42,1.23,4.08,10100,1363
10105,1469,1422,1422,2024-06-10,2024-06-13,3,berrettini|m / shapovalov|d,Stuttgart,Stuttgart Open,R16,R16,1.0,1.0,1.0,0.8571428571428572,99.28571428571429,33,Stuttgart,Stuttgart Open,2024-06-13,ATP250,Outdoor,Grass,2nd Round,3,Berrettini M.,Shapovalov D.,95,117.0,630,550.0,6.0,4.0,6.0,4.0,,,,,,,2.0,0.0,Completed,1.62,2.3,1.62,2.45,1.63,2.45,1.6,2.3,10105,1364
10106,1470,1423,1423,2024-06-10,2024-06-13,3,duckworth|j / shelton|b,Stuttgart,Stuttgart Open,R16,R16,1.0,1.0,1.0,0.8571428571428572,99.28571428571429,33,Stuttgart,Stuttgart Open,2024-06-13,ATP250,Outdoor,Grass,2nd Round,3,Duckworth J.,Shelton B.,101,14.0,611,2590.0,7.0,6.0,4.0,6.0,6.0,3.0,,,,,2.0,1.0,Completed,3.0,1.4,3.0,1.45,3.02,1.45,2.87,1.4,10106,1365
10068,1432,1453,1453,2024-06-10,2024-06-14,4,de minaur|a / raonic|m,s Hertogenbosch,Rosmalen Grass Court Championships,QF,QF,0.18285714285714286,1.0,1.0,0.8095238095238095,54.1047619047619,34,'s-Hertogenbosch,Rosmalen Grass Court Championships,2024-06-14,ATP250,Outdoor,Grass,Quarterfinals,3,De Minaur A.,Raonic M.,9,197.0,3845,305.0,7.0,5.0,6.0,2.0,,,,,,,2.0,0.0,Completed,1.36,3.2,1.32,3.73,1.39,3.73,1.34,3.25,10068,1366
10070,1434,1452,1452,2024-06-10,2024-06-14,4,griekspoor|t / vukic|a,s Hertogenbosch,Rosmalen Grass Court Championships,QF,QF,0.18285714285714286,1.0,1.0,0.8095238095238095,54.1047619047619,34,'s-Hertogenbosch,Rosmalen Grass Court Championships,2024-06-14,ATP250,Outdoor,Grass,Quarterfinals,3,Griekspoor T.,Vukic A.,23,87.0,1690,674.0,4.0,6.0,6.0,3.0,7.0,6.0,,,,,2.0,1.0,Completed,1.3,3.5,1.32,3.77,1.34,3.82,1.3,3.48,10070,1367
10071,1435,1451,1451,2024-06-10,2024-06-14,4,korda|s / paul|t,s Hertogenbosch,Rosmalen Grass Court Championships,QF,QF,0.18285714285714286,1.0,1.0,0.8095238095238095,54.1047619047619,34,'s-Hertogenbosch,Rosmalen Grass Court Championships,2024-06-14,ATP250,Outdoor,Grass,Quarterfinals,3,Korda S.,Paul T.,26,13.0,1620,2710.0,6.0,4.0,6.0,2.0,,,,,,,2.0,0.0,Completed,2.2,1.67,2.32,1.68,2.32,1.73,2.21,1.65,10071,1368
10095,1459,1425,1425,2024-06-10,2024-06-14,4,nakashima|b / struff|j,Stuttgart,Stuttgart Open,QF,QF,1.0,1.0,1.0,0.8095238095238095,99.04761904761905,33,Stuttgart,Stuttgart Open,2024-06-14,ATP250,Outdoor,Grass,Quarterfinals,3,Nakashima B.,Struff J.L.,70,35.0,750,1180.0,,,,,,,,,,,,,Walkover,2.75,1.44,2.8,1.5,2.8,1.5,2.71,1.45,10095,1369
10096,1460,1424,1424,2024-06-10,2024-06-14,4,draper|j / tiafoe|f,Stuttgart,Stuttgart Open,QF,QF,1.0,1.0,1.0,0.8095238095238095,99.04761904761905,33,Stuttgart,Stuttgart Open,2024-06-14,ATP250,Outdoor,Grass,Quarterfinals,3,Draper J.,Tiafoe F.,40,28.0,1131,1590.0,5.0,7.0,6.0,4.0,7.0,6.0,,,,,2.0,1.0,Completed,1.44,2.75,1.53,2.65,1.55,2.81,1.48,2.61,10096,1370
10097,1461,1427,1427,2024-06-10,2024-06-14,4,bublik|a / musetti|l,Stuttgart,Stuttgart Open,QF,QF,1.0,1.0,1.0,0.8095238095238095,99.04761904761905,33,Stuttgart,Stuttgart Open,2024-06-14,ATP250,Outdoor,Grass,Quarterfinals,3,Musetti L.,Bublik A.,30,17.0,1290,2150.0,4.0,6.0,6.0,1.0,1.0,0.0,,,,,1.0,1.0,Retired,2.75,1.44,3.05,1.43,3.05,1.5,2.75,1.44,10097,1371
10098,1462,1426,1426,2024-06-10,2024-06-14,4,berrettini|m / duckworth|j,Stuttgart,Stuttgart Open,QF,QF,1.0,1.0,1.0,0.8095238095238095,99.04761904761905,33,Stuttgart,Stuttgart Open,2024-06-14,ATP250,Outdoor,Grass,Quarterfinals,3,Berrettini M.,Duckworth J.,95,101.0,630,611.0,6.0,4.0,7.0,5.0,,,,,,,2.0,0.0,Completed,1.2,4.5,1.26,4.39,1.26,4.5,1.22,4.13,10098,1372
10066,1430,1456,1456,2024-06-10,2024-06-15,5,de minaur|a / humbert|u,s Hertogenbosch,Rosmalen Grass Court Championships,SF,SF,0.18285714285714286,1.0,1.0,0.7619047619047619,53.86666666666667,34,'s-Hertogenbosch,Rosmalen Grass Court Championships,2024-06-15,ATP250,Outdoor,Grass,Semifinals,3,De Minaur A.,Humbert U.,9,16.0,3845,2250.0,7.0,6.0,6.0,3.0,,,,,,,2.0,0.0,Completed,1.36,3.2,1.35,3.44,1.38,3.57,1.32,3.34,10066,1373
10067,1431,1455,1455,2024-06-10,2024-06-15,5,griekspoor|t / korda|s,s Hertogenbosch,Rosmalen Grass Court Championships,SF,SF,0.18285714285714286,1.0,1.0,0.7619047619047619,53.86666666666667,34,'s-Hertogenbosch,Rosmalen Grass Court Championships,2024-06-15,ATP250,Outdoor,Grass,Semifinals,3,Korda S.,Griekspoor T.,26,23.0,1620,1690.0,6.0,2.0,6.0,4.0,,,,,,,2.0,0.0,Completed,1.67,2.2,1.68,2.33,1.68,2.33,1.64,2.23,10067,1374
10069,1433,1454,1454,2024-06-10,2024-06-15,5,brouwer|g / humbert|u,s Hertogenbosch,Rosmalen Grass Court Championships,QF,QF,0.18285714285714286,1.0,1.0,0.7619047619047619,53.86666666666667,34,'s-Hertogenbosch,Rosmalen Grass Court Championships,2024-06-15,ATP250,Outdoor,Grass,Quarterfinals,3,Humbert U.,Brouwer G.,16,232.0,2250,259.0,4.0,6.0,6.0,3.0,6.0,3.0,,,,,2.0,1.0,Completed,1.29,3.75,1.29,3.95,1.33,3.95,1.29,3.55,10069,1375
10093,1457,1428,1428,2024-06-10,2024-06-15,5,draper|j / nakashima|b,Stuttgart,Stuttgart Open,SF,SF,1.0,1.0,1.0,0.7619047619047619,98.80952380952381,33,Stuttgart,Stuttgart Open,2024-06-15,ATP250,Outdoor,Grass,Semifinals,3,Draper J.,Nakashima B.,40,70.0,1131,750.0,6.0,3.0,6.0,3.0,,,,,,,2.0,0.0,Completed,1.44,2.75,1.55,2.64,1.55,2.89,1.47,2.63,10093,1376
10094,1458,1429,1429,2024-06-10,2024-06-15,5,berrettini|m / musetti|l,Stuttgart,Stuttgart Open,SF,SF,1.0,1.0,1.0,0.7619047619047619,98.80952380952381,33,Stuttgart,Stuttgart Open,2024-06-15,ATP250,Outdoor,Grass,Semifinals,3,Berrettini M.,Musetti L.,95,30.0,630,1290.0,6.0,4.0,6.0,0.0,,,,,,,2.0,0.0,Completed,1.36,3.2,1.44,3.04,1.44,3.2,1.39,2.96,10094,1377
10065,1429,1457,1457,2024-06-10,2024-06-16,6,de minaur|a / korda|s,s Hertogenbosch,Rosmalen Grass Court Championships,F,F,0.18285714285714286,1.0,1.0,0.7142857142857143,53.628571428571426,34,'s-Hertogenbosch,Rosmalen Grass Court Championships,2024-06-16,ATP250,Outdoor,Grass,The Final,3,De Minaur A.,Korda S.,9,26.0,3845,1620.0,6.0,2.0,6.0,4.0,,,,,,,2.0,0.0,Completed,1.5,2.63,1.52,2.74,1.56,2.74,1.5,2.55,10065,1378
10092,1456,1430,1430,2024-06-10,2024-06-16,6,berrettini|m / draper|j,Stuttgart,Stuttgart Open,F,F,1.0,1.0,1.0,0.7142857142857143,98.57142857142857,33,Stuttgart,Stuttgart Open,2024-06-16,ATP250,Outdoor,Grass,The Final,3,Draper J.,Berrettini M.,40,95.0,1131,630.0,3.0,6.0,7.0,6.0,6.0,4.0,,,,,2.0,1.0,Completed,2.2,1.67,2.25,1.72,2.3,1.73,2.18,1.67,10092,1379
10135,1499,1461,1461,2024-06-17,2024-06-17,0,marozsan|f / safiullin|r,Halle,Halle Open,R32,R32,1.0,1.0,1.0,1.0,100.0,35,Halle,Halle Open,2024-06-17,ATP500,Outdoor,Grass,1st Round,3,Marozsan F.,Safiullin R.,45,40.0,997,1097.0,7.0,5.0,4.0,6.0,6.0,1.0,,,,,2.0,1.0,Completed,2.5,1.53,2.71,1.52,2.73,1.54,2.59,1.48,10135,1380
10138,1502,1462,1462,2024-06-17,2024-06-17,0,borges|n / medvedev|d,Halle,Halle Open,R32,R32,1.0,1.0,1.0,1.0,100.0,35,Halle,Halle Open,2024-06-17,ATP500,Outdoor,Grass,1st Round,3,Medvedev D.,Borges N.,5,51.0,6485,936.0,7.0,6.0,6.0,4.0,,,,,,,2.0,0.0,Completed,1.08,8.0,1.14,6.66,1.15,8.0,1.11,6.36,10138,1381
10142,1506,1463,1463,2024-06-17,2024-06-17,0,cobolli|f / hurkacz|h,Halle,Halle Open,R32,R32,1.0,1.0,1.0,1.0,100.0,35,Halle,Halle Open,2024-06-17,ATP500,Outdoor,Grass,1st Round,3,Hurkacz H.,Cobolli F.,9,49.0,3950,955.0,7.0,5.0,7.0,6.0,,,,,,,2.0,0.0,Completed,1.13,6.0,1.16,6.09,1.18,6.1,1.14,5.56,10142,1382
10146,1510,1458,1458,2024-06-17,2024-06-17,0,aliassime|f / koepfer|d <> auger aliassime|f / koepfer|d,Halle,Halle Open,R32,R32,1.0,1.0,1.0,1.0,100.0,35,Halle,Halle Open,2024-06-17,ATP500,Outdoor,Grass,1st Round,3,Koepfer D.,Auger-Aliassime F.,70,18.0,781,2075.0,6.0,4.0,4.0,3.0,,,,,,,1.0,0.0,Retired,3.2,1.36,3.19,1.4,3.2,1.4,3.07,1.36,10146,1383
10148,1512,1459,1459,2024-06-17,2024-06-17,0,kecmanovic|m / sonego|l,Halle,Halle Open,R32,R32,1.0,1.0,1.0,1.0,100.0,35,Halle,Halle Open,2024-06-17,ATP500,Outdoor,Grass,1st Round,3,Sonego L.,Kecmanovic M.,57,54.0,861,920.0,7.0,6.0,7.0,6.0,,,,,,,2.0,0.0,Completed,2.0,1.8,2.05,1.85,2.1,1.9,1.97,1.8,10148,1384
10169,1533,1489,1489,2024-06-17,2024-06-17,0,dimitrov|g / mannarino|a,Queen's Club,Queen's Club Championships,R32,R32,1.0,1.0,1.0,1.0,100.0,36,Queens Club,Queen's Club Championships,2024-06-17,ATP500,Outdoor,Grass,1st Round,3,Dimitrov G.,Mannarino A.,10,21.0,3775,1845.0,6.0,1.0,6.0,2.0,,,,,,,2.0,0.0,Completed,1.17,5.0,1.21,4.93,1.21,5.25,1.18,4.7,10169,1385
10171,1535,1490,1490,2024-06-17,2024-06-17,0,hijikata|r / tiafoe|f,Queen's Club,Queen's Club Championships,R32,R32,1.0,1.0,1.0,1.0,100.0,36,Queens Club,Queen's Club Championships,2024-06-17,ATP500,Outdoor,Grass,1st Round,3,Hijikata R.,Tiafoe F.,98,28.0,622,1390.0,7.0,5.0,4.0,6.0,1.0,0.0,,,,,1.0,1.0,Retired,3.4,1.33,3.24,1.39,3.65,1.39,3.34,1.32,10171,1386
10173,1537,1491,1491,2024-06-17,2024-06-17,0,rune|h / thompson|j,Queen's Club,Queen's Club Championships,R32,R32,1.0,1.0,1.0,1.0,100.0,36,Queens Club,Queen's Club Championships,2024-06-17,ATP500,Outdoor,Grass,1st Round,3,Thompson J.,Rune H.,43,15.0,1051,2540.0,4.0,6.0,7.0,6.0,6.0,3.0,,,,,2.0,1.0,Completed,2.75,1.44,2.78,1.5,2.89,1.5,2.7,1.45,10173,1387
10175,1539,1492,1492,2024-06-17,2024-06-17,0,norrie|c / raonic|m,Queen's Club,Queen's Club Championships,R32,R32,1.0,1.0,1.0,1.0,100.0,36,Queens Club,Queen's Club Championships,2024-06-17,ATP500,Outdoor,Grass,1st Round,3,Raonic M.,Norrie C.,186,39.0,335,1150.0,6.0,7.0,6.0,3.0,7.0,6.0,,,,,2.0,1.0,Completed,1.57,2.38,1.63,2.42,1.67,2.45,1.61,2.29,10175,1388
10134,1498,1469,1469,2024-06-17,2024-06-18,1,griekspoor|t / sinner|j,Halle,Halle Open,R32,R32,1.0,1.0,1.0,0.9523809523809523,99.76190476190476,35,Halle,Halle Open,2024-06-18,ATP500,Outdoor,Grass,1st Round,3,Sinner J.,Griekspoor T.,1,27.0,9480,1540.0,6.0,7.0,6.0,3.0,6.0,2.0,,,,,2.0,1.0,Completed,1.11,6.5,1.14,6.61,1.14,6.66,1.12,6.02,10134,1389
10137,1501,1471,1471,2024-06-17,2024-06-18,1,squire|h / tsitsipas|s,Halle,Halle Open,R32,R32,1.0,1.0,1.0,0.9523809523809523,99.76190476190476,35,Halle,Halle Open,2024-06-18,ATP500,Outdoor,Grass,1st Round,3,Tsitsipas S.,Squire H.,11,181.0,3740,344.0,7.0,6.0,7.0,6.0,,,,,,,2.0,0.0,Completed,1.14,5.5,1.21,4.94,1.24,5.55,1.17,4.86,10137,1390
10140,1504,1467,1467,2024-06-17,2024-06-18,1,eubanks|c / martinez|p,Halle,Halle Open,R32,R32,1.0,1.0,1.0,0.9523809523809523,99.76190476190476,35,Halle,Halle Open,2024-06-18,ATP500,Outdoor,Grass,1st Round,3,Eubanks C.,Martinez P.,44,46.0,1005,975.0,6.0,3.0,6.0,4.0,,,,,,,2.0,0.0,Completed,1.4,3.0,1.42,3.09,1.43,3.09,1.39,2.92,10140,1391
10141,1505,1468,1468,2024-06-17,2024-06-18,1,bublik|a / purcell|m,Halle,Halle Open,R32,R32,1.0,1.0,1.0,0.9523809523809523,99.76190476190476,35,Halle,Halle Open,2024-06-18,ATP500,Outdoor,Grass,1st Round,3,Bublik A.,Purcell M.,17,101.0,2180,612.0,7.0,6.0,6.0,4.0,,,,,,,2.0,0.0,Completed,1.4,3.0,1.45,2.96,1.46,3.0,1.41,2.84,10141,1392
10143,1507,1465,1465,2024-06-17,2024-06-18,1,duckworth|j / fonseca|j,Halle,Halle Open,R32,R32,1.0,1.0,1.0,0.9523809523809523,99.76190476190476,35,Halle,Halle Open,2024-06-18,ATP500,Outdoor,Grass,1st Round,3,Duckworth J.,Fonseca J.,88,217.0,665,283.0,6.0,4.0,6.0,4.0,,,,,,,2.0,0.0,Completed,1.44,2.75,1.46,2.92,1.48,2.92,1.44,2.74,10143,1393
10145,1509,1466,1466,2024-06-17,2024-06-18,1,giron|m / rublev|a,Halle,Halle Open,R32,R32,1.0,1.0,1.0,0.9523809523809523,99.76190476190476,35,Halle,Halle Open,2024-06-18,ATP500,Outdoor,Grass,1st Round,3,Giron M.,Rublev A.,53,6.0,925,4710.0,6.0,4.0,7.0,6.0,,,,,,,2.0,0.0,Completed,4.0,1.25,4.05,1.28,4.1,1.31,3.86,1.25,10145,1394
10147,1511,1464,1464,2024-06-17,2024-06-18,1,fils|a / machac|t,Halle,Halle Open,R32,R32,1.0,1.0,1.0,0.9523809523809523,99.76190476190476,35,Halle,Halle Open,2024-06-18,ATP500,Outdoor,Grass,1st Round,3,Fils A.,Machac T.,37,36.0,1170,1214.0,6.0,4.0,6.0,4.0,,,,,,,2.0,0.0,Completed,2.0,1.8,1.99,1.89,2.05,1.89,1.97,1.81,10147,1395
10149,1513,1470,1470,2024-06-17,2024-06-18,1,otte|o / zverev|a,Halle,Halle Open,R32,R32,1.0,1.0,1.0,0.9523809523809523,99.76190476190476,35,Halle,Halle Open,2024-06-18,ATP500,Outdoor,Grass,1st Round,3,Zverev A.,Otte O.,4,474.0,6885,92.0,6.0,7.0,6.0,3.0,6.0,4.0,,,,,2.0,1.0,Completed,1.14,5.5,1.15,6.32,1.16,6.93,1.13,5.65,10149,1396
10165,1529,1499,1499,2024-06-17,2024-06-18,1,alcaraz|c / cerundolo|f,Queen's Club,Queen's Club Championships,R32,R32,1.0,1.0,1.0,0.9523809523809523,99.76190476190476,36,Queens Club,Queen's Club Championships,2024-06-18,ATP500,Outdoor,Grass,1st Round,3,Alcaraz C.,Cerundolo F.,2,26.0,8580,1610.0,6.0,1.0,7.0,5.0,,,,,,,2.0,0.0,Completed,1.1,7.0,1.11,7.87,1.12,7.87,1.1,6.68,10165,1397
10166,1530,1504,1504,2024-06-17,2024-06-18,1,draper|j / navone|m,Queen's Club,Queen's Club Championships,R32,R32,1.0,1.0,1.0,0.9523809523809523,99.76190476190476,36,Queens Club,Queen's Club Championships,2024-06-18,ATP500,Outdoor,Grass,1st Round,3,Draper J.,Navone M.,31,29.0,1371,1382.0,6.0,3.0,6.0,2.0,,,,,,,2.0,0.0,Completed,1.06,10.0,1.09,9.38,1.09,10.0,1.07,8.26,10166,1398
10167,1531,1497,1497,2024-06-17,2024-06-18,1,davidovich fokina|a / tabilo|a <> fokina|a / tabilo|a,Queen's Club,Queen's Club Championships,R32,R32,1.0,1.0,1.0,0.9523809523809523,99.76190476190476,36,Queens Club,Queen's Club Championships,2024-06-18,ATP500,Outdoor,Grass,1st Round,3,Tabilo A.,Davidovich Fokina A.,24,33.0,1639,1240.0,7.0,6.0,3.0,6.0,6.0,1.0,,,,,2.0,1.0,Completed,2.5,1.53,2.48,1.6,2.5,1.6,2.38,1.57,10167,1399
10168,1532,1498,1498,2024-06-17,2024-06-18,1,baez|s / paul|t,Queen's Club,Queen's Club Championships,R32,R32,1.0,1.0,1.0,0.9523809523809523,99.76190476190476,36,Queens Club,Queen's Club Championships,2024-06-18,ATP500,Outdoor,Grass,1st Round,3,Paul T.,Baez S.,13,19.0,2750,2030.0,6.0,4.0,6.0,4.0,,,,,,,2.0,0.0,Completed,1.14,5.5,1.16,6.06,1.19,6.09,1.14,5.54,10168,1400
10170,1534,1496,1496,2024-06-17,2024-06-18,1,khachanov|k / korda|s,Queen's Club,Queen's Club Championships,R32,R32,1.0,1.0,1.0,0.9523809523809523,99.76190476190476,36,Queens Club,Queen's Club Championships,2024-06-18,ATP500,Outdoor,Grass,1st Round,3,Korda S.,Khachanov K.,23,22.0,1775,1780.0,7.0,5.0,7.0,6.0,,,,,,,2.0,0.0,Completed,1.67,2.2,1.72,2.23,1.73,2.25,1.68,2.15,10170,1401
10172,1536,1495,1495,2024-06-17,2024-06-18,1,arnaldi|m / humbert|u,Queen's Club,Queen's Club Championships,R32,R32,1.0,1.0,1.0,0.9523809523809523,99.76190476190476,36,Queens Club,Queen's Club Championships,2024-06-18,ATP500,Outdoor,Grass,1st Round,3,Arnaldi M.,Humbert U.,35,16.0,1220,2300.0,3.0,6.0,6.0,1.0,7.0,6.0,,,,,2.0,1.0,Completed,3.2,1.36,3.46,1.35,3.46,1.41,3.18,1.34,10172,1402
10174,1538,1503,1503,2024-06-17,2024-06-18,1,murray|a / popyrin|a,Queen's Club,Queen's Club Championships,R32,R32,1.0,1.0,1.0,0.9523809523809523,99.76190476190476,36,Queens Club,Queen's Club Championships,2024-06-18,ATP500,Outdoor,Grass,1st Round,3,Murray A.,Popyrin A.,129,48.0,498,966.0,6.0,3.0,3.0,6.0,6.0,3.0,,,,,2.0,1.0,Completed,2.0,1.8,2.0,1.89,2.14,1.89,1.96,1.82,10174,1403
10176,1540,1493,1493,2024-06-17,2024-06-18,1,daniel|t / fritz|t,Queen's Club,Queen's Club Championships,R32,R32,1.0,1.0,1.0,0.9523809523809523,99.76190476190476,36,Queens Club,Queen's Club Championships,2024-06-18,ATP500,Outdoor,Grass,1st Round,3,Fritz T.,Daniel T.,12,85.0,3090,680.0,6.0,3.0,6.0,3.0,,,,,,,2.0,0.0,Completed,1.14,5.5,1.16,5.9,1.18,5.9,1.15,5.3,10176,1404
10178,1542,1500,1500,2024-06-17,2024-06-18,1,etcheverry|t / harris|b,Queen's Club,Queen's Club Championships,R32,R32,1.0,1.0,1.0,0.9523809523809523,99.76190476190476,36,Queens Club,Queen's Club Championships,2024-06-18,ATP500,Outdoor,Grass,1st Round,3,Harris B.,Etcheverry T.,162,32.0,366,1290.0,6.0,4.0,3.0,6.0,6.0,3.0,,,,,2.0,1.0,Completed,1.91,1.91,1.88,2.01,2.1,2.01,1.9,1.88,10178,1405
10179,1543,1501,1501,2024-06-17,2024-06-18,1,evans|d / nakashima|b,Queen's Club,Queen's Club Championships,R32,R32,1.0,1.0,1.0,0.9523809523809523,99.76190476190476,36,Queens Club,Queen's Club Championships,2024-06-18,ATP500,Outdoor,Grass,1st Round,3,Nakashima B.,Evans D.,63,59.0,820,844.0,4.0,6.0,6.0,3.0,,,,,,,1.0,1.0,Retired,1.53,2.5,1.61,2.45,1.63,2.5,1.56,2.39,10179,1406
10180,1544,1494,1494,2024-06-17,2024-06-18,1,de minaur|a / musetti|l,Queen's Club,Queen's Club Championships,R32,R32,1.0,1.0,1.0,0.9523809523809523,99.76190476190476,36,Queens Club,Queen's Club Championships,2024-06-18,ATP500,Outdoor,Grass,1st Round,3,Musetti L.,De Minaur A.,30,7.0,1380,4085.0,1.0,6.0,6.0,4.0,6.0,2.0,,,,,2.0,1.0,Completed,5.0,1.17,5.13,1.2,5.13,1.23,4.81,1.18,10180,1407
10129,1493,1475,1475,2024-06-17,2024-06-19,2,bublik|a / eubanks|c,Halle,Halle Open,R16,R16,1.0,1.0,1.0,0.9047619047619048,99.52380952380952,35,Halle,Halle Open,2024-06-19,ATP500,Outdoor,Grass,2nd Round,3,Eubanks C.,Bublik A.,44,17.0,1005,2180.0,7.0,6.0,4.0,6.0,6.0,3.0,,,,,2.0,1.0,Completed,2.75,1.44,3.03,1.44,3.03,1.46,2.76,1.43,10129,1408
10132,1496,1474,1474,2024-06-17,2024-06-19,2,fils|a / koepfer|d,Halle,Halle Open,R16,R16,1.0,1.0,1.0,0.9047619047619048,99.52380952380952,35,Halle,Halle Open,2024-06-19,ATP500,Outdoor,Grass,2nd Round,3,Fils A.,Koepfer D.,37,70.0,1170,781.0,6.0,3.0,6.0,4.0,,,,,,,2.0,0.0,Completed,1.62,2.3,1.74,2.23,1.75,2.32,1.66,2.18,10132,1409
10133,1497,1477,1477,2024-06-17,2024-06-19,2,sonego|l / zverev|a,Halle,Halle Open,R16,R16,1.0,1.0,1.0,0.9047619047619048,99.52380952380952,35,Halle,Halle Open,2024-06-19,ATP500,Outdoor,Grass,2nd Round,3,Zverev A.,Sonego L.,4,57.0,6885,861.0,6.0,4.0,7.0,6.0,,,,,,,2.0,0.0,Completed,1.2,4.5,1.2,5.31,1.26,5.31,1.19,4.57,10133,1410
10136,1500,1473,1473,2024-06-17,2024-06-19,2,darderi|l / struff|j,Halle,Halle Open,R32,R32,1.0,1.0,1.0,0.9047619047619048,99.52380952380952,35,Halle,Halle Open,2024-06-19,ATP500,Outdoor,Grass,1st Round,3,Struff J.L.,Darderi L.,41,34.0,1080,1231.0,6.0,7.0,7.0,5.0,7.0,6.0,,,,,2.0,1.0,Completed,1.17,5.0,1.21,5.04,1.22,5.05,1.18,4.69,10136,1411
10144,1508,1472,1472,2024-06-17,2024-06-19,2,berrettini|m / michelsen|a,Halle,Halle Open,R32,R32,1.0,1.0,1.0,0.9047619047619048,99.52380952380952,35,Halle,Halle Open,2024-06-19,ATP500,Outdoor,Grass,1st Round,3,Berrettini M.,Michelsen A.,65,61.0,795,829.0,7.0,6.0,6.0,2.0,,,,,,,2.0,0.0,Completed,1.25,4.0,1.28,4.03,1.29,4.04,1.25,3.78,10144,1412
10159,1523,1506,1506,2024-06-17,2024-06-19,2,dimitrov|g / korda|s,Queen's Club,Queen's Club Championships,R16,R16,1.0,1.0,1.0,0.9047619047619048,99.52380952380952,36,Queens Club,Queen's Club Championships,2024-06-19,ATP500,Outdoor,Grass,2nd Round,3,Korda S.,Dimitrov G.,23,10.0,1775,3775.0,6.0,4.0,3.0,6.0,7.0,5.0,,,,,2.0,1.0,Completed,2.5,1.53,2.72,1.52,2.75,1.57,2.56,1.5,10159,1413
10160,1524,1505,1505,2024-06-17,2024-06-19,2,arnaldi|m / hijikata|r,Queen's Club,Queen's Club Championships,R16,R16,1.0,1.0,1.0,0.9047619047619048,99.52380952380952,36,Queens Club,Queen's Club Championships,2024-06-19,ATP500,Outdoor,Grass,2nd Round,3,Hijikata R.,Arnaldi M.,98,35.0,622,1220.0,7.0,6.0,7.0,6.0,,,,,,,2.0,0.0,Completed,2.3,1.62,2.21,1.75,2.3,1.75,2.19,1.67,10160,1414
10161,1525,1507,1507,2024-06-17,2024-06-19,2,murray|a / thompson|j,Queen's Club,Queen's Club Championships,R16,R16,1.0,1.0,1.0,0.9047619047619048,99.52380952380952,36,Queens Club,Queen's Club Championships,2024-06-19,ATP500,Outdoor,Grass,2nd Round,3,Thompson J.,Murray A.,43,129.0,1051,498.0,4.0,1.0,,,,,,,,,0.0,0.0,Retired,1.67,2.2,1.61,2.49,1.68,2.49,1.62,2.29,10161,1415
10162,1526,1508,1508,2024-06-17,2024-06-19,2,fritz|t / raonic|m,Queen's Club,Queen's Club Championships,R16,R16,1.0,1.0,1.0,0.9047619047619048,99.52380952380952,36,Queens Club,Queen's Club Championships,2024-06-19,ATP500,Outdoor,Grass,2nd Round,3,Fritz T.,Raonic M.,12,186.0,3090,335.0,7.0,6.0,6.0,4.0,,,,,,,2.0,0.0,Completed,1.57,2.38,1.67,2.36,1.67,2.5,1.58,2.35,10162,1416
10126,1490,1479,1479,2024-06-17,2024-06-20,3,marozsan|f / sinner|j,Halle,Halle Open,R16,R16,1.0,1.0,1.0,0.8571428571428572,99.28571428571429,35,Halle,Halle Open,2024-06-20,ATP500,Outdoor,Grass,2nd Round,3,Sinner J.,Marozsan F.,1,45.0,9480,997.0,6.0,4.0,6.0,7.0,6.0,3.0,,,,,2.0,1.0,Completed,1.05,11.0,1.06,12.52,1.08,12.52,1.05,9.61,10126,1417
10127,1491,1481,1481,2024-06-17,2024-06-20,3,struff|j / tsitsipas|s,Halle,Halle Open,R16,R16,1.0,1.0,1.0,0.8571428571428572,99.28571428571429,35,Halle,Halle Open,2024-06-20,ATP500,Outdoor,Grass,2nd Round,3,Struff J.L.,Tsitsipas S.,41,11.0,1080,3740.0,6.0,4.0,6.0,4.0,,,,,,,2.0,0.0,Completed,1.91,1.91,2.0,1.91,2.1,1.91,1.95,1.83,10127,1418
10130,1494,1478,1478,2024-06-17,2024-06-20,3,duckworth|j / hurkacz|h,Halle,Halle Open,R16,R16,1.0,1.0,1.0,0.8571428571428572,99.28571428571429,35,Halle,Halle Open,2024-06-20,ATP500,Outdoor,Grass,2nd Round,3,Hurkacz H.,Duckworth J.,9,88.0,3950,665.0,7.0,6.0,6.0,4.0,,,,,,,2.0,0.0,Completed,1.2,4.5,1.23,4.78,1.23,5.0,1.2,4.49,10130,1419
10131,1495,1480,1480,2024-06-17,2024-06-20,3,berrettini|m / giron|m,Halle,Halle Open,R16,R16,1.0,1.0,1.0,0.8571428571428572,99.28571428571429,35,Halle,Halle Open,2024-06-20,ATP500,Outdoor,Grass,2nd Round,3,Giron M.,Berrettini M.,53,65.0,925,795.0,3.0,6.0,6.0,4.0,6.0,3.0,,,,,2.0,1.0,Completed,3.5,1.3,3.61,1.34,4.0,1.34,3.44,1.31,10131,1420
10157,1521,1510,1510,2024-06-17,2024-06-20,3,alcaraz|c / draper|j,Queen's Club,Queen's Club Championships,R16,R16,1.0,1.0,1.0,0.8571428571428572,99.28571428571429,36,Queens Club,Queen's Club Championships,2024-06-20,ATP500,Outdoor,Grass,2nd Round,3,Draper J.,Alcaraz C.,31,2.0,1371,8580.0,7.0,6.0,6.0,3.0,,,,,,,2.0,0.0,Completed,3.4,1.33,3.61,1.34,3.61,1.37,3.3,1.32,10157,1421
10158,1522,1509,1509,2024-06-17,2024-06-20,3,paul|t / tabilo|a,Queen's Club,Queen's Club Championships,R16,R16,1.0,1.0,1.0,0.8571428571428572,99.28571428571429,36,Queens Club,Queen's Club Championships,2024-06-20,ATP500,Outdoor,Grass,2nd Round,3,Paul T.,Tabilo A.,13,24.0,2750,1639.0,6.0,3.0,6.0,4.0,,,,,,,2.0,0.0,Completed,1.3,3.5,1.32,3.73,1.37,3.73,1.3,3.42,10158,1422
10164,1528,1512,1512,2024-06-17,2024-06-20,3,musetti|l / nakashima|b,Queen's Club,Queen's Club Championships,R16,R16,1.0,1.0,1.0,0.8571428571428572,99.28571428571429,36,Queens Club,Queen's Club Championships,2024-06-20,ATP500,Outdoor,Grass,2nd Round,3,Musetti L.,Nakashima B.,30,63.0,1380,820.0,6.0,4.0,4.0,6.0,6.0,4.0,,,,,2.0,1.0,Completed,1.91,1.91,2.05,1.86,2.05,1.99,1.93,1.86,10164,1423
10122,1486,1484,1484,2024-06-17,2024-06-21,4,sinner|j / struff|j,Halle,Halle Open,QF,QF,1.0,1.0,1.0,0.8095238095238095,99.04761904761905,35,Halle,Halle Open,2024-06-21,ATP500,Outdoor,Grass,Quarterfinals,3,Sinner J.,Struff J.L.,1,41.0,9480,1080.0,6.0,2.0,6.0,7.0,7.0,6.0,,,,,2.0,1.0,Completed,1.25,4.0,1.3,3.89,1.3,4.11,1.26,3.77,10122,1424
10124,1488,1482,1482,2024-06-17,2024-06-21,4,giron|m / hurkacz|h,Halle,Halle Open,QF,QF,1.0,1.0,1.0,0.8095238095238095,99.04761904761905,35,Halle,Halle Open,2024-06-21,ATP500,Outdoor,Grass,Quarterfinals,3,Hurkacz H.,Giron M.,9,53.0,3950,925.0,7.0,6.0,6.0,4.0,,,,,,,2.0,0.0,Completed,1.29,3.75,1.33,3.69,1.34,3.75,1.29,3.51,10124,1425
10125,1489,1483,1483,2024-06-17,2024-06-21,4,fils|a / zverev|a,Halle,Halle Open,QF,QF,1.0,1.0,1.0,0.8095238095238095,99.04761904761905,35,Halle,Halle Open,2024-06-21,ATP500,Outdoor,Grass,Quarterfinals,3,Zverev A.,Fils A.,4,37.0,6885,1170.0,6.0,7.0,6.0,3.0,6.0,4.0,,,,,2.0,1.0,Completed,1.29,3.75,1.25,4.5,1.29,4.5,1.25,3.92,10125,1426
10153,1517,1515,1515,2024-06-17,2024-06-21,4,draper|j / paul|t,Queen's Club,Queen's Club Championships,QF,QF,1.0,1.0,1.0,0.8095238095238095,99.04761904761905,36,Queens Club,Queen's Club Championships,2024-06-21,ATP500,Outdoor,Grass,Quarterfinals,3,Paul T.,Draper J.,13,31.0,2750,1371.0,6.0,3.0,5.0,7.0,6.0,4.0,,,,,2.0,1.0,Completed,2.63,1.5,2.53,1.59,2.74,1.59,2.52,1.52,10153,1427
10154,1518,1516,1516,2024-06-17,2024-06-21,4,hijikata|r / korda|s,Queen's Club,Queen's Club Championships,QF,QF,1.0,1.0,1.0,0.8095238095238095,99.04761904761905,36,Queens Club,Queen's Club Championships,2024-06-21,ATP500,Outdoor,Grass,Quarterfinals,3,Korda S.,Hijikata R.,23,98.0,1775,622.0,6.0,7.0,6.0,3.0,6.0,4.0,,,,,2.0,1.0,Completed,1.17,5.0,1.18,5.67,1.22,5.67,1.17,4.97,10154,1428
10155,1519,1513,1513,2024-06-17,2024-06-21,4,fritz|t / thompson|j,Queen's Club,Queen's Club Championships,QF,QF,1.0,1.0,1.0,0.8095238095238095,99.04761904761905,36,Queens Club,Queen's Club Championships,2024-06-21,ATP500,Outdoor,Grass,Quarterfinals,3,Thompson J.,Fritz T.,43,12.0,1051,3090.0,6.0,4.0,6.0,3.0,,,,,,,2.0,0.0,Completed,3.0,1.4,2.83,1.49,3.0,1.49,2.82,1.42,10155,1429
10156,1520,1514,1514,2024-06-17,2024-06-21,4,harris|b / musetti|l,Queen's Club,Queen's Club Championships,QF,QF,1.0,1.0,1.0,0.8095238095238095,99.04761904761905,36,Queens Club,Queen's Club Championships,2024-06-21,ATP500,Outdoor,Grass,Quarterfinals,3,Musetti L.,Harris B.,30,162.0,1380,366.0,6.0,3.0,7.0,5.0,,,,,,,2.0,0.0,Completed,1.5,2.63,1.49,2.82,1.54,2.82,1.46,2.69,10156,1430
10121,1485,1486,1486,2024-06-17,2024-06-22,5,hurkacz|h / zverev|a,Halle,Halle Open,SF,SF,1.0,1.0,1.0,0.7619047619047619,98.80952380952381,35,Halle,Halle Open,2024-06-22,ATP500,Outdoor,Grass,Semifinals,3,Hurkacz H.,Zverev A.,9,4.0,3950,6885.0,7.0,6.0,6.0,4.0,,,,,,,2.0,0.0,Completed,2.3,1.62,2.34,1.68,2.38,1.68,2.28,1.61,10121,1431
10151,1515,1518,1518,2024-06-17,2024-06-22,5,korda|s / paul|t,Queen's Club,Queen's Club Championships,SF,SF,1.0,1.0,1.0,0.7619047619047619,98.80952380952381,36,Queens Club,Queen's Club Championships,2024-06-22,ATP500,Outdoor,Grass,Semifinals,3,Paul T.,Korda S.,13,23.0,2750,1775.0,6.0,4.0,7.0,6.0,,,,,,,2.0,0.0,Completed,1.8,2.0,1.85,2.07,1.93,2.11,1.78,2.01,10151,1432
10152,1516,1517,1517,2024-06-17,2024-06-22,5,musetti|l / thompson|j,Queen's Club,Queen's Club Championships,SF,SF,1.0,1.0,1.0,0.7619047619047619,98.80952380952381,36,Queens Club,Queen's Club Championships,2024-06-22,ATP500,Outdoor,Grass,Semifinals,3,Musetti L.,Thompson J.,30,43.0,1380,1051.0,6.0,3.0,3.0,6.0,6.0,3.0,,,,,2.0,1.0,Completed,2.0,1.8,2.1,1.82,2.24,1.85,2.0,1.79,10152,1433
10119,1483,1488,1488,2024-06-17,2024-06-23,6,hurkacz|h / sinner|j,Halle,Halle Open,F,F,1.0,1.0,1.0,0.7142857142857143,98.57142857142857,35,Halle,Halle Open,2024-06-23,ATP500,Outdoor,Grass,The Final,3,Sinner J.,Hurkacz H.,1,9.0,9480,3950.0,7.0,6.0,7.0,6.0,,,,,,,2.0,0.0,Completed,1.33,3.4,1.39,3.26,1.4,3.45,1.34,3.2,10119,1434
10150,1514,1519,1519,2024-06-17,2024-06-23,6,musetti|l / paul|t,Queen's Club,Queen's Club Championships,F,F,1.0,1.0,1.0,0.7142857142857143,98.57142857142857,36,Queens Club,Queen's Club Championships,2024-06-23,ATP500,Outdoor,Grass,The Final,3,Paul T.,Musetti L.,13,30.0,2750,1380.0,6.0,1.0,7.0,6.0,,,,,,,2.0,0.0,Completed,1.36,3.2,1.39,3.27,1.39,3.29,1.36,3.09,10150,1435
10199,1563,1547,1547,2024-06-24,2024-06-23,-1,borges|n / michelsen|a,Mallorca,Mallorca Championships,R32,R32,1.0,1.0,1.0,0.6666666666666667,98.33333333333333,38,Mallorca,Mallorca Championships,2024-06-23,ATP250,Outdoor,Grass,1st Round,3,Michelsen A.,Borges N.,62,51.0,844,936.0,6.0,3.0,7.0,6.0,,,,,,,2.0,0.0,Completed,1.67,2.2,1.81,2.1,1.81,2.29,1.72,2.1,10199,1436
10206,1570,1549,1549,2024-06-24,2024-06-23,-1,baena|r / busta|p <> baena|r / carreno busta|p <> busta|p / carballes baena|r <> carballes baena|r / carreno busta|p,Mallorca,Mallorca Championships,R32,R32,1.0,1.0,1.0,0.6666666666666667,98.33333333333333,38,Mallorca,Mallorca Championships,2024-06-23,ATP250,Outdoor,Grass,1st Round,3,Carballes Baena R.,Carreno Busta P.,65,796.0,821,27.0,7.0,6.0,4.0,6.0,7.0,6.0,,,,,2.0,1.0,Completed,2.0,1.8,2.17,1.76,2.17,1.82,2.04,1.76,10206,1437
10207,1571,1548,1548,2024-06-24,2024-06-23,-1,agut|r / daniel|t <> bautista agut|r / daniel|t,Mallorca,Mallorca Championships,R32,R32,1.0,1.0,1.0,0.6666666666666667,98.33333333333333,38,Mallorca,Mallorca Championships,2024-06-23,ATP250,Outdoor,Grass,1st Round,3,Bautista Agut R.,Daniel T.,122,83.0,525,692.0,6.0,1.0,6.0,0.0,,,,,,,2.0,0.0,Completed,1.4,3.0,1.42,3.06,1.46,3.06,1.4,2.9,10207,1438
10196,1560,1550,1550,2024-06-24,2024-06-24,0,hijikata|r / nardi|l,Mallorca,Mallorca Championships,R32,R32,1.0,1.0,1.0,1.0,100.0,38,Mallorca,Mallorca Championships,2024-06-24,ATP250,Outdoor,Grass,1st Round,3,Hijikata R.,Nardi L.,75,73.0,736,760.0,6.0,2.0,2.0,6.0,7.0,5.0,,,,,2.0,1.0,Completed,1.8,2.0,1.78,2.15,1.8,2.31,1.7,2.11,10196,1439
10200,1564,1554,1554,2024-06-24,2024-06-24,0,munar|j / ofner|s,Mallorca,Mallorca Championships,R32,R32,1.0,1.0,1.0,1.0,100.0,38,Mallorca,Mallorca Championships,2024-06-24,ATP250,Outdoor,Grass,1st Round,3,Ofner S.,Munar J.,54,63.0,883,835.0,3.0,6.0,6.0,4.0,7.0,6.0,,,,,2.0,1.0,Completed,1.44,2.75,1.5,2.76,1.54,2.78,1.46,2.67,10200,1440
10201,1565,1553,1553,2024-06-24,2024-06-24,0,darderi|l / martinez|p,Mallorca,Mallorca Championships,R32,R32,1.0,1.0,1.0,1.0,100.0,38,Mallorca,Mallorca Championships,2024-06-24,ATP250,Outdoor,Grass,1st Round,3,Darderi L.,Martinez P.,37,48.0,1231,975.0,7.0,5.0,7.0,5.0,,,,,,,2.0,0.0,Completed,1.53,2.5,1.54,2.62,1.55,2.77,1.5,2.54,10201,1441
10203,1567,1551,1551,2024-06-24,2024-06-24,0,brouwer|g / fognini|f,Mallorca,Mallorca Championships,R32,R32,1.0,1.0,1.0,1.0,100.0,38,Mallorca,Mallorca Championships,2024-06-24,ATP250,Outdoor,Grass,1st Round,3,Fognini F.,Brouwer G.,97,190.0,618,317.0,7.0,6.0,7.0,6.0,,,,,,,2.0,0.0,Completed,2.75,1.44,2.98,1.44,3.1,1.46,2.83,1.41,10203,1442
10204,1568,1552,1552,2024-06-24,2024-06-24,0,lestienne|c / shevchenko|a,Mallorca,Mallorca Championships,R32,R32,1.0,1.0,1.0,1.0,100.0,38,Mallorca,Mallorca Championships,2024-06-24,ATP250,Outdoor,Grass,1st Round,3,Shevchenko A.,Lestienne C.,58,90.0,860,657.0,7.0,5.0,7.0,6.0,,,,,,,2.0,0.0,Completed,2.1,1.73,2.16,1.77,2.23,1.77,2.13,1.7,10204,1443
10205,1569,1555,1555,2024-06-24,2024-06-24,0,monfils|g / thiem|d,Mallorca,Mallorca Championships,R32,R32,1.0,1.0,1.0,1.0,100.0,38,Mallorca,Mallorca Championships,2024-06-24,ATP250,Outdoor,Grass,1st Round,3,Monfils G.,Thiem D.,40,134.0,1160,483.0,6.0,3.0,7.0,6.0,,,,,,,2.0,0.0,Completed,1.4,3.0,1.38,3.26,1.4,3.26,1.37,3.04,10205,1444
10223,1587,1524,1524,2024-06-24,2024-06-24,0,cerundolo|f / giron|m,Eastbourne,Eastbourne International,R32,R32,1.0,1.0,1.0,1.0,100.0,37,Eastbourne,Eastbourne International,2024-06-24,ATP250,Outdoor,Grass,1st Round,3,Giron M.,Cerundolo F.,46,27.0,1005,1565.0,7.0,6.0,7.0,6.0,,,,,,,2.0,0.0,Completed,1.73,2.1,1.76,2.17,1.76,2.25,1.7,2.13,10223,1445
10225,1589,1523,1523,2024-06-24,2024-06-24,0,etcheverry|t / shang|j,Eastbourne,Eastbourne International,R32,R32,1.0,1.0,1.0,1.0,100.0,37,Eastbourne,Eastbourne International,2024-06-24,ATP250,Outdoor,Grass,1st Round,3,Shang J.,Etcheverry T.,104,31.0,595,1290.0,7.0,5.0,3.0,6.0,7.0,6.0,,,,,2.0,1.0,Completed,1.73,2.1,1.65,2.36,1.74,2.36,1.69,2.15,10225,1446
10227,1591,1520,1520,2024-06-24,2024-06-24,0,fearnley|j / harris|b,Eastbourne,Eastbourne International,R32,R32,1.0,1.0,1.0,1.0,100.0,37,Eastbourne,Eastbourne International,2024-06-24,ATP250,Outdoor,Grass,1st Round,3,Harris B.,Fearnley J.,139,271.0,456,206.0,6.0,4.0,7.0,6.0,,,,,,,2.0,0.0,Completed,2.2,1.67,2.23,1.72,2.36,1.73,2.18,1.67,10227,1447
10230,1594,1522,1522,2024-06-24,2024-06-24,0,djere|l / purcell|m,Eastbourne,Eastbourne International,R32,R32,1.0,1.0,1.0,1.0,100.0,37,Eastbourne,Eastbourne International,2024-06-24,ATP250,Outdoor,Grass,1st Round,3,Purcell M.,Djere L.,94,52.0,627,936.0,6.0,1.0,4.0,6.0,6.0,3.0,,,,,2.0,1.0,Completed,1.53,2.5,1.59,2.5,1.59,2.75,1.54,2.45,10230,1448
10234,1598,1521,1521,2024-06-24,2024-06-24,0,marozsan|f / vukic|a,Eastbourne,Eastbourne International,R32,R32,1.0,1.0,1.0,1.0,100.0,37,Eastbourne,Eastbourne International,2024-06-24,ATP250,Outdoor,Grass,1st Round,3,Vukic A.,Marozsan F.,81,45.0,714,1047.0,6.0,2.0,6.0,4.0,,,,,,,2.0,0.0,Completed,2.2,1.67,2.35,1.65,2.38,2.16,2.21,1.66,10234,1449
10190,1554,1559,1559,2024-06-24,2024-06-25,1,mannarino|a / michelsen|a,Mallorca,Mallorca Championships,R16,R16,1.0,1.0,1.0,0.9523809523809523,99.76190476190476,38,Mallorca,Mallorca Championships,2024-06-25,ATP250,Outdoor,Grass,2nd Round,3,Michelsen A.,Mannarino A.,62,22.0,844,1765.0,7.0,6.0,6.0,4.0,,,,,,,2.0,0.0,Completed,1.57,2.38,1.7,2.3,1.7,2.4,1.62,2.26,10190,1450
10191,1555,1561,1561,2024-06-24,2024-06-25,1,darderi|l / ofner|s,Mallorca,Mallorca Championships,R16,R16,1.0,1.0,1.0,0.9523809523809523,99.76190476190476,38,Mallorca,Mallorca Championships,2024-06-25,ATP250,Outdoor,Grass,2nd Round,3,Ofner S.,Darderi L.,54,37.0,883,1231.0,6.0,3.0,7.0,5.0,,,,,,,2.0,0.0,Completed,1.73,2.1,1.85,2.07,1.91,2.25,1.78,2.02,10191,1451
10194,1558,1562,1562,2024-06-24,2024-06-25,1,baena|r / monfils|g <> carballes baena|r / monfils|g,Mallorca,Mallorca Championships,R16,R16,1.0,1.0,1.0,0.9523809523809523,99.76190476190476,38,Mallorca,Mallorca Championships,2024-06-25,ATP250,Outdoor,Grass,2nd Round,3,Monfils G.,Carballes Baena R.,40,65.0,1160,821.0,6.0,3.0,6.0,4.0,,,,,,,2.0,0.0,Completed,1.36,3.2,1.36,3.48,1.36,3.54,1.33,3.28,10194,1452
10195,1559,1560,1560,2024-06-24,2024-06-25,1,agut|r / humbert|u <> bautista agut|r / humbert|u,Mallorca,Mallorca Championships,R16,R16,1.0,1.0,1.0,0.9523809523809523,99.76190476190476,38,Mallorca,Mallorca Championships,2024-06-25,ATP250,Outdoor,Grass,2nd Round,3,Bautista Agut R.,Humbert U.,122,16.0,525,2300.0,3.0,6.0,6.0,3.0,6.0,4.0,,,,,2.0,1.0,Completed,2.3,1.62,2.43,1.63,2.43,1.69,2.29,1.61,10195,1453
10197,1561,1556,1556,2024-06-24,2024-06-25,1,jubb|p / marterer|m,Mallorca,Mallorca Championships,R32,R32,1.0,1.0,1.0,0.9523809523809523,99.76190476190476,38,Mallorca,Mallorca Championships,2024-06-25,ATP250,Outdoor,Grass,1st Round,3,Jubb P.,Marterer M.,289,87.0,191,679.0,6.0,1.0,6.0,2.0,,,,,,,2.0,0.0,Completed,1.8,2.0,1.93,1.95,1.93,2.12,1.81,1.98,10197,1454
10198,1562,1557,1557,2024-06-24,2024-06-25,1,hanfmann|y / walton|a,Mallorca,Mallorca Championships,R32,R32,1.0,1.0,1.0,0.9523809523809523,99.76190476190476,38,Mallorca,Mallorca Championships,2024-06-25,ATP250,Outdoor,Grass,1st Round,3,Walton A.,Hanfmann Y.,107,95.0,594,626.0,7.0,5.0,6.0,2.0,,,,,,,2.0,0.0,Completed,2.3,1.62,2.21,1.74,2.41,1.74,2.23,1.64,10198,1455
10202,1566,1558,1558,2024-06-24,2024-06-25,1,eubanks|c / mensik|j,Mallorca,Mallorca Championships,R32,R32,1.0,1.0,1.0,0.9523809523809523,99.76190476190476,38,Mallorca,Mallorca Championships,2024-06-25,ATP250,Outdoor,Grass,1st Round,3,Mensik J.,Eubanks C.,85,42.0,688,1085.0,6.0,3.0,3.0,6.0,6.0,1.0,,,,,2.0,1.0,Completed,2.5,1.53,2.55,1.57,2.77,1.57,2.46,1.53,10202,1456
10224,1588,1529,1529,2024-06-24,2024-06-25,1,hussey|g / navone|m,Eastbourne,Eastbourne International,R32,R32,1.0,1.0,1.0,0.9523809523809523,99.76190476190476,37,Eastbourne,Eastbourne International,2024-06-25,ATP250,Outdoor,Grass,1st Round,3,Hussey G.,Navone M.,359,32.0,141,1282.0,6.0,4.0,6.0,2.0,,,,,,,2.0,0.0,Completed,2.38,1.57,2.3,1.67,2.63,1.67,2.35,1.58,10224,1457
10226,1590,1530,1530,2024-06-24,2024-06-25,1,cobolli|f / rinderknech|a,Eastbourne,Eastbourne International,R32,R32,1.0,1.0,1.0,0.9523809523809523,99.76190476190476,37,Eastbourne,Eastbourne International,2024-06-25,ATP250,Outdoor,Grass,1st Round,3,Cobolli F.,Rinderknech A.,49,68.0,955,792.0,6.0,4.0,7.0,5.0,,,,,,,2.0,0.0,Completed,2.2,1.67,2.25,1.71,2.26,1.75,2.16,1.68,10226,1458
10229,1593,1527,1527,2024-06-24,2024-06-25,1,broady|l / nishioka|y,Eastbourne,Eastbourne International,R32,R32,1.0,1.0,1.0,0.9523809523809523,99.76190476190476,37,Eastbourne,Eastbourne International,2024-06-25,ATP250,Outdoor,Grass,1st Round,3,Nishioka Y.,Broady L.,102,146.0,603,404.0,6.0,3.0,6.0,4.0,,,,,,,2.0,0.0,Completed,1.4,3.0,1.52,2.69,1.52,3.0,1.43,2.77,10229,1459
10231,1595,1525,1525,2024-06-24,2024-06-25,1,norrie|c / ruusuvuori|e,Eastbourne,Eastbourne International,R32,R32,1.0,1.0,1.0,0.9523809523809523,99.76190476190476,37,Eastbourne,Eastbourne International,2024-06-25,ATP250,Outdoor,Grass,1st Round,3,Ruusuvuori E.,Norrie C.,88,44.0,668,1070.0,7.0,6.0,6.0,3.0,,,,,,,2.0,0.0,Completed,2.75,1.44,2.82,1.48,2.85,1.5,2.71,1.44,10231,1460
10232,1596,1526,1526,2024-06-24,2024-06-25,1,mccabe|j / seyboth wild|t <> mccabe|j / wild|t,Eastbourne,Eastbourne International,R32,R32,1.0,1.0,1.0,0.9523809523809523,99.76190476190476,37,Eastbourne,Eastbourne International,2024-06-25,ATP250,Outdoor,Grass,1st Round,3,Seyboth Wild T.,Mccabe J.,74,342.0,750,149.0,6.0,4.0,6.0,4.0,,,,,,,2.0,0.0,Completed,1.53,2.5,1.63,2.42,1.63,2.51,1.57,2.36,10232,1461
10233,1597,1531,1531,2024-06-24,2024-06-25,1,searle|h / sonego|l,Eastbourne,Eastbourne International,R32,R32,1.0,1.0,1.0,0.9523809523809523,99.76190476190476,37,Eastbourne,Eastbourne International,2024-06-25,ATP250,Outdoor,Grass,1st Round,3,Sonego L.,Searle H.,57,568.0,869,66.0,6.0,3.0,6.0,2.0,,,,,,,2.0,0.0,Completed,1.33,3.4,1.36,3.34,1.38,3.5,1.34,3.25,10233,1462
10188,1552,1566,1566,2024-06-24,2024-06-26,2,hijikata|r / shelton|b,Mallorca,Mallorca Championships,R16,R16,1.0,1.0,1.0,0.9047619047619048,99.52380952380952,38,Mallorca,Mallorca Championships,2024-06-26,ATP250,Outdoor,Grass,2nd Round,3,Shelton B.,Hijikata R.,14,75.0,2545,736.0,6.0,4.0,6.0,0.0,,,,,,,2.0,0.0,Completed,1.5,2.63,1.54,2.66,1.58,2.75,1.49,2.56,10188,1463
10189,1553,1565,1565,2024-06-24,2024-06-26,2,jubb|p / walton|a,Mallorca,Mallorca Championships,R16,R16,1.0,1.0,1.0,0.9047619047619048,99.52380952380952,38,Mallorca,Mallorca Championships,2024-06-26,ATP250,Outdoor,Grass,2nd Round,3,Jubb P.,Walton A.,289,107.0,191,594.0,6.0,0.0,6.0,3.0,,,,,,,2.0,0.0,Completed,1.73,2.1,1.74,2.22,1.81,2.22,1.7,2.12,10189,1464
10192,1556,1564,1564,2024-06-24,2024-06-26,2,fognini|f / mensik|j,Mallorca,Mallorca Championships,R16,R16,1.0,1.0,1.0,0.9047619047619048,99.52380952380952,38,Mallorca,Mallorca Championships,2024-06-26,ATP250,Outdoor,Grass,2nd Round,3,Mensik J.,Fognini F.,85,97.0,688,618.0,4.0,6.0,6.0,3.0,7.0,5.0,,,,,2.0,1.0,Completed,1.4,3.0,1.47,2.92,1.47,3.05,1.4,2.9,10192,1465
10193,1557,1563,1563,2024-06-24,2024-06-26,2,shevchenko|a / tabilo|a,Mallorca,Mallorca Championships,R16,R16,1.0,1.0,1.0,0.9047619047619048,99.52380952380952,38,Mallorca,Mallorca Championships,2024-06-26,ATP250,Outdoor,Grass,2nd Round,3,Tabilo A.,Shevchenko A.,24,58.0,1679,860.0,6.0,3.0,6.0,2.0,,,,,,,2.0,0.0,Completed,1.5,2.63,1.58,2.56,1.58,2.63,1.52,2.5,10193,1466
10215,1579,1539,1539,2024-06-24,2024-06-26,2,fritz|t / seyboth wild|t <> fritz|t / wild|t,Eastbourne,Eastbourne International,R16,R16,1.0,1.0,1.0,0.9047619047619048,99.52380952380952,37,Eastbourne,Eastbourne International,2024-06-26,ATP250,Outdoor,Grass,2nd Round,3,Fritz T.,Seyboth Wild T.,13,74.0,3145,750.0,7.0,6.0,6.0,3.0,,,,,,,2.0,0.0,Completed,1.14,5.5,1.17,5.88,1.18,5.88,1.16,5.18,10215,1467
10216,1580,1538,1538,2024-06-24,2024-06-26,2,bublik|a / vukic|a,Eastbourne,Eastbourne International,R16,R16,1.0,1.0,1.0,0.9047619047619048,99.52380952380952,37,Eastbourne,Eastbourne International,2024-06-26,ATP250,Outdoor,Grass,2nd Round,3,Vukic A.,Bublik A.,81,23.0,714,1730.0,6.0,4.0,6.0,4.0,,,,,,,2.0,0.0,Completed,2.38,1.57,2.46,1.62,2.52,1.68,2.36,1.57,10216,1468
10217,1581,1534,1534,2024-06-24,2024-06-26,2,baez|s / kecmanovic|m,Eastbourne,Eastbourne International,R16,R16,1.0,1.0,1.0,0.9047619047619048,99.52380952380952,37,Eastbourne,Eastbourne International,2024-06-26,ATP250,Outdoor,Grass,2nd Round,3,Kecmanovic M.,Baez S.,53,18.0,920,2030.0,6.0,3.0,6.0,2.0,,,,,,,2.0,0.0,Completed,1.44,2.75,1.56,2.6,1.56,3.0,1.45,2.7,10217,1469
10218,1582,1537,1537,2024-06-24,2024-06-26,2,cobolli|f / hussey|g,Eastbourne,Eastbourne International,R16,R16,1.0,1.0,1.0,0.9047619047619048,99.52380952380952,37,Eastbourne,Eastbourne International,2024-06-26,ATP250,Outdoor,Grass,2nd Round,3,Cobolli F.,Hussey G.,49,359.0,955,141.0,4.0,6.0,6.0,3.0,6.0,4.0,,,,,2.0,1.0,Completed,1.25,4.0,1.3,3.89,1.31,4.25,1.26,3.74,10218,1470
10219,1583,1532,1532,2024-06-24,2024-06-26,2,broom|c / harris|b,Eastbourne,Eastbourne International,R16,R16,1.0,1.0,1.0,0.9047619047619048,99.52380952380952,37,Eastbourne,Eastbourne International,2024-06-26,ATP250,Outdoor,Grass,2nd Round,3,Harris B.,Broom C.,139,245.0,456,239.0,3.0,6.0,6.0,2.0,6.0,2.0,,,,,2.0,1.0,Completed,1.5,2.63,1.65,2.4,1.65,2.63,1.54,2.44,10219,1471
10220,1584,1533,1533,2024-06-24,2024-06-26,2,giron|m / nishioka|y,Eastbourne,Eastbourne International,R16,R16,1.0,1.0,1.0,0.9047619047619048,99.52380952380952,37,Eastbourne,Eastbourne International,2024-06-26,ATP250,Outdoor,Grass,2nd Round,3,Nishioka Y.,Giron M.,102,46.0,603,1005.0,6.0,7.0,6.0,4.0,6.0,2.0,,,,,2.0,1.0,Completed,2.75,1.44,2.96,1.46,2.96,1.46,2.78,1.42,10220,1472
10221,1585,1536,1536,2024-06-24,2024-06-26,2,purcell|m / sonego|l,Eastbourne,Eastbourne International,R16,R16,1.0,1.0,1.0,0.9047619047619048,99.52380952380952,37,Eastbourne,Eastbourne International,2024-06-26,ATP250,Outdoor,Grass,2nd Round,3,Purcell M.,Sonego L.,94,57.0,627,869.0,6.0,4.0,6.0,4.0,,,,,,,2.0,0.0,Completed,2.38,1.53,2.38,1.65,2.5,1.65,2.35,1.57,10221,1473
10222,1586,1535,1535,2024-06-24,2024-06-26,2,ruusuvuori|e / shang|j,Eastbourne,Eastbourne International,R16,R16,1.0,1.0,1.0,0.9047619047619048,99.52380952380952,37,Eastbourne,Eastbourne International,2024-06-26,ATP250,Outdoor,Grass,2nd Round,3,Shang J.,Ruusuvuori E.,104,88.0,595,668.0,4.0,6.0,6.0,3.0,6.0,4.0,,,,,2.0,1.0,Completed,2.2,1.67,2.38,1.66,2.4,1.68,2.24,1.63,10222,1474
10184,1548,1570,1570,2024-06-24,2024-06-27,3,jubb|p / shelton|b,Mallorca,Mallorca Championships,QF,QF,1.0,1.0,1.0,0.8571428571428572,99.28571428571429,38,Mallorca,Mallorca Championships,2024-06-27,ATP250,Outdoor,Grass,Quarterfinals,3,Jubb P.,Shelton B.,289,14.0,191,2545.0,6.0,3.0,3.0,6.0,7.0,6.0,,,,,2.0,1.0,Completed,3.0,1.4,3.27,1.39,3.27,1.45,2.94,1.39,10184,1475
10185,1549,1569,1569,2024-06-24,2024-06-27,3,michelsen|a / ofner|s,Mallorca,Mallorca Championships,QF,QF,1.0,1.0,1.0,0.8571428571428572,99.28571428571429,38,Mallorca,Mallorca Championships,2024-06-27,ATP250,Outdoor,Grass,Quarterfinals,3,Ofner S.,Michelsen A.,54,62.0,883,844.0,3.0,6.0,7.0,5.0,6.0,3.0,,,,,2.0,1.0,Completed,2.2,1.67,2.23,1.74,2.25,1.74,2.16,1.68,10185,1476
10186,1550,1567,1567,2024-06-24,2024-06-27,3,mensik|j / tabilo|a,Mallorca,Mallorca Championships,QF,QF,1.0,1.0,1.0,0.8571428571428572,99.28571428571429,38,Mallorca,Mallorca Championships,2024-06-27,ATP250,Outdoor,Grass,Quarterfinals,3,Tabilo A.,Mensik J.,24,85.0,1679,688.0,6.0,4.0,6.0,4.0,,,,,,,2.0,0.0,Completed,1.57,2.38,1.66,2.36,1.7,2.4,1.61,2.28,10186,1477
10187,1551,1568,1568,2024-06-24,2024-06-27,3,agut|r / monfils|g <> bautista agut|r / monfils|g,Mallorca,Mallorca Championships,QF,QF,1.0,1.0,1.0,0.8571428571428572,99.28571428571429,38,Mallorca,Mallorca Championships,2024-06-27,ATP250,Outdoor,Grass,Quarterfinals,3,Monfils G.,Bautista Agut R.,40,122.0,1160,525.0,6.0,3.0,4.0,6.0,6.0,4.0,,,,,2.0,1.0,Completed,1.91,1.91,2.0,1.91,2.02,1.98,1.91,1.87,10187,1478
10211,1575,1543,1543,2024-06-24,2024-06-27,3,fritz|t / shang|j,Eastbourne,Eastbourne International,QF,QF,1.0,1.0,1.0,0.8571428571428572,99.28571428571429,37,Eastbourne,Eastbourne International,2024-06-27,ATP250,Outdoor,Grass,Quarterfinals,3,Fritz T.,Shang J.,13,104.0,3145,595.0,7.0,6.0,7.0,6.0,,,,,,,2.0,0.0,Completed,1.25,4.0,1.22,4.83,1.26,4.83,1.22,4.25,10211,1479
10212,1576,1540,1540,2024-06-24,2024-06-27,3,cobolli|f / harris|b,Eastbourne,Eastbourne International,QF,QF,1.0,1.0,1.0,0.8571428571428572,99.28571428571429,37,Eastbourne,Eastbourne International,2024-06-27,ATP250,Outdoor,Grass,Quarterfinals,3,Harris B.,Cobolli F.,139,49.0,456,955.0,6.0,7.0,7.0,6.0,6.0,2.0,,,,,2.0,1.0,Completed,2.0,1.8,1.91,1.99,2.1,1.99,1.94,1.84,10212,1480
10213,1577,1541,1541,2024-06-24,2024-06-27,3,kecmanovic|m / purcell|m,Eastbourne,Eastbourne International,QF,QF,1.0,1.0,1.0,0.8571428571428572,99.28571428571429,37,Eastbourne,Eastbourne International,2024-06-27,ATP250,Outdoor,Grass,Quarterfinals,3,Purcell M.,Kecmanovic M.,94,53.0,627,920.0,6.0,3.0,7.0,6.0,,,,,,,2.0,0.0,Completed,2.2,1.67,2.4,1.65,2.58,1.68,2.28,1.62,10213,1481
10214,1578,1542,1542,2024-06-24,2024-06-27,3,nishioka|y / vukic|a,Eastbourne,Eastbourne International,QF,QF,1.0,1.0,1.0,0.8571428571428572,99.28571428571429,37,Eastbourne,Eastbourne International,2024-06-27,ATP250,Outdoor,Grass,Quarterfinals,3,Vukic A.,Nishioka Y.,81,102.0,714,603.0,6.0,3.0,3.0,6.0,7.0,6.0,,,,,2.0,1.0,Completed,1.73,2.1,1.87,2.04,1.89,2.1,1.78,2.0,10214,1482
10182,1546,1572,1572,2024-06-24,2024-06-28,4,jubb|p / ofner|s,Mallorca,Mallorca Championships,SF,SF,1.0,1.0,1.0,0.8095238095238095,99.04761904761905,38,Mallorca,Mallorca Championships,2024-06-28,ATP250,Outdoor,Grass,Semifinals,3,Ofner S.,Jubb P.,54,289.0,883,191.0,6.0,4.0,7.0,5.0,,,,,,,2.0,0.0,Completed,1.73,2.1,1.73,2.24,1.75,2.27,1.68,2.15,10182,1483
10183,1547,1571,1571,2024-06-24,2024-06-28,4,monfils|g / tabilo|a,Mallorca,Mallorca Championships,SF,SF,1.0,1.0,1.0,0.8095238095238095,99.04761904761905,38,Mallorca,Mallorca Championships,2024-06-28,ATP250,Outdoor,Grass,Semifinals,3,Tabilo A.,Monfils G.,24,40.0,1679,1160.0,2.0,6.0,6.0,2.0,7.0,6.0,,,,,2.0,1.0,Completed,1.91,1.91,1.93,1.97,1.94,1.99,1.87,1.92,10183,1484
10209,1573,1545,1545,2024-06-24,2024-06-28,4,fritz|t / vukic|a,Eastbourne,Eastbourne International,SF,SF,1.0,1.0,1.0,0.8095238095238095,99.04761904761905,37,Eastbourne,Eastbourne International,2024-06-28,ATP250,Outdoor,Grass,Semifinals,3,Fritz T.,Vukic A.,13,81.0,3145,714.0,7.0,6.0,7.0,6.0,,,,,,,2.0,0.0,Completed,1.22,4.33,1.23,4.81,1.26,4.81,1.21,4.25,10209,1485
10210,1574,1544,1544,2024-06-24,2024-06-28,4,harris|b / purcell|m,Eastbourne,Eastbourne International,SF,SF,1.0,1.0,1.0,0.8095238095238095,99.04761904761905,37,Eastbourne,Eastbourne International,2024-06-28,ATP250,Outdoor,Grass,Semifinals,3,Purcell M.,Harris B.,94,139.0,627,456.0,6.0,4.0,4.0,6.0,6.0,4.0,,,,,2.0,1.0,Completed,1.67,2.2,1.76,2.19,1.78,2.3,1.66,2.18,10210,1486
10181,1545,1573,1573,2024-06-24,2024-06-29,5,ofner|s / tabilo|a,Mallorca,Mallorca Championships,F,F,1.0,1.0,1.0,0.7619047619047619,98.80952380952381,38,Mallorca,Mallorca Championships,2024-06-29,ATP250,Outdoor,Grass,The Final,3,Tabilo A.,Ofner S.,24,54.0,1679,883.0,6.0,3.0,6.0,4.0,,,,,,,2.0,0.0,Completed,1.67,2.2,1.75,2.21,1.8,2.24,1.7,2.12,10181,1487
10208,1572,1546,1546,2024-06-24,2024-06-29,5,fritz|t / purcell|m,Eastbourne,Eastbourne International,F,F,1.0,1.0,1.0,0.7619047619047619,98.80952380952381,37,Eastbourne,Eastbourne International,2024-06-29,ATP250,Outdoor,Grass,The Final,3,Fritz T.,Purcell M.,13,94.0,3145,627.0,6.0,4.0,6.0,3.0,,,,,,,2.0,0.0,Completed,1.22,4.33,1.22,4.97,1.23,4.97,1.21,4.29,10208,1488
10235,1599,1601,1601,2024-07-01,2024-07-01,0,hanfmann|y / sinner|j,Wimbledon,Wimbledon,R128,R128,1.0,1.0,1.0,1.0,100.0,39,London,Wimbledon,2024-07-01,Grand Slam,Outdoor,Grass,1st Round,5,Sinner J.,Hanfmann Y.,1,110.0,9890,556.0,6.0,3.0,6.0,4.0,3.0,6.0,6.0,3.0,,,3.0,1.0,Completed,1.01,26.0,1.01,43.93,1.02,43.93,1.01,21.84,10235,1489
10236,1600,1584,1584,2024-07-01,2024-07-01,0,berrettini|m / fucsovics|m,Wimbledon,Wimbledon,R128,R128,1.0,1.0,1.0,1.0,100.0,39,London,Wimbledon,2024-07-01,Grand Slam,Outdoor,Grass,1st Round,5,Berrettini M.,Fucsovics M.,59,70.0,845,785.0,7.0,6.0,6.0,2.0,3.0,6.0,6.0,1.0,,,3.0,1.0,Completed,1.17,5.0,1.21,5.11,1.21,5.32,1.18,4.9,10236,1490
10237,1601,1604,1604,2024-07-01,2024-07-01,0,kecmanovic|m / nagal|s,Wimbledon,Wimbledon,R128,R128,1.0,1.0,1.0,1.0,100.0,39,London,Wimbledon,2024-07-01,Grand Slam,Outdoor,Grass,1st Round,5,Kecmanovic M.,Nagal S.,52,73.0,925,768.0,6.0,2.0,3.0,6.0,6.0,3.0,6.0,4.0,,,3.0,1.0,Completed,1.07,9.0,1.12,7.73,1.12,9.0,1.1,7.22,10237,1491
10238,1602,1600,1600,2024-07-01,2024-07-01,0,galan|d / griekspoor|t,Wimbledon,Wimbledon,R128,R128,1.0,1.0,1.0,1.0,100.0,39,London,Wimbledon,2024-07-01,Grand Slam,Outdoor,Grass,1st Round,5,Griekspoor T.,Galan D.E.,27,103.0,1470,592.0,7.0,6.0,6.0,3.0,6.0,4.0,,,,,3.0,0.0,Completed,1.13,6.0,1.13,7.19,1.14,7.27,1.12,6.32,10238,1492
10239,1603,1580,1580,2024-07-01,2024-07-01,0,jarry|n / shapovalov|d,Wimbledon,Wimbledon,R128,R128,1.0,1.0,1.0,1.0,100.0,39,London,Wimbledon,2024-07-01,Grand Slam,Outdoor,Grass,1st Round,5,Shapovalov D.,Jarry N.,121,20.0,530,1825.0,6.0,1.0,7.0,5.0,6.0,4.0,,,,,3.0,0.0,Completed,1.57,2.38,1.58,2.56,1.63,2.56,1.57,2.41,10239,1493
10240,1604,1590,1590,2024-07-01,2024-07-01,0,altmaier|d / fery|a,Wimbledon,Wimbledon,R128,R128,1.0,1.0,1.0,1.0,100.0,39,London,Wimbledon,2024-07-01,Grand Slam,Outdoor,Grass,1st Round,5,Altmaier D.,Fery A.,80,247.0,731,243.0,4.0,6.0,7.0,6.0,1.0,6.0,6.0,3.0,6.0,1.0,3.0,2.0,Completed,1.91,1.91,2.06,1.86,2.06,1.94,1.96,1.86,10240,1494
10241,1605,1592,1592,2024-07-01,2024-07-01,0,harris|l / michelsen|a,Wimbledon,Wimbledon,R128,R128,1.0,1.0,1.0,1.0,100.0,39,London,Wimbledon,2024-07-01,Grand Slam,Outdoor,Grass,1st Round,5,Harris L.,Michelsen A.,118,55.0,541,881.0,3.0,6.0,4.0,6.0,7.0,6.0,6.0,2.0,7.0,6.0,3.0,2.0,Completed,1.73,2.1,1.82,2.11,1.85,2.11,1.77,2.06,10241,1495
10243,1607,1579,1579,2024-07-01,2024-07-01,0,dimitrov|g / lajovic|d,Wimbledon,Wimbledon,R128,R128,1.0,1.0,1.0,1.0,100.0,39,London,Wimbledon,2024-07-01,Grand Slam,Outdoor,Grass,1st Round,5,Dimitrov G.,Lajovic D.,10,56.0,3750,871.0,6.0,3.0,6.0,4.0,7.0,5.0,,,,,3.0,0.0,Completed,1.03,15.0,1.05,14.72,1.05,21.59,1.04,12.61,10243,1496
10244,1608,1575,1575,2024-07-01,2024-07-01,0,garin|c / shang|j,Wimbledon,Wimbledon,R128,R128,1.0,1.0,1.0,1.0,100.0,39,London,Wimbledon,2024-07-01,Grand Slam,Outdoor,Grass,1st Round,5,Shang J.,Garin C.,91,106.0,658,570.0,7.0,5.0,6.0,4.0,6.0,4.0,,,,,3.0,0.0,Completed,1.8,2.0,1.9,2.01,1.91,2.1,1.84,1.97,10244,1497
10245,1609,1588,1588,2024-07-01,2024-07-01,0,broom|c / wawrinka|s,Wimbledon,Wimbledon,R128,R128,1.0,1.0,1.0,1.0,100.0,39,London,Wimbledon,2024-07-01,Grand Slam,Outdoor,Grass,1st Round,5,Wawrinka S.,Broom C.,95,248.0,633,242.0,6.0,3.0,7.0,5.0,6.0,4.0,,,,,3.0,0.0,Completed,1.62,2.3,1.67,2.35,1.67,2.35,1.62,2.3,10245,1498
10246,1610,1586,1586,2024-07-01,2024-07-01,0,mannarino|a / monfils|g,Wimbledon,Wimbledon,R128,R128,1.0,1.0,1.0,1.0,100.0,39,London,Wimbledon,2024-07-01,Grand Slam,Outdoor,Grass,1st Round,5,Monfils G.,Mannarino A.,33,24.0,1260,1625.0,6.0,4.0,3.0,6.0,7.0,5.0,6.0,4.0,,,3.0,1.0,Completed,1.53,2.5,1.6,2.51,1.6,2.62,1.55,2.46,10246,1499
10248,1612,1578,1578,2024-07-01,2024-07-01,0,marozsan|f / struff|j,Wimbledon,Wimbledon,R128,R128,1.0,1.0,1.0,1.0,100.0,39,London,Wimbledon,2024-07-01,Grand Slam,Outdoor,Grass,1st Round,5,Struff J.L.,Marozsan F.,41,43.0,1135,1047.0,6.0,4.0,6.0,7.0,6.0,2.0,6.0,3.0,,,3.0,1.0,Completed,1.25,4.0,1.23,4.8,1.26,4.8,1.22,4.3,10248,1500
10249,1613,1589,1589,2024-07-01,2024-07-01,0,gaston|h / muller|a,Wimbledon,Wimbledon,R128,R128,1.0,1.0,1.0,1.0,100.0,39,London,Wimbledon,2024-07-01,Grand Slam,Outdoor,Grass,1st Round,5,Muller A.,Gaston H.,102,71.0,601,783.0,6.0,4.0,7.0,6.0,7.0,6.0,,,,,3.0,0.0,Completed,2.38,1.57,2.31,1.69,2.43,1.69,2.27,1.63,10249,1501
10250,1614,1587,1587,2024-07-01,2024-07-01,0,kovacevic|a / medvedev|d,Wimbledon,Wimbledon,R128,R128,1.0,1.0,1.0,1.0,100.0,39,London,Wimbledon,2024-07-01,Grand Slam,Outdoor,Grass,1st Round,5,Medvedev D.,Kovacevic A.,5,88.0,6445,681.0,6.0,3.0,6.0,4.0,6.0,2.0,,,,,3.0,0.0,Completed,1.01,23.0,1.04,19.96,1.04,23.0,1.02,14.64,10250,1502
10251,1615,1591,1591,2024-07-01,2024-07-01,0,alcaraz|c / lajal|m,Wimbledon,Wimbledon,R128,R128,1.0,1.0,1.0,1.0,100.0,39,London,Wimbledon,2024-07-01,Grand Slam,Outdoor,Grass,1st Round,5,Alcaraz C.,Lajal M.,3,269.0,8130,212.0,7.0,6.0,7.0,5.0,6.0,2.0,,,,,3.0,0.0,Completed,1.01,26.0,1.01,43.46,1.02,43.46,1.01,21.99,10251,1503
10252,1616,1595,1595,2024-07-01,2024-07-01,0,ofner|s / vukic|a,Wimbledon,Wimbledon,R128,R128,1.0,1.0,1.0,1.0,100.0,39,London,Wimbledon,2024-07-01,Grand Slam,Outdoor,Grass,1st Round,5,Vukic A.,Ofner S.,69,45.0,789,1038.0,6.0,7.0,6.0,4.0,6.0,4.0,3.0,6.0,7.0,6.0,3.0,2.0,Completed,1.67,2.2,1.79,2.14,1.79,2.25,1.71,2.14,10252,1504
10253,1617,1577,1577,2024-07-01,2024-07-01,0,alves|f / coric|b <> coric|b / meligeni alves|f,Wimbledon,Wimbledon,R128,R128,1.0,1.0,1.0,1.0,100.0,39,London,Wimbledon,2024-07-01,Grand Slam,Outdoor,Grass,1st Round,5,Coric B.,Meligeni Alves F.,89,145.0,664,403.0,6.0,3.0,7.0,6.0,6.0,3.0,,,,,3.0,0.0,Completed,1.62,2.3,1.61,2.49,1.66,2.49,1.59,2.37,10253,1505
10254,1618,1581,1581,2024-07-01,2024-07-01,0,arnaldi|m / tiafoe|f,Wimbledon,Wimbledon,R128,R128,1.0,1.0,1.0,1.0,100.0,39,London,Wimbledon,2024-07-01,Grand Slam,Outdoor,Grass,1st Round,5,Tiafoe F.,Arnaldi M.,29,35.0,1355,1245.0,6.0,7.0,2.0,6.0,6.0,1.0,6.0,3.0,6.0,3.0,3.0,2.0,Completed,1.62,2.3,1.76,2.19,1.79,2.32,1.7,2.16,10254,1506
10255,1619,1585,1585,2024-07-01,2024-07-01,0,baez|s / nakashima|b,Wimbledon,Wimbledon,R128,R128,1.0,1.0,1.0,1.0,100.0,39,London,Wimbledon,2024-07-01,Grand Slam,Outdoor,Grass,1st Round,5,Nakashima B.,Baez S.,65,18.0,825,2020.0,6.0,2.0,6.0,3.0,6.0,4.0,,,,,3.0,0.0,Completed,1.14,5.5,1.17,5.92,1.18,6.0,1.16,5.37,10255,1507
10256,1620,1582,1582,2024-07-01,2024-07-01,0,kotov|p / thompson|j,Wimbledon,Wimbledon,R128,R128,1.0,1.0,1.0,1.0,100.0,39,London,Wimbledon,2024-07-01,Grand Slam,Outdoor,Grass,1st Round,5,Thompson J.,Kotov P.,40,53.0,1206,893.0,5.0,7.0,5.0,7.0,6.0,4.0,6.0,4.0,6.0,4.0,3.0,2.0,Completed,1.22,4.33,1.24,4.62,1.29,4.62,1.23,4.18,10256,1508
10257,1621,1597,1597,2024-07-01,2024-07-01,0,broady|l / van de zandschulp|b,Wimbledon,Wimbledon,R128,R128,1.0,1.0,1.0,1.0,100.0,39,London,Wimbledon,2024-07-01,Grand Slam,Outdoor,Grass,1st Round,5,Van De Zandschulp B.,Broady L.,97,156.0,618,384.0,6.0,2.0,4.0,6.0,6.0,3.0,6.0,2.0,,,3.0,1.0,Completed,1.62,2.3,1.64,2.47,1.64,2.47,1.6,2.34,10257,1509
10258,1622,1594,1594,2024-07-01,2024-07-01,0,humbert|u / shevchenko|a,Wimbledon,Wimbledon,R128,R128,1.0,1.0,1.0,1.0,100.0,39,London,Wimbledon,2024-07-01,Grand Slam,Outdoor,Grass,1st Round,5,Humbert U.,Shevchenko A.,16,57.0,2300,860.0,6.0,1.0,4.0,6.0,7.0,6.0,6.0,7.0,6.0,1.0,3.0,2.0,Completed,1.14,5.5,1.13,7.37,1.14,7.58,1.12,6.25,10258,1510
10259,1623,1603,1603,2024-07-01,2024-07-01,0,martinez|p / paul|t,Wimbledon,Wimbledon,R128,R128,1.0,1.0,1.0,1.0,100.0,39,London,Wimbledon,2024-07-01,Grand Slam,Outdoor,Grass,1st Round,5,Paul T.,Martinez P.,13,49.0,3100,975.0,6.0,2.0,6.0,1.0,4.0,6.0,6.0,3.0,,,3.0,1.0,Completed,1.02,19.0,1.05,15.23,1.05,19.0,1.04,11.82,10259,1511
10260,1624,1602,1602,2024-07-01,2024-07-01,0,purcell|m / virtanen|o,Wimbledon,Wimbledon,R128,R128,1.0,1.0,1.0,1.0,100.0,39,London,Wimbledon,2024-07-01,Grand Slam,Outdoor,Grass,1st Round,5,Virtanen O.,Purcell M.,147,68.0,401,795.0,6.0,3.0,6.0,2.0,6.0,2.0,,,,,3.0,0.0,Completed,2.38,1.57,2.33,1.68,2.4,1.69,2.29,1.62,10260,1512
10261,1625,1593,1593,2024-07-01,2024-07-01,0,bergs|z / cazaux|a,Wimbledon,Wimbledon,R128,R128,1.0,1.0,1.0,1.0,100.0,39,London,Wimbledon,2024-07-01,Grand Slam,Outdoor,Grass,1st Round,5,Cazaux A.,Bergs Z.,98,82.0,616,722.0,6.0,1.0,6.0,4.0,6.0,7.0,6.0,7.0,7.0,6.0,3.0,2.0,Completed,3.2,1.36,2.98,1.45,3.2,1.45,2.93,1.41,10261,1513
10262,1626,1596,1596,2024-07-01,2024-07-01,0,bublik|a / mensik|j,Wimbledon,Wimbledon,R128,R128,1.0,1.0,1.0,1.0,100.0,39,London,Wimbledon,2024-07-01,Grand Slam,Outdoor,Grass,1st Round,5,Bublik A.,Mensik J.,23,78.0,1730,738.0,4.0,6.0,6.0,7.0,6.0,4.0,6.0,4.0,6.0,2.0,3.0,2.0,Completed,1.44,2.75,1.44,3.03,1.47,3.03,1.44,2.82,10262,1514
10263,1627,1599,1599,2024-07-01,2024-07-01,0,navone|m / sonego|l,Wimbledon,Wimbledon,R128,R128,1.0,1.0,1.0,1.0,100.0,39,London,Wimbledon,2024-07-01,Grand Slam,Outdoor,Grass,1st Round,5,Sonego L.,Navone M.,54,32.0,881,1282.0,6.0,4.0,7.0,6.0,6.0,4.0,,,,,3.0,0.0,Completed,1.07,9.0,1.09,9.33,1.09,9.95,1.08,8.29,10263,1515
10264,1628,1598,1598,2024-07-01,2024-07-01,0,agut|r / marterer|m <> bautista agut|r / marterer|m,Wimbledon,Wimbledon,R128,R128,1.0,1.0,1.0,1.0,100.0,39,London,Wimbledon,2024-07-01,Grand Slam,Outdoor,Grass,1st Round,5,Bautista Agut R.,Marterer M.,112,85.0,555,692.0,6.0,3.0,6.0,1.0,6.0,4.0,,,,,3.0,0.0,Completed,1.29,3.75,1.28,4.22,1.29,4.22,1.26,3.88,10264,1516
10265,1629,1574,1574,2024-07-01,2024-07-01,0,fognini|f / van assche|l,Wimbledon,Wimbledon,R128,R128,1.0,1.0,1.0,1.0,100.0,39,London,Wimbledon,2024-07-01,Grand Slam,Outdoor,Grass,1st Round,5,Fognini F.,Van Assche L.,94,104.0,635,585.0,6.0,1.0,6.0,3.0,7.0,5.0,,,,,3.0,0.0,Completed,2.0,1.8,2.2,1.75,2.2,1.82,2.08,1.75,10265,1517
10266,1630,1576,1576,2024-07-01,2024-07-01,0,bolt|a / ruud|c,Wimbledon,Wimbledon,R128,R128,1.0,1.0,1.0,1.0,100.0,39,London,Wimbledon,2024-07-01,Grand Slam,Outdoor,Grass,1st Round,5,Ruud C.,Bolt A.,8,234.0,4025,252.0,7.0,6.0,6.0,4.0,6.0,4.0,,,,,3.0,0.0,Completed,1.4,3.0,1.45,3.0,1.45,3.2,1.4,2.97,10266,1518
10242,1606,1616,1616,2024-07-01,2024-07-02,1,bellucci|m / shelton|b,Wimbledon,Wimbledon,R128,R128,1.0,1.0,1.0,0.9523809523809523,99.76190476190476,39,London,Wimbledon,2024-07-02,Grand Slam,Outdoor,Grass,1st Round,5,Shelton B.,Bellucci M.,14,148.0,2595,401.0,4.0,6.0,6.0,3.0,3.0,6.0,6.0,3.0,6.0,4.0,3.0,2.0,Completed,1.33,3.4,1.34,3.63,1.37,3.71,1.33,3.35,10242,1519
10267,1631,1615,1615,2024-07-01,2024-07-02,1,comesana|f / rublev|a,Wimbledon,Wimbledon,R128,R128,1.0,1.0,1.0,0.9523809523809523,99.76190476190476,39,London,Wimbledon,2024-07-02,Grand Slam,Outdoor,Grass,1st Round,5,Comesana F.,Rublev A.,122,6.0,529,4420.0,6.0,4.0,5.0,7.0,6.0,2.0,7.0,6.0,,,3.0,1.0,Completed,17.0,1.03,24.44,1.03,24.44,1.04,14.43,1.02,10267,1520
10268,1632,1618,1618,2024-07-01,2024-07-02,1,coria|f / walton|a,Wimbledon,Wimbledon,R128,R128,1.0,1.0,1.0,0.9523809523809523,99.76190476190476,39,London,Wimbledon,2024-07-02,Grand Slam,Outdoor,Grass,1st Round,5,Walton A.,Coria F.,101,72.0,607,776.0,6.0,3.0,6.0,3.0,7.0,5.0,,,,,3.0,0.0,Completed,1.25,4.0,1.26,4.29,1.31,4.29,1.25,3.97,10268,1521
10269,1633,1609,1609,2024-07-01,2024-07-02,1,choinski|j / darderi|l,Wimbledon,Wimbledon,R128,R128,1.0,1.0,1.0,0.9523809523809523,99.76190476190476,39,London,Wimbledon,2024-07-02,Grand Slam,Outdoor,Grass,1st Round,5,Darderi L.,Choinski J.,37,174.0,1236,344.0,7.0,5.0,4.0,6.0,2.0,6.0,7.0,5.0,6.0,2.0,3.0,2.0,Completed,1.36,3.2,1.38,3.31,1.39,3.48,1.36,3.14,10269,1522
10270,1634,1608,1608,2024-07-01,2024-07-02,1,lestienne|c / musetti|l,Wimbledon,Wimbledon,R128,R128,1.0,1.0,1.0,0.9523809523809523,99.76190476190476,39,London,Wimbledon,2024-07-02,Grand Slam,Outdoor,Grass,1st Round,5,Musetti L.,Lestienne C.,25,92.0,1620,650.0,4.0,6.0,7.0,6.0,6.0,2.0,6.0,2.0,,,3.0,1.0,Completed,1.1,7.0,1.11,8.12,1.14,8.12,1.11,6.8,10270,1523
10272,1636,1605,1605,2024-07-01,2024-07-02,1,borges|n / nishioka|y,Wimbledon,Wimbledon,R128,R128,1.0,1.0,1.0,0.9523809523809523,99.76190476190476,39,London,Wimbledon,2024-07-02,Grand Slam,Outdoor,Grass,1st Round,5,Nishioka Y.,Borges N.,90,50.0,659,936.0,6.0,2.0,7.0,6.0,2.0,6.0,6.0,3.0,,,3.0,1.0,Completed,1.8,2.0,1.84,2.08,1.88,2.15,1.79,2.03,10272,1524
10274,1638,1622,1622,2024-07-01,2024-07-02,1,daniel|t / tsitsipas|s,Wimbledon,Wimbledon,R128,R128,1.0,1.0,1.0,0.9523809523809523,99.76190476190476,39,London,Wimbledon,2024-07-02,Grand Slam,Outdoor,Grass,1st Round,5,Tsitsipas S.,Daniel T.,11,84.0,3745,692.0,7.0,6.0,6.0,4.0,7.0,5.0,,,,,3.0,0.0,Completed,1.05,11.0,1.07,12.14,1.11,12.14,1.06,9.75,10274,1525
10277,1641,1626,1626,2024-07-01,2024-07-02,1,cobolli|f / hijikata|r,Wimbledon,Wimbledon,R128,R128,1.0,1.0,1.0,0.9523809523809523,99.76190476190476,39,London,Wimbledon,2024-07-02,Grand Slam,Outdoor,Grass,1st Round,5,Cobolli F.,Hijikata R.,48,77.0,980,751.0,7.0,5.0,4.0,6.0,6.0,4.0,6.0,4.0,,,3.0,1.0,Completed,2.1,1.73,2.25,1.72,2.25,1.74,2.16,1.7,10277,1526
10279,1643,1625,1625,2024-07-01,2024-07-02,1,draper|j / ymer|e,Wimbledon,Wimbledon,R128,R128,1.0,1.0,1.0,0.9523809523809523,99.76190476190476,39,London,Wimbledon,2024-07-02,Grand Slam,Outdoor,Grass,1st Round,5,Draper J.,Ymer E.,28,205.0,1461,293.0,3.0,6.0,6.0,3.0,6.0,3.0,4.0,6.0,6.0,3.0,3.0,2.0,Completed,1.03,15.0,1.04,17.24,1.05,17.24,1.03,12.12,10279,1527
10280,1644,1627,1627,2024-07-01,2024-07-02,1,acosta|f / norrie|c <> diaz acosta|f / norrie|c,Wimbledon,Wimbledon,R128,R128,1.0,1.0,1.0,0.9523809523809523,99.76190476190476,39,London,Wimbledon,2024-07-02,Grand Slam,Outdoor,Grass,1st Round,5,Norrie C.,Diaz Acosta F.,42,67.0,1070,808.0,7.0,5.0,7.0,5.0,6.0,3.0,,,,,3.0,0.0,Completed,1.04,13.0,1.08,11.01,1.08,13.0,1.06,9.62,10280,1528
10281,1645,1624,1624,2024-07-01,2024-07-02,1,giron|m / searle|h,Wimbledon,Wimbledon,R128,R128,1.0,1.0,1.0,0.9523809523809523,99.76190476190476,39,London,Wimbledon,2024-07-02,Grand Slam,Outdoor,Grass,1st Round,5,Giron M.,Searle H.,46,539.0,1020,73.0,3.0,6.0,6.0,3.0,6.0,4.0,6.0,4.0,,,3.0,1.0,Completed,1.17,5.0,1.19,5.52,1.19,5.52,1.17,5.1,10281,1529
10282,1646,1619,1619,2024-07-01,2024-07-02,1,baena|r / zverev|a <> carballes baena|r / zverev|a,Wimbledon,Wimbledon,R128,R128,1.0,1.0,1.0,0.9523809523809523,99.76190476190476,39,London,Wimbledon,2024-07-02,Grand Slam,Outdoor,Grass,1st Round,5,Zverev A.,Carballes Baena R.,4,64.0,6905,826.0,6.0,2.0,6.0,4.0,6.0,2.0,,,,,3.0,0.0,Completed,1.01,29.0,1.03,25.24,1.04,29.0,1.02,17.1,10282,1530
10283,1647,1610,1610,2024-07-01,2024-07-02,1,albot|r / hurkacz|h,Wimbledon,Wimbledon,R128,R128,1.0,1.0,1.0,0.9523809523809523,99.76190476190476,39,London,Wimbledon,2024-07-02,Grand Slam,Outdoor,Grass,1st Round,5,Hurkacz H.,Albot R.,7,144.0,4235,406.0,5.0,7.0,6.0,4.0,6.0,3.0,6.0,4.0,,,3.0,1.0,Completed,1.04,13.0,1.05,14.36,1.06,14.36,1.04,10.99,10283,1531
10284,1648,1621,1621,2024-07-01,2024-07-02,1,fils|a / stricker|d,Wimbledon,Wimbledon,R128,R128,1.0,1.0,1.0,0.9523809523809523,99.76190476190476,39,London,Wimbledon,2024-07-02,Grand Slam,Outdoor,Grass,1st Round,5,Fils A.,Stricker D.,34,149.0,1250,400.0,6.0,3.0,6.0,2.0,3.0,6.0,6.0,4.0,,,3.0,1.0,Completed,1.44,2.75,1.43,3.1,1.46,3.1,1.42,2.9,10284,1532
10289,1653,1612,1612,2024-07-01,2024-07-02,1,harris|b / munar|j,Wimbledon,Wimbledon,R128,R128,1.0,1.0,1.0,0.9523809523809523,99.76190476190476,39,London,Wimbledon,2024-07-02,Grand Slam,Outdoor,Grass,1st Round,5,Munar J.,Harris B.,63,116.0,835,545.0,6.0,4.0,6.0,4.0,3.0,6.0,6.0,3.0,,,3.0,1.0,Completed,2.38,1.57,2.45,1.63,2.61,1.63,2.41,1.57,10289,1533
10290,1654,1611,1611,2024-07-01,2024-07-02,1,de minaur|a / duckworth|j,Wimbledon,Wimbledon,R128,R128,1.0,1.0,1.0,0.9523809523809523,99.76190476190476,39,London,Wimbledon,2024-07-02,Grand Slam,Outdoor,Grass,1st Round,5,De Minaur A.,Duckworth J.,9,81.0,3830,728.0,7.0,6.0,7.0,6.0,7.0,6.0,,,,,3.0,0.0,Completed,1.05,11.0,1.06,13.99,1.08,13.99,1.05,10.12,10290,1534
10291,1655,1623,1623,2024-07-01,2024-07-02,1,kwon|s / rune|h,Wimbledon,Wimbledon,R128,R128,1.0,1.0,1.0,0.9523809523809523,99.76190476190476,39,London,Wimbledon,2024-07-02,Grand Slam,Outdoor,Grass,1st Round,5,Rune H.,Kwon S.W.,15,367.0,2370,135.0,6.0,1.0,6.0,4.0,6.0,4.0,,,,,3.0,0.0,Completed,1.1,7.0,1.15,6.49,1.15,7.03,1.12,6.35,10291,1535
10292,1656,1606,1606,2024-07-01,2024-07-02,1,jubb|p / seyboth wild|t <> jubb|p / wild|t,Wimbledon,Wimbledon,R128,R128,1.0,1.0,1.0,0.9523809523809523,99.76190476190476,39,London,Wimbledon,2024-07-02,Grand Slam,Outdoor,Grass,1st Round,5,Seyboth Wild T.,Jubb P.,74,201.0,767,301.0,1.0,6.0,3.0,6.0,7.0,6.0,6.0,4.0,7.0,5.0,3.0,2.0,Completed,2.2,1.67,2.3,1.7,2.35,1.7,2.26,1.64,10292,1536
10295,1659,1614,1614,2024-07-01,2024-07-02,1,etcheverry|t / nardi|l,Wimbledon,Wimbledon,R128,R128,1.0,1.0,1.0,0.9523809523809523,99.76190476190476,39,London,Wimbledon,2024-07-02,Grand Slam,Outdoor,Grass,1st Round,5,Etcheverry T.,Nardi L.,31,75.0,1290,760.0,6.0,1.0,6.0,4.0,6.0,2.0,,,,,3.0,0.0,Completed,1.57,2.38,1.6,2.5,1.65,2.5,1.58,2.38,10295,1537
10296,1660,1613,1613,2024-07-01,2024-07-02,1,monteiro|t / popyrin|a,Wimbledon,Wimbledon,R128,R128,1.0,1.0,1.0,0.9523809523809523,99.76190476190476,39,London,Wimbledon,2024-07-02,Grand Slam,Outdoor,Grass,1st Round,5,Popyrin A.,Monteiro T.,47,86.0,981,690.0,6.0,4.0,6.0,7.0,6.0,3.0,6.0,4.0,,,3.0,1.0,Completed,1.33,3.4,1.33,3.65,1.34,3.66,1.32,3.41,10296,1538
10297,1661,1617,1617,2024-07-01,2024-07-02,1,canas|a / fearnley|j <> fearnley|j / moro canas|a,Wimbledon,Wimbledon,R128,R128,1.0,1.0,1.0,0.9523809523809523,99.76190476190476,39,London,Wimbledon,2024-07-02,Grand Slam,Outdoor,Grass,1st Round,5,Fearnley J.,Moro Canas A.,277,188.0,206,321.0,7.0,5.0,6.0,4.0,7.0,6.0,,,,,3.0,0.0,Completed,1.5,2.63,1.49,2.84,1.55,2.84,1.48,2.67,10297,1539
10298,1662,1620,1620,2024-07-01,2024-07-02,1,djokovic|n / kopriva|v,Wimbledon,Wimbledon,R128,R128,1.0,1.0,1.0,0.9523809523809523,99.76190476190476,39,London,Wimbledon,2024-07-02,Grand Slam,Outdoor,Grass,1st Round,5,Djokovic N.,Kopriva V.,2,123.0,8360,523.0,6.0,1.0,6.0,2.0,6.0,2.0,,,,,3.0,0.0,Completed,1.02,21.0,1.03,22.53,1.04,22.53,1.02,14.74,10298,1540
10273,1637,1632,1632,2024-07-01,2024-07-03,2,mcdonald|m / ruusuvuori|e,Wimbledon,Wimbledon,R128,R128,1.0,1.0,1.0,0.9047619047619048,99.52380952380952,39,London,Wimbledon,2024-07-03,Grand Slam,Outdoor,Grass,1st Round,5,Ruusuvuori E.,Mcdonald M.,87,96.0,683,626.0,7.0,6.0,4.0,6.0,5.0,7.0,7.0,6.0,6.0,3.0,3.0,2.0,Completed,1.67,2.2,1.63,2.45,1.68,2.45,1.62,2.29,10273,1541
10276,1640,1634,1634,2024-07-01,2024-07-03,2,nishikori|k / rinderknech|a,Wimbledon,Wimbledon,R128,R128,1.0,1.0,1.0,0.9047619047619048,99.52380952380952,39,London,Wimbledon,2024-07-03,Grand Slam,Outdoor,Grass,1st Round,5,Rinderknech A.,Nishikori K.,76,401.0,754,118.0,5.0,7.0,6.0,4.0,6.0,7.0,6.0,3.0,6.0,2.0,3.0,2.0,Completed,1.36,3.2,1.39,3.26,1.41,3.26,1.37,3.11,10276,1542
10278,1642,1636,1636,2024-07-01,2024-07-03,2,evans|d / tabilo|a,Wimbledon,Wimbledon,R128,R128,1.0,1.0,1.0,0.9047619047619048,99.52380952380952,39,London,Wimbledon,2024-07-03,Grand Slam,Outdoor,Grass,1st Round,5,Tabilo A.,Evans D.,19,60.0,1904,844.0,6.0,2.0,7.0,5.0,6.0,3.0,,,,,3.0,0.0,Completed,1.44,2.75,1.39,3.26,1.48,3.26,1.4,2.93,10278,1543
10285,1649,1635,1635,2024-07-01,2024-07-03,2,goffin|d / machac|t,Wimbledon,Wimbledon,R128,R128,1.0,1.0,1.0,0.9047619047619048,99.52380952380952,39,London,Wimbledon,2024-07-03,Grand Slam,Outdoor,Grass,1st Round,5,Machac T.,Goffin D.,39,83.0,1214,694.0,3.0,6.0,6.0,4.0,6.0,1.0,7.0,6.0,,,3.0,1.0,Completed,1.62,2.3,1.74,2.22,1.74,2.38,1.67,2.21,10285,1544
10286,1650,1631,1631,2024-07-01,2024-07-03,2,cerundolo|f / safiullin|r,Wimbledon,Wimbledon,R128,R128,1.0,1.0,1.0,0.9047619047619048,99.52380952380952,39,London,Wimbledon,2024-07-03,Grand Slam,Outdoor,Grass,1st Round,5,Safiullin R.,Cerundolo F.,44,30.0,1045,1315.0,6.0,7.0,3.0,6.0,7.0,5.0,6.0,3.0,6.0,4.0,3.0,2.0,Completed,1.73,2.1,1.76,2.19,1.78,2.19,1.73,2.1,10286,1545
10287,1651,1637,1637,2024-07-01,2024-07-03,2,aliassime|f / kokkinakis|t <> auger aliassime|f / kokkinakis|t,Wimbledon,Wimbledon,R128,R128,1.0,1.0,1.0,0.9047619047619048,99.52380952380952,39,London,Wimbledon,2024-07-03,Grand Slam,Outdoor,Grass,1st Round,5,Kokkinakis T.,Auger-Aliassime F.,93,17.0,639,2075.0,4.0,6.0,5.0,7.0,7.0,6.0,6.0,4.0,6.0,4.0,3.0,2.0,Completed,3.2,1.36,3.29,1.39,3.29,1.4,3.09,1.37,10287,1546
10288,1652,1633,1633,2024-07-01,2024-07-03,2,djere|l / pouille|l,Wimbledon,Wimbledon,R128,R128,1.0,1.0,1.0,0.9047619047619048,99.52380952380952,39,London,Wimbledon,2024-07-03,Grand Slam,Outdoor,Grass,1st Round,5,Pouille L.,Djere L.,212,51.0,284,936.0,3.0,6.0,7.0,6.0,3.0,6.0,6.0,3.0,6.0,1.0,3.0,2.0,Completed,1.5,2.63,1.55,2.59,1.57,2.65,1.52,2.53,10288,1547
10293,1657,1629,1629,2024-07-01,2024-07-03,2,eubanks|c / halys|q,Wimbledon,Wimbledon,R128,R128,1.0,1.0,1.0,0.9047619047619048,99.52380952380952,39,London,Wimbledon,2024-07-03,Grand Slam,Outdoor,Grass,1st Round,5,Halys Q.,Eubanks C.,220,62.0,272,835.0,6.0,4.0,6.0,4.0,6.0,2.0,,,,,3.0,0.0,Completed,1.8,2.0,1.87,2.05,1.88,2.05,1.84,1.99,10293,1548
10294,1658,1630,1630,2024-07-01,2024-07-03,2,karatsev|a / khachanov|k,Wimbledon,Wimbledon,R128,R128,1.0,1.0,1.0,0.9047619047619048,99.52380952380952,39,London,Wimbledon,2024-07-03,Grand Slam,Outdoor,Grass,1st Round,5,Khachanov K.,Karatsev A.,22,99.0,1780,615.0,6.0,3.0,6.0,7.0,7.0,6.0,2.0,0.0,,,2.0,1.0,Retired,1.17,5.0,1.18,5.74,1.19,5.74,1.17,5.12,10294,1549
10299,1663,1649,1649,2024-07-01,2024-07-03,2,berrettini|m / sinner|j,Wimbledon,Wimbledon,R64,R64,1.0,1.0,1.0,0.9047619047619048,99.52380952380952,39,London,Wimbledon,2024-07-03,Grand Slam,Outdoor,Grass,2nd Round,5,Sinner J.,Berrettini M.,1,59.0,9890,845.0,7.0,6.0,7.0,6.0,2.0,6.0,7.0,6.0,,,3.0,1.0,Completed,1.2,4.5,1.18,5.63,1.2,5.63,1.18,5.02,10299,1550
10300,1664,1647,1647,2024-07-01,2024-07-03,2,griekspoor|t / kecmanovic|m,Wimbledon,Wimbledon,R64,R64,1.0,1.0,1.0,0.9047619047619048,99.52380952380952,39,London,Wimbledon,2024-07-03,Grand Slam,Outdoor,Grass,2nd Round,5,Kecmanovic M.,Griekspoor T.,52,27.0,925,1470.0,4.0,6.0,7.0,6.0,1.0,6.0,6.0,2.0,6.0,3.0,3.0,2.0,Completed,2.5,1.53,2.42,1.64,2.6,1.64,2.37,1.59,10300,1551
10306,1670,1642,1642,2024-07-01,2024-07-03,2,medvedev|d / muller|a,Wimbledon,Wimbledon,R64,R64,1.0,1.0,1.0,0.9047619047619048,99.52380952380952,39,London,Wimbledon,2024-07-03,Grand Slam,Outdoor,Grass,2nd Round,5,Medvedev D.,Muller A.,5,102.0,6445,601.0,6.0,7.0,7.0,6.0,6.0,4.0,7.0,5.0,,,3.0,1.0,Completed,1.02,21.0,1.03,20.98,1.05,21.0,1.02,14.42,10306,1552
10307,1671,1643,1643,2024-07-01,2024-07-03,2,alcaraz|c / vukic|a,Wimbledon,Wimbledon,R64,R64,1.0,1.0,1.0,0.9047619047619048,99.52380952380952,39,London,Wimbledon,2024-07-03,Grand Slam,Outdoor,Grass,2nd Round,5,Alcaraz C.,Vukic A.,3,69.0,8130,789.0,7.0,6.0,6.0,2.0,6.0,2.0,,,,,3.0,0.0,Completed,1.03,17.0,1.03,25.77,1.03,25.81,1.02,15.73,10307,1553
10308,1672,1639,1639,2024-07-01,2024-07-03,2,coric|b / tiafoe|f,Wimbledon,Wimbledon,R64,R64,1.0,1.0,1.0,0.9047619047619048,99.52380952380952,39,London,Wimbledon,2024-07-03,Grand Slam,Outdoor,Grass,2nd Round,5,Tiafoe F.,Coric B.,29,89.0,1355,664.0,7.0,6.0,6.0,1.0,6.0,3.0,,,,,3.0,0.0,Completed,1.44,2.75,1.49,2.84,1.52,2.84,1.46,2.76,10308,1554
10309,1673,1640,1640,2024-07-01,2024-07-03,2,nakashima|b / thompson|j,Wimbledon,Wimbledon,R64,R64,1.0,1.0,1.0,0.9047619047619048,99.52380952380952,39,London,Wimbledon,2024-07-03,Grand Slam,Outdoor,Grass,2nd Round,5,Nakashima B.,Thompson J.,65,40.0,825,1206.0,6.0,3.0,6.0,2.0,6.0,2.0,,,,,3.0,0.0,Completed,1.67,2.2,1.74,2.22,1.74,2.3,1.69,2.19,10309,1555
10310,1674,1641,1641,2024-07-01,2024-07-03,2,humbert|u / van de zandschulp|b,Wimbledon,Wimbledon,R64,R64,1.0,1.0,1.0,0.9047619047619048,99.52380952380952,39,London,Wimbledon,2024-07-03,Grand Slam,Outdoor,Grass,2nd Round,5,Humbert U.,Van De Zandschulp B.,16,97.0,2300,618.0,7.0,6.0,6.0,1.0,6.0,3.0,,,,,3.0,0.0,Completed,1.25,4.0,1.27,4.24,1.29,4.35,1.26,3.89,10310,1556
10311,1675,1646,1646,2024-07-01,2024-07-03,2,paul|t / virtanen|o,Wimbledon,Wimbledon,R64,R64,1.0,1.0,1.0,0.9047619047619048,99.52380952380952,39,London,Wimbledon,2024-07-03,Grand Slam,Outdoor,Grass,2nd Round,5,Paul T.,Virtanen O.,13,147.0,3100,401.0,4.0,6.0,6.0,3.0,5.0,7.0,7.0,5.0,6.0,4.0,3.0,2.0,Completed,1.1,7.0,1.1,9.25,1.12,9.25,1.09,7.59,10311,1557
10312,1676,1645,1645,2024-07-01,2024-07-03,2,bublik|a / cazaux|a,Wimbledon,Wimbledon,R64,R64,1.0,1.0,1.0,0.9047619047619048,99.52380952380952,39,London,Wimbledon,2024-07-03,Grand Slam,Outdoor,Grass,2nd Round,5,Bublik A.,Cazaux A.,23,98.0,1730,616.0,6.0,4.0,7.0,6.0,6.0,4.0,,,,,3.0,0.0,Completed,1.33,3.4,1.37,3.39,1.37,3.5,1.34,3.27,10312,1558
10313,1677,1644,1644,2024-07-01,2024-07-03,2,agut|r / sonego|l <> bautista agut|r / sonego|l,Wimbledon,Wimbledon,R64,R64,1.0,1.0,1.0,0.9047619047619048,99.52380952380952,39,London,Wimbledon,2024-07-03,Grand Slam,Outdoor,Grass,2nd Round,5,Bautista Agut R.,Sonego L.,112,54.0,555,881.0,6.0,3.0,3.0,6.0,6.0,3.0,6.0,4.0,,,3.0,1.0,Completed,1.62,2.3,1.6,2.52,1.66,2.52,1.59,2.37,10313,1559
10314,1678,1638,1638,2024-07-01,2024-07-03,2,fognini|f / ruud|c,Wimbledon,Wimbledon,R64,R64,1.0,1.0,1.0,0.9047619047619048,99.52380952380952,39,London,Wimbledon,2024-07-03,Grand Slam,Outdoor,Grass,2nd Round,5,Fognini F.,Ruud C.,94,8.0,635,4025.0,6.0,4.0,7.0,5.0,6.0,7.0,6.0,3.0,,,3.0,1.0,Completed,4.5,1.2,5.15,1.21,5.25,1.22,4.61,1.2,10314,1560
10301,1665,1655,1655,2024-07-01,2024-07-04,3,altmaier|d / shapovalov|d,Wimbledon,Wimbledon,R64,R64,1.0,1.0,1.0,0.8571428571428572,99.28571428571429,39,London,Wimbledon,2024-07-04,Grand Slam,Outdoor,Grass,2nd Round,5,Shapovalov D.,Altmaier D.,121,80.0,530,731.0,7.0,6.0,6.0,3.0,1.0,6.0,6.0,7.0,6.0,4.0,3.0,2.0,Completed,1.13,6.0,1.15,6.36,1.16,6.36,1.14,5.83,10301,1561
10302,1666,1653,1653,2024-07-01,2024-07-04,3,harris|l / shelton|b,Wimbledon,Wimbledon,R64,R64,1.0,1.0,1.0,0.8571428571428572,99.28571428571429,39,London,Wimbledon,2024-07-04,Grand Slam,Outdoor,Grass,2nd Round,5,Shelton B.,Harris L.,14,118.0,2595,541.0,4.0,6.0,7.0,6.0,6.0,7.0,6.0,3.0,7.0,6.0,3.0,2.0,Completed,1.67,2.2,1.74,2.22,1.75,2.23,1.7,2.16,10302,1562
10303,1667,1654,1654,2024-07-01,2024-07-04,3,dimitrov|g / shang|j,Wimbledon,Wimbledon,R64,R64,1.0,1.0,1.0,0.8571428571428572,99.28571428571429,39,London,Wimbledon,2024-07-04,Grand Slam,Outdoor,Grass,2nd Round,5,Dimitrov G.,Shang J.,10,91.0,3750,658.0,5.0,7.0,6.0,7.0,6.0,4.0,6.0,2.0,6.0,4.0,3.0,2.0,Completed,1.14,5.5,1.15,6.52,1.16,6.52,1.14,5.84,10303,1563
10304,1668,1661,1661,2024-07-01,2024-07-04,3,monfils|g / wawrinka|s,Wimbledon,Wimbledon,R64,R64,1.0,1.0,1.0,0.8571428571428572,99.28571428571429,39,London,Wimbledon,2024-07-04,Grand Slam,Outdoor,Grass,2nd Round,5,Monfils G.,Wawrinka S.,33,95.0,1260,633.0,7.0,6.0,6.0,4.0,7.0,6.0,,,,,3.0,0.0,Completed,1.36,3.2,1.4,3.22,1.4,3.22,1.36,3.11,10304,1564
10315,1679,1652,1652,2024-07-01,2024-07-04,3,comesana|f / walton|a,Wimbledon,Wimbledon,R64,R64,1.0,1.0,1.0,0.8571428571428572,99.28571428571429,39,London,Wimbledon,2024-07-04,Grand Slam,Outdoor,Grass,2nd Round,5,Comesana F.,Walton A.,122,101.0,529,607.0,7.0,5.0,1.0,6.0,6.0,7.0,6.0,1.0,7.0,6.0,3.0,2.0,Completed,2.75,1.44,2.93,1.47,2.93,1.5,2.7,1.46,10315,1565
10316,1680,1657,1657,2024-07-01,2024-07-04,3,darderi|l / musetti|l,Wimbledon,Wimbledon,R64,R64,1.0,1.0,1.0,0.8571428571428572,99.28571428571429,39,London,Wimbledon,2024-07-04,Grand Slam,Outdoor,Grass,2nd Round,5,Musetti L.,Darderi L.,25,37.0,1620,1236.0,6.0,4.0,4.0,6.0,6.0,7.0,6.0,4.0,6.0,4.0,3.0,2.0,Completed,1.25,4.0,1.25,4.44,1.26,4.44,1.24,4.1,10316,1566
10318,1682,1667,1667,2024-07-01,2024-07-04,3,ruusuvuori|e / tsitsipas|s,Wimbledon,Wimbledon,R64,R64,1.0,1.0,1.0,0.8571428571428572,99.28571428571429,39,London,Wimbledon,2024-07-04,Grand Slam,Outdoor,Grass,2nd Round,5,Ruusuvuori E.,Tsitsipas S.,87,11.0,683,3745.0,7.0,6.0,7.0,6.0,3.0,6.0,6.0,3.0,,,3.0,1.0,Completed,4.33,1.22,4.56,1.24,4.58,1.26,4.2,1.23,10318,1567
10319,1683,1664,1664,2024-07-01,2024-07-04,3,fritz|t / rinderknech|a,Wimbledon,Wimbledon,R64,R64,1.0,1.0,1.0,0.8571428571428572,99.28571428571429,39,London,Wimbledon,2024-07-04,Grand Slam,Outdoor,Grass,2nd Round,5,Fritz T.,Rinderknech A.,12,76.0,3350,754.0,6.0,3.0,6.0,4.0,3.0,6.0,6.0,4.0,,,3.0,1.0,Completed,1.07,9.0,1.08,10.68,1.1,10.74,1.07,8.76,10319,1568
10320,1684,1660,1660,2024-07-01,2024-07-04,3,cobolli|f / tabilo|a,Wimbledon,Wimbledon,R64,R64,1.0,1.0,1.0,0.8571428571428572,99.28571428571429,39,London,Wimbledon,2024-07-04,Grand Slam,Outdoor,Grass,2nd Round,5,Tabilo A.,Cobolli F.,19,48.0,1904,980.0,7.0,6.0,7.0,6.0,4.0,6.0,4.0,6.0,6.0,4.0,3.0,2.0,Completed,1.36,3.2,1.34,3.6,1.36,3.6,1.33,3.31,10320,1569
10321,1685,1666,1666,2024-07-01,2024-07-04,3,draper|j / norrie|c,Wimbledon,Wimbledon,R64,R64,1.0,1.0,1.0,0.8571428571428572,99.28571428571429,39,London,Wimbledon,2024-07-04,Grand Slam,Outdoor,Grass,2nd Round,5,Norrie C.,Draper J.,42,28.0,1070,1461.0,7.0,6.0,6.0,4.0,7.0,6.0,,,,,3.0,0.0,Completed,3.4,1.33,3.47,1.36,3.65,1.36,3.47,1.31,10321,1570
10322,1686,1669,1669,2024-07-01,2024-07-04,3,giron|m / zverev|a,Wimbledon,Wimbledon,R64,R64,1.0,1.0,1.0,0.8571428571428572,99.28571428571429,39,London,Wimbledon,2024-07-04,Grand Slam,Outdoor,Grass,2nd Round,5,Zverev A.,Giron M.,4,46.0,6905,1020.0,6.0,2.0,6.0,1.0,6.0,4.0,,,,,3.0,0.0,Completed,1.11,6.5,1.11,8.05,1.14,8.05,1.11,6.63,10322,1571
10323,1687,1651,1651,2024-07-01,2024-07-04,3,fils|a / hurkacz|h,Wimbledon,Wimbledon,R64,R64,1.0,1.0,1.0,0.8571428571428572,99.28571428571429,39,London,Wimbledon,2024-07-04,Grand Slam,Outdoor,Grass,2nd Round,5,Fils A.,Hurkacz H.,34,7.0,1250,4235.0,7.0,6.0,6.0,4.0,2.0,6.0,6.0,6.0,,,2.0,1.0,Retired,3.75,1.29,4.37,1.26,4.78,1.29,3.93,1.26,10323,1572
10324,1688,1658,1658,2024-07-01,2024-07-04,3,machac|t / safiullin|r,Wimbledon,Wimbledon,R64,R64,1.0,1.0,1.0,0.8571428571428572,99.28571428571429,39,London,Wimbledon,2024-07-04,Grand Slam,Outdoor,Grass,2nd Round,5,Safiullin R.,Machac T.,44,39.0,1045,1214.0,6.0,2.0,6.0,4.0,5.0,7.0,6.0,3.0,,,3.0,1.0,Completed,1.73,2.1,1.72,2.26,1.74,2.29,1.69,2.18,10324,1573
10325,1689,1665,1665,2024-07-01,2024-07-04,3,kokkinakis|t / pouille|l,Wimbledon,Wimbledon,R64,R64,1.0,1.0,1.0,0.8571428571428572,99.28571428571429,39,London,Wimbledon,2024-07-04,Grand Slam,Outdoor,Grass,2nd Round,5,Pouille L.,Kokkinakis T.,212,93.0,284,639.0,2.0,6.0,7.0,5.0,5.0,2.0,,,,,1.0,1.0,Retired,2.63,1.5,2.68,1.53,2.75,1.54,2.63,1.49,10325,1574
10326,1690,1650,1650,2024-07-01,2024-07-04,3,de minaur|a / munar|j,Wimbledon,Wimbledon,R64,R64,1.0,1.0,1.0,0.8571428571428572,99.28571428571429,39,London,Wimbledon,2024-07-04,Grand Slam,Outdoor,Grass,2nd Round,5,De Minaur A.,Munar J.,9,63.0,3830,835.0,6.0,2.0,6.0,2.0,7.0,5.0,,,,,3.0,0.0,Completed,1.02,19.0,1.05,15.58,1.05,19.0,1.03,12.81,10326,1575
10327,1691,1663,1663,2024-07-01,2024-07-04,3,rune|h / seyboth wild|t <> rune|h / wild|t,Wimbledon,Wimbledon,R64,R64,1.0,1.0,1.0,0.8571428571428572,99.28571428571429,39,London,Wimbledon,2024-07-04,Grand Slam,Outdoor,Grass,2nd Round,5,Rune H.,Seyboth Wild T.,15,74.0,2370,767.0,3.0,6.0,6.0,3.0,6.0,2.0,6.0,2.0,,,3.0,1.0,Completed,1.11,6.5,1.13,7.4,1.14,7.4,1.12,6.51,10327,1576
10328,1692,1662,1662,2024-07-01,2024-07-04,3,halys|q / khachanov|k,Wimbledon,Wimbledon,R64,R64,1.0,1.0,1.0,0.8571428571428572,99.28571428571429,39,London,Wimbledon,2024-07-04,Grand Slam,Outdoor,Grass,2nd Round,5,Halys Q.,Khachanov K.,220,22.0,272,1780.0,4.0,6.0,6.0,3.0,3.0,6.0,6.0,3.0,6.0,4.0,3.0,2.0,Completed,2.63,1.5,2.8,1.5,2.8,1.56,2.6,1.5,10328,1577
10329,1693,1656,1656,2024-07-01,2024-07-04,3,etcheverry|t / popyrin|a,Wimbledon,Wimbledon,R64,R64,1.0,1.0,1.0,0.8571428571428572,99.28571428571429,39,London,Wimbledon,2024-07-04,Grand Slam,Outdoor,Grass,2nd Round,5,Popyrin A.,Etcheverry T.,47,31.0,981,1290.0,3.0,6.0,6.0,4.0,4.0,6.0,6.0,4.0,6.0,3.0,3.0,2.0,Completed,1.67,2.2,1.69,2.31,1.7,2.31,1.66,2.22,10329,1578
10330,1694,1659,1659,2024-07-01,2024-07-04,3,djokovic|n / fearnley|j,Wimbledon,Wimbledon,R64,R64,1.0,1.0,1.0,0.8571428571428572,99.28571428571429,39,London,Wimbledon,2024-07-04,Grand Slam,Outdoor,Grass,2nd Round,5,Djokovic N.,Fearnley J.,2,277.0,8360,206.0,6.0,3.0,6.0,4.0,5.0,7.0,7.0,5.0,,,3.0,1.0,Completed,1.02,19.0,1.02,31.64,1.03,31.64,1.02,16.83,10330,1579
10331,1695,1673,1673,2024-07-01,2024-07-05,4,kecmanovic|m / sinner|j,Wimbledon,Wimbledon,R32,R32,1.0,1.0,1.0,0.8095238095238095,99.04761904761905,39,London,Wimbledon,2024-07-05,Grand Slam,Outdoor,Grass,3rd Round,5,Sinner J.,Kecmanovic M.,1,52.0,9890,925.0,6.0,1.0,6.0,4.0,6.0,2.0,,,,,3.0,0.0,Completed,1.03,15.0,1.03,21.6,1.04,21.6,1.02,14.37,10331,1580
10333,1697,1672,1672,2024-07-01,2024-07-05,4,dimitrov|g / monfils|g,Wimbledon,Wimbledon,R32,R32,1.0,1.0,1.0,0.8095238095238095,99.04761904761905,39,London,Wimbledon,2024-07-05,Grand Slam,Outdoor,Grass,3rd Round,5,Dimitrov G.,Monfils G.,10,33.0,3750,1260.0,6.0,3.0,6.0,4.0,6.0,3.0,,,,,3.0,0.0,Completed,1.3,3.5,1.32,3.76,1.33,4.01,1.3,3.59,10333,1581
10335,1699,1671,1671,2024-07-01,2024-07-05,4,alcaraz|c / tiafoe|f,Wimbledon,Wimbledon,R32,R32,1.0,1.0,1.0,0.8095238095238095,99.04761904761905,39,London,Wimbledon,2024-07-05,Grand Slam,Outdoor,Grass,3rd Round,5,Alcaraz C.,Tiafoe F.,3,29.0,8130,1355.0,5.0,7.0,6.0,2.0,4.0,6.0,7.0,6.0,6.0,2.0,3.0,2.0,Completed,1.06,10.0,1.05,14.26,1.07,14.26,1.05,10.3,10335,1582
10337,1701,1670,1670,2024-07-01,2024-07-05,4,bublik|a / paul|t,Wimbledon,Wimbledon,R32,R32,1.0,1.0,1.0,0.8095238095238095,99.04761904761905,39,London,Wimbledon,2024-07-05,Grand Slam,Outdoor,Grass,3rd Round,5,Paul T.,Bublik A.,13,23.0,3100,1730.0,6.0,3.0,6.0,4.0,6.0,2.0,,,,,3.0,0.0,Completed,1.5,2.63,1.51,2.78,1.51,2.79,1.49,2.68,10337,1583
10332,1696,1675,1675,2024-07-01,2024-07-06,5,shapovalov|d / shelton|b,Wimbledon,Wimbledon,R32,R32,1.0,1.0,1.0,0.7619047619047619,98.80952380952381,39,London,Wimbledon,2024-07-06,Grand Slam,Outdoor,Grass,3rd Round,5,Shelton B.,Shapovalov D.,14,121.0,2595,530.0,6.0,7.0,6.0,2.0,6.0,4.0,4.0,6.0,6.0,2.0,3.0,2.0,Completed,1.8,2.0,1.95,1.95,1.95,2.1,1.88,1.92,10332,1584
10334,1698,1683,1683,2024-07-01,2024-07-06,5,medvedev|d / struff|j,Wimbledon,Wimbledon,R32,R32,1.0,1.0,1.0,0.7619047619047619,98.80952380952381,39,London,Wimbledon,2024-07-06,Grand Slam,Outdoor,Grass,3rd Round,5,Medvedev D.,Struff J.L.,5,41.0,6445,1135.0,6.0,1.0,6.0,3.0,4.0,6.0,7.0,6.0,,,3.0,1.0,Completed,1.53,2.5,1.5,2.79,1.54,2.79,1.49,2.63,10334,1585
10336,1700,1676,1676,2024-07-01,2024-07-06,5,humbert|u / nakashima|b,Wimbledon,Wimbledon,R32,R32,1.0,1.0,1.0,0.7619047619047619,98.80952380952381,39,London,Wimbledon,2024-07-06,Grand Slam,Outdoor,Grass,3rd Round,5,Humbert U.,Nakashima B.,16,65.0,2300,825.0,7.0,6.0,6.0,3.0,6.0,7.0,7.0,6.0,,,3.0,1.0,Completed,1.73,2.1,1.78,2.17,1.78,2.17,1.74,2.11,10336,1586
10338,1702,1680,1680,2024-07-01,2024-07-06,5,agut|r / fognini|f <> bautista agut|r / fognini|f,Wimbledon,Wimbledon,R32,R32,1.0,1.0,1.0,0.7619047619047619,98.80952380952381,39,London,Wimbledon,2024-07-06,Grand Slam,Outdoor,Grass,3rd Round,5,Bautista Agut R.,Fognini F.,112,94.0,555,635.0,7.0,6.0,3.0,6.0,5.0,7.0,7.0,6.0,6.0,4.0,3.0,2.0,Completed,1.44,2.75,1.43,3.05,1.49,3.05,1.43,2.83,10338,1587
10339,1703,1681,1681,2024-07-01,2024-07-06,5,comesana|f / musetti|l,Wimbledon,Wimbledon,R32,R32,1.0,1.0,1.0,0.7619047619047619,98.80952380952381,39,London,Wimbledon,2024-07-06,Grand Slam,Outdoor,Grass,3rd Round,5,Musetti L.,Comesana F.,25,122.0,1620,529.0,6.0,2.0,6.0,7.0,7.0,6.0,6.0,3.0,,,3.0,1.0,Completed,1.17,5.0,1.17,5.8,1.18,5.8,1.16,5.27,10339,1588
10341,1705,1685,1685,2024-07-01,2024-07-06,5,fritz|t / tabilo|a,Wimbledon,Wimbledon,R32,R32,1.0,1.0,1.0,0.7619047619047619,98.80952380952381,39,London,Wimbledon,2024-07-06,Grand Slam,Outdoor,Grass,3rd Round,3,Fritz T.,Tabilo A.,12,19.0,3350,1904.0,7.0,6.0,6.0,3.0,7.0,5.0,,,,,3.0,0.0,Completed,1.17,5.0,1.19,5.42,1.21,5.47,1.18,4.99,10341,1589
10342,1706,1677,1677,2024-07-01,2024-07-06,5,norrie|c / zverev|a,Wimbledon,Wimbledon,R32,R32,1.0,1.0,1.0,0.7619047619047619,98.80952380952381,39,London,Wimbledon,2024-07-06,Grand Slam,Outdoor,Grass,3rd Round,5,Zverev A.,Norrie C.,4,42.0,6905,1070.0,6.0,4.0,6.0,4.0,7.0,6.0,,,,,3.0,0.0,Completed,1.11,6.5,1.14,6.71,1.14,6.75,1.13,6.19,10342,1590
10343,1707,1678,1678,2024-07-01,2024-07-06,5,fils|a / safiullin|r,Wimbledon,Wimbledon,R32,R32,1.0,1.0,1.0,0.7619047619047619,98.80952380952381,39,London,Wimbledon,2024-07-06,Grand Slam,Outdoor,Grass,3rd Round,5,Fils A.,Safiullin R.,34,44.0,1250,1045.0,4.0,6.0,6.0,3.0,1.0,6.0,6.0,4.0,6.0,3.0,3.0,2.0,Completed,1.73,2.1,1.85,2.07,1.85,2.21,1.77,2.06,10343,1591
10344,1708,1674,1674,2024-07-01,2024-07-06,5,de minaur|a / pouille|l,Wimbledon,Wimbledon,R32,R32,1.0,1.0,1.0,0.7619047619047619,98.80952380952381,39,London,Wimbledon,2024-07-06,Grand Slam,Outdoor,Grass,3rd Round,5,De Minaur A.,Pouille L.,9,212.0,3830,284.0,,,,,,,,,,,,,Walkover,1.05,11.0,1.05,14.27,1.06,14.27,1.05,10.95,10344,1592
10345,1709,1682,1682,2024-07-01,2024-07-06,5,halys|q / rune|h,Wimbledon,Wimbledon,R32,R32,1.0,1.0,1.0,0.7619047619047619,98.80952380952381,39,London,Wimbledon,2024-07-06,Grand Slam,Outdoor,Grass,3rd Round,5,Rune H.,Halys Q.,15,220.0,2370,272.0,1.0,6.0,6.0,7.0,6.0,4.0,7.0,6.0,6.0,1.0,3.0,2.0,Completed,1.29,3.75,1.33,3.68,1.33,3.75,1.3,3.56,10345,1593
10346,1710,1684,1684,2024-07-01,2024-07-06,5,djokovic|n / popyrin|a,Wimbledon,Wimbledon,R32,R32,1.0,1.0,1.0,0.7619047619047619,98.80952380952381,39,London,Wimbledon,2024-07-06,Grand Slam,Outdoor,Grass,3rd Round,5,Djokovic N.,Popyrin A.,2,47.0,8360,981.0,4.0,6.0,6.0,3.0,6.0,4.0,7.0,6.0,,,3.0,1.0,Completed,1.13,6.0,1.13,7.14,1.17,7.14,1.13,6.19,10346,1594
10347,1711,1687,1687,2024-07-01,2024-07-07,6,shelton|b / sinner|j,Wimbledon,Wimbledon,R16,R16,1.0,1.0,1.0,0.7142857142857143,98.57142857142857,39,London,Wimbledon,2024-07-07,Grand Slam,Outdoor,Grass,4th Round,5,Sinner J.,Shelton B.,1,14.0,9890,2595.0,6.0,2.0,6.0,4.0,7.0,6.0,,,,,3.0,0.0,Completed,1.05,11.0,1.06,14.32,1.07,14.98,1.05,10.64,10347,1595
10348,1712,1688,1688,2024-07-01,2024-07-07,6,dimitrov|g / medvedev|d,Wimbledon,Wimbledon,R16,R16,1.0,1.0,1.0,0.7142857142857143,98.57142857142857,39,London,Wimbledon,2024-07-07,Grand Slam,Outdoor,Grass,4th Round,5,Medvedev D.,Dimitrov G.,5,10.0,6445,3750.0,5.0,3.0,,,,,,,,,0.0,0.0,Retired,1.67,2.2,1.74,2.23,1.74,2.31,1.68,2.2,10348,1596
10349,1713,1686,1686,2024-07-01,2024-07-07,6,alcaraz|c / humbert|u,Wimbledon,Wimbledon,R16,R16,1.0,1.0,1.0,0.7142857142857143,98.57142857142857,39,London,Wimbledon,2024-07-07,Grand Slam,Outdoor,Grass,4th Round,5,Alcaraz C.,Humbert U.,3,16.0,8130,2300.0,6.0,3.0,6.0,4.0,1.0,6.0,7.0,5.0,,,3.0,1.0,Completed,1.1,7.0,1.13,7.12,1.13,7.64,1.11,6.64,10349,1597
10350,1714,1689,1689,2024-07-01,2024-07-07,6,agut|r / paul|t <> bautista agut|r / paul|t,Wimbledon,Wimbledon,R16,R16,1.0,1.0,1.0,0.7142857142857143,98.57142857142857,39,London,Wimbledon,2024-07-07,Grand Slam,Outdoor,Grass,4th Round,5,Paul T.,Bautista Agut R.,13,112.0,3100,555.0,6.0,2.0,7.0,6.0,6.0,2.0,,,,,3.0,0.0,Completed,1.13,6.0,1.16,6.13,1.18,6.27,1.14,5.71,10350,1598
10352,1716,1692,1692,2024-07-01,2024-07-08,7,fritz|t / zverev|a,Wimbledon,Wimbledon,R16,R16,1.0,1.0,1.0,0.6666666666666667,98.33333333333333,39,London,Wimbledon,2024-07-08,Grand Slam,Outdoor,Grass,4th Round,5,Fritz T.,Zverev A.,12,4.0,3350,6905.0,4.0,6.0,6.0,7.0,6.0,4.0,7.0,6.0,6.0,3.0,3.0,2.0,Completed,2.38,1.57,2.35,1.67,2.55,1.68,2.33,1.6,10352,1599
10353,1717,1691,1691,2024-07-01,2024-07-08,7,de minaur|a / fils|a,Wimbledon,Wimbledon,R16,R16,1.0,1.0,1.0,0.6666666666666667,98.33333333333333,39,London,Wimbledon,2024-07-08,Grand Slam,Outdoor,Grass,4th Round,5,De Minaur A.,Fils A.,9,34.0,3830,1250.0,6.0,2.0,6.0,4.0,4.0,6.0,6.0,3.0,,,3.0,1.0,Completed,1.2,4.5,1.18,5.63,1.26,5.63,1.19,4.71,10353,1600
10354,1718,1693,1693,2024-07-01,2024-07-08,7,djokovic|n / rune|h,Wimbledon,Wimbledon,R16,R16,1.0,1.0,1.0,0.6666666666666667,98.33333333333333,39,London,Wimbledon,2024-07-08,Grand Slam,Outdoor,Grass,4th Round,5,Djokovic N.,Rune H.,2,15.0,8360,2370.0,6.0,3.0,6.0,4.0,6.0,2.0,,,,,3.0,0.0,Completed,1.3,3.5,1.33,3.66,1.36,3.66,1.32,3.43,10354,1601
10355,1719,1694,1694,2024-07-01,2024-07-09,8,medvedev|d / sinner|j,Wimbledon,Wimbledon,QF,QF,1.0,1.0,1.0,0.6190476190476191,98.0952380952381,39,London,Wimbledon,2024-07-09,Grand Slam,Outdoor,Grass,Quarterfinals,5,Medvedev D.,Sinner J.,5,1.0,6445,9890.0,6.0,7.0,6.0,4.0,7.0,6.0,2.0,6.0,6.0,3.0,3.0,2.0,Completed,4.33,1.22,4.78,1.23,4.78,1.25,4.29,1.22,10355,1602
10356,1720,1695,1695,2024-07-01,2024-07-09,8,alcaraz|c / paul|t,Wimbledon,Wimbledon,QF,QF,1.0,1.0,1.0,0.6190476190476191,98.0952380952381,39,London,Wimbledon,2024-07-09,Grand Slam,Outdoor,Grass,Quarterfinals,5,Alcaraz C.,Paul T.,3,13.0,8130,3100.0,5.0,7.0,6.0,4.0,6.0,2.0,6.0,2.0,,,3.0,1.0,Completed,1.25,4.0,1.3,3.97,1.31,4.01,1.27,3.79,10356,1603
10357,1721,1697,1697,2024-07-01,2024-07-10,9,fritz|t / musetti|l,Wimbledon,Wimbledon,QF,QF,1.0,1.0,1.0,0.5714285714285714,97.85714285714286,39,London,Wimbledon,2024-07-10,Grand Slam,Outdoor,Grass,Quarterfinals,5,Musetti L.,Fritz T.,25,12.0,1620,3350.0,3.0,6.0,7.0,6.0,6.0,2.0,3.0,6.0,6.0,1.0,3.0,2.0,Completed,4.5,1.2,4.69,1.23,4.7,1.25,4.36,1.22,10357,1604
10358,1722,1696,1696,2024-07-01,2024-07-10,9,de minaur|a / djokovic|n,Wimbledon,Wimbledon,QF,QF,1.0,1.0,1.0,0.5714285714285714,97.85714285714286,39,London,Wimbledon,2024-07-10,Grand Slam,Outdoor,Grass,Quarterfinals,5,Djokovic N.,De Minaur A.,2,9.0,8360,3830.0,,,,,,,,,,,,,Walkover,1.25,4.0,1.31,3.85,1.34,4.0,1.28,3.76,10358,1605
10359,1723,1698,1698,2024-07-01,2024-07-12,11,alcaraz|c / medvedev|d,Wimbledon,Wimbledon,SF,SF,1.0,1.0,1.0,0.47619047619047616,97.38095238095238,39,London,Wimbledon,2024-07-12,Grand Slam,Outdoor,Grass,Semifinals,5,Alcaraz C.,Medvedev D.,3,5.0,8130,6445.0,6.0,7.0,6.0,3.0,6.0,4.0,6.0,4.0,,,3.0,1.0,Completed,1.29,3.75,1.3,3.9,1.31,3.9,1.29,3.62,10359,1606
10360,1724,1699,1699,2024-07-01,2024-07-12,11,djokovic|n / musetti|l,Wimbledon,Wimbledon,SF,SF,1.0,1.0,1.0,0.47619047619047616,97.38095238095238,39,London,Wimbledon,2024-07-12,Grand Slam,Outdoor,Grass,Semifinals,5,Djokovic N.,Musetti L.,2,25.0,8360,1620.0,6.0,4.0,7.0,6.0,6.0,4.0,,,,,3.0,0.0,Completed,1.11,6.5,1.14,6.75,1.15,6.75,1.12,6.3,10360,1607
10361,1725,1700,1700,2024-07-01,2024-07-14,13,alcaraz|c / djokovic|n,Wimbledon,Wimbledon,F,F,1.0,1.0,1.0,0.38095238095238093,96.9047619047619,39,London,Wimbledon,2024-07-14,Grand Slam,Outdoor,Grass,The Final,5,Alcaraz C.,Djokovic N.,3,2.0,8130,8360.0,6.0,2.0,6.0,2.0,7.0,6.0,,,,,3.0,0.0,Completed,1.8,2.1,1.81,2.12,1.82,2.2,1.76,2.09,10361,1608
10378,1742,1731,1731,2024-07-15,2024-07-15,0,thiem|d / varillas|j,Gstaad,Suisse Open Gstaad,R32,R32,0.5052631578947369,1.0,1.0,1.0,72.78947368421052,41,Gstaad,Suisse Open Gstaad,2024-07-15,ATP250,Outdoor,Clay,1st Round,3,Varillas J.P.,Thiem D.,162,133.0,367,473.0,6.0,3.0,5.0,7.0,7.0,6.0,,,,,2.0,1.0,Completed,1.57,2.38,1.62,2.43,1.66,2.5,1.58,2.34,10378,1609
10379,1743,1730,1730,2024-07-15,2024-07-15,0,droguet|t / fognini|f,Gstaad,Suisse Open Gstaad,R32,R32,0.5052631578947369,1.0,1.0,1.0,72.78947368421052,41,Gstaad,Suisse Open Gstaad,2024-07-15,ATP250,Outdoor,Clay,1st Round,3,Fognini F.,Droguet T.,80,141.0,727,445.0,6.0,4.0,6.0,3.0,,,,,,,2.0,0.0,Completed,1.73,2.1,1.76,2.17,1.8,2.17,1.73,2.07,10379,1610
10381,1745,1732,1732,2024-07-15,2024-07-15,0,galan|d / kopriva|v,Gstaad,Suisse Open Gstaad,R32,R32,0.5052631578947369,1.0,1.0,1.0,72.78947368421052,41,Gstaad,Suisse Open Gstaad,2024-07-15,ATP250,Outdoor,Clay,1st Round,3,Galan D.E.,Kopriva V.,142,112.0,444,554.0,6.0,3.0,6.0,2.0,,,,,,,2.0,0.0,Completed,1.73,2.1,1.78,2.15,1.78,2.15,1.72,2.07,10381,1611
10384,1748,1728,1728,2024-07-15,2024-07-15,0,barrere|g / riedi|l,Gstaad,Suisse Open Gstaad,R32,R32,0.5052631578947369,1.0,1.0,1.0,72.78947368421052,41,Gstaad,Suisse Open Gstaad,2024-07-15,ATP250,Outdoor,Clay,1st Round,3,Riedi L.,Barrere G.,134,131.0,473,475.0,7.0,6.0,7.0,5.0,,,,,,,2.0,0.0,Completed,1.67,2.2,1.66,2.34,1.68,2.34,1.64,2.23,10384,1612
10406,1770,1755,1755,2024-07-15,2024-07-15,0,altmaier|d / cobolli|f,Hamburg,European Open,R32,R32,0.21333333333333335,1.0,1.0,1.0,56.733333333333334,42,Hamburg,European Open,2024-07-15,ATP250,Outdoor,Clay,1st Round,3,Cobolli F.,Altmaier D.,48,71.0,1000,766.0,6.0,4.0,6.0,7.0,6.0,3.0,,,,,2.0,1.0,Completed,1.67,2.2,1.71,2.24,1.75,2.25,1.67,2.17,10406,1613
10408,1772,1760,1760,2024-07-15,2024-07-15,0,cerundolo|f / comesana|f,Hamburg,European Open,R32,R32,0.21333333333333335,1.0,1.0,1.0,56.733333333333334,42,Hamburg,European Open,2024-07-15,ATP250,Outdoor,Clay,1st Round,3,Cerundolo F.,Comesana F.,33,100.0,1280,612.0,7.0,5.0,6.0,4.0,,,,,,,2.0,0.0,Completed,1.25,4.0,,,1.27,4.0,1.25,3.73,10408,1614
10409,1773,1757,1757,2024-07-15,2024-07-15,0,kwon|s / marterer|m,Hamburg,European Open,R32,R32,0.21333333333333335,1.0,1.0,1.0,56.733333333333334,42,Hamburg,European Open,2024-07-15,ATP250,Outdoor,Clay,1st Round,3,Marterer M.,Kwon S.W.,108,349.0,587,145.0,6.0,4.0,6.0,7.0,7.0,5.0,,,,,2.0,1.0,Completed,1.62,2.3,1.66,2.35,1.69,2.4,1.6,2.28,10409,1615
10410,1774,1756,1756,2024-07-15,2024-07-15,0,blanchet|u / popyrin|a,Hamburg,European Open,R32,R32,0.21333333333333335,1.0,1.0,1.0,56.733333333333334,42,Hamburg,European Open,2024-07-15,ATP250,Outdoor,Clay,1st Round,3,Blanchet U.,Popyrin A.,161,43.0,370,1071.0,4.0,6.0,7.0,6.0,6.0,2.0,,,,,2.0,1.0,Completed,3.4,1.33,3.46,1.35,3.5,1.39,3.32,1.32,10410,1616
10411,1775,1761,1761,2024-07-15,2024-07-15,0,arnaldi|m / martinez|p,Hamburg,European Open,R32,R32,0.21333333333333335,1.0,1.0,1.0,56.733333333333334,42,Hamburg,European Open,2024-07-15,ATP250,Outdoor,Clay,1st Round,3,Martinez P.,Arnaldi M.,49,39.0,974,1220.0,7.0,6.0,6.0,1.0,,,,,,,2.0,0.0,Completed,3.2,1.36,3.42,1.36,3.42,1.4,3.13,1.35,10411,1617
10413,1777,1759,1759,2024-07-15,2024-07-15,0,molleker|r / shevchenko|a,Hamburg,European Open,R32,R32,0.21333333333333335,1.0,1.0,1.0,56.733333333333334,42,Hamburg,European Open,2024-07-15,ATP250,Outdoor,Clay,1st Round,3,Shevchenko A.,Molleker R.,56,197.0,860,309.0,6.0,4.0,4.0,6.0,6.0,4.0,,,,,2.0,1.0,Completed,1.53,2.5,1.58,2.53,1.61,2.67,1.55,2.41,10413,1618
10417,1781,1758,1758,2024-07-15,2024-07-15,0,bergs|z / djere|l,Hamburg,European Open,R32,R32,0.21333333333333335,1.0,1.0,1.0,56.733333333333334,42,Hamburg,European Open,2024-07-15,ATP250,Outdoor,Clay,1st Round,3,Djere L.,Bergs Z.,57,73.0,856,754.0,6.0,3.0,7.0,6.0,,,,,,,2.0,0.0,Completed,2.0,1.8,1.89,2.0,2.0,2.0,1.92,1.86,10417,1619
10441,1805,1702,1702,2024-07-15,2024-07-15,0,kovalik|j / norrie|c,Bastad,Nordea Open,R32,R32,0.13333333333333333,1.0,1.0,1.0,52.333333333333336,40,Bastad,Nordea Open,2024-07-15,ATP250,Outdoor,Clay,1st Round,3,Norrie C.,Kovalik J.,42,102.0,1125,607.0,7.0,6.0,6.0,4.0,,,,,,,2.0,0.0,Completed,1.57,2.38,1.59,2.51,1.61,2.51,1.56,2.39,10441,1620
10444,1808,1701,1701,2024-07-15,2024-07-15,0,garin|c / kotov|p,Bastad,Nordea Open,R32,R32,0.13333333333333333,1.0,1.0,1.0,52.333333333333336,40,Bastad,Nordea Open,2024-07-15,ATP250,Outdoor,Clay,1st Round,3,Kotov P.,Garin C.,60,106.0,821,590.0,6.0,4.0,6.0,7.0,6.0,1.0,,,,,2.0,1.0,Completed,1.8,2.0,1.85,2.05,1.85,2.1,1.77,2.01,10444,1621
10462,1826,1789,1789,2024-07-15,2024-07-15,0,lestienne|c / opelka|r,Newport,Hall of Fame Championships,R32,R32,0.08421052631578947,1.0,1.0,1.0,49.631578947368425,43,Newport,Hall of Fame Championships,2024-07-15,ATP250,Outdoor,Grass,1st Round,3,Opelka R.,Lestienne C.,1187,94.0,7,650.0,6.0,1.0,2.0,6.0,7.0,6.0,,,,,2.0,1.0,Completed,2.1,1.73,2.01,1.88,2.2,1.88,2.11,1.71,10462,1622
10465,1829,1787,1787,2024-07-15,2024-07-15,0,albot|r / cressy|m,Newport,Hall of Fame Championships,R32,R32,0.08421052631578947,1.0,1.0,1.0,49.631578947368425,43,Newport,Hall of Fame Championships,2024-07-15,ATP250,Outdoor,Grass,1st Round,3,Cressy M.,Albot R.,180,149.0,333,411.0,6.0,4.0,4.0,6.0,7.0,6.0,,,,,2.0,1.0,Completed,1.53,2.5,1.59,2.49,1.59,2.57,1.54,2.42,10465,1623
10466,1830,1786,1786,2024-07-15,2024-07-15,0,kovacevic|a / mayot|h,Newport,Hall of Fame Championships,R32,R32,0.08421052631578947,1.0,1.0,1.0,49.631578947368425,43,Newport,Hall of Fame Championships,2024-07-15,ATP250,Outdoor,Grass,1st Round,3,Kovacevic A.,Mayot H.,91,124.0,668,499.0,7.0,6.0,6.0,4.0,,,,,,,2.0,0.0,Completed,2.38,1.57,2.51,1.58,2.51,1.62,2.39,1.56,10466,1624
10468,1832,1788,1788,2024-07-15,2024-07-15,0,vukic|a / wong|c,Newport,Hall of Fame Championships,R32,R32,0.08421052631578947,1.0,1.0,1.0,49.631578947368425,43,Newport,Hall of Fame Championships,2024-07-15,ATP250,Outdoor,Grass,1st Round,3,Vukic A.,Wong C.,65,179.0,794,333.0,6.0,1.0,6.0,2.0,,,,,,,2.0,0.0,Completed,1.14,5.5,1.19,5.3,1.19,5.7,1.15,5.24,10468,1625
10377,1741,1735,1735,2024-07-15,2024-07-16,1,huesler|m / medjedovic|h,Gstaad,Suisse Open Gstaad,R32,R32,0.5052631578947369,1.0,1.0,0.9523809523809523,72.55137844611528,41,Gstaad,Suisse Open Gstaad,2024-07-16,ATP250,Outdoor,Clay,1st Round,3,Medjedovic H.,Huesler M.A.,122,226.0,506,262.0,6.0,7.0,7.0,6.0,6.0,3.0,,,,,2.0,1.0,Completed,1.4,3.0,1.48,2.84,1.48,3.0,1.44,2.76,10377,1626
10382,1746,1737,1737,2024-07-15,2024-07-16,1,berrettini|m / cachin|p,Gstaad,Suisse Open Gstaad,R32,R32,0.5052631578947369,1.0,1.0,0.9523809523809523,72.55137844611528,41,Gstaad,Suisse Open Gstaad,2024-07-16,ATP250,Outdoor,Clay,1st Round,3,Berrettini M.,Cachin P.,82,110.0,715,568.0,6.0,4.0,7.0,6.0,,,,,,,2.0,0.0,Completed,1.17,5.0,1.18,5.62,1.21,5.62,1.16,4.99,10382,1627
10385,1749,1738,1738,2024-07-15,2024-07-16,1,stricker|d / van de zandschulp|b,Gstaad,Suisse Open Gstaad,R32,R32,0.5052631578947369,1.0,1.0,0.9523809523809523,72.55137844611528,41,Gstaad,Suisse Open Gstaad,2024-07-16,ATP250,Outdoor,Clay,1st Round,3,Van De Zandschulp B.,Stricker D.,87,175.0,687,340.0,6.0,3.0,6.0,3.0,,,,,,,2.0,0.0,Completed,1.62,2.3,1.63,2.41,1.67,2.5,1.59,2.31,10385,1628
10386,1750,1739,1739,2024-07-15,2024-07-16,1,klein|l / wawrinka|s,Gstaad,Suisse Open Gstaad,R32,R32,0.5052631578947369,1.0,1.0,0.9523809523809523,72.55137844611528,41,Gstaad,Suisse Open Gstaad,2024-07-16,ATP250,Outdoor,Clay,1st Round,3,Klein L.,Wawrinka S.,118,105.0,511,593.0,7.0,6.0,2.0,6.0,7.0,5.0,,,,,2.0,1.0,Completed,2.1,1.73,2.24,1.71,2.24,1.8,2.1,1.71,10386,1629
10387,1751,1734,1734,2024-07-15,2024-07-16,1,gasquet|r / halys|q,Gstaad,Suisse Open Gstaad,R32,R32,0.5052631578947369,1.0,1.0,0.9523809523809523,72.55137844611528,41,Gstaad,Suisse Open Gstaad,2024-07-16,ATP250,Outdoor,Clay,1st Round,3,Halys Q.,Gasquet R.,192,132.0,312,474.0,7.0,6.0,7.0,6.0,,,,,,,2.0,0.0,Completed,1.53,2.5,1.64,2.39,1.64,2.51,1.56,2.38,10387,1630
10388,1752,1736,1736,2024-07-15,2024-07-16,1,heide|g / napolitano|s,Gstaad,Suisse Open Gstaad,R32,R32,0.5052631578947369,1.0,1.0,0.9523809523809523,72.55137844611528,41,Gstaad,Suisse Open Gstaad,2024-07-16,ATP250,Outdoor,Clay,1st Round,3,Heide G.,Napolitano S.,178,125.0,334,497.0,7.0,6.0,5.0,7.0,7.0,6.0,,,,,2.0,1.0,Completed,1.73,2.1,1.91,1.98,1.93,2.15,1.76,2.04,10388,1631
10405,1769,1769,1769,2024-07-15,2024-07-16,1,acosta|f / gaston|h <> diaz acosta|f / gaston|h,Hamburg,European Open,R32,R32,0.21333333333333335,1.0,1.0,0.9523809523809523,56.49523809523809,42,Hamburg,European Open,2024-07-16,ATP250,Outdoor,Clay,1st Round,3,Gaston H.,Diaz Acosta F.,81,77.0,715,743.0,7.0,6.0,1.0,6.0,6.0,4.0,,,,,2.0,1.0,Completed,2.2,1.67,2.4,1.64,2.23,1.66,2.23,1.66,10405,1632
10412,1776,1762,1762,2024-07-15,2024-07-16,1,darderi|l / hardt|n,Hamburg,European Open,R32,R32,0.21333333333333335,1.0,1.0,0.9523809523809523,56.49523809523809,42,Hamburg,European Open,2024-07-16,ATP250,Outdoor,Clay,1st Round,3,Darderi L.,Hardt N.,35,191.0,1256,313.0,6.0,1.0,2.0,6.0,6.0,0.0,,,,,2.0,1.0,Completed,,,,,,,,,10412,1633
10414,1778,1764,1764,2024-07-15,2024-07-16,1,alves|f / lajovic|d <> lajovic|d / meligeni alves|f,Hamburg,European Open,R32,R32,0.21333333333333335,1.0,1.0,0.9523809523809523,56.49523809523809,42,Hamburg,European Open,2024-07-16,ATP250,Outdoor,Clay,1st Round,3,Lajovic D.,Meligeni Alves F.,55,144.0,871,427.0,6.0,2.0,6.0,7.0,6.0,3.0,,,,,2.0,1.0,Completed,1.73,2.1,1.74,2.2,1.76,2.2,1.73,2.09,10414,1634
10415,1779,1767,1767,2024-07-15,2024-07-16,1,baez|s / koepfer|d,Hamburg,European Open,R32,R32,0.21333333333333335,1.0,1.0,0.9523809523809523,56.49523809523809,42,Hamburg,European Open,2024-07-16,ATP250,Outdoor,Clay,1st Round,3,Baez S.,Koepfer D.,19,62.0,2020,811.0,6.0,2.0,6.0,3.0,,,,,,,2.0,0.0,Completed,1.44,2.75,1.47,2.87,1.47,2.92,1.43,2.76,10415,1635
10416,1780,1763,1763,2024-07-15,2024-07-16,1,fils|a / munar|j,Hamburg,European Open,R32,R32,0.21333333333333335,1.0,1.0,0.9523809523809523,56.49523809523809,42,Hamburg,European Open,2024-07-16,ATP250,Outdoor,Clay,1st Round,3,Fils A.,Munar J.,28,59.0,1450,840.0,5.0,7.0,6.0,3.0,6.0,1.0,,,,,2.0,1.0,Completed,1.53,2.5,1.66,2.35,1.66,2.62,1.56,2.38,10416,1636
10418,1782,1766,1766,2024-07-15,2024-07-16,1,ofner|s / trungelliti|m,Hamburg,European Open,R32,R32,0.21333333333333335,1.0,1.0,0.9523809523809523,56.49523809523809,42,Hamburg,European Open,2024-07-16,ATP250,Outdoor,Clay,1st Round,3,Trungelliti M.,Ofner S.,151,50.0,393,939.0,6.0,1.0,4.0,3.0,,,,,,,1.0,0.0,Retired,2.38,1.57,2.32,1.68,2.5,1.73,2.29,1.61,10418,1637
10419,1783,1768,1768,2024-07-15,2024-07-16,1,marozsan|f / rune|h,Hamburg,European Open,R32,R32,0.21333333333333335,1.0,1.0,0.9523809523809523,56.49523809523809,42,Hamburg,European Open,2024-07-16,ATP250,Outdoor,Clay,1st Round,3,Rune H.,Marozsan F.,17,45.0,2210,1031.0,6.0,4.0,6.0,4.0,,,,,,,2.0,0.0,Completed,1.4,3.0,1.37,3.33,1.4,3.4,1.37,3.04,10419,1638
10435,1799,1704,1704,2024-07-15,2024-07-16,1,faria|j / tirante|t,Bastad,Nordea Open,R32,R32,0.13333333333333333,1.0,1.0,0.9523809523809523,52.095238095238095,40,Bastad,Nordea Open,2024-07-16,ATP250,Outdoor,Clay,1st Round,3,Tirante T.A.,Faria J.,121,170.0,508,349.0,3.0,6.0,6.0,1.0,6.0,4.0,,,,,2.0,1.0,Completed,2.0,1.8,2.11,1.81,2.11,1.85,2.04,1.76,10435,1639
10436,1800,1707,1707,2024-07-15,2024-07-16,1,muller|a / yevseyev|d,Bastad,Nordea Open,R32,R32,0.13333333333333333,1.0,1.0,0.9523809523809523,52.095238095238095,40,Bastad,Nordea Open,2024-07-16,ATP250,Outdoor,Clay,1st Round,3,Yevseyev D.,Muller A.,160,103.0,370,606.0,7.0,5.0,7.0,5.0,,,,,,,2.0,0.0,Completed,5.5,1.14,5.58,1.18,5.58,1.18,5.34,1.15,10436,1640
10437,1801,1703,1703,2024-07-15,2024-07-16,1,baena|r / safiullin|r <> carballes baena|r / safiullin|r,Bastad,Nordea Open,R32,R32,0.13333333333333333,1.0,1.0,0.9523809523809523,52.095238095238095,40,Bastad,Nordea Open,2024-07-16,ATP250,Outdoor,Clay,1st Round,3,Carballes Baena R.,Safiullin R.,54,67.0,906,785.0,5.0,7.0,7.0,6.0,6.0,3.0,,,,,2.0,1.0,Completed,1.62,2.3,1.61,2.46,1.65,2.46,1.6,2.3,10437,1641
10438,1802,1706,1706,2024-07-15,2024-07-16,1,daniel|t / skatov|t,Bastad,Nordea Open,R32,R32,0.13333333333333333,1.0,1.0,0.9523809523809523,52.095238095238095,40,Bastad,Nordea Open,2024-07-16,ATP250,Outdoor,Clay,1st Round,3,Skatov T.,Daniel T.,223,90.0,265,676.0,6.0,7.0,6.0,2.0,7.0,6.0,,,,,2.0,1.0,Completed,1.67,2.2,1.68,2.29,1.68,2.35,1.65,2.2,10438,1642
10439,1803,1710,1710,2024-07-15,2024-07-16,1,carabelli|c / rocha|h <> rocha|h / ugo carabelli|c,Bastad,Nordea Open,R32,R32,0.13333333333333333,1.0,1.0,0.9523809523809523,52.095238095238095,40,Bastad,Nordea Open,2024-07-16,ATP250,Outdoor,Clay,1st Round,3,Rocha H.,Ugo Carabelli C.,182,96.0,329,645.0,4.0,6.0,6.0,2.0,6.0,2.0,,,,,2.0,1.0,Completed,2.38,1.57,2.38,1.64,2.43,1.65,2.33,1.59,10439,1643
10440,1804,1712,1712,2024-07-15,2024-07-16,1,borges|n / pellegrino|a,Bastad,Nordea Open,R32,R32,0.13333333333333333,1.0,1.0,0.9523809523809523,52.095238095238095,40,Bastad,Nordea Open,2024-07-16,ATP250,Outdoor,Clay,1st Round,3,Borges N.,Pellegrino A.,51,153.0,936,389.0,6.0,2.0,7.0,6.0,,,,,,,2.0,0.0,Completed,1.29,3.75,1.3,3.82,1.33,3.82,1.29,3.54,10440,1644
10442,1806,1711,1711,2024-07-15,2024-07-16,1,borg|l / nadal|r,Bastad,Nordea Open,R32,R32,0.13333333333333333,1.0,1.0,0.9523809523809523,52.095238095238095,40,Bastad,Nordea Open,2024-07-16,ATP250,Outdoor,Clay,1st Round,3,Nadal R.,Borg L.,261,461.0,215,91.0,6.0,3.0,6.0,4.0,,,,,,,2.0,0.0,Completed,1.01,26.0,1.02,29.16,1.02,29.16,1.01,17.94,10442,1645
10443,1807,1709,1709,2024-07-15,2024-07-16,1,nagal|s / ymer|e,Bastad,Nordea Open,R32,R32,0.13333333333333333,1.0,1.0,0.9523809523809523,52.095238095238095,40,Bastad,Nordea Open,2024-07-16,ATP250,Outdoor,Clay,1st Round,3,Nagal S.,Ymer E.,68,202.0,779,300.0,6.0,4.0,6.0,3.0,,,,,,,2.0,0.0,Completed,1.53,2.5,1.62,2.42,1.65,2.51,1.56,2.38,10443,1646
10445,1809,1708,1708,2024-07-15,2024-07-16,1,ajdukovic|d / van assche|l,Bastad,Nordea Open,R32,R32,0.13333333333333333,1.0,1.0,0.9523809523809523,52.095238095238095,40,Bastad,Nordea Open,2024-07-16,ATP250,Outdoor,Clay,1st Round,3,Ajdukovic D.,Van Assche L.,130,104.0,478,601.0,6.0,3.0,6.0,3.0,,,,,,,2.0,0.0,Completed,2.1,1.73,2.13,1.79,2.16,1.79,2.07,1.73,10445,1647
10446,1810,1705,1705,2024-07-15,2024-07-16,1,coria|f / monteiro|t,Bastad,Nordea Open,R32,R32,0.13333333333333333,1.0,1.0,0.9523809523809523,52.095238095238095,40,Bastad,Nordea Open,2024-07-16,ATP250,Outdoor,Clay,1st Round,3,Monteiro T.,Coria F.,85,69.0,700,776.0,6.0,1.0,6.0,3.0,,,,,,,2.0,0.0,Completed,1.73,2.1,1.79,2.13,1.79,2.27,1.71,2.11,10446,1648
10463,1827,1792,1792,2024-07-15,2024-07-16,1,diallo|g / harris|b,Newport,Hall of Fame Championships,R32,R32,0.08421052631578947,1.0,1.0,0.9523809523809523,49.393483709273184,43,Newport,Hall of Fame Championships,2024-07-16,ATP250,Outdoor,Grass,1st Round,3,Harris B.,Diallo G.,116,165.0,529,355.0,7.0,6.0,7.0,5.0,,,,,,,2.0,0.0,Completed,1.57,2.38,1.68,2.29,1.68,2.38,1.64,2.22,10463,1649
10464,1828,1791,1791,2024-07-15,2024-07-16,1,hijikata|r / mcdonald|m,Newport,Hall of Fame Championships,R32,R32,0.08421052631578947,1.0,1.0,0.9523809523809523,49.393483709273184,43,Newport,Hall of Fame Championships,2024-07-16,ATP250,Outdoor,Grass,1st Round,3,Mcdonald M.,Hijikata R.,99,74.0,626,751.0,4.0,6.0,7.0,6.0,6.0,2.0,,,,,2.0,1.0,Completed,1.67,2.2,1.73,2.22,1.79,2.22,1.7,2.12,10464,1650
10467,1831,1790,1790,2024-07-15,2024-07-16,1,mochizuki|s / rinderknech|a,Newport,Hall of Fame Championships,R32,R32,0.08421052631578947,1.0,1.0,0.9523809523809523,49.393483709273184,43,Newport,Hall of Fame Championships,2024-07-16,ATP250,Outdoor,Grass,1st Round,3,Rinderknech A.,Mochizuki S.,66,156.0,794,385.0,6.0,3.0,7.0,6.0,,,,,,,2.0,0.0,Completed,1.4,3.0,1.46,2.91,1.53,3.0,1.43,2.78,10467,1651
10469,1833,1796,1796,2024-07-15,2024-07-16,1,spizzirri|e / tu|l,Newport,Hall of Fame Championships,R32,R32,0.08421052631578947,1.0,1.0,0.9523809523809523,49.393483709273184,43,Newport,Hall of Fame Championships,2024-07-16,ATP250,Outdoor,Grass,1st Round,3,Spizzirri E.,Tu L.,393,208.0,123,294.0,6.0,1.0,7.0,6.0,,,,,,,2.0,0.0,Completed,2.5,1.53,2.73,1.51,2.73,1.62,2.47,1.52,10469,1652
10470,1834,1794,1794,2024-07-15,2024-07-16,1,polmans|m / quinn|e,Newport,Hall of Fame Championships,R32,R32,0.08421052631578947,1.0,1.0,0.9523809523809523,49.393483709273184,43,Newport,Hall of Fame Championships,2024-07-16,ATP250,Outdoor,Grass,1st Round,3,Quinn E.,Polmans M.,254,217.0,225,278.0,6.0,3.0,6.0,7.0,6.0,1.0,,,,,2.0,1.0,Completed,2.1,1.73,2.18,1.75,2.18,1.83,2.05,1.74,10470,1653
10471,1835,1797,1797,2024-07-15,2024-07-16,1,nakashima|b / nava|e,Newport,Hall of Fame Championships,R32,R32,0.08421052631578947,1.0,1.0,0.9523809523809523,49.393483709273184,43,Newport,Hall of Fame Championships,2024-07-16,ATP250,Outdoor,Grass,1st Round,3,Nakashima B.,Nava E.,53,148.0,915,415.0,7.0,5.0,6.0,2.0,,,,,,,2.0,0.0,Completed,1.14,5.5,1.18,5.49,1.2,5.5,1.17,4.93,10471,1654
10472,1836,1795,1795,2024-07-15,2024-07-16,1,bolt|a / mensik|j,Newport,Hall of Fame Championships,R32,R32,0.08421052631578947,1.0,1.0,0.9523809523809523,49.393483709273184,43,Newport,Hall of Fame Championships,2024-07-16,ATP250,Outdoor,Grass,1st Round,3,Bolt A.,Mensik J.,210,79.0,292,728.0,6.0,2.0,6.0,4.0,,,,,,,2.0,0.0,Completed,2.3,1.62,2.25,1.71,2.4,1.71,2.25,1.63,10472,1655
10473,1837,1793,1793,2024-07-15,2024-07-16,1,paire|b / svajda|z,Newport,Hall of Fame Championships,R32,R32,0.08421052631578947,1.0,1.0,0.9523809523809523,49.393483709273184,43,Newport,Hall of Fame Championships,2024-07-16,ATP250,Outdoor,Grass,1st Round,3,Paire B.,Svajda Z.,227,113.0,261,541.0,6.0,3.0,3.0,6.0,7.0,6.0,,,,,2.0,1.0,Completed,5.5,1.14,5.51,1.18,5.51,1.18,5.12,1.16,10473,1656
10369,1733,1742,1742,2024-07-15,2024-07-17,2,medjedovic|h / tsitsipas|s,Gstaad,Suisse Open Gstaad,R16,R16,0.5052631578947369,1.0,1.0,0.9047619047619048,72.31328320802004,41,Gstaad,Suisse Open Gstaad,2024-07-17,ATP250,Outdoor,Clay,2nd Round,3,Tsitsipas S.,Medjedovic H.,12,122.0,3615,506.0,7.0,6.0,6.0,3.0,,,,,,,2.0,0.0,Completed,1.36,3.2,1.39,3.29,1.38,3.29,1.35,3.11,10369,1657
10370,1734,1740,1740,2024-07-15,2024-07-17,2,fognini|f / varillas|j,Gstaad,Suisse Open Gstaad,R16,R16,0.5052631578947369,1.0,1.0,0.9047619047619048,72.31328320802004,41,Gstaad,Suisse Open Gstaad,2024-07-17,ATP250,Outdoor,Clay,2nd Round,3,Fognini F.,Varillas J.P.,80,162.0,727,367.0,3.0,6.0,7.0,6.0,7.0,5.0,,,,,2.0,1.0,Completed,1.67,2.2,1.76,2.2,1.81,2.22,1.73,2.07,10370,1658
10373,1737,1743,1743,2024-07-15,2024-07-17,2,riedi|l / struff|j,Gstaad,Suisse Open Gstaad,R16,R16,0.5052631578947369,1.0,1.0,0.9047619047619048,72.31328320802004,41,Gstaad,Suisse Open Gstaad,2024-07-17,ATP250,Outdoor,Clay,2nd Round,3,Struff J.L.,Riedi L.,37,134.0,1235,473.0,7.0,6.0,7.0,6.0,,,,,,,2.0,0.0,Completed,1.33,3.4,1.37,3.4,1.37,3.5,1.34,3.19,10373,1659
10374,1738,1741,1741,2024-07-15,2024-07-17,2,etcheverry|t / van de zandschulp|b,Gstaad,Suisse Open Gstaad,R16,R16,0.5052631578947369,1.0,1.0,0.9047619047619048,72.31328320802004,41,Gstaad,Suisse Open Gstaad,2024-07-17,ATP250,Outdoor,Clay,2nd Round,3,Etcheverry T.,Van De Zandschulp B.,32,87.0,1295,687.0,6.0,2.0,2.0,6.0,6.0,3.0,,,,,2.0,1.0,Completed,1.5,2.63,1.56,2.61,1.56,2.75,1.5,2.53,10374,1660
10398,1762,1773,1773,2024-07-15,2024-07-17,2,cerundolo|f / marterer|m,Hamburg,European Open,R16,R16,0.21333333333333335,1.0,1.0,0.9047619047619048,56.25714285714286,42,Hamburg,European Open,2024-07-17,ATP250,Outdoor,Clay,2nd Round,3,Cerundolo F.,Marterer M.,33,108.0,1280,587.0,6.0,0.0,6.0,2.0,,,,,,,2.0,0.0,Completed,1.25,4.0,1.24,4.59,1.25,4.59,1.23,4.04,10398,1661
10399,1763,1772,1772,2024-07-15,2024-07-17,2,blanchet|u / martinez|p,Hamburg,European Open,R16,R16,0.21333333333333335,1.0,1.0,0.9047619047619048,56.25714285714286,42,Hamburg,European Open,2024-07-17,ATP250,Outdoor,Clay,2nd Round,3,Martinez P.,Blanchet U.,49,161.0,974,370.0,6.0,4.0,0.0,6.0,7.0,5.0,,,,,2.0,1.0,Completed,1.33,3.4,1.37,3.37,1.38,3.45,1.34,3.2,10399,1662
10400,1764,1771,1771,2024-07-15,2024-07-17,2,darderi|l / shevchenko|a,Hamburg,European Open,R16,R16,0.21333333333333335,1.0,1.0,0.9047619047619048,56.25714285714286,42,Hamburg,European Open,2024-07-17,ATP250,Outdoor,Clay,2nd Round,3,Darderi L.,Shevchenko A.,35,56.0,1256,860.0,6.0,3.0,2.0,6.0,6.0,3.0,,,,,2.0,1.0,Completed,1.36,3.2,1.43,3.06,1.46,3.2,1.39,2.93,10400,1663
10401,1765,1774,1774,2024-07-15,2024-07-17,2,baez|s / lajovic|d,Hamburg,European Open,R16,R16,0.21333333333333335,1.0,1.0,0.9047619047619048,56.25714285714286,42,Hamburg,European Open,2024-07-17,ATP250,Outdoor,Clay,2nd Round,3,Baez S.,Lajovic D.,19,55.0,2020,871.0,4.0,6.0,7.0,5.0,6.0,2.0,,,,,2.0,1.0,Completed,1.4,3.0,1.38,3.31,1.4,3.31,1.37,3.01,10401,1664
10404,1768,1770,1770,2024-07-15,2024-07-17,2,de jong|j / zverev|a,Hamburg,European Open,R32,R32,0.21333333333333335,1.0,1.0,0.9047619047619048,56.25714285714286,42,Hamburg,European Open,2024-07-17,ATP250,Outdoor,Clay,1st Round,3,Zverev A.,De Jong J.,4,114.0,7015,533.0,6.0,2.0,6.0,2.0,,,,,,,2.0,0.0,Completed,1.08,8.0,1.11,8.08,1.11,8.08,1.09,7.15,10404,1665
10427,1791,1716,1716,2024-07-15,2024-07-17,2,rublev|a / tirante|t,Bastad,Nordea Open,R16,R16,0.13333333333333333,1.0,1.0,0.9047619047619048,51.85714285714286,40,Bastad,Nordea Open,2024-07-17,ATP250,Outdoor,Clay,2nd Round,3,Tirante T.A.,Rublev A.,121,8.0,508,4070.0,7.0,6.0,3.0,6.0,6.0,4.0,,,,,2.0,1.0,Completed,5.0,1.17,5.75,1.18,5.75,1.21,4.77,1.18,10427,1666
10428,1792,1714,1714,2024-07-15,2024-07-17,2,baena|r / yevseyev|d <> carballes baena|r / yevseyev|d,Bastad,Nordea Open,R16,R16,0.13333333333333333,1.0,1.0,0.9047619047619048,51.85714285714286,40,Bastad,Nordea Open,2024-07-17,ATP250,Outdoor,Clay,2nd Round,3,Carballes Baena R.,Yevseyev D.,54,160.0,906,370.0,2.0,6.0,6.0,3.0,6.0,2.0,,,,,2.0,1.0,Completed,1.17,5.0,1.16,6.2,1.18,6.2,1.16,5.24,10428,1667
10433,1797,1715,1715,2024-07-15,2024-07-17,2,ajdukovic|d / kotov|p,Bastad,Nordea Open,R16,R16,0.13333333333333333,1.0,1.0,0.9047619047619048,51.85714285714286,40,Bastad,Nordea Open,2024-07-17,ATP250,Outdoor,Clay,2nd Round,3,Ajdukovic D.,Kotov P.,130,60.0,478,821.0,7.0,6.0,3.0,6.0,6.0,3.0,,,,,2.0,1.0,Completed,2.75,1.44,2.8,1.5,2.8,1.51,2.63,1.47,10433,1668
10434,1798,1713,1713,2024-07-15,2024-07-17,2,monteiro|t / ruud|c,Bastad,Nordea Open,R16,R16,0.13333333333333333,1.0,1.0,0.9047619047619048,51.85714285714286,40,Bastad,Nordea Open,2024-07-17,ATP250,Outdoor,Clay,2nd Round,3,Monteiro T.,Ruud C.,85,9.0,700,4030.0,6.0,3.0,6.0,3.0,,,,,,,2.0,0.0,Completed,6.0,1.13,5.24,1.2,6.0,1.2,5.06,1.16,10434,1669
10454,1818,1800,1800,2024-07-15,2024-07-17,2,mannarino|a / opelka|r,Newport,Hall of Fame Championships,R16,R16,0.08421052631578947,1.0,1.0,0.9047619047619048,49.15538847117795,43,Newport,Hall of Fame Championships,2024-07-17,ATP250,Outdoor,Grass,2nd Round,3,Opelka R.,Mannarino A.,1187,25.0,7,1590.0,6.0,4.0,3.0,6.0,6.0,4.0,,,,,2.0,1.0,Completed,2.2,1.67,2.33,1.68,2.33,1.75,2.18,1.67,10454,1670
10455,1819,1801,1801,2024-07-15,2024-07-17,2,harris|b / mcdonald|m,Newport,Hall of Fame Championships,R16,R16,0.08421052631578947,1.0,1.0,0.9047619047619048,49.15538847117795,43,Newport,Hall of Fame Championships,2024-07-17,ATP250,Outdoor,Grass,2nd Round,3,Mcdonald M.,Harris B.,99,116.0,626,529.0,6.0,3.0,6.0,4.0,,,,,,,2.0,0.0,Completed,1.57,2.38,1.64,2.42,1.64,2.42,1.58,2.33,10455,1671
10456,1820,1799,1799,2024-07-15,2024-07-17,2,cressy|m / michelsen|a,Newport,Hall of Fame Championships,R16,R16,0.08421052631578947,1.0,1.0,0.9047619047619048,49.15538847117795,43,Newport,Hall of Fame Championships,2024-07-17,ATP250,Outdoor,Grass,2nd Round,3,Michelsen A.,Cressy M.,61,180.0,816,333.0,6.0,4.0,6.0,4.0,,,,,,,2.0,0.0,Completed,1.62,2.3,1.61,2.47,1.63,2.47,1.59,2.33,10456,1672
10457,1821,1798,1798,2024-07-15,2024-07-17,2,kovacevic|a / rinderknech|a,Newport,Hall of Fame Championships,R16,R16,0.08421052631578947,1.0,1.0,0.9047619047619048,49.15538847117795,43,Newport,Hall of Fame Championships,2024-07-17,ATP250,Outdoor,Grass,2nd Round,3,Kovacevic A.,Rinderknech A.,91,66.0,668,794.0,6.0,3.0,3.0,6.0,7.0,5.0,,,,,2.0,1.0,Completed,2.38,1.57,2.35,1.67,2.4,1.69,2.26,1.62,10457,1673
10458,1822,1803,1803,2024-07-15,2024-07-17,2,spizzirri|e / vukic|a,Newport,Hall of Fame Championships,R16,R16,0.08421052631578947,1.0,1.0,0.9047619047619048,49.15538847117795,43,Newport,Hall of Fame Championships,2024-07-17,ATP250,Outdoor,Grass,2nd Round,3,Vukic A.,Spizzirri E.,65,393.0,794,123.0,6.0,2.0,7.0,6.0,,,,,,,2.0,0.0,Completed,1.33,3.4,1.38,3.36,1.38,3.4,1.35,3.15,10458,1674
10459,1823,1802,1802,2024-07-15,2024-07-17,2,eubanks|c / quinn|e,Newport,Hall of Fame Championships,R16,R16,0.08421052631578947,1.0,1.0,0.9047619047619048,49.15538847117795,43,Newport,Hall of Fame Championships,2024-07-17,ATP250,Outdoor,Grass,2nd Round,3,Eubanks C.,Quinn E.,128,254.0,485,225.0,7.0,6.0,3.0,6.0,6.0,3.0,,,,,2.0,1.0,Completed,1.44,2.75,1.5,2.8,1.5,2.9,1.45,2.7,10459,1675
10460,1824,1804,1804,2024-07-15,2024-07-17,2,bolt|a / nakashima|b,Newport,Hall of Fame Championships,R16,R16,0.08421052631578947,1.0,1.0,0.9047619047619048,49.15538847117795,43,Newport,Hall of Fame Championships,2024-07-17,ATP250,Outdoor,Grass,2nd Round,3,Bolt A.,Nakashima B.,210,53.0,292,915.0,7.0,6.0,6.0,4.0,,,,,,,2.0,0.0,Completed,3.75,1.29,3.76,1.32,3.76,1.35,3.47,1.3,10460,1676
10371,1735,1747,1747,2024-07-15,2024-07-18,3,aliassime|f / hanfmann|y <> auger aliassime|f / hanfmann|y,Gstaad,Suisse Open Gstaad,R16,R16,0.5052631578947369,1.0,1.0,0.8571428571428572,72.07518796992481,41,Gstaad,Suisse Open Gstaad,2024-07-18,ATP250,Outdoor,Clay,2nd Round,3,Auger-Aliassime F.,Hanfmann Y.,18,111.0,2075,556.0,7.0,6.0,6.0,2.0,,,,,,,2.0,0.0,Completed,1.44,2.75,1.48,2.87,1.48,2.95,1.43,2.77,10371,1677
10372,1736,1746,1746,2024-07-15,2024-07-18,3,berrettini|m / galan|d,Gstaad,Suisse Open Gstaad,R16,R16,0.5052631578947369,1.0,1.0,0.8571428571428572,72.07518796992481,41,Gstaad,Suisse Open Gstaad,2024-07-18,ATP250,Outdoor,Clay,2nd Round,3,Berrettini M.,Galan D.E.,82,142.0,715,444.0,6.0,4.0,6.0,2.0,,,,,,,2.0,0.0,Completed,1.14,5.5,1.17,5.84,1.19,5.84,1.15,5.19,10372,1678
10375,1739,1744,1744,2024-07-15,2024-07-18,3,halys|q / klein|l,Gstaad,Suisse Open Gstaad,R16,R16,0.5052631578947369,1.0,1.0,0.8571428571428572,72.07518796992481,41,Gstaad,Suisse Open Gstaad,2024-07-18,ATP250,Outdoor,Clay,2nd Round,3,Halys Q.,Klein L.,192,118.0,312,511.0,6.0,3.0,6.0,7.0,6.0,4.0,,,,,2.0,1.0,Completed,1.91,1.91,1.94,1.96,1.94,1.99,1.87,1.91,10375,1679
10376,1740,1745,1745,2024-07-15,2024-07-18,3,heide|g / humbert|u,Gstaad,Suisse Open Gstaad,R16,R16,0.5052631578947369,1.0,1.0,0.8571428571428572,72.07518796992481,41,Gstaad,Suisse Open Gstaad,2024-07-18,ATP250,Outdoor,Clay,2nd Round,3,Heide G.,Humbert U.,178,15.0,334,2490.0,6.0,7.0,6.0,2.0,6.0,3.0,,,,,2.0,1.0,Completed,3.5,1.3,3.61,1.34,3.61,1.34,3.34,1.31,10376,1680
10396,1760,1778,1778,2024-07-15,2024-07-18,3,gaston|h / zverev|a,Hamburg,European Open,R16,R16,0.21333333333333335,1.0,1.0,0.8571428571428572,56.01904761904762,42,Hamburg,European Open,2024-07-18,ATP250,Outdoor,Clay,2nd Round,3,Zverev A.,Gaston H.,4,81.0,7015,715.0,4.0,6.0,6.0,2.0,7.0,5.0,,,,,2.0,1.0,Completed,1.08,8.0,1.08,10.25,1.1,10.29,1.07,7.92,10396,1681
10402,1766,1775,1775,2024-07-15,2024-07-18,3,djere|l / fils|a,Hamburg,European Open,R16,R16,0.21333333333333335,1.0,1.0,0.8571428571428572,56.01904761904762,42,Hamburg,European Open,2024-07-18,ATP250,Outdoor,Clay,2nd Round,3,Fils A.,Djere L.,28,57.0,1450,856.0,7.0,6.0,6.0,2.0,,,,,,,2.0,0.0,Completed,1.5,2.63,1.57,2.57,1.57,2.74,1.51,2.5,10402,1682
10403,1767,1777,1777,2024-07-15,2024-07-18,3,rune|h / trungelliti|m,Hamburg,European Open,R16,R16,0.21333333333333335,1.0,1.0,0.8571428571428572,56.01904761904762,42,Hamburg,European Open,2024-07-18,ATP250,Outdoor,Clay,2nd Round,3,Rune H.,Trungelliti M.,17,151.0,2210,393.0,6.0,4.0,6.0,3.0,,,,,,,2.0,0.0,Completed,1.17,5.0,1.15,6.38,1.17,6.38,1.14,5.44,10403,1683
10429,1793,1718,1718,2024-07-15,2024-07-18,3,griekspoor|t / skatov|t,Bastad,Nordea Open,R16,R16,0.13333333333333333,1.0,1.0,0.8571428571428572,51.61904761904762,40,Bastad,Nordea Open,2024-07-18,ATP250,Outdoor,Clay,2nd Round,3,Skatov T.,Griekspoor T.,223,27.0,265,1510.0,1.0,6.0,6.0,3.0,6.0,4.0,,,,,2.0,1.0,Completed,3.0,1.4,3.39,1.37,3.39,1.44,2.95,1.39,10429,1684
10430,1794,1720,1720,2024-07-15,2024-07-18,3,borges|n / rocha|h,Bastad,Nordea Open,R16,R16,0.13333333333333333,1.0,1.0,0.8571428571428572,51.61904761904762,40,Bastad,Nordea Open,2024-07-18,ATP250,Outdoor,Clay,2nd Round,3,Borges N.,Rocha H.,51,182.0,936,329.0,1.0,6.0,6.0,4.0,6.0,0.0,,,,,2.0,1.0,Completed,1.57,2.38,1.51,2.75,1.57,2.75,1.51,2.51,10430,1685
10431,1795,1719,1719,2024-07-15,2024-07-18,3,nadal|r / norrie|c,Bastad,Nordea Open,R16,R16,0.13333333333333333,1.0,1.0,0.8571428571428572,51.61904761904762,40,Bastad,Nordea Open,2024-07-18,ATP250,Outdoor,Clay,2nd Round,3,Nadal R.,Norrie C.,261,42.0,215,1125.0,6.0,4.0,6.0,4.0,,,,,,,2.0,0.0,Completed,1.5,2.63,1.57,2.57,1.57,2.63,1.5,2.53,10431,1686
10432,1796,1717,1717,2024-07-15,2024-07-18,3,nagal|s / navone|m,Bastad,Nordea Open,R16,R16,0.13333333333333333,1.0,1.0,0.8571428571428572,51.61904761904762,40,Bastad,Nordea Open,2024-07-18,ATP250,Outdoor,Clay,2nd Round,3,Navone M.,Nagal S.,36,68.0,1242,779.0,6.0,4.0,6.0,2.0,,,,,,,2.0,0.0,Completed,1.57,2.38,1.62,2.46,1.64,2.48,1.57,2.37,10432,1687
10450,1814,1807,1807,2024-07-15,2024-07-18,3,mcdonald|m / opelka|r,Newport,Hall of Fame Championships,QF,QF,0.08421052631578947,1.0,1.0,0.8571428571428572,48.91729323308271,43,Newport,Hall of Fame Championships,2024-07-18,ATP250,Outdoor,Grass,Quarterfinals,3,Opelka R.,Mcdonald M.,1187,99.0,7,626.0,4.0,6.0,6.0,3.0,6.0,4.0,,,,,2.0,1.0,Completed,2.38,1.57,2.34,1.68,2.4,1.74,2.28,1.61,10450,1688
10451,1815,1806,1806,2024-07-15,2024-07-18,3,kovacevic|a / michelsen|a,Newport,Hall of Fame Championships,QF,QF,0.08421052631578947,1.0,1.0,0.8571428571428572,48.91729323308271,43,Newport,Hall of Fame Championships,2024-07-18,ATP250,Outdoor,Grass,Quarterfinals,3,Michelsen A.,Kovacevic A.,61,91.0,816,668.0,6.0,4.0,6.0,4.0,,,,,,,2.0,0.0,Completed,1.44,2.75,1.46,2.93,1.47,2.93,1.43,2.77,10451,1689
10461,1825,1805,1805,2024-07-15,2024-07-18,3,giron|m / paire|b,Newport,Hall of Fame Championships,R16,R16,0.08421052631578947,1.0,1.0,0.8571428571428572,48.91729323308271,43,Newport,Hall of Fame Championships,2024-07-18,ATP250,Outdoor,Grass,2nd Round,3,Giron M.,Paire B.,46,227.0,1025,261.0,4.0,6.0,7.0,5.0,6.0,4.0,,,,,2.0,1.0,Completed,1.14,5.5,1.19,5.52,1.19,5.52,1.15,5.22,10461,1690
10365,1729,1750,1750,2024-07-15,2024-07-19,4,fognini|f / tsitsipas|s,Gstaad,Suisse Open Gstaad,QF,QF,0.5052631578947369,1.0,1.0,0.8095238095238095,71.83709273182957,41,Gstaad,Suisse Open Gstaad,2024-07-19,ATP250,Outdoor,Clay,Quarterfinals,3,Tsitsipas S.,Fognini F.,12,80.0,3615,727.0,6.0,4.0,6.0,3.0,,,,,,,2.0,0.0,Completed,1.11,6.5,1.15,6.48,1.15,6.5,1.12,5.92,10365,1691
10366,1730,1751,1751,2024-07-15,2024-07-19,4,aliassime|f / berrettini|m <> auger aliassime|f / berrettini|m,Gstaad,Suisse Open Gstaad,QF,QF,0.5052631578947369,1.0,1.0,0.8095238095238095,71.83709273182957,41,Gstaad,Suisse Open Gstaad,2024-07-19,ATP250,Outdoor,Clay,Quarterfinals,3,Berrettini M.,Auger-Aliassime F.,82,18.0,715,2075.0,7.0,6.0,7.0,6.0,,,,,,,2.0,0.0,Completed,1.57,2.38,1.65,2.4,1.65,2.41,1.61,2.28,10366,1692
10367,1731,1749,1749,2024-07-15,2024-07-19,4,etcheverry|t / struff|j,Gstaad,Suisse Open Gstaad,QF,QF,0.5052631578947369,1.0,1.0,0.8095238095238095,71.83709273182957,41,Gstaad,Suisse Open Gstaad,2024-07-19,ATP250,Outdoor,Clay,Quarterfinals,3,Struff J.L.,Etcheverry T.,37,32.0,1235,1295.0,7.0,5.0,3.0,6.0,6.0,3.0,,,,,2.0,1.0,Completed,1.62,2.3,1.65,2.4,1.67,2.4,1.63,2.27,10367,1693
10368,1732,1748,1748,2024-07-15,2024-07-19,4,halys|q / heide|g,Gstaad,Suisse Open Gstaad,QF,QF,0.5052631578947369,1.0,1.0,0.8095238095238095,71.83709273182957,41,Gstaad,Suisse Open Gstaad,2024-07-19,ATP250,Outdoor,Clay,Quarterfinals,3,Halys Q.,Heide G.,192,178.0,312,334.0,6.0,1.0,7.0,5.0,,,,,,,2.0,0.0,Completed,1.67,2.2,1.69,2.31,1.69,2.32,1.65,2.22,10368,1694
10393,1757,1781,1781,2024-07-15,2024-07-19,4,cerundolo|f / martinez|p,Hamburg,European Open,QF,QF,0.21333333333333335,1.0,1.0,0.8095238095238095,55.780952380952385,42,Hamburg,European Open,2024-07-19,ATP250,Outdoor,Clay,Quarterfinals,3,Martinez P.,Cerundolo F.,49,33.0,974,1280.0,1.0,6.0,6.0,1.0,6.0,4.0,,,,,2.0,1.0,Completed,3.5,1.3,3.93,1.3,4.01,1.31,3.59,1.28,10393,1695
10394,1758,1779,1779,2024-07-15,2024-07-19,4,baez|s / darderi|l,Hamburg,European Open,QF,QF,0.21333333333333335,1.0,1.0,0.8095238095238095,55.780952380952385,42,Hamburg,European Open,2024-07-19,ATP250,Outdoor,Clay,Quarterfinals,3,Baez S.,Darderi L.,19,35.0,2020,1256.0,2.0,6.0,6.0,4.0,6.0,4.0,,,,,2.0,1.0,Completed,1.57,2.38,1.58,2.55,1.67,2.55,1.58,2.37,10394,1696
10395,1759,1780,1780,2024-07-15,2024-07-19,4,fils|a / rune|h,Hamburg,European Open,QF,QF,0.21333333333333335,1.0,1.0,0.8095238095238095,55.780952380952385,42,Hamburg,European Open,2024-07-19,ATP250,Outdoor,Clay,Quarterfinals,3,Fils A.,Rune H.,28,17.0,1450,2210.0,6.0,4.0,4.0,1.0,,,,,,,1.0,0.0,Retired,2.3,1.62,2.37,1.66,2.43,1.68,2.29,1.61,10395,1697
10423,1787,1723,1723,2024-07-15,2024-07-19,4,baena|r / tirante|t <> carballes baena|r / tirante|t,Bastad,Nordea Open,QF,QF,0.13333333333333333,1.0,1.0,0.8095238095238095,51.38095238095238,40,Bastad,Nordea Open,2024-07-19,ATP250,Outdoor,Clay,Quarterfinals,3,Tirante T.A.,Carballes Baena R.,121,54.0,508,906.0,6.0,3.0,2.0,6.0,7.0,5.0,,,,,2.0,1.0,Completed,2.75,1.44,2.9,1.47,2.9,1.49,2.76,1.44,10423,1698
10424,1788,1724,1724,2024-07-15,2024-07-19,4,borges|n / skatov|t,Bastad,Nordea Open,QF,QF,0.13333333333333333,1.0,1.0,0.8095238095238095,51.38095238095238,40,Bastad,Nordea Open,2024-07-19,ATP250,Outdoor,Clay,Quarterfinals,3,Borges N.,Skatov T.,51,223.0,936,265.0,6.0,4.0,6.0,3.0,,,,,,,2.0,0.0,Completed,1.57,2.38,1.59,2.54,1.64,2.54,1.58,2.33,10424,1699
10425,1789,1722,1722,2024-07-15,2024-07-19,4,nadal|r / navone|m,Bastad,Nordea Open,QF,QF,0.13333333333333333,1.0,1.0,0.8095238095238095,51.38095238095238,40,Bastad,Nordea Open,2024-07-19,ATP250,Outdoor,Clay,Quarterfinals,3,Nadal R.,Navone M.,261,36.0,215,1242.0,6.0,7.0,7.0,5.0,7.0,5.0,,,,,2.0,1.0,Completed,1.36,3.2,1.41,3.17,1.44,3.25,1.37,3.06,10425,1700
10426,1790,1721,1721,2024-07-15,2024-07-19,4,ajdukovic|d / monteiro|t,Bastad,Nordea Open,QF,QF,0.13333333333333333,1.0,1.0,0.8095238095238095,51.38095238095238,40,Bastad,Nordea Open,2024-07-19,ATP250,Outdoor,Clay,Quarterfinals,3,Ajdukovic D.,Monteiro T.,130,85.0,478,700.0,6.0,2.0,4.0,6.0,6.0,4.0,,,,,2.0,1.0,Completed,3.5,1.3,3.9,1.3,3.9,1.33,3.56,1.29,10426,1701
10452,1816,1808,1808,2024-07-15,2024-07-19,4,eubanks|c / vukic|a,Newport,Hall of Fame Championships,QF,QF,0.08421052631578947,1.0,1.0,0.8095238095238095,48.679197994987476,43,Newport,Hall of Fame Championships,2024-07-19,ATP250,Outdoor,Grass,Quarterfinals,3,Eubanks C.,Vukic A.,128,65.0,485,794.0,6.0,2.0,4.0,6.0,7.0,6.0,,,,,2.0,1.0,Completed,2.5,1.53,2.63,1.55,2.63,1.58,2.51,1.52,10452,1702
10453,1817,1809,1809,2024-07-15,2024-07-19,4,bolt|a / giron|m,Newport,Hall of Fame Championships,QF,QF,0.08421052631578947,1.0,1.0,0.8095238095238095,48.679197994987476,43,Newport,Hall of Fame Championships,2024-07-19,ATP250,Outdoor,Grass,Quarterfinals,3,Giron M.,Bolt A.,46,210.0,1025,292.0,6.0,4.0,6.0,1.0,,,,,,,2.0,0.0,Completed,1.5,2.63,1.54,2.66,1.59,2.66,1.51,2.5,10453,1703
10363,1727,1753,1753,2024-07-15,2024-07-20,5,berrettini|m / tsitsipas|s,Gstaad,Suisse Open Gstaad,SF,SF,0.5052631578947369,1.0,1.0,0.7619047619047619,71.59899749373433,41,Gstaad,Suisse Open Gstaad,2024-07-20,ATP250,Outdoor,Clay,Semifinals,3,Berrettini M.,Tsitsipas S.,82,12.0,715,3615.0,7.0,6.0,7.0,5.0,,,,,,,2.0,0.0,Completed,2.2,1.67,2.31,1.69,2.31,1.7,2.2,1.66,10363,1704
10364,1728,1752,1752,2024-07-15,2024-07-20,5,halys|q / struff|j,Gstaad,Suisse Open Gstaad,SF,SF,0.5052631578947369,1.0,1.0,0.7619047619047619,71.59899749373433,41,Gstaad,Suisse Open Gstaad,2024-07-20,ATP250,Outdoor,Clay,Semifinals,3,Halys Q.,Struff J.L.,192,37.0,312,1235.0,6.0,3.0,7.0,6.0,,,,,,,2.0,0.0,Completed,2.75,1.44,3.11,1.42,3.11,1.45,2.77,1.43,10364,1705
10390,1754,1784,1784,2024-07-15,2024-07-20,5,martinez|p / zverev|a,Hamburg,European Open,SF,SF,0.21333333333333335,1.0,1.0,0.7619047619047619,55.542857142857144,42,Hamburg,European Open,2024-07-20,ATP250,Outdoor,Clay,Semifinals,3,Zverev A.,Martinez P.,4,49.0,7015,974.0,6.0,2.0,6.0,4.0,,,,,,,2.0,0.0,Completed,1.1,7.0,1.11,8.3,1.12,8.3,1.1,6.95,10390,1706
10391,1755,1783,1783,2024-07-15,2024-07-20,5,baez|s / fils|a,Hamburg,European Open,SF,SF,0.21333333333333335,1.0,1.0,0.7619047619047619,55.542857142857144,42,Hamburg,European Open,2024-07-20,ATP250,Outdoor,Clay,Semifinals,3,Fils A.,Baez S.,28,19.0,1450,2020.0,6.0,2.0,6.0,2.0,,,,,,,2.0,0.0,Completed,1.73,2.1,1.83,2.09,1.83,2.23,1.7,2.12,10391,1707
10421,1785,1726,1726,2024-07-15,2024-07-20,5,borges|n / tirante|t,Bastad,Nordea Open,SF,SF,0.13333333333333333,1.0,1.0,0.7619047619047619,51.142857142857146,40,Bastad,Nordea Open,2024-07-20,ATP250,Outdoor,Clay,Semifinals,3,Borges N.,Tirante T.A.,51,121.0,936,508.0,6.0,3.0,6.0,4.0,,,,,,,2.0,0.0,Completed,1.53,2.5,1.56,2.6,1.59,2.6,1.53,2.45,10421,1708
10422,1786,1725,1725,2024-07-15,2024-07-20,5,ajdukovic|d / nadal|r,Bastad,Nordea Open,SF,SF,0.13333333333333333,1.0,1.0,0.7619047619047619,51.142857142857146,40,Bastad,Nordea Open,2024-07-20,ATP250,Outdoor,Clay,Semifinals,3,Nadal R.,Ajdukovic D.,261,130.0,215,478.0,4.0,6.0,6.0,3.0,6.0,4.0,,,,,2.0,1.0,Completed,1.3,3.5,1.34,3.63,1.34,3.98,1.31,3.43,10422,1709
10448,1812,1810,1810,2024-07-15,2024-07-20,5,michelsen|a / opelka|r,Newport,Hall of Fame Championships,SF,SF,0.08421052631578947,1.0,1.0,0.7619047619047619,48.441102756892235,43,Newport,Hall of Fame Championships,2024-07-20,ATP250,Outdoor,Grass,Semifinals,3,Michelsen A.,Opelka R.,61,1187.0,816,7.0,6.0,2.0,6.0,0.0,,,,,,,2.0,0.0,Completed,1.62,2.3,1.63,2.43,1.68,2.43,1.62,2.27,10448,1710
10449,1813,1811,1811,2024-07-15,2024-07-20,5,eubanks|c / giron|m,Newport,Hall of Fame Championships,SF,SF,0.08421052631578947,1.0,1.0,0.7619047619047619,48.441102756892235,43,Newport,Hall of Fame Championships,2024-07-20,ATP250,Outdoor,Grass,Semifinals,3,Giron M.,Eubanks C.,46,128.0,1025,485.0,6.0,4.0,3.0,6.0,6.0,2.0,,,,,2.0,1.0,Completed,1.53,2.5,1.56,2.6,1.59,2.6,1.53,2.46,10449,1711
10362,1726,1754,1754,2024-07-15,2024-07-21,6,berrettini|m / halys|q,Gstaad,Suisse Open Gstaad,F,F,0.5052631578947369,1.0,1.0,0.7142857142857143,71.36090225563909,41,Gstaad,Suisse Open Gstaad,2024-07-21,ATP250,Outdoor,Clay,The Final,3,Berrettini M.,Halys Q.,82,192.0,715,312.0,6.0,3.0,6.0,1.0,,,,,,,2.0,0.0,Completed,1.25,4.0,1.29,4.01,1.29,4.06,1.26,3.78,10362,1712
10389,1753,1785,1785,2024-07-15,2024-07-21,6,fils|a / zverev|a,Hamburg,European Open,F,F,0.21333333333333335,1.0,1.0,0.7142857142857143,55.304761904761904,42,Hamburg,European Open,2024-07-21,ATP250,Outdoor,Clay,The Final,3,Fils A.,Zverev A.,28,4.0,1450,7015.0,6.0,3.0,3.0,6.0,7.0,6.0,,,,,2.0,1.0,Completed,3.4,1.33,3.56,1.34,3.56,1.39,3.31,1.32,10389,1713
10420,1784,1727,1727,2024-07-15,2024-07-21,6,borges|n / nadal|r,Bastad,Nordea Open,F,F,0.13333333333333333,1.0,1.0,0.7142857142857143,50.904761904761905,40,Bastad,Nordea Open,2024-07-21,ATP250,Outdoor,Clay,The Final,3,Borges N.,Nadal R.,51,261.0,936,215.0,6.0,3.0,6.0,2.0,,,,,,,2.0,0.0,Completed,2.75,1.44,2.74,1.52,2.95,1.52,2.81,1.42,10420,1714
10447,1811,1812,1812,2024-07-15,2024-07-21,6,giron|m / michelsen|a,Newport,Hall of Fame Championships,F,F,0.08421052631578947,1.0,1.0,0.7142857142857143,48.203007518796994,43,Newport,Hall of Fame Championships,2024-07-21,ATP250,Outdoor,Grass,The Final,3,Giron M.,Michelsen A.,46,61.0,1025,816.0,6.0,7.0,6.0,3.0,7.0,5.0,,,,,2.0,1.0,Completed,2.3,1.62,2.53,1.59,2.55,1.68,2.36,1.57,10447,1715
10543,1907,1869,1869,2024-07-22,2024-07-21,-1,carabelli|c / mikrut|l <> mikrut|l / ugo carabelli|c,Umag,Croatia Open,R32,R32,0.14545454545454548,1.0,1.0,0.6666666666666667,51.333333333333336,46,Umag,Croatia Open,2024-07-21,ATP250,Outdoor,Clay,1st Round,3,Ugo Carabelli C.,Mikrut L.,96,350.0,645,143.0,6.0,2.0,7.0,5.0,,,,,,,2.0,0.0,Completed,1.36,3.2,1.4,3.17,1.4,3.25,1.37,3.04,10543,1716
10544,1908,1868,1868,2024-07-22,2024-07-21,-1,marozsan|f / shevchenko|a,Umag,Croatia Open,R32,R32,0.14545454545454548,1.0,1.0,0.6666666666666667,51.333333333333336,46,Umag,Croatia Open,2024-07-21,ATP250,Outdoor,Clay,1st Round,3,Marozsan F.,Shevchenko A.,49,58.0,995,885.0,6.0,4.0,4.0,6.0,7.0,6.0,,,,,2.0,1.0,Completed,1.57,2.38,1.67,2.34,1.67,2.46,1.59,2.31,10544,1717
10548,1912,1867,1867,2024-07-22,2024-07-21,-1,arnaldi|m / muller|a,Umag,Croatia Open,R32,R32,0.14545454545454548,1.0,1.0,0.6666666666666667,51.333333333333336,46,Umag,Croatia Open,2024-07-21,ATP250,Outdoor,Clay,1st Round,3,Muller A.,Arnaldi M.,102,40.0,606,1220.0,7.0,6.0,6.0,4.0,,,,,,,2.0,0.0,Completed,2.75,1.44,2.9,1.46,2.9,1.54,2.73,1.44,10548,1718
10490,1854,1815,1815,2024-07-22,2024-07-22,0,goffin|d / shapovalov|d,Atlanta,Atlanta Open,R32,R32,1.0,1.0,1.0,1.0,100.0,44,Atlanta,Atlanta Open,2024-07-22,ATP250,Outdoor,Hard,1st Round,3,Goffin D.,Shapovalov D.,98,140.0,630,450.0,6.0,4.0,3.0,6.0,6.0,1.0,,,,,2.0,1.0,Completed,2.75,1.44,2.85,1.47,2.89,1.47,2.78,1.43,10490,1719
10494,1858,1813,1813,2024-07-22,2024-07-22,0,cazaux|a / davidovich fokina|a <> cazaux|a / fokina|a,Atlanta,Atlanta Open,R32,R32,1.0,1.0,1.0,1.0,100.0,44,Atlanta,Atlanta Open,2024-07-22,ATP250,Outdoor,Hard,1st Round,3,Davidovich Fokina A.,Cazaux A.,43,92.0,1150,657.0,6.0,2.0,7.0,6.0,,,,,,,2.0,0.0,Completed,1.91,1.91,1.94,1.94,1.94,2.02,1.83,1.95,10494,1720
10496,1860,1814,1814,2024-07-22,2024-07-22,0,nishioka|y / svajda|z,Atlanta,Atlanta Open,R32,R32,1.0,1.0,1.0,1.0,100.0,44,Atlanta,Atlanta Open,2024-07-22,ATP250,Outdoor,Hard,1st Round,3,Nishioka Y.,Svajda Z.,86,115.0,699,541.0,7.0,6.0,6.0,3.0,,,,,,,2.0,0.0,Completed,1.91,1.91,1.87,2.03,1.91,2.05,1.82,1.96,10496,1721
10519,1883,1843,1843,2024-07-22,2024-07-22,0,klein|l / nagal|s,Kitzbuhel,Generali Open,R32,R32,0.09411764705882353,1.0,1.0,1.0,50.1764705882353,45,Kitzbuhel,Generali Open,2024-07-22,ATP250,Outdoor,Clay,1st Round,3,Nagal S.,Klein L.,80,119.0,729,520.0,6.0,4.0,1.0,6.0,7.0,6.0,,,,,2.0,1.0,Completed,2.63,1.5,2.3,1.68,2.63,1.68,2.27,1.62,10519,1722
10522,1886,1844,1844,2024-07-22,2024-07-22,0,djere|l / kopriva|v,Kitzbuhel,Generali Open,R32,R32,0.09411764705882353,1.0,1.0,1.0,50.1764705882353,45,Kitzbuhel,Generali Open,2024-07-22,ATP250,Outdoor,Clay,1st Round,3,Djere L.,Kopriva V.,57,113.0,896,553.0,7.0,6.0,6.0,3.0,,,,,,,2.0,0.0,Completed,1.44,2.75,1.55,2.61,1.55,2.75,1.49,2.57,10522,1723
10523,1887,1842,1842,2024-07-22,2024-07-22,0,schwaerzler|j / seyboth wild|t <> schwaerzler|j / wild|t,Kitzbuhel,Generali Open,R32,R32,0.09411764705882353,1.0,1.0,1.0,50.1764705882353,45,Kitzbuhel,Generali Open,2024-07-22,ATP250,Outdoor,Clay,1st Round,3,Seyboth Wild T.,Schwaerzler J.,72,392.0,755,123.0,6.0,2.0,7.0,6.0,,,,,,,2.0,0.0,Completed,1.36,3.2,1.42,3.08,1.42,3.71,1.35,3.1,10523,1724
10524,1888,1840,1840,2024-07-22,2024-07-22,0,hanfmann|y / munar|j,Kitzbuhel,Generali Open,R32,R32,0.09411764705882353,1.0,1.0,1.0,50.1764705882353,45,Kitzbuhel,Generali Open,2024-07-22,ATP250,Outdoor,Clay,1st Round,3,Hanfmann Y.,Munar J.,116,65.0,536,805.0,6.0,3.0,6.0,4.0,,,,,,,2.0,0.0,Completed,2.5,1.53,2.38,1.64,2.5,1.64,2.32,1.58,10524,1725
10545,1909,1870,1870,2024-07-22,2024-07-22,0,machac|t / monteiro|t,Umag,Croatia Open,R32,R32,0.14545454545454548,1.0,1.0,1.0,53.0,46,Umag,Croatia Open,2024-07-22,ATP250,Outdoor,Clay,1st Round,3,Monteiro T.,Machac T.,79,39.0,730,1229.0,3.0,6.0,6.0,3.0,6.0,4.0,,,,,2.0,1.0,Completed,2.1,1.73,2.14,1.78,2.24,1.8,2.07,1.74,10545,1726
10546,1910,1876,1876,2024-07-22,2024-07-22,0,couacaud|e / dodig|m,Umag,Croatia Open,R32,R32,0.14545454545454548,1.0,1.0,1.0,53.0,46,Umag,Croatia Open,2024-07-22,ATP250,Outdoor,Clay,1st Round,3,Dodig M.,Couacaud E.,310,205.0,172,292.0,3.0,6.0,6.0,3.0,6.0,2.0,,,,,2.0,1.0,Completed,2.75,1.44,2.73,1.51,2.75,1.55,2.61,1.48,10546,1727
10547,1911,1875,1875,2024-07-22,2024-07-22,0,poljicak|m / sonego|l,Umag,Croatia Open,R32,R32,0.14545454545454548,1.0,1.0,1.0,53.0,46,Umag,Croatia Open,2024-07-22,ATP250,Outdoor,Clay,1st Round,3,Sonego L.,Poljicak M.,54,481.0,921,87.0,6.0,2.0,6.0,7.0,7.0,6.0,,,,,2.0,1.0,Completed,1.2,4.5,1.2,5.11,1.21,5.25,1.19,4.51,10547,1728
10550,1914,1871,1871,2024-07-22,2024-07-22,0,mensik|j / popyrin|a,Umag,Croatia Open,R32,R32,0.14545454545454548,1.0,1.0,1.0,53.0,46,Umag,Croatia Open,2024-07-22,ATP250,Outdoor,Clay,1st Round,3,Mensik J.,Popyrin A.,81,46.0,721,1071.0,6.0,3.0,6.0,2.0,,,,,,,2.0,0.0,Completed,2.3,1.62,2.2,1.74,2.32,1.74,2.24,1.63,10550,1729
10552,1916,1873,1873,2024-07-22,2024-07-22,0,cobolli|f / navone|m,Umag,Croatia Open,R32,R32,0.14545454545454548,1.0,1.0,1.0,53.0,46,Umag,Croatia Open,2024-07-22,ATP250,Outdoor,Clay,1st Round,3,Cobolli F.,Navone M.,48,36.0,1025,1292.0,6.0,2.0,6.0,3.0,,,,,,,2.0,0.0,Completed,1.73,2.1,1.82,2.08,1.88,2.2,1.76,2.03,10552,1730
10553,1917,1874,1874,2024-07-22,2024-07-22,0,lajovic|d / misolic|f,Umag,Croatia Open,R32,R32,0.14545454545454548,1.0,1.0,1.0,53.0,46,Umag,Croatia Open,2024-07-22,ATP250,Outdoor,Clay,1st Round,3,Lajovic D.,Misolic F.,53,228.0,921,258.0,6.0,4.0,3.0,6.0,6.0,2.0,,,,,2.0,1.0,Completed,1.53,2.5,1.55,2.61,1.58,2.61,1.51,2.49,10553,1731
10554,1918,1872,1872,2024-07-22,2024-07-22,0,andreozzi|g / trungelliti|m,Umag,Croatia Open,R32,R32,0.14545454545454548,1.0,1.0,1.0,53.0,46,Umag,Croatia Open,2024-07-22,ATP250,Outdoor,Clay,1st Round,3,Trungelliti M.,Andreozzi G.,136,406.0,461,118.0,4.0,6.0,6.0,3.0,6.0,2.0,,,,,2.0,1.0,Completed,1.3,3.5,1.3,3.81,1.33,3.84,1.29,3.48,10554,1732
10492,1856,1821,1821,2024-07-22,2024-07-23,1,coric|b / mayot|h,Atlanta,Atlanta Open,R32,R32,1.0,1.0,1.0,0.9523809523809523,99.76190476190476,44,Atlanta,Atlanta Open,2024-07-23,ATP250,Outdoor,Hard,1st Round,3,Mayot H.,Coric B.,122,84.0,499,704.0,7.0,6.0,6.0,3.0,,,,,,,2.0,0.0,Completed,2.3,1.62,2.73,1.5,2.73,1.68,2.32,1.59,10492,1733
10495,1859,1819,1819,2024-07-22,2024-07-23,1,mcdonald|m / nakashima|b,Atlanta,Atlanta Open,R32,R32,1.0,1.0,1.0,0.9523809523809523,99.76190476190476,44,Atlanta,Atlanta Open,2024-07-23,ATP250,Outdoor,Hard,1st Round,3,Mcdonald M.,Nakashima B.,97,55.0,631,915.0,6.0,2.0,6.0,4.0,,,,,,,2.0,0.0,Completed,2.5,1.53,2.63,1.54,2.63,1.58,2.49,1.52,10495,1734
10497,1861,1816,1816,2024-07-22,2024-07-23,1,harris|b / karatsev|a,Atlanta,Atlanta Open,R32,R32,1.0,1.0,1.0,0.9523809523809523,99.76190476190476,44,Atlanta,Atlanta Open,2024-07-23,ATP250,Outdoor,Hard,1st Round,3,Karatsev A.,Harris B.,107,114.0,580,551.0,6.0,2.0,6.0,2.0,,,,,,,2.0,0.0,Completed,2.1,1.73,2.17,1.76,2.17,1.77,2.08,1.73,10497,1735
10498,1862,1818,1818,2024-07-22,2024-07-23,1,kecmanovic|m / walton|a,Atlanta,Atlanta Open,R32,R32,1.0,1.0,1.0,0.9523809523809523,99.76190476190476,44,Atlanta,Atlanta Open,2024-07-23,ATP250,Outdoor,Hard,1st Round,3,Walton A.,Kecmanovic M.,95,52.0,648,935.0,6.0,4.0,6.0,4.0,,,,,,,2.0,0.0,Completed,3.0,1.4,2.88,1.47,3.0,1.47,2.8,1.42,10498,1736
10499,1863,1817,1817,2024-07-22,2024-07-23,1,rinderknech|a / wolf|j,Atlanta,Atlanta Open,R32,R32,1.0,1.0,1.0,0.9523809523809523,99.76190476190476,44,Atlanta,Atlanta Open,2024-07-23,ATP250,Outdoor,Hard,1st Round,3,Rinderknech A.,Wolf J.J.,64,120.0,806,519.0,6.0,3.0,6.0,2.0,,,,,,,2.0,0.0,Completed,1.67,2.2,1.7,2.27,1.73,2.27,1.67,2.17,10499,1737
10500,1864,1820,1820,2024-07-22,2024-07-23,1,bellucci|m / vukic|a,Atlanta,Atlanta Open,R32,R32,1.0,1.0,1.0,0.9523809523809523,99.76190476190476,44,Atlanta,Atlanta Open,2024-07-23,ATP250,Outdoor,Hard,1st Round,3,Bellucci M.,Vukic A.,146,60.0,418,834.0,1.0,6.0,6.0,4.0,3.0,1.0,,,,,1.0,1.0,Retired,2.0,1.8,2.09,1.81,2.1,1.83,2.01,1.77,10500,1738
10516,1880,1851,1851,2024-07-22,2024-07-23,1,thiem|d / tirante|t,Kitzbuhel,Generali Open,R32,R32,0.09411764705882353,1.0,1.0,0.9523809523809523,49.938375350140056,45,Kitzbuhel,Generali Open,2024-07-23,ATP250,Outdoor,Clay,1st Round,3,Tirante T.A.,Thiem D.,101,138.0,608,453.0,6.0,2.0,6.0,4.0,,,,,,,2.0,0.0,Completed,1.91,1.91,1.92,1.97,1.92,2.0,1.86,1.91,10516,1739
10517,1881,1846,1846,2024-07-22,2024-07-23,1,altmaier|d / gaston|h,Kitzbuhel,Generali Open,R32,R32,0.09411764705882353,1.0,1.0,0.9523809523809523,49.938375350140056,45,Kitzbuhel,Generali Open,2024-07-23,ATP250,Outdoor,Clay,1st Round,3,Gaston H.,Altmaier D.,91,71.0,665,756.0,6.0,4.0,6.0,7.0,6.0,4.0,,,,,2.0,1.0,Completed,2.1,1.73,2.23,1.72,2.23,1.8,2.12,1.7,10517,1740
10518,1882,1849,1849,2024-07-22,2024-07-23,1,baena|r / fucsovics|m <> carballes baena|r / fucsovics|m,Kitzbuhel,Generali Open,R32,R32,0.09411764705882353,1.0,1.0,0.9523809523809523,49.938375350140056,45,Kitzbuhel,Generali Open,2024-07-23,ATP250,Outdoor,Clay,1st Round,3,Carballes Baena R.,Fucsovics M.,51,83.0,940,705.0,4.0,6.0,6.0,2.0,6.0,3.0,,,,,2.0,1.0,Completed,1.91,1.91,1.99,1.9,1.99,2.0,1.87,1.9,10518,1741
10520,1884,1847,1847,2024-07-22,2024-07-23,1,acosta|f / coria|f <> coria|f / diaz acosta|f,Kitzbuhel,Generali Open,R32,R32,0.09411764705882353,1.0,1.0,0.9523809523809523,49.938375350140056,45,Kitzbuhel,Generali Open,2024-07-23,ATP250,Outdoor,Clay,1st Round,3,Diaz Acosta F.,Coria F.,77,73.0,737,747.0,2.0,6.0,6.0,3.0,6.0,0.0,,,,,2.0,1.0,Completed,1.73,2.1,1.68,2.3,1.74,2.3,1.69,2.14,10520,1742
10521,1885,1845,1845,2024-07-22,2024-07-23,1,galan|d / medjedovic|h,Kitzbuhel,Generali Open,R32,R32,0.09411764705882353,1.0,1.0,0.9523809523809523,49.938375350140056,45,Kitzbuhel,Generali Open,2024-07-23,ATP250,Outdoor,Clay,1st Round,3,Galan D.E.,Medjedovic H.,137,144.0,459,429.0,6.0,4.0,5.0,7.0,6.0,3.0,,,,,2.0,1.0,Completed,3.0,1.4,2.95,1.45,3.0,1.46,2.85,1.41,10521,1743
10525,1889,1848,1848,2024-07-22,2024-07-23,1,neumayer|l / ofner|s,Kitzbuhel,Generali Open,R32,R32,0.09411764705882353,1.0,1.0,0.9523809523809523,49.938375350140056,45,Kitzbuhel,Generali Open,2024-07-23,ATP250,Outdoor,Clay,1st Round,3,Neumayer L.,Ofner S.,289,56.0,190,904.0,6.0,4.0,4.0,6.0,7.0,6.0,,,,,2.0,1.0,Completed,2.75,1.44,2.91,1.46,2.91,1.48,2.76,1.43,10525,1744
10527,1891,1850,1850,2024-07-22,2024-07-23,1,berrettini|m / kotov|p,Kitzbuhel,Generali Open,R32,R32,0.09411764705882353,1.0,1.0,0.9523809523809523,49.938375350140056,45,Kitzbuhel,Generali Open,2024-07-23,ATP250,Outdoor,Clay,1st Round,3,Berrettini M.,Kotov P.,50,62.0,965,814.0,7.0,6.0,7.0,6.0,,,,,,,2.0,0.0,Completed,1.29,3.75,1.27,4.09,1.3,4.09,1.27,3.69,10527,1745
10535,1899,1879,1879,2024-07-22,2024-07-23,1,carabelli|c / rublev|a <> rublev|a / ugo carabelli|c,Umag,Croatia Open,R16,R16,0.14545454545454548,1.0,1.0,0.9523809523809523,52.76190476190476,46,Umag,Croatia Open,2024-07-23,ATP250,Outdoor,Clay,2nd Round,3,Rublev A.,Ugo Carabelli C.,9,96.0,3830,645.0,6.0,4.0,7.0,5.0,,,,,,,2.0,0.0,Completed,1.25,4.0,1.21,5.04,1.26,5.04,1.21,4.25,10535,1746
10536,1900,1880,1880,2024-07-22,2024-07-23,1,marozsan|f / monteiro|t,Umag,Croatia Open,R16,R16,0.14545454545454548,1.0,1.0,0.9523809523809523,52.76190476190476,46,Umag,Croatia Open,2024-07-23,ATP250,Outdoor,Clay,2nd Round,3,Marozsan F.,Monteiro T.,49,79.0,995,730.0,6.0,2.0,7.0,6.0,,,,,,,2.0,0.0,Completed,2.0,1.8,2.1,1.83,2.1,1.83,2.02,1.77,10536,1747
10549,1913,1878,1878,2024-07-22,2024-07-23,1,ajdukovic|d / darderi|l,Umag,Croatia Open,R32,R32,0.14545454545454548,1.0,1.0,0.9523809523809523,52.76190476190476,46,Umag,Croatia Open,2024-07-23,ATP250,Outdoor,Clay,1st Round,3,Darderi L.,Ajdukovic D.,33,110.0,1331,571.0,6.0,1.0,6.0,4.0,,,,,,,2.0,0.0,Completed,1.4,3.0,1.43,3.05,1.44,3.05,1.4,2.87,10549,1748
10551,1915,1877,1877,2024-07-22,2024-07-23,1,fognini|f / van assche|l,Umag,Croatia Open,R32,R32,0.14545454545454548,1.0,1.0,0.9523809523809523,52.76190476190476,46,Umag,Croatia Open,2024-07-23,ATP250,Outdoor,Clay,1st Round,3,Fognini F.,Van Assche L.,70,104.0,769,589.0,6.0,4.0,6.0,3.0,,,,,,,2.0,0.0,Completed,1.73,2.1,1.79,2.13,1.79,2.25,1.71,2.1,10551,1749
10487,1851,1825,1825,2024-07-22,2024-07-24,2,rinderknech|a / walton|a,Atlanta,Atlanta Open,R16,R16,1.0,1.0,1.0,0.9047619047619048,99.52380952380952,44,Atlanta,Atlanta Open,2024-07-24,ATP250,Outdoor,Hard,2nd Round,3,Rinderknech A.,Walton A.,64,95.0,806,648.0,7.0,6.0,6.0,3.0,,,,,,,2.0,0.0,Completed,1.67,2.2,1.71,2.27,1.71,2.3,1.64,2.21,10487,1750
10488,1852,1826,1826,2024-07-22,2024-07-24,2,bellucci|m / mannarino|a,Atlanta,Atlanta Open,R16,R16,1.0,1.0,1.0,0.9047619047619048,99.52380952380952,44,Atlanta,Atlanta Open,2024-07-24,ATP250,Outdoor,Hard,2nd Round,3,Bellucci M.,Mannarino A.,146,32.0,418,1340.0,7.0,6.0,4.0,6.0,6.0,3.0,,,,,2.0,1.0,Completed,1.73,2.1,1.76,2.2,1.76,2.25,1.68,2.15,10488,1751
10489,1853,1824,1824,2024-07-22,2024-07-24,2,martin|a / shang|j,Atlanta,Atlanta Open,R32,R32,1.0,1.0,1.0,0.9047619047619048,99.52380952380952,44,Atlanta,Atlanta Open,2024-07-24,ATP250,Outdoor,Hard,1st Round,3,Shang J.,Martin A.,89,483.0,678,86.0,6.0,1.0,6.0,1.0,,,,,,,2.0,0.0,Completed,1.13,6.0,1.15,6.42,1.18,6.42,1.13,5.63,10489,1752
10493,1857,1823,1823,2024-07-22,2024-07-24,2,kovacevic|a / opelka|r,Atlanta,Atlanta Open,R32,R32,1.0,1.0,1.0,0.9047619047619048,99.52380952380952,44,Atlanta,Atlanta Open,2024-07-24,ATP250,Outdoor,Hard,1st Round,3,Opelka R.,Kovacevic A.,430,82.0,107,718.0,6.0,3.0,7.0,6.0,,,,,,,2.0,0.0,Completed,1.57,2.38,1.65,2.37,1.66,2.4,1.6,2.3,10493,1753
10508,1872,1858,1858,2024-07-22,2024-07-24,2,baez|s / tirante|t,Kitzbuhel,Generali Open,R16,R16,0.09411764705882353,1.0,1.0,0.9047619047619048,49.70028011204482,45,Kitzbuhel,Generali Open,2024-07-24,ATP250,Outdoor,Clay,2nd Round,3,Baez S.,Tirante T.A.,18,101.0,2210,608.0,6.0,3.0,6.0,3.0,,,,,,,2.0,0.0,Completed,1.33,3.4,1.3,3.89,1.34,3.89,1.3,3.43,10508,1754
10509,1873,1859,1859,2024-07-22,2024-07-24,2,baena|r / gaston|h <> carballes baena|r / gaston|h,Kitzbuhel,Generali Open,R16,R16,0.09411764705882353,1.0,1.0,0.9047619047619048,49.70028011204482,45,Kitzbuhel,Generali Open,2024-07-24,ATP250,Outdoor,Clay,2nd Round,3,Gaston H.,Carballes Baena R.,91,51.0,665,940.0,6.0,2.0,7.0,6.0,,,,,,,2.0,0.0,Completed,2.3,1.62,2.3,1.69,2.36,1.69,2.25,1.62,10509,1755
10510,1874,1855,1855,2024-07-22,2024-07-24,2,martinez|p / nagal|s,Kitzbuhel,Generali Open,R16,R16,0.09411764705882353,1.0,1.0,0.9047619047619048,49.70028011204482,45,Kitzbuhel,Generali Open,2024-07-24,ATP250,Outdoor,Clay,2nd Round,3,Martinez P.,Nagal S.,45,80.0,1138,729.0,7.0,5.0,7.0,5.0,,,,,,,2.0,0.0,Completed,1.62,2.3,1.64,2.42,1.67,2.42,1.61,2.3,10510,1756
10511,1875,1857,1857,2024-07-22,2024-07-24,2,acosta|f / galan|d <> diaz acosta|f / galan|d,Kitzbuhel,Generali Open,R16,R16,0.09411764705882353,1.0,1.0,0.9047619047619048,49.70028011204482,45,Kitzbuhel,Generali Open,2024-07-24,ATP250,Outdoor,Clay,2nd Round,3,Diaz Acosta F.,Galan D.E.,77,137.0,737,459.0,6.0,2.0,4.0,6.0,6.0,3.0,,,,,2.0,1.0,Completed,1.62,2.3,1.65,2.4,1.67,2.4,1.61,2.28,10511,1757
10512,1876,1852,1852,2024-07-22,2024-07-24,2,djere|l / seyboth wild|t <> djere|l / wild|t,Kitzbuhel,Generali Open,R16,R16,0.09411764705882353,1.0,1.0,0.9047619047619048,49.70028011204482,45,Kitzbuhel,Generali Open,2024-07-24,ATP250,Outdoor,Clay,2nd Round,3,Seyboth Wild T.,Djere L.,72,57.0,755,896.0,4.0,6.0,6.0,3.0,6.0,2.0,,,,,2.0,1.0,Completed,2.3,1.62,2.26,1.72,2.51,1.72,2.29,1.6,10512,1758
10513,1877,1853,1853,2024-07-22,2024-07-24,2,hanfmann|y / heide|g,Kitzbuhel,Generali Open,R16,R16,0.09411764705882353,1.0,1.0,0.9047619047619048,49.70028011204482,45,Kitzbuhel,Generali Open,2024-07-24,ATP250,Outdoor,Clay,2nd Round,3,Hanfmann Y.,Heide G.,116,155.0,536,397.0,6.0,3.0,1.0,6.0,6.0,2.0,,,,,2.0,1.0,Completed,,,,,,,,,10513,1759
10515,1879,1856,1856,2024-07-22,2024-07-24,2,berrettini|m / tabilo|a,Kitzbuhel,Generali Open,R16,R16,0.09411764705882353,1.0,1.0,0.9047619047619048,49.70028011204482,45,Kitzbuhel,Generali Open,2024-07-24,ATP250,Outdoor,Clay,2nd Round,3,Berrettini M.,Tabilo A.,50,21.0,965,1918.0,7.0,6.0,7.0,6.0,,,,,,,2.0,0.0,Completed,1.4,3.0,1.47,2.92,1.47,3.0,1.41,2.85,10515,1760
10537,1901,1882,1882,2024-07-22,2024-07-24,2,cerundolo|f / dodig|m,Umag,Croatia Open,R16,R16,0.14545454545454548,1.0,1.0,0.9047619047619048,52.523809523809526,46,Umag,Croatia Open,2024-07-24,ATP250,Outdoor,Clay,2nd Round,3,Cerundolo F.,Dodig M.,37,310.0,1290,172.0,6.0,3.0,6.0,4.0,,,,,,,2.0,0.0,Completed,1.17,5.0,1.19,5.41,1.21,5.41,1.17,4.86,10537,1761
10538,1902,1881,1881,2024-07-22,2024-07-24,2,muller|a / sonego|l,Umag,Croatia Open,R16,R16,0.14545454545454548,1.0,1.0,0.9047619047619048,52.523809523809526,46,Umag,Croatia Open,2024-07-24,ATP250,Outdoor,Clay,2nd Round,3,Sonego L.,Muller A.,54,102.0,921,606.0,7.0,5.0,6.0,1.0,,,,,,,2.0,0.0,Completed,2.2,1.67,2.19,1.76,2.22,1.77,2.14,1.7,10538,1762
10539,1903,1885,1885,2024-07-22,2024-07-24,2,darderi|l / mensik|j,Umag,Croatia Open,R16,R16,0.14545454545454548,1.0,1.0,0.9047619047619048,52.523809523809526,46,Umag,Croatia Open,2024-07-24,ATP250,Outdoor,Clay,2nd Round,3,Mensik J.,Darderi L.,81,33.0,721,1331.0,6.0,4.0,6.0,3.0,,,,,,,2.0,0.0,Completed,3.0,1.4,2.71,1.53,3.0,1.55,2.55,1.5,10539,1763
10540,1904,1886,1886,2024-07-22,2024-07-24,2,fognini|f / tseng|c,Umag,Croatia Open,R16,R16,0.14545454545454548,1.0,1.0,0.9047619047619048,52.523809523809526,46,Umag,Croatia Open,2024-07-24,ATP250,Outdoor,Clay,2nd Round,3,Tseng C. H.,Fognini F.,159,70.0,388,769.0,6.0,1.0,6.0,0.0,,,,,,,2.0,0.0,Completed,3.0,1.4,2.95,1.46,3.13,1.46,2.87,1.4,10540,1764
10541,1905,1884,1884,2024-07-22,2024-07-24,2,cobolli|f / lajovic|d,Umag,Croatia Open,R16,R16,0.14545454545454548,1.0,1.0,0.9047619047619048,52.523809523809526,46,Umag,Croatia Open,2024-07-24,ATP250,Outdoor,Clay,2nd Round,3,Lajovic D.,Cobolli F.,53,48.0,921,1025.0,7.0,6.0,7.0,6.0,,,,,,,2.0,0.0,Completed,2.75,1.44,2.82,1.49,2.86,1.5,2.69,1.45,10541,1765
10542,1906,1883,1883,2024-07-22,2024-07-24,2,musetti|l / trungelliti|m,Umag,Croatia Open,R16,R16,0.14545454545454548,1.0,1.0,0.9047619047619048,52.523809523809526,46,Umag,Croatia Open,2024-07-24,ATP250,Outdoor,Clay,2nd Round,3,Musetti L.,Trungelliti M.,17,136.0,2265,461.0,6.0,4.0,6.0,3.0,,,,,,,2.0,0.0,Completed,1.22,4.33,1.25,4.52,1.27,4.52,1.22,4.09,10542,1766
10482,1846,1831,1831,2024-07-22,2024-07-25,3,goffin|d / purcell|m,Atlanta,Atlanta Open,R16,R16,1.0,1.0,1.0,0.8571428571428572,99.28571428571429,44,Atlanta,Atlanta Open,2024-07-25,ATP250,Outdoor,Hard,2nd Round,3,Purcell M.,Goffin D.,66,98.0,795,630.0,6.0,3.0,6.0,3.0,,,,,,,2.0,0.0,Completed,2.2,1.67,2.31,1.69,2.31,1.73,2.18,1.67,10482,1767
10483,1847,1828,1828,2024-07-22,2024-07-25,3,mayot|h / thompson|j,Atlanta,Atlanta Open,R16,R16,1.0,1.0,1.0,0.8571428571428572,99.28571428571429,44,Atlanta,Atlanta Open,2024-07-25,ATP250,Outdoor,Hard,2nd Round,3,Thompson J.,Mayot H.,41,122.0,1191,499.0,6.0,2.0,7.0,5.0,,,,,,,2.0,0.0,Completed,1.57,2.38,1.67,2.35,1.67,2.38,1.61,2.28,10483,1768
10484,1848,1830,1830,2024-07-22,2024-07-25,3,davidovich fokina|a / opelka|r <> fokina|a / opelka|r,Atlanta,Atlanta Open,R16,R16,1.0,1.0,1.0,0.8571428571428572,99.28571428571429,44,Atlanta,Atlanta Open,2024-07-25,ATP250,Outdoor,Hard,2nd Round,3,Davidovich Fokina A.,Opelka R.,43,430.0,1150,107.0,7.0,5.0,7.0,5.0,,,,,,,2.0,0.0,Completed,1.8,2.0,1.94,1.96,1.95,2.0,1.87,1.91,10484,1769
10485,1849,1827,1827,2024-07-22,2024-07-25,3,mcdonald|m / nishioka|y,Atlanta,Atlanta Open,R16,R16,1.0,1.0,1.0,0.8571428571428572,99.28571428571429,44,Atlanta,Atlanta Open,2024-07-25,ATP250,Outdoor,Hard,2nd Round,3,Nishioka Y.,Mcdonald M.,86,97.0,699,631.0,6.0,3.0,6.0,4.0,,,,,,,2.0,0.0,Completed,2.2,1.67,2.3,1.69,2.3,1.69,2.22,1.64,10485,1770
10486,1850,1829,1829,2024-07-22,2024-07-25,3,karatsev|a / tiafoe|f,Atlanta,Atlanta Open,R16,R16,1.0,1.0,1.0,0.8571428571428572,99.28571428571429,44,Atlanta,Atlanta Open,2024-07-25,ATP250,Outdoor,Hard,2nd Round,3,Tiafoe F.,Karatsev A.,29,107.0,1365,580.0,6.0,4.0,3.0,6.0,6.0,3.0,,,,,2.0,1.0,Completed,1.44,2.75,1.48,2.86,1.52,2.89,1.45,2.68,10486,1771
10504,1868,1863,1863,2024-07-22,2024-07-25,3,baez|s / gaston|h,Kitzbuhel,Generali Open,QF,QF,0.09411764705882353,1.0,1.0,0.8571428571428572,49.46218487394958,45,Kitzbuhel,Generali Open,2024-07-25,ATP250,Outdoor,Clay,Quarterfinals,3,Gaston H.,Baez S.,91,18.0,665,2210.0,7.0,5.0,5.0,7.0,7.0,6.0,,,,,2.0,1.0,Completed,3.0,1.4,3.09,1.43,3.09,1.44,2.93,1.39,10504,1772
10505,1869,1862,1862,2024-07-22,2024-07-25,3,acosta|f / martinez|p <> diaz acosta|f / martinez|p,Kitzbuhel,Generali Open,QF,QF,0.09411764705882353,1.0,1.0,0.8571428571428572,49.46218487394958,45,Kitzbuhel,Generali Open,2024-07-25,ATP250,Outdoor,Clay,Quarterfinals,3,Diaz Acosta F.,Martinez P.,77,45.0,737,1138.0,6.0,7.0,6.0,3.0,6.0,4.0,,,,,2.0,1.0,Completed,1.67,2.2,1.77,2.18,1.77,2.2,1.73,2.08,10505,1773
10506,1870,1860,1860,2024-07-22,2024-07-25,3,hanfmann|y / seyboth wild|t <> hanfmann|y / wild|t,Kitzbuhel,Generali Open,QF,QF,0.09411764705882353,1.0,1.0,0.8571428571428572,49.46218487394958,45,Kitzbuhel,Generali Open,2024-07-25,ATP250,Outdoor,Clay,Quarterfinals,3,Hanfmann Y.,Seyboth Wild T.,116,72.0,536,755.0,7.0,6.0,6.0,4.0,,,,,,,2.0,0.0,Completed,1.91,1.91,1.93,1.98,2.0,1.99,1.9,1.88,10506,1774
10531,1895,1889,1889,2024-07-22,2024-07-25,3,marozsan|f / rublev|a,Umag,Croatia Open,QF,QF,0.14545454545454548,1.0,1.0,0.8571428571428572,52.285714285714285,46,Umag,Croatia Open,2024-07-25,ATP250,Outdoor,Clay,Quarterfinals,3,Rublev A.,Marozsan F.,9,49.0,3830,995.0,5.0,7.0,6.0,3.0,6.0,2.0,,,,,2.0,1.0,Completed,1.44,2.75,1.49,2.84,1.5,2.85,1.44,2.71,10531,1775
10532,1896,1887,1887,2024-07-22,2024-07-25,3,cerundolo|f / sonego|l,Umag,Croatia Open,QF,QF,0.14545454545454548,1.0,1.0,0.8571428571428572,52.285714285714285,46,Umag,Croatia Open,2024-07-25,ATP250,Outdoor,Clay,Quarterfinals,3,Cerundolo F.,Sonego L.,37,54.0,1290,921.0,6.0,4.0,2.0,6.0,7.0,6.0,,,,,2.0,1.0,Completed,1.4,3.0,1.51,2.76,1.51,3.0,1.42,2.82,10532,1776
10533,1897,1888,1888,2024-07-22,2024-07-25,3,mensik|j / tseng|c,Umag,Croatia Open,QF,QF,0.14545454545454548,1.0,1.0,0.8571428571428572,52.285714285714285,46,Umag,Croatia Open,2024-07-25,ATP250,Outdoor,Clay,Quarterfinals,3,Mensik J.,Tseng C. H.,81,159.0,721,388.0,6.0,0.0,6.0,4.0,,,,,,,2.0,0.0,Completed,1.36,3.2,1.4,3.2,1.4,3.2,1.37,3.03,10533,1777
10534,1898,1890,1890,2024-07-22,2024-07-25,3,lajovic|d / musetti|l,Umag,Croatia Open,QF,QF,0.14545454545454548,1.0,1.0,0.8571428571428572,52.285714285714285,46,Umag,Croatia Open,2024-07-25,ATP250,Outdoor,Clay,Quarterfinals,3,Musetti L.,Lajovic D.,17,53.0,2265,921.0,5.0,7.0,6.0,3.0,6.0,0.0,,,,,2.0,1.0,Completed,1.33,3.4,1.36,3.44,1.37,3.5,1.33,3.23,10534,1778
10477,1841,1834,1834,2024-07-22,2024-07-26,4,purcell|m / shang|j,Atlanta,Atlanta Open,QF,QF,1.0,1.0,1.0,0.8095238095238095,99.04761904761905,44,Atlanta,Atlanta Open,2024-07-26,ATP250,Outdoor,Hard,Quarterfinals,3,Shang J.,Purcell M.,89,66.0,678,795.0,7.0,6.0,6.0,4.0,,,,,,,2.0,0.0,Completed,1.44,2.75,1.46,2.96,1.49,2.96,1.43,2.76,10477,1779
10478,1842,1833,1833,2024-07-22,2024-07-26,4,davidovich fokina|a / thompson|j <> fokina|a / thompson|j,Atlanta,Atlanta Open,QF,QF,1.0,1.0,1.0,0.8095238095238095,99.04761904761905,44,Atlanta,Atlanta Open,2024-07-26,ATP250,Outdoor,Hard,Quarterfinals,3,Thompson J.,Davidovich Fokina A.,41,43.0,1191,1150.0,7.0,6.0,4.0,6.0,6.0,3.0,,,,,2.0,1.0,Completed,2.1,1.73,2.25,1.72,2.3,1.77,2.14,1.69,10478,1780
10481,1845,1832,1832,2024-07-22,2024-07-26,4,shang|j / shelton|b,Atlanta,Atlanta Open,R16,R16,1.0,1.0,1.0,0.8095238095238095,99.04761904761905,44,Atlanta,Atlanta Open,2024-07-26,ATP250,Outdoor,Hard,2nd Round,3,Shang J.,Shelton B.,89,14.0,678,2750.0,7.0,6.0,6.0,4.0,,,,,,,2.0,0.0,Completed,2.38,1.57,2.65,1.55,2.65,1.59,2.49,1.52,10481,1781
10502,1866,1865,1865,2024-07-22,2024-07-26,4,acosta|f / gaston|h <> diaz acosta|f / gaston|h,Kitzbuhel,Generali Open,SF,SF,0.09411764705882353,1.0,1.0,0.8095238095238095,49.22408963585434,45,Kitzbuhel,Generali Open,2024-07-26,ATP250,Outdoor,Clay,Semifinals,3,Gaston H.,Diaz Acosta F.,91,77.0,665,737.0,6.0,1.0,2.0,0.0,,,,,,,1.0,0.0,Retired,2.1,1.73,2.29,1.7,2.31,1.83,2.14,1.69,10502,1782
10503,1867,1864,1864,2024-07-22,2024-07-26,4,berrettini|m / hanfmann|y,Kitzbuhel,Generali Open,SF,SF,0.09411764705882353,1.0,1.0,0.8095238095238095,49.22408963585434,45,Kitzbuhel,Generali Open,2024-07-26,ATP250,Outdoor,Clay,Semifinals,3,Berrettini M.,Hanfmann Y.,50,116.0,965,536.0,6.0,4.0,6.0,4.0,,,,,,,2.0,0.0,Completed,1.22,4.33,1.26,4.38,1.27,4.5,1.21,4.26,10503,1783
10529,1893,1891,1891,2024-07-22,2024-07-26,4,cerundolo|f / rublev|a,Umag,Croatia Open,SF,SF,0.14545454545454548,1.0,1.0,0.8095238095238095,52.04761904761905,46,Umag,Croatia Open,2024-07-26,ATP250,Outdoor,Clay,Semifinals,3,Cerundolo F.,Rublev A.,37,9.0,1290,3830.0,7.0,6.0,6.0,4.0,,,,,,,2.0,0.0,Completed,2.5,1.53,2.44,1.59,2.62,1.59,2.47,1.53,10529,1784
10530,1894,1892,1892,2024-07-22,2024-07-26,4,mensik|j / musetti|l,Umag,Croatia Open,SF,SF,0.14545454545454548,1.0,1.0,0.8095238095238095,52.04761904761905,46,Umag,Croatia Open,2024-07-26,ATP250,Outdoor,Clay,Semifinals,3,Musetti L.,Mensik J.,17,81.0,2265,721.0,6.0,4.0,6.0,1.0,,,,,,,2.0,0.0,Completed,1.5,2.63,1.52,2.74,1.53,2.74,1.49,2.6,10530,1785
10475,1839,1837,1837,2024-07-22,2024-07-27,5,shang|j / thompson|j,Atlanta,Atlanta Open,SF,SF,1.0,1.0,1.0,0.7619047619047619,98.80952380952381,44,Atlanta,Atlanta Open,2024-07-27,ATP250,Outdoor,Hard,Semifinals,3,Thompson J.,Shang J.,41,89.0,1191,678.0,6.0,3.0,4.0,6.0,6.0,3.0,,,,,2.0,1.0,Completed,2.3,1.62,2.61,1.56,2.61,1.63,2.42,1.55,10475,1786
10479,1843,1835,1835,2024-07-22,2024-07-27,5,nishioka|y / tiafoe|f,Atlanta,Atlanta Open,QF,QF,1.0,1.0,1.0,0.7619047619047619,98.80952380952381,44,Atlanta,Atlanta Open,2024-07-27,ATP250,Outdoor,Hard,Quarterfinals,3,Nishioka Y.,Tiafoe F.,86,29.0,699,1365.0,7.0,6.0,6.0,2.0,,,,,,,2.0,0.0,Completed,2.75,1.44,2.72,1.52,2.78,1.56,2.57,1.49,10479,1787
10480,1844,1836,1836,2024-07-22,2024-07-27,5,bellucci|m / rinderknech|a,Atlanta,Atlanta Open,QF,QF,1.0,1.0,1.0,0.7619047619047619,98.80952380952381,44,Atlanta,Atlanta Open,2024-07-27,ATP250,Outdoor,Hard,Quarterfinals,3,Rinderknech A.,Bellucci M.,64,146.0,806,418.0,7.0,6.0,3.0,6.0,6.0,1.0,,,,,2.0,1.0,Completed,1.57,2.38,1.67,2.35,1.67,2.38,1.63,2.24,10480,1788
10501,1865,1866,1866,2024-07-22,2024-07-27,5,berrettini|m / gaston|h,Kitzbuhel,Generali Open,F,F,0.09411764705882353,1.0,1.0,0.7619047619047619,48.98599439775911,45,Kitzbuhel,Generali Open,2024-07-27,ATP250,Outdoor,Clay,The Final,3,Berrettini M.,Gaston H.,50,91.0,965,665.0,7.0,5.0,6.0,3.0,,,,,,,2.0,0.0,Completed,1.2,4.5,1.23,4.74,1.25,4.74,1.2,4.36,10501,1789
10528,1892,1893,1893,2024-07-22,2024-07-27,5,cerundolo|f / musetti|l,Umag,Croatia Open,F,F,0.14545454545454548,1.0,1.0,0.7619047619047619,51.80952380952381,46,Umag,Croatia Open,2024-07-27,ATP250,Outdoor,Clay,The Final,3,Cerundolo F.,Musetti L.,37,17.0,1290,2265.0,2.0,6.0,6.0,4.0,7.0,6.0,,,,,2.0,1.0,Completed,2.38,1.57,2.62,1.56,2.75,1.59,2.42,1.55,10528,1790
10474,1838,1839,1839,2024-07-22,2024-07-28,6,nishioka|y / thompson|j,Atlanta,Atlanta Open,F,F,1.0,1.0,1.0,0.7142857142857143,98.57142857142857,44,Atlanta,Atlanta Open,2024-07-28,ATP250,Outdoor,Hard,The Final,3,Nishioka Y.,Thompson J.,86,41.0,699,1191.0,4.0,6.0,7.0,6.0,6.0,2.0,,,,,2.0,0.0,Completed,2.0,1.8,1.95,1.95,2.02,1.95,1.95,1.83,10474,1791
10476,1840,1838,1838,2024-07-22,2024-07-28,6,nishioka|y / rinderknech|a,Atlanta,Atlanta Open,SF,SF,1.0,1.0,1.0,0.7142857142857143,98.57142857142857,44,Atlanta,Atlanta Open,2024-07-28,ATP250,Outdoor,Hard,Semifinals,3,Nishioka Y.,Rinderknech A.,86,64.0,699,806.0,6.0,3.0,4.0,6.0,6.0,4.0,,,,,2.0,1.0,Completed,1.73,2.1,1.75,2.2,1.79,2.21,1.72,2.09,10476,1792
10589,1953,1897,1897,2024-07-29,2024-07-29,0,cressy|m / galan|d,Washington,Citi Open,R64,R64,0.22857142857142856,1.0,1.0,1.0,57.57142857142857,47,Washington,Citi Open,2024-07-29,ATP500,Outdoor,Hard,1st Round,3,Galan D.E.,Cressy M.,124,173.0,486,345.0,6.0,4.0,6.0,3.0,,,,,,,2.0,0.0,Completed,2.5,1.53,2.8,1.49,2.96,1.53,2.63,1.48,10589,1793
10590,1954,1896,1896,2024-07-29,2024-07-29,0,garin|c / karatsev|a,Washington,Citi Open,R64,R64,0.22857142857142856,1.0,1.0,1.0,57.57142857142857,47,Washington,Citi Open,2024-07-29,ATP500,Outdoor,Hard,1st Round,3,Garin C.,Karatsev A.,115,102.0,518,605.0,6.0,4.0,6.0,2.0,,,,,,,2.0,0.0,Completed,2.38,1.57,2.48,1.6,2.65,1.62,2.43,1.55,10590,1794
10592,1956,1898,1898,2024-07-29,2024-07-29,0,coric|b / ruusuvuori|e,Washington,Citi Open,R64,R64,0.22857142857142856,1.0,1.0,1.0,57.57142857142857,47,Washington,Citi Open,2024-07-29,ATP500,Outdoor,Hard,1st Round,3,Ruusuvuori E.,Coric B.,71,83.0,773,704.0,6.0,7.0,7.0,6.0,6.0,4.0,,,,,2.0,1.0,Completed,1.67,2.2,1.76,2.18,1.76,2.23,1.69,2.15,10592,1795
10595,1959,1902,1902,2024-07-29,2024-07-29,0,carabelli|c / goffin|d <> goffin|d / ugo carabelli|c,Washington,Citi Open,R64,R64,0.22857142857142856,1.0,1.0,1.0,57.57142857142857,47,Washington,Citi Open,2024-07-29,ATP500,Outdoor,Hard,1st Round,3,Goffin D.,Ugo Carabelli C.,100,92.0,619,663.0,6.0,2.0,7.0,5.0,,,,,,,2.0,0.0,Completed,1.29,3.75,1.24,4.46,1.33,4.46,1.25,3.87,10595,1796
10596,1960,1899,1899,2024-07-29,2024-07-29,0,bellucci|m / mcdonald|m,Washington,Citi Open,R64,R64,0.22857142857142856,1.0,1.0,1.0,57.57142857142857,47,Washington,Citi Open,2024-07-29,ATP500,Outdoor,Hard,1st Round,3,Bellucci M.,Mcdonald M.,125,93.0,481,656.0,7.0,6.0,7.0,6.0,,,,,,,2.0,0.0,Completed,2.2,1.67,2.14,1.78,2.21,1.78,2.15,1.69,10596,1797
10597,1961,1900,1900,2024-07-29,2024-07-29,0,hong|s / walton|a,Washington,Citi Open,R64,R64,0.22857142857142856,1.0,1.0,1.0,57.57142857142857,47,Washington,Citi Open,2024-07-29,ATP500,Outdoor,Hard,1st Round,3,Hong S.,Walton A.,175,89.0,343,671.0,7.0,6.0,7.0,6.0,,,,,,,2.0,0.0,Completed,2.75,1.44,2.84,1.48,2.85,1.48,2.75,1.44,10597,1798
10598,1962,1901,1901,2024-07-29,2024-07-29,0,agut|r / shapovalov|d <> bautista agut|r / shapovalov|d,Washington,Citi Open,R64,R64,0.22857142857142856,1.0,1.0,1.0,57.57142857142857,47,Washington,Citi Open,2024-07-29,ATP500,Outdoor,Hard,1st Round,3,Shapovalov D.,Bautista Agut R.,139,76.0,450,745.0,6.0,1.0,6.0,4.0,,,,,,,2.0,0.0,Completed,1.5,2.63,1.52,2.69,1.62,2.69,1.54,2.46,10598,1799
10599,1963,1894,1894,2024-07-29,2024-07-29,0,svajda|z / wolf|j,Washington,Citi Open,R64,R64,0.22857142857142856,1.0,1.0,1.0,57.57142857142857,47,Washington,Citi Open,2024-07-29,ATP500,Outdoor,Hard,1st Round,3,Wolf J.J.,Svajda Z.,143,109.0,436,547.0,6.0,4.0,7.0,5.0,,,,,,,2.0,0.0,Completed,1.91,1.91,,,1.53,2.5,1.53,2.5,10599,1800
10573,1937,1913,1913,2024-07-29,2024-07-30,1,galan|d / tiafoe|f,Washington,Citi Open,R32,R32,0.22857142857142856,1.0,1.0,0.9523809523809523,57.33333333333333,47,Washington,Citi Open,2024-07-30,ATP500,Outdoor,Hard,2nd Round,3,Tiafoe F.,Galan D.E.,29,124.0,1405,486.0,6.0,7.0,6.0,3.0,6.0,3.0,,,,,2.0,1.0,Completed,1.22,4.33,1.25,4.48,1.27,4.48,1.23,4.08,10573,1801
10574,1938,1911,1911,2024-07-29,2024-07-30,1,garin|c / korda|s,Washington,Citi Open,R32,R32,0.22857142857142856,1.0,1.0,0.9523809523809523,57.33333333333333,47,Washington,Citi Open,2024-07-30,ATP500,Outdoor,Hard,2nd Round,3,Korda S.,Garin C.,22,115.0,1795,518.0,6.0,3.0,6.0,2.0,,,,,,,2.0,0.0,Completed,1.2,4.5,1.21,5.11,1.22,5.11,1.19,4.61,10574,1802
10582,1946,1914,1914,2024-07-29,2024-07-30,1,mannarino|a / shapovalov|d,Washington,Citi Open,R32,R32,0.22857142857142856,1.0,1.0,0.9523809523809523,57.33333333333333,47,Washington,Citi Open,2024-07-30,ATP500,Outdoor,Hard,2nd Round,3,Shapovalov D.,Mannarino A.,139,32.0,450,1340.0,6.0,2.0,6.0,1.0,,,,,,,2.0,0.0,Completed,1.29,3.75,1.3,3.92,1.33,3.92,1.29,3.57,10582,1803
10583,1947,1910,1910,2024-07-29,2024-07-30,1,kecmanovic|m / wolf|j,Washington,Citi Open,R32,R32,0.22857142857142856,1.0,1.0,0.9523809523809523,57.33333333333333,47,Washington,Citi Open,2024-07-30,ATP500,Outdoor,Hard,2nd Round,3,Kecmanovic M.,Wolf J.J.,51,143.0,935,436.0,6.0,2.0,6.0,3.0,,,,,,,2.0,0.0,Completed,1.57,2.38,1.56,2.6,1.6,2.6,1.56,2.39,10583,1804
10586,1950,1904,1904,2024-07-29,2024-07-30,1,cazaux|a / van assche|l,Washington,Citi Open,R64,R64,0.22857142857142856,1.0,1.0,0.9523809523809523,57.33333333333333,47,Washington,Citi Open,2024-07-30,ATP500,Outdoor,Hard,1st Round,3,Van Assche L.,Cazaux A.,118,95.0,499,651.0,6.0,4.0,6.0,3.0,,,,,,,2.0,0.0,Completed,2.2,1.67,2.42,1.63,2.43,1.68,2.27,1.62,10586,1805
10587,1951,1908,1908,2024-07-29,2024-07-30,1,shang|j / ymer|e,Washington,Citi Open,R64,R64,0.22857142857142856,1.0,1.0,0.9523809523809523,57.33333333333333,47,Washington,Citi Open,2024-07-30,ATP500,Outdoor,Hard,1st Round,3,Shang J.,Ymer E.,73,216.0,759,280.0,6.0,4.0,6.0,3.0,,,,,,,2.0,0.0,Completed,1.25,4.0,1.27,4.1,1.29,4.1,1.26,3.82,10587,1806
10588,1952,1907,1907,2024-07-29,2024-07-30,1,kovacevic|a / nishioka|y,Washington,Citi Open,R64,R64,0.22857142857142856,1.0,1.0,0.9523809523809523,57.33333333333333,47,Washington,Citi Open,2024-07-30,ATP500,Outdoor,Hard,1st Round,3,Kovacevic A.,Nishioka Y.,82,50.0,718,939.0,4.0,6.0,6.0,4.0,6.0,2.0,,,,,2.0,1.0,Completed,2.3,1.62,2.37,1.65,2.37,1.68,2.25,1.63,10588,1807
10591,1955,1906,1906,2024-07-29,2024-07-30,1,kokkinakis|t / purcell|m,Washington,Citi Open,R64,R64,0.22857142857142856,1.0,1.0,0.9523809523809523,57.33333333333333,47,Washington,Citi Open,2024-07-30,ATP500,Outdoor,Hard,1st Round,3,Kokkinakis T.,Purcell M.,91,59.0,667,835.0,6.0,7.0,6.0,4.0,6.0,3.0,,,,,2.0,1.0,Completed,1.73,2.1,1.76,2.17,1.8,2.17,1.73,2.07,10591,1808
10593,1957,1903,1903,2024-07-29,2024-07-30,1,duckworth|j / opelka|r,Washington,Citi Open,R64,R64,0.22857142857142856,1.0,1.0,0.9523809523809523,57.33333333333333,47,Washington,Citi Open,2024-07-30,ATP500,Outdoor,Hard,1st Round,3,Opelka R.,Duckworth J.,371,81.0,132,734.0,6.0,7.0,7.0,5.0,6.0,4.0,,,,,2.0,1.0,Completed,1.44,2.75,1.5,2.76,1.51,2.76,1.46,2.69,10593,1809
10594,1958,1905,1905,2024-07-29,2024-07-30,1,krueger|m / nardi|l,Washington,Citi Open,R64,R64,0.22857142857142856,1.0,1.0,0.9523809523809523,57.33333333333333,47,Washington,Citi Open,2024-07-30,ATP500,Outdoor,Hard,1st Round,3,Krueger M.,Nardi L.,192,78.0,308,744.0,7.0,6.0,4.0,1.0,,,,,,,1.0,0.0,Retired,1.67,2.2,1.74,2.2,1.74,2.35,1.64,2.24,10594,1810
10601,1965,1909,1909,2024-07-29,2024-07-30,1,acosta|f / albot|r <> albot|r / diaz acosta|f,Washington,Citi Open,R64,R64,0.22857142857142856,1.0,1.0,0.9523809523809523,57.33333333333333,47,Washington,Citi Open,2024-07-30,ATP500,Outdoor,Hard,1st Round,3,Albot R.,Diaz Acosta F.,152,62.0,411,827.0,7.0,6.0,6.0,3.0,,,,,,,2.0,0.0,Completed,1.5,2.63,1.52,2.71,1.53,2.75,1.49,2.6,10601,1811
10570,1934,1923,1923,2024-07-29,2024-07-31,2,rublev|a / van assche|l,Washington,Citi Open,R32,R32,0.22857142857142856,1.0,1.0,0.9047619047619048,57.095238095238095,47,Washington,Citi Open,2024-07-31,ATP500,Outdoor,Hard,2nd Round,3,Rublev A.,Van Assche L.,8,118.0,3885,499.0,4.0,6.0,6.0,3.0,6.0,4.0,,,,,2.0,1.0,Completed,1.25,4.0,1.19,5.36,1.25,5.36,1.19,4.58,10570,1812
10571,1935,1917,1917,2024-07-29,2024-07-31,2,rinderknech|a / shang|j,Washington,Citi Open,R32,R32,0.22857142857142856,1.0,1.0,0.9047619047619048,57.095238095238095,47,Washington,Citi Open,2024-07-31,ATP500,Outdoor,Hard,2nd Round,3,Rinderknech A.,Shang J.,68,73.0,781,759.0,2.0,3.0,,,,,,,,,0.0,0.0,Retired,2.38,1.57,2.61,1.56,2.61,1.59,2.43,1.55,10571,1813
10572,1936,1918,1918,2024-07-29,2024-07-31,2,baena|r / kovacevic|a <> carballes baena|r / kovacevic|a,Washington,Citi Open,R32,R32,0.22857142857142856,1.0,1.0,0.9047619047619048,57.095238095238095,47,Washington,Citi Open,2024-07-31,ATP500,Outdoor,Hard,2nd Round,3,Kovacevic A.,Carballes Baena R.,82,53.0,718,920.0,7.0,6.0,7.0,6.0,,,,,,,2.0,0.0,Completed,1.67,2.2,1.57,2.58,1.67,2.58,1.6,2.33,10572,1814
10575,1939,1916,1916,2024-07-29,2024-07-31,2,kokkinakis|t / vukic|a,Washington,Citi Open,R32,R32,0.22857142857142856,1.0,1.0,0.9047619047619048,57.095238095238095,47,Washington,Citi Open,2024-07-31,ATP500,Outdoor,Hard,2nd Round,3,Kokkinakis T.,Vukic A.,91,85.0,667,694.0,6.0,4.0,7.0,6.0,,,,,,,2.0,0.0,Completed,1.53,2.5,1.58,2.55,1.62,2.55,1.54,2.45,10575,1815
10578,1942,1915,1915,2024-07-29,2024-07-31,2,davidovich fokina|a / krueger|m <> fokina|a / krueger|m,Washington,Citi Open,R32,R32,0.22857142857142856,1.0,1.0,0.9047619047619048,57.095238095238095,47,Washington,Citi Open,2024-07-31,ATP500,Outdoor,Hard,2nd Round,3,Davidovich Fokina A.,Krueger M.,44,192.0,1155,308.0,3.0,6.0,7.0,6.0,6.0,4.0,,,,,2.0,1.0,Completed,1.4,3.0,1.44,3.05,1.44,3.07,1.39,2.93,10578,1816
10579,1943,1919,1919,2024-07-29,2024-07-31,2,cobolli|f / goffin|d,Washington,Citi Open,R32,R32,0.22857142857142856,1.0,1.0,0.9047619047619048,57.095238095238095,47,Washington,Citi Open,2024-07-31,ATP500,Outdoor,Hard,2nd Round,3,Cobolli F.,Goffin D.,48,100.0,1018,619.0,7.0,6.0,6.0,3.0,,,,,,,2.0,0.0,Completed,1.8,2.0,1.92,1.99,1.92,2.02,1.83,1.96,10579,1817
10580,1944,1921,1921,2024-07-29,2024-07-31,2,bellucci|m / michelsen|a,Washington,Citi Open,R32,R32,0.22857142857142856,1.0,1.0,0.9047619047619048,57.095238095238095,47,Washington,Citi Open,2024-07-31,ATP500,Outdoor,Hard,2nd Round,3,Michelsen A.,Bellucci M.,60,125.0,831,481.0,6.0,3.0,7.0,6.0,,,,,,,2.0,0.0,Completed,1.62,2.3,1.7,2.3,1.71,2.3,1.64,2.23,10580,1818
10581,1945,1922,1922,2024-07-29,2024-07-31,2,hong|s / khachanov|k,Washington,Citi Open,R32,R32,0.22857142857142856,1.0,1.0,0.9047619047619048,57.095238095238095,47,Washington,Citi Open,2024-07-31,ATP500,Outdoor,Hard,2nd Round,3,Hong S.,Khachanov K.,175,21.0,343,1830.0,6.0,2.0,6.0,4.0,,,,,,,2.0,0.0,Completed,4.5,1.2,5.66,1.18,5.66,1.21,4.82,1.17,10581,1819
10563,1927,1932,1932,2024-07-29,2024-08-01,3,kovacevic|a / tiafoe|f,Washington,Citi Open,R16,R16,0.22857142857142856,1.0,1.0,0.8571428571428572,56.857142857142854,47,Washington,Citi Open,2024-08-01,ATP500,Outdoor,Hard,3rd Round,3,Tiafoe F.,Kovacevic A.,29,82.0,1405,718.0,7.0,6.0,4.0,6.0,6.0,3.0,,,,,2.0,1.0,Completed,1.4,3.0,1.45,2.99,1.46,3.0,1.42,2.82,10563,1820
10564,1928,1929,1929,2024-07-29,2024-08-01,3,kokkinakis|t / korda|s,Washington,Citi Open,R16,R16,0.22857142857142856,1.0,1.0,0.8571428571428572,56.857142857142854,47,Washington,Citi Open,2024-08-01,ATP500,Outdoor,Hard,3rd Round,3,Korda S.,Kokkinakis T.,22,91.0,1795,667.0,6.0,7.0,7.0,5.0,3.0,2.0,,,,,1.0,1.0,Retired,1.36,3.2,1.37,3.37,1.39,3.37,1.35,3.14,10564,1821
10566,1930,1927,1927,2024-07-29,2024-08-01,3,cobolli|f / davidovich fokina|a <> cobolli|f / fokina|a,Washington,Citi Open,R16,R16,0.22857142857142856,1.0,1.0,0.8571428571428572,56.857142857142854,47,Washington,Citi Open,2024-08-01,ATP500,Outdoor,Hard,3rd Round,3,Cobolli F.,Davidovich Fokina A.,48,44.0,1018,1155.0,1.0,6.0,7.0,6.0,7.0,6.0,,,,,2.0,1.0,Completed,2.1,1.73,2.11,1.82,2.17,1.82,2.08,1.73,10566,1822
10567,1931,1928,1928,2024-07-29,2024-08-01,3,hong|s / michelsen|a,Washington,Citi Open,R16,R16,0.22857142857142856,1.0,1.0,0.8571428571428572,56.857142857142854,47,Washington,Citi Open,2024-08-01,ATP500,Outdoor,Hard,3rd Round,3,Michelsen A.,Hong S.,60,175.0,831,343.0,6.0,3.0,6.0,3.0,,,,,,,2.0,0.0,Completed,1.3,3.5,1.3,3.9,1.3,4.0,1.29,3.56,10567,1823
10568,1932,1926,1926,2024-07-29,2024-08-01,3,kecmanovic|m / shapovalov|d,Washington,Citi Open,R16,R16,0.22857142857142856,1.0,1.0,0.8571428571428572,56.857142857142854,47,Washington,Citi Open,2024-08-01,ATP500,Outdoor,Hard,3rd Round,3,Shapovalov D.,Kecmanovic M.,139,51.0,450,935.0,4.0,6.0,6.0,4.0,6.0,2.0,,,,,2.0,1.0,Completed,1.62,2.3,1.68,2.34,1.68,2.34,1.63,2.24,10568,1824
10569,1933,1931,1931,2024-07-29,2024-08-01,3,nakashima|b / shelton|b,Washington,Citi Open,R16,R16,0.22857142857142856,1.0,1.0,0.8571428571428572,56.857142857142854,47,Washington,Citi Open,2024-08-01,ATP500,Outdoor,Hard,3rd Round,3,Shelton B.,Nakashima B.,14,54.0,2750,915.0,7.0,6.0,7.0,6.0,,,,,,,2.0,0.0,Completed,1.8,2.0,1.84,2.08,1.86,2.14,1.77,2.02,10569,1825
10577,1941,1924,1924,2024-07-29,2024-08-01,3,opelka|r / thompson|j,Washington,Citi Open,R32,R32,0.22857142857142856,1.0,1.0,0.8571428571428572,56.857142857142854,47,Washington,Citi Open,2024-08-01,ATP500,Outdoor,Hard,2nd Round,3,Thompson J.,Opelka R.,33,371.0,1331,132.0,6.0,4.0,6.0,3.0,,,,,,,2.0,0.0,Completed,2.0,1.8,2.06,1.86,2.08,1.89,1.98,1.81,10577,1826
10585,1949,1925,1925,2024-07-29,2024-08-01,3,albot|r / shelton|b,Washington,Citi Open,R32,R32,0.22857142857142856,1.0,1.0,0.8571428571428572,56.857142857142854,47,Washington,Citi Open,2024-08-01,ATP500,Outdoor,Hard,2nd Round,3,Shelton B.,Albot R.,14,152.0,2750,411.0,6.0,4.0,6.0,7.0,6.0,3.0,,,,,2.0,1.0,Completed,1.14,5.5,1.19,5.26,1.2,5.5,1.18,4.86,10585,1827
10559,1923,1936,1936,2024-07-29,2024-08-02,4,korda|s / thompson|j,Washington,Citi Open,QF,QF,0.22857142857142856,1.0,1.0,0.8095238095238095,56.61904761904762,47,Washington,Citi Open,2024-08-02,ATP500,Outdoor,Hard,Quarterfinals,3,Korda S.,Thompson J.,22,33.0,1795,1331.0,6.0,4.0,6.0,2.0,,,,,,,2.0,0.0,Completed,1.5,2.63,1.49,2.83,1.53,2.83,1.48,2.64,10559,1828
10560,1924,1934,1934,2024-07-29,2024-08-02,4,cobolli|f / michelsen|a,Washington,Citi Open,QF,QF,0.22857142857142856,1.0,1.0,0.8095238095238095,56.61904761904762,47,Washington,Citi Open,2024-08-02,ATP500,Outdoor,Hard,Quarterfinals,3,Cobolli F.,Michelsen A.,48,60.0,1018,831.0,7.0,5.0,3.0,6.0,7.0,6.0,,,,,2.0,1.0,Completed,2.63,1.5,2.7,1.53,2.7,1.57,2.55,1.51,10560,1829
10561,1925,1935,1935,2024-07-29,2024-08-02,4,shapovalov|d / shelton|b,Washington,Citi Open,QF,QF,0.22857142857142856,1.0,1.0,0.8095238095238095,56.61904761904762,47,Washington,Citi Open,2024-08-02,ATP500,Outdoor,Hard,Quarterfinals,3,Shelton B.,Shapovalov D.,14,139.0,2750,450.0,7.0,6.0,6.0,6.0,,,,,,,1.0,0.0,Awarded,1.62,2.3,1.62,2.46,1.68,2.46,1.61,2.29,10561,1830
10562,1926,1933,1933,2024-07-29,2024-08-02,4,rinderknech|a / rublev|a,Washington,Citi Open,R16,R16,0.22857142857142856,1.0,1.0,0.8095238095238095,56.61904761904762,47,Washington,Citi Open,2024-08-02,ATP500,Outdoor,Hard,3rd Round,3,Rublev A.,Rinderknech A.,8,68.0,3885,781.0,7.0,6.0,6.0,4.0,,,,,,,2.0,0.0,Completed,1.29,3.75,1.28,4.11,1.3,4.11,1.27,3.71,10562,1831
10558,1922,1937,1937,2024-07-29,2024-08-03,5,rublev|a / tiafoe|f,Washington,Citi Open,QF,QF,0.22857142857142856,1.0,1.0,0.7619047619047619,56.38095238095238,47,Washington,Citi Open,2024-08-03,ATP500,Outdoor,Hard,Quarterfinals,3,Tiafoe F.,Rublev A.,29,8.0,1405,3885.0,6.0,4.0,7.0,6.0,,,,,,,2.0,0.0,Completed,2.75,1.44,2.83,1.49,2.92,1.5,2.72,1.45,10558,1832
10556,1920,1939,1939,2024-07-29,2024-08-04,6,korda|s / tiafoe|f,Washington,Citi Open,SF,SF,0.22857142857142856,1.0,1.0,0.7142857142857143,56.14285714285714,47,Washington,Citi Open,2024-08-04,ATP500,Outdoor,Hard,Semifinals,3,Korda S.,Tiafoe F.,22,29.0,1795,1405.0,6.0,4.0,6.0,4.0,,,,,,,2.0,0.0,Completed,1.57,2.38,1.63,2.44,1.64,2.44,1.59,2.32,10556,1833
10557,1921,1938,1938,2024-07-29,2024-08-04,6,cobolli|f / shelton|b,Washington,Citi Open,SF,SF,0.22857142857142856,1.0,1.0,0.7142857142857143,56.14285714285714,47,Washington,Citi Open,2024-08-04,ATP500,Outdoor,Hard,Semifinals,3,Cobolli F.,Shelton B.,48,14.0,1018,2750.0,4.0,6.0,7.0,5.0,6.0,3.0,,,,,2.0,1.0,Completed,3.2,1.36,3.14,1.41,3.2,1.46,3.01,1.38,10557,1834
10555,1919,1940,1940,2024-07-29,2024-08-05,7,cobolli|f / korda|s,Washington,Citi Open,F,F,0.22857142857142856,1.0,1.0,0.6666666666666667,55.904761904761905,47,Washington,Citi Open,2024-08-05,ATP500,Outdoor,Hard,The Final,3,Korda S.,Cobolli F.,22,48.0,1795,1018.0,4.0,6.0,6.0,2.0,6.0,0.0,,,,,2.0,1.0,Completed,1.3,3.5,1.28,4.18,1.31,4.18,1.28,3.62,10555,1835
10698,2062,1941,1941,2024-08-05,2024-08-06,1,griekspoor|t / sonego|l,Canada Masters,Canadian Open,R64,R64,0.6857142857142857,1.0,1.0,0.9523809523809523,82.47619047619048,48,Montreal,Canadian Open,2024-08-06,Masters 1000,Outdoor,Hard,1st Round,3,Sonego L.,Griekspoor T.,57,40.0,881,1220.0,7.0,6.0,5.0,7.0,6.0,4.0,,,,,2.0,1.0,Completed,2.3,1.62,2.35,1.66,2.44,1.67,2.29,1.62,10698,1836
10702,2066,1943,1943,2024-08-05,2024-08-06,1,etcheverry|t / jarry|n,Canada Masters,Canadian Open,R64,R64,0.6857142857142857,1.0,1.0,0.9523809523809523,82.47619047619048,48,Montreal,Canadian Open,2024-08-06,Masters 1000,Outdoor,Hard,1st Round,3,Etcheverry T.,Jarry N.,38,24.0,1255,1710.0,7.0,6.0,6.0,7.0,6.0,2.0,,,,,2.0,1.0,Completed,1.73,2.1,1.77,2.15,1.8,2.25,1.74,2.1,10702,1837
10705,2069,1945,1945,2024-08-05,2024-08-06,1,diallo|g / khachanov|k,Canada Masters,Canadian Open,R64,R64,0.6857142857142857,1.0,1.0,0.9523809523809523,82.47619047619048,48,Montreal,Canadian Open,2024-08-06,Masters 1000,Outdoor,Hard,1st Round,3,Khachanov K.,Diallo G.,22,141.0,1830,436.0,6.0,4.0,6.0,4.0,,,,,,,2.0,0.0,Completed,1.4,3.0,1.5,2.78,1.51,3.0,1.47,2.69,10705,1838
10707,2071,1944,1944,2024-08-05,2024-08-06,1,borges|n / kecmanovic|m,Canada Masters,Canadian Open,R64,R64,0.6857142857142857,1.0,1.0,0.9523809523809523,82.47619047619048,48,Montreal,Canadian Open,2024-08-06,Masters 1000,Outdoor,Hard,1st Round,3,Borges N.,Kecmanovic M.,43,50.0,1176,975.0,5.0,7.0,6.0,4.0,6.0,4.0,,,,,2.0,1.0,Completed,2.38,1.57,2.31,1.68,2.4,1.68,2.28,1.62,10707,1839
10708,2072,1942,1942,2024-08-05,2024-08-06,1,michelsen|a / nishikori|k,Canada Masters,Canadian Open,R64,R64,0.6857142857142857,1.0,1.0,0.9523809523809523,82.47619047619048,48,Montreal,Canadian Open,2024-08-06,Masters 1000,Outdoor,Hard,1st Round,3,Nishikori K.,Michelsen A.,576,55.0,60,915.0,3.0,6.0,7.0,5.0,6.0,4.0,,,,,2.0,1.0,Completed,3.5,1.3,3.55,1.34,3.55,1.36,3.36,1.32,10708,1840
10697,2061,1956,1956,2024-08-05,2024-08-07,2,coric|b / martinez|p,Canada Masters,Canadian Open,R64,R64,0.6857142857142857,1.0,1.0,0.9047619047619048,82.23809523809524,48,Montreal,Canadian Open,2024-08-07,Masters 1000,Outdoor,Hard,1st Round,3,Coric B.,Martinez P.,94,45.0,622,1168.0,6.0,4.0,6.0,4.0,,,,,,,2.0,0.0,Completed,1.33,3.4,1.41,3.13,1.42,3.4,1.37,3.11,10697,1841
10699,2063,1948,1948,2024-08-05,2024-08-07,2,tabilo|a / tiafoe|f,Canada Masters,Canadian Open,R64,R64,0.6857142857142857,1.0,1.0,0.9047619047619048,82.23809523809524,48,Montreal,Canadian Open,2024-08-07,Masters 1000,Outdoor,Hard,1st Round,3,Tabilo A.,Tiafoe F.,21,27.0,1918,1515.0,6.0,4.0,6.0,2.0,,,,,,,2.0,0.0,Completed,2.3,1.62,2.29,1.69,2.34,1.7,2.24,1.64,10699,1842
10700,2064,1950,1950,2024-08-05,2024-08-07,2,darderi|l / paul|t,Canada Masters,Canadian Open,R64,R64,0.6857142857142857,1.0,1.0,0.9047619047619048,82.23809523809524,48,Montreal,Canadian Open,2024-08-07,Masters 1000,Outdoor,Hard,1st Round,3,Paul T.,Darderi L.,12,32.0,3375,1331.0,6.0,4.0,7.0,6.0,,,,,,,2.0,0.0,Completed,1.13,6.0,1.14,6.72,1.17,7.0,1.14,5.93,10700,1843
10701,2065,1957,1957,2024-08-05,2024-08-07,2,nakashima|b / shapovalov|d,Canada Masters,Canadian Open,R64,R64,0.6857142857142857,1.0,1.0,0.9047619047619048,82.23809523809524,48,Montreal,Canadian Open,2024-08-07,Masters 1000,Outdoor,Hard,1st Round,3,Nakashima B.,Shapovalov D.,52,106.0,935,550.0,6.0,4.0,7.0,5.0,,,,,,,2.0,0.0,Completed,2.1,1.73,2.16,1.76,2.23,1.85,2.04,1.78,10701,1844
10703,2067,1954,1954,2024-08-05,2024-08-07,2,davidovich fokina|a / safiullin|r <> fokina|a / safiullin|r,Canada Masters,Canadian Open,R64,R64,0.6857142857142857,1.0,1.0,0.9047619047619048,82.23809523809524,48,Montreal,Canadian Open,2024-08-07,Masters 1000,Outdoor,Hard,1st Round,3,Davidovich Fokina A.,Safiullin R.,42,66.0,1195,785.0,6.0,2.0,7.0,5.0,,,,,,,2.0,0.0,Completed,1.91,1.91,1.98,1.91,1.99,1.93,1.9,1.9,10703,1845
10704,2068,1952,1952,2024-08-05,2024-08-07,2,arnaldi|m / mcdonald|m,Canada Masters,Canadian Open,R64,R64,0.6857142857142857,1.0,1.0,0.9047619047619048,82.23809523809524,48,Montreal,Canadian Open,2024-08-07,Masters 1000,Outdoor,Hard,1st Round,3,Arnaldi M.,Mcdonald M.,46,93.0,1155,636.0,4.0,6.0,6.0,4.0,6.0,4.0,,,,,2.0,1.0,Completed,1.8,2.0,1.86,2.03,1.86,2.12,1.83,1.98,10704,1846
10706,2070,1955,1955,2024-08-05,2024-08-07,2,fils|a / humbert|u,Canada Masters,Canadian Open,R64,R64,0.6857142857142857,1.0,1.0,0.9047619047619048,82.23809523809524,48,Montreal,Canadian Open,2024-08-07,Masters 1000,Outdoor,Hard,1st Round,3,Humbert U.,Fils A.,15,23.0,2360,1770.0,6.0,2.0,6.0,2.0,,,,,,,2.0,0.0,Completed,1.62,2.3,1.65,2.35,1.65,2.35,1.62,2.27,10706,1847
10709,2073,1951,1951,2024-08-05,2024-08-07,2,daniel|t / hijikata|r,Canada Masters,Canadian Open,R64,R64,0.6857142857142857,1.0,1.0,0.9047619047619048,82.23809523809524,48,Montreal,Canadian Open,2024-08-07,Masters 1000,Outdoor,Hard,1st Round,3,Hijikata R.,Daniel T.,74,87.0,741,669.0,6.0,1.0,7.0,5.0,,,,,,,2.0,0.0,Completed,2.3,1.62,2.31,1.68,2.32,1.68,2.24,1.65,10709,1848
10710,2074,1959,1959,2024-08-05,2024-08-07,2,machac|t / popyrin|a,Canada Masters,Canadian Open,R64,R64,0.6857142857142857,1.0,1.0,0.9047619047619048,82.23809523809524,48,Montreal,Canadian Open,2024-08-07,Masters 1000,Outdoor,Hard,1st Round,3,Popyrin A.,Machac T.,62,39.0,821,1229.0,6.0,3.0,6.0,4.0,,,,,,,2.0,0.0,Completed,2.3,1.62,2.25,1.71,2.3,1.71,2.22,1.66,10710,1849
10711,2075,1953,1953,2024-08-05,2024-08-07,2,bublik|a / shelton|b,Canada Masters,Canadian Open,R64,R64,0.6857142857142857,1.0,1.0,0.9047619047619048,82.23809523809524,48,Montreal,Canadian Open,2024-08-07,Masters 1000,Outdoor,Hard,1st Round,3,Shelton B.,Bublik A.,14,25.0,2950,1650.0,7.0,6.0,6.0,2.0,,,,,,,2.0,0.0,Completed,1.5,2.63,1.55,2.6,1.55,2.63,1.51,2.58,10711,1850
10713,2077,1961,1961,2024-08-05,2024-08-07,2,mannarino|a / rinderknech|a,Canada Masters,Canadian Open,R64,R64,0.6857142857142857,1.0,1.0,0.9047619047619048,82.23809523809524,48,Montreal,Canadian Open,2024-08-07,Masters 1000,Outdoor,Hard,1st Round,3,Rinderknech A.,Mannarino A.,65,31.0,786,1340.0,6.0,4.0,2.0,6.0,6.0,4.0,,,,,2.0,1.0,Completed,1.5,2.63,1.56,2.57,1.56,2.63,1.52,2.53,10713,1851
10715,2079,1958,1958,2024-08-05,2024-08-07,2,duckworth|j / giron|m,Canada Masters,Canadian Open,R64,R64,0.6857142857142857,1.0,1.0,0.9047619047619048,82.23809523809524,48,Montreal,Canadian Open,2024-08-07,Masters 1000,Outdoor,Hard,1st Round,3,Duckworth J.,Giron M.,80,37.0,723,1265.0,6.0,4.0,6.0,1.0,,,,,,,2.0,0.0,Completed,2.63,1.5,2.55,1.57,2.79,1.57,2.49,1.53,10715,1852
10717,2081,1960,1960,2024-08-05,2024-08-07,2,fritz|t / navone|m,Canada Masters,Canadian Open,R64,R64,0.6857142857142857,1.0,1.0,0.9047619047619048,82.23809523809524,48,Montreal,Canadian Open,2024-08-07,Masters 1000,Outdoor,Hard,1st Round,3,Fritz T.,Navone M.,13,36.0,3330,1292.0,6.0,4.0,6.0,1.0,,,,,,,2.0,0.0,Completed,1.06,10.0,1.06,12.13,1.11,12.13,1.06,9.43,10717,1853
10718,2082,1947,1947,2024-08-05,2024-08-07,2,agut|r / rune|h <> bautista agut|r / rune|h,Canada Masters,Canadian Open,R64,R64,0.6857142857142857,1.0,1.0,0.9047619047619048,82.23809523809524,48,Montreal,Canadian Open,2024-08-07,Masters 1000,Outdoor,Hard,1st Round,3,Rune H.,Bautista Agut R.,17,72.0,2300,745.0,6.0,1.0,6.0,3.0,,,,,,,2.0,0.0,Completed,,,,,,,,,10718,1854
10719,2083,1946,1946,2024-08-05,2024-08-07,2,busta|p / marozsan|f <> carreno busta|p / marozsan|f,Canada Masters,Canadian Open,R64,R64,0.6857142857142857,1.0,1.0,0.9047619047619048,82.23809523809524,48,Montreal,Canadian Open,2024-08-07,Masters 1000,Outdoor,Hard,1st Round,3,Carreno Busta P.,Marozsan F.,799,49.0,27,1016.0,6.0,7.0,7.0,6.0,6.0,3.0,,,,,2.0,1.0,Completed,3.5,1.3,3.55,1.34,3.55,1.36,3.36,1.32,10719,1855
10720,2084,1949,1949,2024-08-05,2024-08-07,2,draper|j / thompson|j,Canada Masters,Canadian Open,R64,R64,0.6857142857142857,1.0,1.0,0.9047619047619048,82.23809523809524,48,Montreal,Canadian Open,2024-08-07,Masters 1000,Outdoor,Hard,1st Round,3,Thompson J.,Draper J.,30,28.0,1341,1511.0,7.0,5.0,6.0,2.0,,,,,,,2.0,0.0,Completed,3.2,1.36,3.34,1.37,3.34,1.43,3.17,1.36,10720,1856
10681,2045,1974,1974,2024-08-05,2024-08-08,3,coric|b / sinner|j,Canada Masters,Canadian Open,R32,R32,0.6857142857142857,1.0,1.0,0.8571428571428572,82.00000000000001,48,Montreal,Canadian Open,2024-08-08,Masters 1000,Outdoor,Hard,2nd Round,3,Sinner J.,Coric B.,1,94.0,9570,622.0,6.0,2.0,6.0,4.0,,,,,,,2.0,0.0,Completed,1.1,7.0,1.07,12.01,1.1,12.01,1.07,8.6,10681,1857
10682,2046,1977,1977,2024-08-05,2024-08-08,3,sonego|l / tabilo|a,Canada Masters,Canadian Open,R32,R32,0.6857142857142857,1.0,1.0,0.8571428571428572,82.00000000000001,48,Montreal,Canadian Open,2024-08-08,Masters 1000,Outdoor,Hard,2nd Round,3,Tabilo A.,Sonego L.,21,57.0,1918,881.0,6.0,4.0,6.0,2.0,,,,,,,2.0,0.0,Completed,1.57,2.38,1.59,2.52,1.62,2.52,1.58,2.36,10682,1858
10683,2047,1967,1967,2024-08-05,2024-08-08,3,nakashima|b / paul|t,Canada Masters,Canadian Open,R32,R32,0.6857142857142857,1.0,1.0,0.8571428571428572,82.00000000000001,48,Montreal,Canadian Open,2024-08-08,Masters 1000,Outdoor,Hard,2nd Round,3,Nakashima B.,Paul T.,52,12.0,935,3375.0,6.0,2.0,6.0,7.0,6.0,1.0,,,,,2.0,1.0,Completed,3.2,1.36,3.37,1.37,3.37,1.42,3.06,1.38,10683,1859
10684,2048,1969,1969,2024-08-05,2024-08-08,3,etcheverry|t / rublev|a,Canada Masters,Canadian Open,R32,R32,0.6857142857142857,1.0,1.0,0.8571428571428572,82.00000000000001,48,Montreal,Canadian Open,2024-08-08,Masters 1000,Outdoor,Hard,2nd Round,3,Rublev A.,Etcheverry T.,8,38.0,3975,1255.0,7.0,6.0,6.0,2.0,,,,,,,2.0,0.0,Completed,1.29,3.75,1.35,3.55,1.35,3.75,1.31,3.45,10684,1860
10685,2049,1966,1966,2024-08-05,2024-08-08,3,davidovich fokina|a / medvedev|d <> fokina|a / medvedev|d,Canada Masters,Canadian Open,R32,R32,0.6857142857142857,1.0,1.0,0.8571428571428572,82.00000000000001,48,Montreal,Canadian Open,2024-08-08,Masters 1000,Outdoor,Hard,2nd Round,3,Davidovich Fokina A.,Medvedev D.,42,5.0,1195,6525.0,6.0,4.0,1.0,6.0,6.0,2.0,,,,,2.0,1.0,Completed,5.0,1.17,5.32,1.2,5.32,1.21,4.87,1.18,10685,1861
10686,2050,1972,1972,2024-08-05,2024-08-08,3,arnaldi|m / khachanov|k,Canada Masters,Canadian Open,R32,R32,0.6857142857142857,1.0,1.0,0.8571428571428572,82.00000000000001,48,Montreal,Canadian Open,2024-08-08,Masters 1000,Outdoor,Hard,2nd Round,3,Arnaldi M.,Khachanov K.,46,22.0,1155,1830.0,7.0,5.0,7.0,5.0,,,,,,,2.0,0.0,Completed,2.3,1.62,2.33,1.68,2.38,1.69,2.27,1.63,10686,1862
10687,2051,1965,1965,2024-08-05,2024-08-08,3,borges|n / humbert|u,Canada Masters,Canadian Open,R32,R32,0.6857142857142857,1.0,1.0,0.8571428571428572,82.00000000000001,48,Montreal,Canadian Open,2024-08-08,Masters 1000,Outdoor,Hard,2nd Round,3,Borges N.,Humbert U.,43,15.0,1176,2360.0,3.0,6.0,7.0,6.0,7.0,6.0,,,,,2.0,1.0,Completed,3.2,1.36,3.46,1.36,3.46,1.36,3.26,1.34,10687,1863
10688,2052,1968,1968,2024-08-05,2024-08-08,3,nishikori|k / tsitsipas|s,Canada Masters,Canadian Open,R32,R32,0.6857142857142857,1.0,1.0,0.8571428571428572,82.00000000000001,48,Montreal,Canadian Open,2024-08-08,Masters 1000,Outdoor,Hard,2nd Round,3,Nishikori K.,Tsitsipas S.,576,11.0,60,3465.0,6.0,4.0,6.0,4.0,,,,,,,2.0,0.0,Completed,4.33,1.22,4.79,1.23,4.79,1.25,4.38,1.21,10688,1864
10689,2053,1971,1971,2024-08-05,2024-08-08,3,dimitrov|g / hijikata|r,Canada Masters,Canadian Open,R32,R32,0.6857142857142857,1.0,1.0,0.8571428571428572,82.00000000000001,48,Montreal,Canadian Open,2024-08-08,Masters 1000,Outdoor,Hard,2nd Round,3,Dimitrov G.,Hijikata R.,10,74.0,3600,741.0,6.0,1.0,6.0,0.0,,,,,,,2.0,0.0,Completed,1.25,4.0,1.27,4.25,1.27,4.25,1.24,4.06,10689,1865
10690,2054,1976,1976,2024-08-05,2024-08-08,3,popyrin|a / shelton|b,Canada Masters,Canadian Open,R32,R32,0.6857142857142857,1.0,1.0,0.8571428571428572,82.00000000000001,48,Montreal,Canadian Open,2024-08-08,Masters 1000,Outdoor,Hard,2nd Round,3,Popyrin A.,Shelton B.,62,14.0,821,2950.0,6.0,4.0,7.0,6.0,,,,,,,2.0,0.0,Completed,2.5,1.53,2.56,1.58,2.6,1.58,2.5,1.53,10690,1866
10693,2057,1973,1973,2024-08-05,2024-08-08,3,duckworth|j / ruud|c,Canada Masters,Canadian Open,R32,R32,0.6857142857142857,1.0,1.0,0.8571428571428572,82.00000000000001,48,Montreal,Canadian Open,2024-08-08,Masters 1000,Outdoor,Hard,2nd Round,3,Ruud C.,Duckworth J.,9,80.0,3880,723.0,6.0,2.0,6.0,7.0,6.0,3.0,,,,,2.0,1.0,Completed,1.33,3.4,1.36,3.45,1.36,3.6,1.31,3.42,10693,1867
10695,2059,1975,1975,2024-08-05,2024-08-08,3,busta|p / rune|h <> carreno busta|p / rune|h,Canada Masters,Canadian Open,R32,R32,0.6857142857142857,1.0,1.0,0.8571428571428572,82.00000000000001,48,Montreal,Canadian Open,2024-08-08,Masters 1000,Outdoor,Hard,2nd Round,3,Rune H.,Carreno Busta P.,17,799.0,2300,27.0,6.0,1.0,6.0,3.0,,,,,,,2.0,0.0,Completed,1.3,3.5,1.34,3.6,1.37,3.7,1.31,3.47,10695,1868
10696,2060,1970,1970,2024-08-05,2024-08-08,3,thompson|j / zverev|a,Canada Masters,Canadian Open,R32,R32,0.6857142857142857,1.0,1.0,0.8571428571428572,82.00000000000001,48,Montreal,Canadian Open,2024-08-08,Masters 1000,Outdoor,Hard,2nd Round,3,Zverev A.,Thompson J.,4,30.0,6845,1341.0,6.0,1.0,6.0,1.0,,,,,,,2.0,0.0,Completed,1.29,3.75,1.32,3.87,1.35,3.87,1.3,3.58,10696,1869
10712,2076,1963,1963,2024-08-05,2024-08-08,3,aliassime|f / cobolli|f <> auger aliassime|f / cobolli|f,Canada Masters,Canadian Open,R64,R64,0.6857142857142857,1.0,1.0,0.8571428571428572,82.00000000000001,48,Montreal,Canadian Open,2024-08-08,Masters 1000,Outdoor,Hard,1st Round,3,Cobolli F.,Auger-Aliassime F.,33,19.0,1323,2115.0,6.0,3.0,6.0,2.0,,,,,,,2.0,0.0,Completed,4.0,1.25,4.07,1.28,4.07,1.31,3.78,1.27,10712,1870
10714,2078,1964,1964,2024-08-05,2024-08-08,3,kokkinakis|t / monfils|g,Canada Masters,Canadian Open,R64,R64,0.6857142857142857,1.0,1.0,0.8571428571428572,82.00000000000001,48,Montreal,Canadian Open,2024-08-08,Masters 1000,Outdoor,Hard,1st Round,3,Kokkinakis T.,Monfils G.,81,34.0,697,1315.0,6.0,3.0,6.0,3.0,,,,,,,2.0,0.0,Completed,1.73,2.1,1.84,2.05,1.84,2.12,1.78,2.04,10714,1871
10716,2080,1962,1962,2024-08-05,2024-08-08,3,korda|s / pospisil|v,Canada Masters,Canadian Open,R64,R64,0.6857142857142857,1.0,1.0,0.8571428571428572,82.00000000000001,48,Montreal,Canadian Open,2024-08-08,Masters 1000,Outdoor,Hard,1st Round,3,Korda S.,Pospisil V.,18,610.0,2270,53.0,2.0,1.0,,,,,,,,,0.0,0.0,Retired,1.07,9.0,1.07,11.43,1.09,11.43,1.07,9.02,10716,1872
10673,2037,1985,1985,2024-08-05,2024-08-10,5,sinner|j / tabilo|a,Canada Masters,Canadian Open,R16,R16,0.6857142857142857,1.0,1.0,0.7619047619047619,81.52380952380953,48,Montreal,Canadian Open,2024-08-10,Masters 1000,Outdoor,Hard,3rd Round,3,Sinner J.,Tabilo A.,1,21.0,9570,1918.0,6.0,4.0,6.0,3.0,,,,,,,2.0,0.0,Completed,1.06,10.0,1.08,11.12,1.09,11.12,1.06,9.08,10673,1873
10674,2038,1982,1982,2024-08-05,2024-08-10,5,nakashima|b / rublev|a,Canada Masters,Canadian Open,R16,R16,0.6857142857142857,1.0,1.0,0.7619047619047619,81.52380952380953,48,Montreal,Canadian Open,2024-08-10,Masters 1000,Outdoor,Hard,3rd Round,3,Rublev A.,Nakashima B.,8,52.0,3975,935.0,6.0,2.0,6.0,2.0,,,,,,,2.0,0.0,Completed,1.53,2.5,1.6,2.51,1.61,2.51,1.54,2.45,10674,1874
10675,2039,1981,1981,2024-08-05,2024-08-10,5,arnaldi|m / davidovich fokina|a <> arnaldi|m / fokina|a,Canada Masters,Canadian Open,R16,R16,0.6857142857142857,1.0,1.0,0.7619047619047619,81.52380952380953,48,Montreal,Canadian Open,2024-08-10,Masters 1000,Outdoor,Hard,3rd Round,3,Arnaldi M.,Davidovich Fokina A.,46,42.0,1155,1195.0,4.0,6.0,7.0,6.0,3.0,0.0,,,,,1.0,1.0,Retired,2.2,1.67,2.23,1.74,2.23,1.74,2.18,1.68,10675,1875
10676,2040,1983,1983,2024-08-05,2024-08-10,5,borges|n / nishikori|k,Canada Masters,Canadian Open,R16,R16,0.6857142857142857,1.0,1.0,0.7619047619047619,81.52380952380953,48,Montreal,Canadian Open,2024-08-10,Masters 1000,Outdoor,Hard,3rd Round,3,Nishikori K.,Borges N.,576,43.0,60,1176.0,6.0,3.0,6.0,4.0,,,,,,,2.0,0.0,Completed,2.3,1.62,2.39,1.65,2.39,1.7,2.27,1.64,10676,1876
10677,2041,1984,1984,2024-08-05,2024-08-10,5,dimitrov|g / popyrin|a,Canada Masters,Canadian Open,R16,R16,0.6857142857142857,1.0,1.0,0.7619047619047619,81.52380952380953,48,Montreal,Canadian Open,2024-08-10,Masters 1000,Outdoor,Hard,3rd Round,3,Popyrin A.,Dimitrov G.,62,10.0,821,3600.0,4.0,6.0,7.0,6.0,6.0,3.0,,,,,2.0,1.0,Completed,3.4,1.33,3.5,1.35,3.5,1.38,3.34,1.33,10677,1877
10678,2042,1988,1988,2024-08-05,2024-08-10,5,hurkacz|h / rinderknech|a,Canada Masters,Canadian Open,R16,R16,0.6857142857142857,1.0,1.0,0.7619047619047619,81.52380952380953,48,Montreal,Canadian Open,2024-08-10,Masters 1000,Outdoor,Hard,3rd Round,3,Hurkacz H.,Rinderknech A.,6,65.0,4105,786.0,4.0,6.0,6.0,3.0,6.0,4.0,,,,,2.0,1.0,Completed,1.57,2.38,1.61,2.46,1.73,2.46,1.62,2.3,10678,1878
10679,2043,1987,1987,2024-08-05,2024-08-10,5,korda|s / ruud|c,Canada Masters,Canadian Open,R16,R16,0.6857142857142857,1.0,1.0,0.7619047619047619,81.52380952380953,48,Montreal,Canadian Open,2024-08-10,Masters 1000,Outdoor,Hard,3rd Round,3,Korda S.,Ruud C.,18,9.0,2270,3880.0,,,,,,,,,,,,,Walkover,1.8,2.0,1.81,2.1,1.83,2.1,1.8,2.02,10679,1879
10680,2044,1986,1986,2024-08-05,2024-08-10,5,rune|h / zverev|a,Canada Masters,Canadian Open,R16,R16,0.6857142857142857,1.0,1.0,0.7619047619047619,81.52380952380953,48,Montreal,Canadian Open,2024-08-10,Masters 1000,Outdoor,Hard,3rd Round,3,Zverev A.,Rune H.,4,17.0,6845,2300.0,6.0,3.0,7.0,6.0,,,,,,,2.0,0.0,Completed,1.3,3.5,1.34,3.57,1.34,3.57,1.31,3.43,10680,1880
10691,2055,1980,1980,2024-08-05,2024-08-10,5,cobolli|f / rinderknech|a,Canada Masters,Canadian Open,R32,R32,0.6857142857142857,1.0,1.0,0.7619047619047619,81.52380952380953,48,Montreal,Canadian Open,2024-08-10,Masters 1000,Outdoor,Hard,2nd Round,3,Rinderknech A.,Cobolli F.,65,33.0,786,1323.0,6.0,3.0,6.0,2.0,,,,,,,2.0,0.0,Completed,2.38,1.57,2.41,1.64,2.41,1.64,2.33,1.61,10691,1881
10692,2056,1979,1979,2024-08-05,2024-08-10,5,hurkacz|h / kokkinakis|t,Canada Masters,Canadian Open,R32,R32,0.6857142857142857,1.0,1.0,0.7619047619047619,81.52380952380953,48,Montreal,Canadian Open,2024-08-10,Masters 1000,Outdoor,Hard,2nd Round,3,Hurkacz H.,Kokkinakis T.,6,81.0,4105,697.0,4.0,6.0,6.0,3.0,7.0,6.0,,,,,2.0,1.0,Completed,1.73,2.1,1.74,2.22,1.75,2.23,1.72,2.14,10692,1882
10694,2058,1978,1978,2024-08-05,2024-08-10,5,fritz|t / korda|s,Canada Masters,Canadian Open,R32,R32,0.6857142857142857,1.0,1.0,0.7619047619047619,81.52380952380953,48,Montreal,Canadian Open,2024-08-10,Masters 1000,Outdoor,Hard,2nd Round,3,Korda S.,Fritz T.,18,13.0,2270,3330.0,6.0,4.0,7.0,6.0,,,,,,,2.0,0.0,Completed,2.3,1.62,2.45,1.62,2.48,1.67,2.33,1.6,10694,1883
10667,2031,1993,1993,2024-08-05,2024-08-11,6,arnaldi|m / rublev|a,Canada Masters,Canadian Open,SF,SF,0.6857142857142857,1.0,1.0,0.7142857142857143,81.28571428571429,48,Montreal,Canadian Open,2024-08-11,Masters 1000,Outdoor,Hard,Semifinals,3,Rublev A.,Arnaldi M.,8,46.0,3975,1155.0,6.0,4.0,6.0,2.0,,,,,,,2.0,0.0,Completed,1.29,3.75,1.3,3.89,1.35,3.89,1.3,3.54,10667,1884
10669,2033,1989,1989,2024-08-05,2024-08-11,6,rublev|a / sinner|j,Canada Masters,Canadian Open,QF,QF,0.6857142857142857,1.0,1.0,0.7142857142857143,81.28571428571429,48,Montreal,Canadian Open,2024-08-11,Masters 1000,Outdoor,Hard,Quarterfinals,3,Rublev A.,Sinner J.,8,1.0,3975,9570.0,6.0,3.0,1.0,6.0,6.0,2.0,,,,,2.0,1.0,Completed,5.0,1.17,4.78,1.22,5.0,1.25,4.61,1.2,10669,1885
10670,2034,1990,1990,2024-08-05,2024-08-11,6,arnaldi|m / nishikori|k,Canada Masters,Canadian Open,QF,QF,0.6857142857142857,1.0,1.0,0.7142857142857143,81.28571428571429,48,Montreal,Canadian Open,2024-08-11,Masters 1000,Outdoor,Hard,Quarterfinals,3,Arnaldi M.,Nishikori K.,46,576.0,1155,60.0,6.0,4.0,7.0,5.0,,,,,,,2.0,0.0,Completed,1.5,2.63,1.54,2.63,1.57,2.63,1.52,2.54,10670,1886
10671,2035,1991,1991,2024-08-05,2024-08-11,6,hurkacz|h / popyrin|a,Canada Masters,Canadian Open,QF,QF,0.6857142857142857,1.0,1.0,0.7142857142857143,81.28571428571429,48,Montreal,Canadian Open,2024-08-11,Masters 1000,Outdoor,Hard,Quarterfinals,3,Popyrin A.,Hurkacz H.,62,6.0,821,4105.0,3.0,6.0,7.0,6.0,7.0,5.0,,,,,2.0,1.0,Completed,2.3,1.62,2.34,1.68,2.46,1.72,2.25,1.64,10671,1887
10672,2036,1992,1992,2024-08-05,2024-08-11,6,korda|s / zverev|a,Canada Masters,Canadian Open,QF,QF,0.6857142857142857,1.0,1.0,0.7142857142857143,81.28571428571429,48,Montreal,Canadian Open,2024-08-11,Masters 1000,Outdoor,Hard,Quarterfinals,3,Korda S.,Zverev A.,18,4.0,2270,6845.0,7.0,6.0,1.0,6.0,6.0,4.0,,,,,2.0,1.0,Completed,3.4,1.33,3.48,1.36,3.48,1.38,3.23,1.34,10672,1888
10668,2032,1994,1994,2024-08-05,2024-08-12,7,korda|s / popyrin|a,Canada Masters,Canadian Open,SF,SF,0.6857142857142857,1.0,1.0,0.6666666666666667,81.04761904761905,48,Montreal,Canadian Open,2024-08-12,Masters 1000,Outdoor,Hard,Semifinals,3,Popyrin A.,Korda S.,62,18.0,821,2270.0,7.0,6.0,6.0,3.0,,,,,,,2.0,0.0,Completed,3.0,1.4,3.35,1.37,3.35,1.41,3.03,1.38,10668,1889
10766,2130,1996,1996,2024-08-12,2024-08-12,0,cobolli|f / paul|t,Cincinnati Masters,Western & Southern Financial Group Masters,R64,R64,0.19047619047619047,1.0,1.0,1.0,55.476190476190474,49,Cincinnati,Western & Southern Financial Group Masters,2024-08-12,Masters 1000,Outdoor,Hard,1st Round,3,Cobolli F.,Paul T.,31,13.0,1348,3065.0,6.0,2.0,4.0,6.0,7.0,5.0,,,,,2.0,1.0,Completed,4.5,1.2,4.99,1.21,5.25,1.21,4.68,1.19,10766,1890
10666,2030,1995,1995,2024-08-05,2024-08-13,8,popyrin|a / rublev|a,Canada Masters,Canadian Open,F,F,0.6857142857142857,1.0,1.0,0.6190476190476191,80.80952380952382,48,Montreal,Canadian Open,2024-08-13,Masters 1000,Outdoor,Hard,The Final,3,Popyrin A.,Rublev A.,62,8.0,821,3975.0,6.0,2.0,6.0,4.0,,,,,,,2.0,0.0,Completed,3.4,1.33,3.18,1.41,3.4,1.41,3.13,1.37,10666,1891
10752,2116,2003,2003,2024-08-12,2024-08-13,1,griekspoor|t / michelsen|a,Cincinnati Masters,Western & Southern Financial Group Masters,R64,R64,0.19047619047619047,1.0,1.0,0.9523809523809523,55.238095238095234,49,Cincinnati,Western & Southern Financial Group Masters,2024-08-13,Masters 1000,Outdoor,Hard,1st Round,3,Michelsen A.,Griekspoor T.,57,41.0,905,1220.0,6.0,1.0,5.0,7.0,6.0,2.0,,,,,2.0,1.0,Completed,1.8,2.0,1.89,2.0,1.9,2.0,1.82,1.97,10752,1892
10753,2117,2000,2000,2024-08-12,2024-08-13,1,baez|s / giron|m,Cincinnati Masters,Western & Southern Financial Group Masters,R64,R64,0.19047619047619047,1.0,1.0,0.9523809523809523,55.238095238095234,49,Cincinnati,Western & Southern Financial Group Masters,2024-08-13,Masters 1000,Outdoor,Hard,1st Round,3,Baez S.,Giron M.,20,45.0,2000,1160.0,6.0,4.0,5.0,7.0,7.0,6.0,,,,,2.0,1.0,Completed,2.38,1.57,2.46,1.61,2.48,1.65,2.37,1.58,10753,1893
10754,2118,2004,2004,2024-08-12,2024-08-13,1,humbert|u / thompson|j,Cincinnati Masters,Western & Southern Financial Group Masters,R64,R64,0.19047619047619047,1.0,1.0,0.9523809523809523,55.238095238095234,49,Cincinnati,Western & Southern Financial Group Masters,2024-08-13,Masters 1000,Outdoor,Hard,1st Round,3,Thompson J.,Humbert U.,32,17.0,1346,2365.0,3.0,6.0,6.0,3.0,7.0,6.0,,,,,2.0,1.0,Completed,2.5,1.53,2.73,1.51,2.75,1.53,2.58,1.49,10754,1894
10758,2122,1997,1997,2024-08-12,2024-08-13,1,cerundolo|f / khachanov|k,Cincinnati Masters,Western & Southern Financial Group Masters,R64,R64,0.19047619047619047,1.0,1.0,0.9523809523809523,55.238095238095234,49,Cincinnati,Western & Southern Financial Group Masters,2024-08-13,Masters 1000,Outdoor,Hard,1st Round,3,Khachanov K.,Cerundolo F.,22,29.0,1880,1495.0,6.0,0.0,6.0,3.0,,,,,,,2.0,0.0,Completed,1.53,2.5,1.57,2.54,1.59,2.54,1.55,2.42,10758,1895
10761,2125,2005,2005,2024-08-12,2024-08-13,1,opelka|r / shelton|b,Cincinnati Masters,Western & Southern Financial Group Masters,R64,R64,0.19047619047619047,1.0,1.0,0.9523809523809523,55.238095238095234,49,Cincinnati,Western & Southern Financial Group Masters,2024-08-13,Masters 1000,Outdoor,Hard,1st Round,3,Shelton B.,Opelka R.,14,322.0,2955,157.0,7.0,6.0,7.0,6.0,,,,,,,2.0,0.0,Completed,1.44,2.75,1.52,2.7,1.55,2.8,1.47,2.67,10761,1896
10764,2128,2007,2007,2024-08-12,2024-08-13,1,kecmanovic|m / nishioka|y,Cincinnati Masters,Western & Southern Financial Group Masters,R64,R64,0.19047619047619047,1.0,1.0,0.9523809523809523,55.238095238095234,49,Cincinnati,Western & Southern Financial Group Masters,2024-08-13,Masters 1000,Outdoor,Hard,1st Round,3,Nishioka Y.,Kecmanovic M.,52,51.0,939,940.0,6.0,4.0,7.0,5.0,,,,,,,2.0,0.0,Completed,1.8,2.0,1.85,2.04,1.91,2.04,1.84,1.95,10764,1897
10765,2129,1999,1999,2024-08-12,2024-08-13,1,darderi|l / tabilo|a,Cincinnati Masters,Western & Southern Financial Group Masters,R64,R64,0.19047619047619047,1.0,1.0,0.9523809523809523,55.238095238095234,49,Cincinnati,Western & Southern Financial Group Masters,2024-08-13,Masters 1000,Outdoor,Hard,1st Round,3,Darderi L.,Tabilo A.,34,21.0,1316,1993.0,6.0,3.0,7.0,6.0,,,,,,,2.0,0.0,Completed,3.2,1.36,3.26,1.38,3.39,1.38,3.14,1.35,10765,1898
10767,2131,2006,2006,2024-08-12,2024-08-13,1,jarry|n / musetti|l,Cincinnati Masters,Western & Southern Financial Group Masters,R64,R64,0.19047619047619047,1.0,1.0,0.9523809523809523,55.238095238095234,49,Cincinnati,Western & Southern Financial Group Masters,2024-08-13,Masters 1000,Outdoor,Hard,1st Round,3,Musetti L.,Jarry N.,18,25.0,2250,1710.0,4.0,6.0,7.0,6.0,7.0,6.0,,,,,2.0,1.0,Completed,1.4,3.0,1.44,3.0,1.44,3.1,1.41,2.89,10767,1899
10768,2132,2001,2001,2024-08-12,2024-08-13,1,davidovich fokina|a / tiafoe|f <> fokina|a / tiafoe|f,Cincinnati Masters,Western & Southern Financial Group Masters,R64,R64,0.19047619047619047,1.0,1.0,0.9523809523809523,55.238095238095234,49,Cincinnati,Western & Southern Financial Group Masters,2024-08-13,Masters 1000,Outdoor,Hard,1st Round,3,Tiafoe F.,Davidovich Fokina A.,27,53.0,1515,935.0,6.0,3.0,7.0,6.0,,,,,,,2.0,0.0,Completed,1.67,2.2,1.74,2.2,1.74,2.22,1.68,2.18,10768,1900
10769,2133,2002,2002,2024-08-12,2024-08-13,1,lehecka|j / navone|m,Cincinnati Masters,Western & Southern Financial Group Masters,R64,R64,0.19047619047619047,1.0,1.0,0.9523809523809523,55.238095238095234,49,Cincinnati,Western & Southern Financial Group Masters,2024-08-13,Masters 1000,Outdoor,Hard,1st Round,3,Lehecka J.,Navone M.,35,38.0,1315,1293.0,7.0,6.0,6.0,3.0,,,,,,,2.0,0.0,Completed,1.36,3.2,1.38,3.3,1.39,3.33,1.35,3.18,10769,1901
10736,2100,2020,2020,2024-08-12,2024-08-14,2,michelsen|a / sinner|j,Cincinnati Masters,Western & Southern Financial Group Masters,R32,R32,0.19047619047619047,1.0,1.0,0.9047619047619048,55.0,49,Cincinnati,Western & Southern Financial Group Masters,2024-08-14,Masters 1000,Outdoor,Hard,2nd Round,3,Sinner J.,Michelsen A.,1,57.0,8770,905.0,6.0,4.0,7.0,5.0,,,,,,,2.0,0.0,Completed,1.08,8.0,1.11,8.31,1.11,8.31,1.09,7.25,10736,1902
10755,2119,2008,2008,2024-08-12,2024-08-14,2,fritz|t / nakashima|b,Cincinnati Masters,Western & Southern Financial Group Masters,R64,R64,0.19047619047619047,1.0,1.0,0.9047619047619048,55.0,49,Cincinnati,Western & Southern Financial Group Masters,2024-08-14,Masters 1000,Outdoor,Hard,1st Round,3,Nakashima B.,Fritz T.,49,12.0,1035,3290.0,6.0,4.0,4.0,6.0,7.0,6.0,,,,,2.0,1.0,Completed,3.4,1.33,3.29,1.38,3.4,1.38,3.14,1.35,10755,1903
10756,2120,2009,2009,2024-08-12,2024-08-14,2,fils|a / holt|b,Cincinnati Masters,Western & Southern Financial Group Masters,R64,R64,0.19047619047619047,1.0,1.0,0.9047619047619048,55.0,49,Cincinnati,Western & Southern Financial Group Masters,2024-08-14,Masters 1000,Outdoor,Hard,1st Round,3,Fils A.,Holt B.,24,227.0,1755,255.0,6.0,4.0,6.0,1.0,,,,,,,2.0,0.0,Completed,1.2,4.5,1.21,4.87,1.21,4.88,1.2,4.54,10756,1904
10759,2123,2015,2015,2024-08-12,2024-08-14,2,machac|t / purcell|m,Cincinnati Masters,Western & Southern Financial Group Masters,R64,R64,0.19047619047619047,1.0,1.0,0.9047619047619048,55.0,49,Cincinnati,Western & Southern Financial Group Masters,2024-08-14,Masters 1000,Outdoor,Hard,1st Round,3,Purcell M.,Machac T.,68,40.0,775,1230.0,6.0,4.0,7.0,6.0,,,,,,,2.0,0.0,Completed,2.75,1.44,2.81,1.48,2.81,1.5,2.7,1.46,10759,1905
10760,2124,2018,2018,2024-08-12,2024-08-14,2,busta|p / korda|s <> carreno busta|p / korda|s,Cincinnati Masters,Western & Southern Financial Group Masters,R64,R64,0.19047619047619047,1.0,1.0,0.9047619047619048,55.0,49,Cincinnati,Western & Southern Financial Group Masters,2024-08-14,Masters 1000,Outdoor,Hard,1st Round,3,Carreno Busta P.,Korda S.,513,15.0,77,2625.0,7.0,5.0,6.0,1.0,,,,,,,2.0,0.0,Completed,5.5,1.14,5.49,1.18,5.65,1.2,5.15,1.16,10760,1906
10762,2126,2019,2019,2024-08-12,2024-08-14,2,arnaldi|m / etcheverry|t,Cincinnati Masters,Western & Southern Financial Group Masters,R64,R64,0.19047619047619047,1.0,1.0,0.9047619047619048,55.0,49,Cincinnati,Western & Southern Financial Group Masters,2024-08-14,Masters 1000,Outdoor,Hard,1st Round,3,Etcheverry T.,Arnaldi M.,37,30.0,1295,1485.0,6.0,3.0,6.0,7.0,6.0,2.0,,,,,2.0,1.0,Completed,2.1,1.73,2.1,1.81,2.16,1.81,2.06,1.75,10762,1907
10763,2127,2011,2011,2024-08-12,2024-08-14,2,marozsan|f / moutet|c,Cincinnati Masters,Western & Southern Financial Group Masters,R64,R64,0.19047619047619047,1.0,1.0,0.9047619047619048,55.0,49,Cincinnati,Western & Southern Financial Group Masters,2024-08-14,Masters 1000,Outdoor,Hard,1st Round,3,Marozsan F.,Moutet C.,50,71.0,990,762.0,6.0,4.0,7.0,6.0,,,,,,,2.0,0.0,Completed,1.91,1.91,1.94,1.94,1.97,2.03,1.9,1.89,10763,1908
10770,2134,2012,2012,2024-08-12,2024-08-14,2,aliassime|f / kovacevic|a <> auger aliassime|f / kovacevic|a,Cincinnati Masters,Western & Southern Financial Group Masters,R64,R64,0.19047619047619047,1.0,1.0,0.9047619047619048,55.0,49,Cincinnati,Western & Southern Financial Group Masters,2024-08-14,Masters 1000,Outdoor,Hard,1st Round,3,Auger-Aliassime F.,Kovacevic A.,19,79.0,2115,723.0,6.0,3.0,6.0,1.0,,,,,,,2.0,0.0,Completed,1.3,3.5,1.3,3.82,1.33,3.82,1.3,3.47,10770,1909
10771,2135,2016,2016,2024-08-12,2024-08-14,2,draper|j / munar|j,Cincinnati Masters,Western & Southern Financial Group Masters,R64,R64,0.19047619047619047,1.0,1.0,0.9047619047619048,55.0,49,Cincinnati,Western & Southern Financial Group Masters,2024-08-14,Masters 1000,Outdoor,Hard,1st Round,3,Draper J.,Munar J.,28,89.0,1511,642.0,7.0,5.0,3.0,6.0,7.0,6.0,,,,,2.0,1.0,Completed,1.25,4.0,1.29,3.98,1.3,4.2,1.26,3.8,10771,1910
10772,2136,2013,2013,2024-08-12,2024-08-14,2,struff|j / tsitsipas|s,Cincinnati Masters,Western & Southern Financial Group Masters,R64,R64,0.19047619047619047,1.0,1.0,0.9047619047619048,55.0,49,Cincinnati,Western & Southern Financial Group Masters,2024-08-14,Masters 1000,Outdoor,Hard,1st Round,3,Tsitsipas S.,Struff J.L.,11,36.0,3465,1310.0,4.0,6.0,6.0,4.0,6.0,3.0,,,,,2.0,1.0,Completed,1.53,2.5,1.56,2.59,1.56,2.65,1.52,2.51,10772,1911
10773,2137,2014,2014,2024-08-12,2024-08-14,2,berrettini|m / rune|h,Cincinnati Masters,Western & Southern Financial Group Masters,R64,R64,0.19047619047619047,1.0,1.0,0.9047619047619048,55.0,49,Cincinnati,Western & Southern Financial Group Masters,2024-08-14,Masters 1000,Outdoor,Hard,1st Round,3,Rune H.,Berrettini M.,16,42.0,2390,1170.0,2.0,6.0,6.0,1.0,6.0,4.0,,,,,2.0,1.0,Completed,2.2,1.67,2.27,1.7,2.28,1.72,2.2,1.67,10773,1912
10774,2138,2010,2010,2024-08-12,2024-08-14,2,borges|n / mannarino|a,Cincinnati Masters,Western & Southern Financial Group Masters,R64,R64,0.19047619047619047,1.0,1.0,0.9047619047619048,55.0,49,Cincinnati,Western & Southern Financial Group Masters,2024-08-14,Masters 1000,Outdoor,Hard,1st Round,3,Borges N.,Mannarino A.,39,33.0,1265,1340.0,6.0,4.0,3.0,6.0,6.0,1.0,,,,,2.0,1.0,Completed,1.33,3.4,1.38,3.26,1.41,3.4,1.35,3.15,10774,1913
10775,2139,2017,2017,2024-08-12,2024-08-14,2,monfils|g / popyrin|a,Cincinnati Masters,Western & Southern Financial Group Masters,R64,R64,0.19047619047619047,1.0,1.0,0.9047619047619048,55.0,49,Cincinnati,Western & Southern Financial Group Masters,2024-08-14,Masters 1000,Outdoor,Hard,1st Round,3,Monfils G.,Popyrin A.,46,23.0,1145,1821.0,7.0,5.0,6.0,3.0,,,,,,,2.0,0.0,Completed,2.2,1.67,2.17,1.76,2.33,1.76,2.16,1.69,10775,1914
10737,2101,2022,2022,2024-08-12,2024-08-15,3,baez|s / thompson|j,Cincinnati Masters,Western & Southern Financial Group Masters,R32,R32,0.19047619047619047,1.0,1.0,0.8571428571428572,54.76190476190476,49,Cincinnati,Western & Southern Financial Group Masters,2024-08-15,Masters 1000,Outdoor,Hard,2nd Round,3,Thompson J.,Baez S.,32,20.0,1346,2000.0,6.0,2.0,6.0,4.0,,,,,,,2.0,0.0,Completed,1.5,2.63,1.53,2.71,1.56,2.75,1.51,2.55,10737,1915
10738,2102,2030,2030,2024-08-12,2024-08-15,3,fils|a / nakashima|b,Cincinnati Masters,Western & Southern Financial Group Masters,R32,R32,0.19047619047619047,1.0,1.0,0.8571428571428572,54.76190476190476,49,Cincinnati,Western & Southern Financial Group Masters,2024-08-15,Masters 1000,Outdoor,Hard,2nd Round,3,Nakashima B.,Fils A.,49,24.0,1035,1755.0,7.0,5.0,7.0,6.0,,,,,,,2.0,0.0,Completed,1.73,2.1,1.84,2.08,1.84,2.12,1.77,2.04,10738,1916
10740,2104,2026,2026,2024-08-12,2024-08-15,3,khachanov|k / zverev|a,Cincinnati Masters,Western & Southern Financial Group Masters,R32,R32,0.19047619047619047,1.0,1.0,0.8571428571428572,54.76190476190476,49,Cincinnati,Western & Southern Financial Group Masters,2024-08-15,Masters 1000,Outdoor,Hard,2nd Round,3,Zverev A.,Khachanov K.,4,22.0,6995,1880.0,6.0,3.0,6.0,2.0,,,,,,,2.0,0.0,Completed,1.25,4.0,1.25,4.4,1.28,4.4,1.25,3.96,10740,1917
10741,2105,2027,2027,2024-08-12,2024-08-15,3,busta|p / purcell|m <> carreno busta|p / purcell|m,Cincinnati Masters,Western & Southern Financial Group Masters,R32,R32,0.19047619047619047,1.0,1.0,0.8571428571428572,54.76190476190476,49,Cincinnati,Western & Southern Financial Group Masters,2024-08-15,Masters 1000,Outdoor,Hard,2nd Round,3,Carreno Busta P.,Purcell M.,513,68.0,77,775.0,6.0,3.0,6.0,3.0,,,,,,,2.0,0.0,Completed,1.8,2.0,1.83,2.09,1.87,2.12,1.79,2.01,10741,1918
10742,2106,2031,2031,2024-08-12,2024-08-15,3,etcheverry|t / shelton|b,Cincinnati Masters,Western & Southern Financial Group Masters,R32,R32,0.19047619047619047,1.0,1.0,0.8571428571428572,54.76190476190476,49,Cincinnati,Western & Southern Financial Group Masters,2024-08-15,Masters 1000,Outdoor,Hard,2nd Round,3,Shelton B.,Etcheverry T.,14,37.0,2955,1295.0,6.0,7.0,7.0,6.0,6.0,3.0,,,,,2.0,1.0,Completed,1.4,3.0,1.44,3.01,1.46,3.01,1.43,2.81,10742,1919
10743,2107,2028,2028,2024-08-12,2024-08-15,3,dimitrov|g / marozsan|f,Cincinnati Masters,Western & Southern Financial Group Masters,R32,R32,0.19047619047619047,1.0,1.0,0.8571428571428572,54.76190476190476,49,Cincinnati,Western & Southern Financial Group Masters,2024-08-15,Masters 1000,Outdoor,Hard,2nd Round,3,Marozsan F.,Dimitrov G.,50,9.0,990,3690.0,4.0,6.0,6.0,4.0,6.0,3.0,,,,,2.0,1.0,Completed,4.0,1.25,4.24,1.27,4.24,1.29,3.9,1.25,10743,1920
10744,2108,2024,2024,2024-08-12,2024-08-15,3,hurkacz|h / nishioka|y,Cincinnati Masters,Western & Southern Financial Group Masters,R32,R32,0.19047619047619047,1.0,1.0,0.8571428571428572,54.76190476190476,49,Cincinnati,Western & Southern Financial Group Masters,2024-08-15,Masters 1000,Outdoor,Hard,2nd Round,3,Hurkacz H.,Nishioka Y.,7,52.0,4215,939.0,3.0,6.0,7.0,6.0,6.0,1.0,,,,,2.0,1.0,Completed,1.44,2.75,1.49,2.84,1.49,2.9,1.44,2.75,10744,1921
10745,2109,2025,2025,2024-08-12,2024-08-15,3,cobolli|f / darderi|l,Cincinnati Masters,Western & Southern Financial Group Masters,R32,R32,0.19047619047619047,1.0,1.0,0.8571428571428572,54.76190476190476,49,Cincinnati,Western & Southern Financial Group Masters,2024-08-15,Masters 1000,Outdoor,Hard,2nd Round,3,Cobolli F.,Darderi L.,31,34.0,1348,1316.0,7.0,6.0,3.0,1.0,,,,,,,1.0,0.0,Retired,1.53,2.5,1.55,2.64,1.59,2.64,1.54,2.45,10745,1922
10746,2110,2021,2021,2024-08-12,2024-08-15,3,musetti|l / tiafoe|f,Cincinnati Masters,Western & Southern Financial Group Masters,R32,R32,0.19047619047619047,1.0,1.0,0.8571428571428572,54.76190476190476,49,Cincinnati,Western & Southern Financial Group Masters,2024-08-15,Masters 1000,Outdoor,Hard,2nd Round,3,Tiafoe F.,Musetti L.,27,18.0,1515,2250.0,6.0,3.0,6.0,2.0,,,,,,,2.0,0.0,Completed,1.91,1.91,1.94,1.96,1.97,1.97,1.88,1.92,10746,1923
10747,2111,2023,2023,2024-08-12,2024-08-15,3,lehecka|j / medvedev|d,Cincinnati Masters,Western & Southern Financial Group Masters,R32,R32,0.19047619047619047,1.0,1.0,0.8571428571428572,54.76190476190476,49,Cincinnati,Western & Southern Financial Group Masters,2024-08-15,Masters 1000,Outdoor,Hard,2nd Round,3,Lehecka J.,Medvedev D.,35,5.0,1315,6355.0,7.0,6.0,6.0,4.0,,,,,,,2.0,0.0,Completed,4.5,1.2,4.29,1.26,4.5,1.26,4.11,1.23,10747,1924
10749,2113,2032,2032,2024-08-12,2024-08-15,3,draper|j / tsitsipas|s,Cincinnati Masters,Western & Southern Financial Group Masters,R32,R32,0.19047619047619047,1.0,1.0,0.8571428571428572,54.76190476190476,49,Cincinnati,Western & Southern Financial Group Masters,2024-08-15,Masters 1000,Outdoor,Hard,2nd Round,3,Draper J.,Tsitsipas S.,28,11.0,1511,3465.0,3.0,6.0,6.0,4.0,7.0,5.0,,,,,2.0,1.0,Completed,2.38,1.57,2.5,1.6,2.51,1.7,2.36,1.59,10749,1925
10750,2114,2033,2033,2024-08-12,2024-08-15,3,borges|n / rune|h,Cincinnati Masters,Western & Southern Financial Group Masters,R32,R32,0.19047619047619047,1.0,1.0,0.8571428571428572,54.76190476190476,49,Cincinnati,Western & Southern Financial Group Masters,2024-08-15,Masters 1000,Outdoor,Hard,2nd Round,3,Rune H.,Borges N.,16,39.0,2390,1265.0,6.0,3.0,7.0,6.0,,,,,,,2.0,0.0,Completed,1.36,3.2,1.44,3.05,1.44,3.2,1.37,3.03,10750,1926
10728,2092,2038,2038,2024-08-12,2024-08-16,4,sinner|j / thompson|j,Cincinnati Masters,Western & Southern Financial Group Masters,R16,R16,0.19047619047619047,1.0,1.0,0.8095238095238095,54.52380952380952,49,Cincinnati,Western & Southern Financial Group Masters,2024-08-16,Masters 1000,Outdoor,Hard,3rd Round,3,Sinner J.,Thompson J.,1,32.0,8770,1346.0,,,,,,,,,,,,,Walkover,1.13,6.0,1.13,7.27,1.14,7.27,1.12,6.23,10728,1927
10729,2093,2037,2037,2024-08-12,2024-08-16,4,nakashima|b / rublev|a,Cincinnati Masters,Western & Southern Financial Group Masters,R16,R16,0.19047619047619047,1.0,1.0,0.8095238095238095,54.52380952380952,49,Cincinnati,Western & Southern Financial Group Masters,2024-08-16,Masters 1000,Outdoor,Hard,3rd Round,3,Rublev A.,Nakashima B.,6,49.0,4615,1035.0,7.0,6.0,6.0,1.0,,,,,,,2.0,0.0,Completed,1.4,3.0,1.47,2.92,1.47,3.0,1.43,2.82,10729,1928
10730,2094,2036,2036,2024-08-12,2024-08-16,4,busta|p / zverev|a <> carreno busta|p / zverev|a,Cincinnati Masters,Western & Southern Financial Group Masters,R16,R16,0.19047619047619047,1.0,1.0,0.8095238095238095,54.52380952380952,49,Cincinnati,Western & Southern Financial Group Masters,2024-08-16,Masters 1000,Outdoor,Hard,3rd Round,3,Zverev A.,Carreno Busta P.,4,513.0,6995,77.0,7.0,5.0,7.0,6.0,,,,,,,2.0,0.0,Completed,1.11,6.5,1.09,9.99,1.13,9.99,1.09,7.34,10730,1929
10731,2095,2039,2039,2024-08-12,2024-08-16,4,marozsan|f / shelton|b,Cincinnati Masters,Western & Southern Financial Group Masters,R16,R16,0.19047619047619047,1.0,1.0,0.8095238095238095,54.52380952380952,49,Cincinnati,Western & Southern Financial Group Masters,2024-08-16,Masters 1000,Outdoor,Hard,3rd Round,3,Shelton B.,Marozsan F.,14,50.0,2955,990.0,6.0,4.0,6.0,3.0,,,,,,,2.0,0.0,Completed,1.5,2.63,1.57,2.58,1.57,2.63,1.51,2.55,10731,1930
10732,2096,2040,2040,2024-08-12,2024-08-16,4,cobolli|f / hurkacz|h,Cincinnati Masters,Western & Southern Financial Group Masters,R16,R16,0.19047619047619047,1.0,1.0,0.8095238095238095,54.52380952380952,49,Cincinnati,Western & Southern Financial Group Masters,2024-08-16,Masters 1000,Outdoor,Hard,3rd Round,3,Hurkacz H.,Cobolli F.,7,31.0,4215,1348.0,6.0,3.0,3.0,6.0,6.0,1.0,,,,,2.0,1.0,Completed,1.62,2.3,1.67,2.43,1.67,2.43,1.63,2.26,10732,1931
10735,2099,2041,2041,2024-08-12,2024-08-16,4,monfils|g / rune|h,Cincinnati Masters,Western & Southern Financial Group Masters,R16,R16,0.19047619047619047,1.0,1.0,0.8095238095238095,54.52380952380952,49,Cincinnati,Western & Southern Financial Group Masters,2024-08-16,Masters 1000,Outdoor,Hard,3rd Round,3,Rune H.,Monfils G.,16,46.0,2390,1145.0,3.0,6.0,6.0,3.0,6.0,4.0,,,,,2.0,1.0,Completed,1.36,3.2,1.4,3.17,1.43,3.2,1.38,3.01,10735,1932
10748,2112,2035,2035,2024-08-12,2024-08-16,4,aliassime|f / ruud|c <> auger aliassime|f / ruud|c,Cincinnati Masters,Western & Southern Financial Group Masters,R32,R32,0.19047619047619047,1.0,1.0,0.8095238095238095,54.52380952380952,49,Cincinnati,Western & Southern Financial Group Masters,2024-08-16,Masters 1000,Outdoor,Hard,2nd Round,3,Auger-Aliassime F.,Ruud C.,19,8.0,2115,3890.0,6.0,3.0,6.0,1.0,,,,,,,2.0,0.0,Completed,1.62,2.3,1.65,2.39,1.68,2.39,1.62,2.28,10748,1933
10751,2115,2034,2034,2024-08-12,2024-08-16,4,alcaraz|c / monfils|g,Cincinnati Masters,Western & Southern Financial Group Masters,R32,R32,0.19047619047619047,1.0,1.0,0.8095238095238095,54.52380952380952,49,Cincinnati,Western & Southern Financial Group Masters,2024-08-16,Masters 1000,Outdoor,Hard,2nd Round,3,Monfils G.,Alcaraz C.,46,3.0,1145,7950.0,4.0,6.0,7.0,6.0,6.0,4.0,,,,,2.0,1.0,Completed,9.0,1.07,10.76,1.08,10.76,1.08,8.8,1.07,10751,1934
10724,2088,2044,2044,2024-08-12,2024-08-17,5,rublev|a / sinner|j,Cincinnati Masters,Western & Southern Financial Group Masters,QF,QF,0.19047619047619047,1.0,1.0,0.7619047619047619,54.285714285714285,49,Cincinnati,Western & Southern Financial Group Masters,2024-08-17,Masters 1000,Outdoor,Hard,Quarterfinals,3,Sinner J.,Rublev A.,1,6.0,8770,4615.0,4.0,6.0,7.0,5.0,6.0,4.0,,,,,2.0,1.0,Completed,1.3,3.5,1.34,3.6,1.34,3.66,1.3,3.49,10724,1935
10725,2089,2045,2045,2024-08-12,2024-08-17,5,shelton|b / zverev|a,Cincinnati Masters,Western & Southern Financial Group Masters,QF,QF,0.19047619047619047,1.0,1.0,0.7619047619047619,54.285714285714285,49,Cincinnati,Western & Southern Financial Group Masters,2024-08-17,Masters 1000,Outdoor,Hard,Quarterfinals,3,Zverev A.,Shelton B.,4,14.0,6995,2955.0,3.0,6.0,7.0,6.0,7.0,5.0,,,,,2.0,1.0,Completed,1.3,3.5,1.31,3.82,1.31,3.82,1.29,3.6,10725,1936
10733,2097,2043,2043,2024-08-12,2024-08-17,5,lehecka|j / tiafoe|f,Cincinnati Masters,Western & Southern Financial Group Masters,R16,R16,0.19047619047619047,1.0,1.0,0.7619047619047619,54.285714285714285,49,Cincinnati,Western & Southern Financial Group Masters,2024-08-17,Masters 1000,Outdoor,Hard,3rd Round,3,Tiafoe F.,Lehecka J.,27,35.0,1515,1315.0,6.0,4.0,6.0,7.0,7.0,6.0,,,,,2.0,1.0,Completed,1.8,2.0,1.78,2.16,1.9,2.16,1.78,2.02,10733,1937
10734,2098,2042,2042,2024-08-12,2024-08-17,5,aliassime|f / draper|j <> auger aliassime|f / draper|j,Cincinnati Masters,Western & Southern Financial Group Masters,R16,R16,0.19047619047619047,1.0,1.0,0.7619047619047619,54.285714285714285,49,Cincinnati,Western & Southern Financial Group Masters,2024-08-17,Masters 1000,Outdoor,Hard,3rd Round,3,Draper J.,Auger-Aliassime F.,28,19.0,1511,2115.0,5.0,7.0,6.0,4.0,6.0,4.0,,,,,2.0,1.0,Completed,2.1,1.73,2.26,1.71,2.27,1.74,2.17,1.68,10734,1938
10722,2086,2048,2048,2024-08-12,2024-08-18,6,sinner|j / zverev|a,Cincinnati Masters,Western & Southern Financial Group Masters,SF,SF,0.19047619047619047,1.0,1.0,0.7142857142857143,54.047619047619044,49,Cincinnati,Western & Southern Financial Group Masters,2024-08-18,Masters 1000,Outdoor,Hard,Semifinals,3,Sinner J.,Zverev A.,1,4.0,8770,6995.0,7.0,6.0,5.0,7.0,7.0,6.0,,,,,2.0,1.0,Completed,1.5,2.63,1.62,2.47,1.65,2.65,1.54,2.5,10722,1939
10726,2090,2046,2046,2024-08-12,2024-08-18,6,hurkacz|h / tiafoe|f,Cincinnati Masters,Western & Southern Financial Group Masters,QF,QF,0.19047619047619047,1.0,1.0,0.7142857142857143,54.047619047619044,49,Cincinnati,Western & Southern Financial Group Masters,2024-08-18,Masters 1000,Outdoor,Hard,Quarterfinals,3,Tiafoe F.,Hurkacz H.,27,7.0,1515,4215.0,6.0,3.0,,,,,,,,,0.0,0.0,Retired,2.2,1.67,2.25,1.72,2.25,1.73,2.17,1.69,10726,1940
10727,2091,2047,2047,2024-08-12,2024-08-18,6,draper|j / rune|h,Cincinnati Masters,Western & Southern Financial Group Masters,QF,QF,0.19047619047619047,1.0,1.0,0.7142857142857143,54.047619047619044,49,Cincinnati,Western & Southern Financial Group Masters,2024-08-18,Masters 1000,Outdoor,Hard,Quarterfinals,3,Rune H.,Draper J.,16,28.0,2390,1511.0,6.0,4.0,6.0,2.0,,,,,,,2.0,0.0,Completed,1.8,2.0,1.83,2.1,1.86,2.12,1.81,2.0,10727,1941
10807,2171,2052,2052,2024-08-19,2024-08-18,-1,coric|b / nagal|s,Winston-Salem,Winston-Salem Open at Wake Forest University,R64,R64,0.4,1.0,1.0,0.6666666666666667,65.33333333333333,50,Winston-Salem,Winston-Salem Open at Wake Forest University,2024-08-18,ATP250,Outdoor,Hard,1st Round,3,Coric B.,Nagal S.,87,72.0,647,747.0,6.0,4.0,6.0,2.0,,,,,,,2.0,0.0,Completed,1.33,3.4,1.39,3.21,1.4,3.4,1.35,3.12,10807,1942
10808,2172,2054,2054,2024-08-19,2024-08-18,-1,cazaux|a / van de zandschulp|b,Winston-Salem,Winston-Salem Open at Wake Forest University,R64,R64,0.4,1.0,1.0,0.6666666666666667,65.33333333333333,50,Winston-Salem,Winston-Salem Open at Wake Forest University,2024-08-18,ATP250,Outdoor,Hard,1st Round,3,Cazaux A.,Van De Zandschulp B.,97,73.0,596,739.0,6.0,1.0,7.0,6.0,,,,,,,2.0,0.0,Completed,1.8,2.0,1.94,1.94,1.99,2.0,1.86,1.92,10808,1943
10818,2182,2051,2051,2024-08-19,2024-08-18,-1,evans|d / vukic|a,Winston-Salem,Winston-Salem Open at Wake Forest University,R64,R64,0.4,1.0,1.0,0.6666666666666667,65.33333333333333,50,Winston-Salem,Winston-Salem Open at Wake Forest University,2024-08-18,ATP250,Outdoor,Hard,1st Round,3,Vukic A.,Evans D.,94,187.0,604,324.0,2.0,6.0,6.0,4.0,6.0,1.0,,,,,2.0,1.0,Completed,1.53,2.5,1.63,2.4,1.63,2.6,1.57,2.37,10818,1944
10819,2183,2055,2055,2024-08-19,2024-08-18,-1,bergs|z / opelka|r,Winston-Salem,Winston-Salem Open at Wake Forest University,R64,R64,0.4,1.0,1.0,0.6666666666666667,65.33333333333333,50,Winston-Salem,Winston-Salem Open at Wake Forest University,2024-08-18,ATP250,Outdoor,Hard,1st Round,3,Bergs Z.,Opelka R.,85,323.0,672,157.0,6.0,4.0,3.0,6.0,7.0,6.0,,,,,2.0,1.0,Completed,2.2,1.67,2.2,1.74,2.26,1.74,2.18,1.67,10819,1945
10820,2184,2053,2053,2024-08-19,2024-08-18,-1,daniel|t / fucsovics|m,Winston-Salem,Winston-Salem Open at Wake Forest University,R64,R64,0.4,1.0,1.0,0.6666666666666667,65.33333333333333,50,Winston-Salem,Winston-Salem Open at Wake Forest University,2024-08-18,ATP250,Outdoor,Hard,1st Round,3,Fucsovics M.,Daniel T.,79,88.0,701,639.0,4.0,6.0,6.0,1.0,6.0,2.0,,,,,2.0,1.0,Completed,1.4,3.0,1.47,2.89,1.48,3.0,1.43,2.78,10820,1946
10721,2085,2050,2050,2024-08-12,2024-08-19,7,sinner|j / tiafoe|f,Cincinnati Masters,Western & Southern Financial Group Masters,F,F,0.19047619047619047,1.0,1.0,0.6666666666666667,53.80952380952381,49,Cincinnati,Western & Southern Financial Group Masters,2024-08-19,Masters 1000,Outdoor,Hard,The Final,3,Sinner J.,Tiafoe F.,1,27.0,8770,1515.0,7.0,8.0,6.0,2.0,,,,,,,2.0,0.0,Completed,1.22,4.33,1.26,4.38,1.29,4.38,1.29,3.95,10721,1947
10723,2087,2049,2049,2024-08-12,2024-08-19,7,rune|h / tiafoe|f,Cincinnati Masters,Western & Southern Financial Group Masters,SF,SF,0.19047619047619047,1.0,1.0,0.6666666666666667,53.80952380952381,49,Cincinnati,Western & Southern Financial Group Masters,2024-08-19,Masters 1000,Outdoor,Hard,Semifinals,3,Tiafoe F.,Rune H.,27,16.0,1515,2390.0,4.0,6.0,6.0,1.0,7.0,6.0,,,,,2.0,1.0,Completed,2.38,1.57,2.5,1.6,2.53,1.62,2.38,1.58,10723,1948
10792,2156,2067,2067,2024-08-19,2024-08-19,0,cazaux|a / hijikata|r,Winston-Salem,Winston-Salem Open at Wake Forest University,R32,R32,0.4,1.0,1.0,1.0,67.0,50,Winston-Salem,Winston-Salem Open at Wake Forest University,2024-08-19,ATP250,Outdoor,Hard,2nd Round,3,Hijikata R.,Cazaux A.,65,97.0,811,596.0,4.0,6.0,6.0,3.0,7.0,6.0,,,,,2.0,1.0,Completed,2.3,1.62,2.43,1.62,2.43,1.63,2.31,1.6,10792,1949
10810,2174,2064,2064,2024-08-19,2024-08-19,0,goffin|d / munar|j,Winston-Salem,Winston-Salem Open at Wake Forest University,R64,R64,0.4,1.0,1.0,1.0,67.0,50,Winston-Salem,Winston-Salem Open at Wake Forest University,2024-08-19,ATP250,Outdoor,Hard,1st Round,3,Goffin D.,Munar J.,90,82.0,635,682.0,7.0,5.0,4.0,6.0,6.0,3.0,,,,,2.0,1.0,Completed,1.73,2.1,1.81,2.09,1.85,2.13,1.76,2.05,10810,1950
10811,2175,2061,2061,2024-08-19,2024-08-19,0,djere|l / svajda|z,Winston-Salem,Winston-Salem Open at Wake Forest University,R64,R64,0.4,1.0,1.0,1.0,67.0,50,Winston-Salem,Winston-Salem Open at Wake Forest University,2024-08-19,ATP250,Outdoor,Hard,1st Round,3,Svajda Z.,Djere L.,107,100.0,533,566.0,6.0,4.0,6.0,1.0,,,,,,,2.0,0.0,Completed,1.91,1.91,1.89,2.0,1.91,2.0,1.87,1.92,10811,1951
10812,2176,2058,2058,2024-08-19,2024-08-19,0,lestienne|c / muller|a,Winston-Salem,Winston-Salem Open at Wake Forest University,R64,R64,0.4,1.0,1.0,1.0,67.0,50,Winston-Salem,Winston-Salem Open at Wake Forest University,2024-08-19,ATP250,Outdoor,Hard,1st Round,3,Muller A.,Lestienne C.,76,110.0,732,527.0,6.0,3.0,6.0,2.0,,,,,,,2.0,0.0,Completed,1.4,3.0,1.43,3.0,1.5,3.25,1.42,2.82,10812,1952
10813,2177,2060,2060,2024-08-19,2024-08-19,0,coria|f / stricker|d,Winston-Salem,Winston-Salem Open at Wake Forest University,R64,R64,0.4,1.0,1.0,1.0,67.0,50,Winston-Salem,Winston-Salem Open at Wake Forest University,2024-08-19,ATP250,Outdoor,Hard,1st Round,3,Stricker D.,Coria F.,182,78.0,332,714.0,7.0,5.0,6.0,2.0,,,,,,,2.0,0.0,Completed,1.4,3.0,1.32,3.67,1.4,3.67,1.34,3.19,10813,1953
10814,2178,2059,2059,2024-08-19,2024-08-19,0,comesana|f / shang|j,Winston-Salem,Winston-Salem Open at Wake Forest University,R64,R64,0.4,1.0,1.0,1.0,67.0,50,Winston-Salem,Winston-Salem Open at Wake Forest University,2024-08-19,ATP250,Outdoor,Hard,1st Round,3,Shang J.,Comesana F.,77,108.0,729,532.0,6.0,2.0,6.0,1.0,,,,,,,2.0,0.0,Completed,1.25,4.0,1.24,4.48,1.26,4.48,1.24,4.0,10814,1954
10815,2179,2056,2056,2024-08-19,2024-08-19,0,duckworth|j / seyboth wild|t <> duckworth|j / wild|t,Winston-Salem,Winston-Salem Open at Wake Forest University,R64,R64,0.4,1.0,1.0,1.0,67.0,50,Winston-Salem,Winston-Salem Open at Wake Forest University,2024-08-19,ATP250,Outdoor,Hard,1st Round,3,Seyboth Wild T.,Duckworth J.,69,70.0,765,764.0,3.0,6.0,6.0,3.0,6.0,4.0,,,,,2.0,1.0,Completed,2.1,1.73,2.11,1.8,2.12,1.8,2.03,1.77,10815,1955
10816,2180,2063,2063,2024-08-19,2024-08-19,0,schoolkate|t / tien|l,Winston-Salem,Winston-Salem Open at Wake Forest University,R64,R64,0.4,1.0,1.0,1.0,67.0,50,Winston-Salem,Winston-Salem Open at Wake Forest University,2024-08-19,ATP250,Outdoor,Hard,1st Round,3,Tien L.,Schoolkate T.,231,196.0,251,306.0,3.0,6.0,6.0,2.0,6.0,3.0,,,,,2.0,1.0,Completed,1.44,2.75,1.46,2.92,1.5,2.92,1.44,2.72,10816,1956
10817,2181,2065,2065,2024-08-19,2024-08-19,0,busta|p / kumar|o <> carreno busta|p / kumar|o,Winston-Salem,Winston-Salem Open at Wake Forest University,R64,R64,0.4,1.0,1.0,1.0,67.0,50,Winston-Salem,Winston-Salem Open at Wake Forest University,2024-08-19,ATP250,Outdoor,Hard,1st Round,3,Carreno Busta P.,Kumar O.,300,434.0,177,101.0,6.0,2.0,6.0,0.0,,,,,,,2.0,0.0,Completed,1.14,5.5,1.17,5.86,1.17,5.86,1.14,5.47,10817,1957
10821,2185,2057,2057,2024-08-19,2024-08-19,0,eubanks|c / walton|a,Winston-Salem,Winston-Salem Open at Wake Forest University,R64,R64,0.4,1.0,1.0,1.0,67.0,50,Winston-Salem,Winston-Salem Open at Wake Forest University,2024-08-19,ATP250,Outdoor,Hard,1st Round,3,Eubanks C.,Walton A.,120,96.0,495,601.0,2.0,6.0,7.0,5.0,6.0,4.0,,,,,2.0,1.0,Completed,1.62,2.3,1.76,2.17,1.76,2.3,1.67,2.15,10821,1958
10791,2155,2075,2075,2024-08-19,2024-08-20,1,baez|s / coric|b,Winston-Salem,Winston-Salem Open at Wake Forest University,R32,R32,0.4,1.0,1.0,0.9523809523809523,66.76190476190476,50,Winston-Salem,Winston-Salem Open at Wake Forest University,2024-08-20,ATP250,Outdoor,Hard,2nd Round,3,Coric B.,Baez S.,87,21.0,647,2040.0,6.0,3.0,6.0,4.0,,,,,,,2.0,0.0,Completed,1.73,2.1,1.71,2.24,1.75,2.24,1.7,2.13,10791,1959
10794,2158,2073,2073,2024-08-19,2024-08-20,1,darderi|l / goffin|d,Winston-Salem,Winston-Salem Open at Wake Forest University,R32,R32,0.4,1.0,1.0,0.9523809523809523,66.76190476190476,50,Winston-Salem,Winston-Salem Open at Wake Forest University,2024-08-20,ATP250,Outdoor,Hard,2nd Round,3,Goffin D.,Darderi L.,90,38.0,635,1291.0,6.0,2.0,6.0,4.0,,,,,,,2.0,0.0,Completed,1.67,2.2,1.79,2.12,1.8,2.2,1.72,2.08,10794,1960
10795,2159,2070,2070,2024-08-19,2024-08-20,1,cerundolo|f / svajda|z,Winston-Salem,Winston-Salem Open at Wake Forest University,R32,R32,0.4,1.0,1.0,0.9523809523809523,66.76190476190476,50,Winston-Salem,Winston-Salem Open at Wake Forest University,2024-08-20,ATP250,Outdoor,Hard,2nd Round,3,Svajda Z.,Cerundolo F.,107,29.0,533,1495.0,6.0,4.0,6.0,4.0,,,,,,,2.0,0.0,Completed,2.75,1.44,2.77,1.5,2.92,1.5,2.74,1.44,10795,1961
10796,2160,2072,2072,2024-08-19,2024-08-20,1,kotov|p / muller|a,Winston-Salem,Winston-Salem Open at Wake Forest University,R32,R32,0.4,1.0,1.0,0.9523809523809523,66.76190476190476,50,Winston-Salem,Winston-Salem Open at Wake Forest University,2024-08-20,ATP250,Outdoor,Hard,2nd Round,3,Kotov P.,Muller A.,63,76.0,814,732.0,6.0,4.0,5.0,7.0,6.0,2.0,,,,,2.0,1.0,Completed,2.3,1.62,2.4,1.63,2.4,1.67,2.29,1.61,10796,1962
10797,2161,2074,2074,2024-08-19,2024-08-20,1,sonego|l / stricker|d,Winston-Salem,Winston-Salem Open at Wake Forest University,R32,R32,0.4,1.0,1.0,0.9523809523809523,66.76190476190476,50,Winston-Salem,Winston-Salem Open at Wake Forest University,2024-08-20,ATP250,Outdoor,Hard,2nd Round,3,Sonego L.,Stricker D.,58,182.0,886,332.0,6.0,4.0,6.0,1.0,,,,,,,2.0,0.0,Completed,1.62,2.3,1.75,2.19,1.8,2.31,1.67,2.18,10797,1963
10798,2162,2078,2078,2024-08-19,2024-08-20,1,navone|m / shang|j,Winston-Salem,Winston-Salem Open at Wake Forest University,R32,R32,0.4,1.0,1.0,0.9523809523809523,66.76190476190476,50,Winston-Salem,Winston-Salem Open at Wake Forest University,2024-08-20,ATP250,Outdoor,Hard,2nd Round,3,Shang J.,Navone M.,77,37.0,729,1303.0,7.0,5.0,6.0,3.0,,,,,,,2.0,0.0,Completed,1.22,4.33,1.23,4.68,1.25,4.68,1.22,4.16,10798,1964
10799,2163,2069,2069,2024-08-19,2024-08-20,1,borges|n / seyboth wild|t <> borges|n / wild|t,Winston-Salem,Winston-Salem Open at Wake Forest University,R32,R32,0.4,1.0,1.0,0.9523809523809523,66.76190476190476,50,Winston-Salem,Winston-Salem Open at Wake Forest University,2024-08-20,ATP250,Outdoor,Hard,2nd Round,3,Seyboth Wild T.,Borges N.,69,35.0,765,1325.0,7.0,6.0,6.0,2.0,,,,,,,2.0,0.0,Completed,2.63,1.5,2.72,1.51,2.72,1.53,2.58,1.49,10799,1965
10800,2164,2076,2076,2024-08-19,2024-08-20,1,marozsan|f / tien|l,Winston-Salem,Winston-Salem Open at Wake Forest University,R32,R32,0.4,1.0,1.0,0.9523809523809523,66.76190476190476,50,Winston-Salem,Winston-Salem Open at Wake Forest University,2024-08-20,ATP250,Outdoor,Hard,2nd Round,3,Tien L.,Marozsan F.,231,49.0,251,1090.0,6.0,2.0,6.0,7.0,7.0,6.0,,,,,2.0,1.0,Completed,2.5,1.53,2.55,1.57,2.55,1.57,2.44,1.54,10800,1966
10801,2165,2077,2077,2024-08-19,2024-08-20,1,busta|p / shevchenko|a <> carreno busta|p / shevchenko|a,Winston-Salem,Winston-Salem Open at Wake Forest University,R32,R32,0.4,1.0,1.0,0.9523809523809523,66.76190476190476,50,Winston-Salem,Winston-Salem Open at Wake Forest University,2024-08-20,ATP250,Outdoor,Hard,2nd Round,3,Carreno Busta P.,Shevchenko A.,300,60.0,177,855.0,6.0,2.0,6.0,2.0,,,,,,,2.0,0.0,Completed,1.4,3.0,1.4,3.2,1.44,3.2,1.39,2.92,10801,1967
10802,2166,2068,2068,2024-08-19,2024-08-20,1,mannarino|a / vukic|a,Winston-Salem,Winston-Salem Open at Wake Forest University,R32,R32,0.4,1.0,1.0,0.9523809523809523,66.76190476190476,50,Winston-Salem,Winston-Salem Open at Wake Forest University,2024-08-20,ATP250,Outdoor,Hard,2nd Round,3,Vukic A.,Mannarino A.,94,42.0,604,1170.0,7.0,6.0,2.0,6.0,6.0,1.0,,,,,2.0,1.0,Completed,1.57,2.38,1.69,2.29,1.69,2.43,1.61,2.28,10802,1968
10805,2169,2079,2079,2024-08-19,2024-08-20,1,eubanks|c / gaston|h,Winston-Salem,Winston-Salem Open at Wake Forest University,R32,R32,0.4,1.0,1.0,0.9523809523809523,66.76190476190476,50,Winston-Salem,Winston-Salem Open at Wake Forest University,2024-08-20,ATP250,Outdoor,Hard,2nd Round,3,Eubanks C.,Gaston H.,120,61.0,495,830.0,6.0,1.0,6.0,4.0,,,,,,,2.0,0.0,Completed,1.62,2.3,1.71,2.25,1.71,2.32,1.64,2.23,10805,1969
10822,2186,2066,2066,2024-08-19,2024-08-20,1,mejia|n / moutet|c,Winston-Salem,Winston-Salem Open at Wake Forest University,R64,R64,0.4,1.0,1.0,0.9523809523809523,66.76190476190476,50,Winston-Salem,Winston-Salem Open at Wake Forest University,2024-08-20,ATP250,Outdoor,Hard,1st Round,3,Moutet C.,Mejia N.,68,236.0,767,245.0,7.0,6.0,6.0,1.0,,,,,,,2.0,0.0,Completed,1.2,4.5,1.3,3.81,1.3,4.5,1.26,3.82,10822,1970
10783,2147,2086,2086,2024-08-19,2024-08-21,2,coric|b / hijikata|r,Winston-Salem,Winston-Salem Open at Wake Forest University,R16,R16,0.4,1.0,1.0,0.9047619047619048,66.52380952380952,50,Winston-Salem,Winston-Salem Open at Wake Forest University,2024-08-21,ATP250,Outdoor,Hard,3rd Round,3,Hijikata R.,Coric B.,65,87.0,811,647.0,3.0,6.0,6.0,3.0,7.0,5.0,,,,,2.0,1.0,Completed,3.0,1.4,2.92,1.47,3.01,1.47,2.84,1.41,10783,1971
10784,2148,2084,2084,2024-08-19,2024-08-21,2,goffin|d / rinderknech|a,Winston-Salem,Winston-Salem Open at Wake Forest University,R16,R16,0.4,1.0,1.0,0.9047619047619048,66.52380952380952,50,Winston-Salem,Winston-Salem Open at Wake Forest University,2024-08-21,ATP250,Outdoor,Hard,3rd Round,3,Goffin D.,Rinderknech A.,90,56.0,635,903.0,6.0,3.0,6.0,3.0,,,,,,,2.0,0.0,Completed,1.91,1.91,2.05,1.86,2.07,1.91,1.94,1.84,10784,1972
10785,2149,2083,2083,2024-08-19,2024-08-21,2,kotov|p / svajda|z,Winston-Salem,Winston-Salem Open at Wake Forest University,R16,R16,0.4,1.0,1.0,0.9047619047619048,66.52380952380952,50,Winston-Salem,Winston-Salem Open at Wake Forest University,2024-08-21,ATP250,Outdoor,Hard,3rd Round,3,Kotov P.,Svajda Z.,63,107.0,814,533.0,3.0,6.0,6.0,3.0,6.0,4.0,,,,,2.0,1.0,Completed,2.1,1.73,2.16,1.78,2.17,1.82,2.09,1.72,10785,1973
10786,2150,2085,2085,2024-08-19,2024-08-21,2,shang|j / sonego|l,Winston-Salem,Winston-Salem Open at Wake Forest University,R16,R16,0.4,1.0,1.0,0.9047619047619048,66.52380952380952,50,Winston-Salem,Winston-Salem Open at Wake Forest University,2024-08-21,ATP250,Outdoor,Hard,3rd Round,3,Sonego L.,Shang J.,58,77.0,886,729.0,,,,,,,,,,,,,Walkover,2.3,1.62,,,2.3,1.65,2.24,1.61,10786,1974
10787,2151,2087,2087,2024-08-19,2024-08-21,2,seyboth wild|t / tien|l <> tien|l / wild|t,Winston-Salem,Winston-Salem Open at Wake Forest University,R16,R16,0.4,1.0,1.0,0.9047619047619048,66.52380952380952,50,Winston-Salem,Winston-Salem Open at Wake Forest University,2024-08-21,ATP250,Outdoor,Hard,3rd Round,3,Tien L.,Seyboth Wild T.,231,69.0,251,765.0,6.0,4.0,6.0,3.0,,,,,,,2.0,0.0,Completed,2.0,1.8,2.06,1.85,2.12,1.88,2.0,1.8,10787,1975
10803,2167,2080,2080,2024-08-19,2024-08-21,2,bergs|z / etcheverry|t,Winston-Salem,Winston-Salem Open at Wake Forest University,R32,R32,0.4,1.0,1.0,0.9047619047619048,66.52380952380952,50,Winston-Salem,Winston-Salem Open at Wake Forest University,2024-08-21,ATP250,Outdoor,Hard,2nd Round,3,Bergs Z.,Etcheverry T.,85,34.0,672,1335.0,4.0,6.0,7.0,5.0,6.0,3.0,,,,,2.0,1.0,Completed,2.1,1.73,2.03,1.86,2.23,1.86,2.02,1.77,10803,1976
10804,2168,2081,2081,2024-08-19,2024-08-21,2,fucsovics|m / michelsen|a,Winston-Salem,Winston-Salem Open at Wake Forest University,R32,R32,0.4,1.0,1.0,0.9047619047619048,66.52380952380952,50,Winston-Salem,Winston-Salem Open at Wake Forest University,2024-08-21,ATP250,Outdoor,Hard,2nd Round,3,Michelsen A.,Fucsovics M.,52,79.0,960,701.0,7.0,6.0,6.0,4.0,,,,,,,2.0,0.0,Completed,1.73,2.1,1.76,2.17,1.76,2.24,1.69,2.14,10804,1977
10806,2170,2082,2082,2024-08-19,2024-08-21,2,moutet|c / safiullin|r,Winston-Salem,Winston-Salem Open at Wake Forest University,R32,R32,0.4,1.0,1.0,0.9047619047619048,66.52380952380952,50,Winston-Salem,Winston-Salem Open at Wake Forest University,2024-08-21,ATP250,Outdoor,Hard,2nd Round,3,Safiullin R.,Moutet C.,59,68.0,885,767.0,6.0,1.0,7.0,5.0,,,,,,,2.0,0.0,Completed,1.62,2.3,1.7,2.27,1.7,2.31,1.64,2.22,10806,1978
10779,2143,2092,2092,2024-08-19,2024-08-22,3,goffin|d / hijikata|r,Winston-Salem,Winston-Salem Open at Wake Forest University,QF,QF,0.4,1.0,1.0,0.8571428571428572,66.28571428571429,50,Winston-Salem,Winston-Salem Open at Wake Forest University,2024-08-22,ATP250,Outdoor,Hard,Quarterfinals,3,Goffin D.,Hijikata R.,90,65.0,635,811.0,6.0,1.0,6.0,3.0,,,,,,,2.0,0.0,Completed,1.4,3.0,1.44,3.03,1.49,3.03,1.42,2.83,10779,1979
10780,2144,2091,2091,2024-08-19,2024-08-22,3,kotov|p / sonego|l,Winston-Salem,Winston-Salem Open at Wake Forest University,QF,QF,0.4,1.0,1.0,0.8571428571428572,66.28571428571429,50,Winston-Salem,Winston-Salem Open at Wake Forest University,2024-08-22,ATP250,Outdoor,Hard,Quarterfinals,3,Sonego L.,Kotov P.,58,63.0,886,814.0,6.0,3.0,7.0,5.0,,,,,,,2.0,0.0,Completed,1.8,2.0,1.85,2.06,1.88,2.1,1.8,1.99,10780,1980
10782,2146,2093,2093,2024-08-19,2024-08-22,3,eubanks|c / michelsen|a,Winston-Salem,Winston-Salem Open at Wake Forest University,QF,QF,0.4,1.0,1.0,0.8571428571428572,66.28571428571429,50,Winston-Salem,Winston-Salem Open at Wake Forest University,2024-08-22,ATP250,Outdoor,Hard,Quarterfinals,3,Michelsen A.,Eubanks C.,52,120.0,960,495.0,7.0,5.0,6.0,7.0,7.0,6.0,,,,,2.0,1.0,Completed,1.33,3.4,1.34,3.56,1.36,3.6,1.33,3.28,10782,1981
10788,2152,2090,2090,2024-08-19,2024-08-22,3,busta|p / vukic|a <> carreno busta|p / vukic|a,Winston-Salem,Winston-Salem Open at Wake Forest University,R16,R16,0.4,1.0,1.0,0.8571428571428572,66.28571428571429,50,Winston-Salem,Winston-Salem Open at Wake Forest University,2024-08-22,ATP250,Outdoor,Hard,3rd Round,3,Carreno Busta P.,Vukic A.,300,94.0,177,604.0,6.0,3.0,4.0,6.0,6.0,3.0,,,,,2.0,1.0,Completed,1.44,2.75,1.51,2.77,1.51,2.86,1.45,2.69,10788,1982
10789,2153,2089,2089,2024-08-19,2024-08-22,3,bergs|z / michelsen|a,Winston-Salem,Winston-Salem Open at Wake Forest University,R16,R16,0.4,1.0,1.0,0.8571428571428572,66.28571428571429,50,Winston-Salem,Winston-Salem Open at Wake Forest University,2024-08-22,ATP250,Outdoor,Hard,3rd Round,3,Michelsen A.,Bergs Z.,52,85.0,960,672.0,6.0,1.0,6.0,2.0,,,,,,,2.0,0.0,Completed,1.44,2.75,1.46,2.95,1.54,2.96,1.45,2.7,10789,1983
10790,2154,2088,2088,2024-08-19,2024-08-22,3,eubanks|c / safiullin|r,Winston-Salem,Winston-Salem Open at Wake Forest University,R16,R16,0.4,1.0,1.0,0.8571428571428572,66.28571428571429,50,Winston-Salem,Winston-Salem Open at Wake Forest University,2024-08-22,ATP250,Outdoor,Hard,3rd Round,3,Eubanks C.,Safiullin R.,120,59.0,495,885.0,6.0,3.0,1.0,6.0,7.0,6.0,,,,,2.0,1.0,Completed,3.0,1.4,2.96,1.46,3.0,1.48,2.79,1.42,10790,1984
10777,2141,2095,2095,2024-08-19,2024-08-23,4,goffin|d / sonego|l,Winston-Salem,Winston-Salem Open at Wake Forest University,SF,SF,0.4,1.0,1.0,0.8095238095238095,66.04761904761905,50,Winston-Salem,Winston-Salem Open at Wake Forest University,2024-08-23,ATP250,Outdoor,Hard,Semifinals,3,Sonego L.,Goffin D.,58,90.0,886,635.0,6.0,3.0,6.0,2.0,,,,,,,2.0,0.0,Completed,2.3,1.62,2.34,1.68,2.4,1.7,2.23,1.65,10777,1985
10778,2142,2096,2096,2024-08-19,2024-08-23,4,busta|p / michelsen|a <> carreno busta|p / michelsen|a,Winston-Salem,Winston-Salem Open at Wake Forest University,SF,SF,0.4,1.0,1.0,0.8095238095238095,66.04761904761905,50,Winston-Salem,Winston-Salem Open at Wake Forest University,2024-08-23,ATP250,Outdoor,Hard,Semifinals,3,Michelsen A.,Carreno Busta P.,52,300.0,960,177.0,7.0,6.0,2.0,1.0,,,,,,,1.0,0.0,Retired,2.0,1.8,2.0,1.91,2.06,1.92,1.97,1.83,10778,1986
10781,2145,2094,2094,2024-08-19,2024-08-23,4,busta|p / tien|l <> carreno busta|p / tien|l,Winston-Salem,Winston-Salem Open at Wake Forest University,QF,QF,0.4,1.0,1.0,0.8095238095238095,66.04761904761905,50,Winston-Salem,Winston-Salem Open at Wake Forest University,2024-08-23,ATP250,Outdoor,Hard,Quarterfinals,3,Carreno Busta P.,Tien L.,300,231.0,177,251.0,6.0,4.0,6.0,2.0,,,,,,,2.0,0.0,Completed,1.5,2.63,1.55,2.64,1.57,2.75,1.5,2.55,10781,1987
10776,2140,2097,2097,2024-08-19,2024-08-24,5,michelsen|a / sonego|l,Winston-Salem,Winston-Salem Open at Wake Forest University,F,F,0.4,1.0,1.0,0.7619047619047619,65.80952380952381,50,Winston-Salem,Winston-Salem Open at Wake Forest University,2024-08-24,ATP250,Outdoor,Hard,The Final,3,Sonego L.,Michelsen A.,58,52.0,886,960.0,6.0,0.0,6.0,3.0,,,,,,,2.0,0.0,Completed,2.5,1.53,2.6,1.56,2.63,1.6,2.47,1.55,10776,1988
10856,2220,2118,2118,2024-08-26,2024-08-26,0,monfils|g / schwartzman|d,Us Open,US Open,R128,R128,1.0,1.0,1.0,1.0,100.0,51,New York,US Open,2024-08-26,Grand Slam,Outdoor,Hard,1st Round,5,Monfils G.,Schwartzman D.,45,244.0,1155,236.0,6.0,7.0,6.0,2.0,6.0,2.0,6.0,1.0,,,3.0,1.0,Completed,1.2,4.5,1.21,5.01,1.24,5.01,1.2,4.53,10856,1989
10857,2221,2103,2103,2024-08-26,2024-08-26,0,baena|r / choinski|j <> carballes baena|r / choinski|j,Us Open,US Open,R128,R128,1.0,1.0,1.0,1.0,100.0,51,New York,US Open,2024-08-26,Grand Slam,Outdoor,Hard,1st Round,5,Carballes Baena R.,Choinski J.,55,276.0,916,199.0,6.0,2.0,6.0,3.0,5.0,7.0,6.0,7.0,6.0,3.0,3.0,2.0,Completed,1.5,2.63,1.47,2.89,1.51,2.89,1.48,2.66,10857,1990
10858,2222,2104,2104,2024-08-26,2024-08-26,0,bublik|a / shang|j,Us Open,US Open,R128,R128,1.0,1.0,1.0,1.0,100.0,51,New York,US Open,2024-08-26,Grand Slam,Outdoor,Hard,1st Round,5,Shang J.,Bublik A.,72,27.0,754,1650.0,6.0,4.0,3.0,6.0,5.0,7.0,6.0,3.0,6.0,4.0,3.0,2.0,Completed,1.67,2.2,1.71,2.27,1.74,2.33,1.67,2.2,10858,1991
10859,2223,2101,2101,2024-08-26,2024-08-26,0,humbert|u / monteiro|t,Us Open,US Open,R128,R128,1.0,1.0,1.0,1.0,100.0,51,New York,US Open,2024-08-26,Grand Slam,Outdoor,Hard,1st Round,5,Humbert U.,Monteiro T.,17,75.0,2330,739.0,6.0,3.0,6.0,4.0,6.0,4.0,,,,,3.0,0.0,Completed,1.13,6.0,1.13,7.11,1.15,7.11,1.13,6.21,10859,1992
10860,2224,2100,2100,2024-08-26,2024-08-26,0,comesana|f / stricker|d,Us Open,US Open,R128,R128,1.0,1.0,1.0,1.0,100.0,51,New York,US Open,2024-08-26,Grand Slam,Outdoor,Hard,1st Round,5,Comesana F.,Stricker D.,108,169.0,532,345.0,4.0,6.0,6.0,3.0,7.0,6.0,6.0,3.0,,,3.0,1.0,Completed,3.2,1.36,3.45,1.36,3.47,1.41,3.17,1.36,10860,1993
10862,2226,2111,2111,2024-08-26,2024-08-26,0,carabelli|c / fritz|t <> fritz|t / ugo carabelli|c,Us Open,US Open,R128,R128,1.0,1.0,1.0,1.0,100.0,51,New York,US Open,2024-08-26,Grand Slam,Outdoor,Hard,1st Round,5,Fritz T.,Ugo Carabelli C.,12,93.0,3120,608.0,7.0,5.0,6.0,1.0,6.0,2.0,,,,,3.0,0.0,Completed,1.01,29.0,1.02,36.25,1.02,36.25,1.01,20.24,10862,1994
10863,2227,2123,2123,2024-08-26,2024-08-26,0,nakashima|b / rune|h,Us Open,US Open,R128,R128,1.0,1.0,1.0,1.0,100.0,51,New York,US Open,2024-08-26,Grand Slam,Outdoor,Hard,1st Round,5,Nakashima B.,Rune H.,50,15.0,1105,2780.0,6.0,2.0,6.0,1.0,6.0,4.0,,,,,3.0,0.0,Completed,2.5,1.53,2.65,1.55,2.67,1.61,2.54,1.52,10863,1995
10865,2229,2115,2115,2024-08-26,2024-08-26,0,kecmanovic|m / nishioka|y,Us Open,US Open,R128,R128,1.0,1.0,1.0,1.0,100.0,51,New York,US Open,2024-08-26,Grand Slam,Outdoor,Hard,1st Round,5,Kecmanovic M.,Nishioka Y.,54,53.0,940,974.0,7.0,6.0,2.0,6.0,5.0,7.0,7.0,5.0,1.0,0.0,2.0,2.0,Retired,2.0,1.8,2.09,1.83,2.22,1.84,2.07,1.76,10865,1996
10866,2230,2113,2113,2024-08-26,2024-08-26,0,musetti|l / opelka|r,Us Open,US Open,R128,R128,1.0,1.0,1.0,1.0,100.0,51,New York,US Open,2024-08-26,Grand Slam,Outdoor,Hard,1st Round,5,Musetti L.,Opelka R.,18,324.0,2255,157.0,7.0,6.0,1.0,6.0,6.0,1.0,7.0,5.0,,,3.0,1.0,Completed,1.44,2.75,1.4,3.22,1.46,3.22,1.42,2.9,10866,1997
10867,2231,2114,2114,2024-08-26,2024-08-26,0,cerundolo|f / ofner|s,Us Open,US Open,R128,R128,1.0,1.0,1.0,1.0,100.0,51,New York,US Open,2024-08-26,Grand Slam,Outdoor,Hard,1st Round,5,Cerundolo F.,Ofner S.,29,58.0,1495,904.0,5.0,7.0,6.0,4.0,6.0,4.0,6.0,2.0,,,3.0,1.0,Completed,1.36,3.2,1.37,3.38,1.39,3.45,1.35,3.2,10867,1998
10869,2233,2117,2117,2024-08-26,2024-08-26,0,muller|a / walton|a,Us Open,US Open,R128,R128,1.0,1.0,1.0,1.0,100.0,51,New York,US Open,2024-08-26,Grand Slam,Outdoor,Hard,1st Round,5,Muller A.,Walton A.,77,95.0,732,601.0,3.0,6.0,7.0,6.0,6.0,3.0,6.0,4.0,,,3.0,1.0,Completed,1.5,2.63,1.47,2.91,1.5,2.91,1.46,2.73,10869,1999
10870,2234,2098,2098,2024-08-26,2024-08-26,0,marterer|m / zverev|a,Us Open,US Open,R128,R128,1.0,1.0,1.0,1.0,100.0,51,New York,US Open,2024-08-26,Grand Slam,Outdoor,Hard,1st Round,5,Zverev A.,Marterer M.,4,100.0,7035,561.0,6.0,2.0,6.0,7.0,6.0,3.0,6.0,2.0,,,3.0,1.0,Completed,1.03,17.0,1.02,27.72,1.04,27.72,1.02,15.86,10870,2000
10871,2235,2110,2110,2024-08-26,2024-08-26,0,rublev|a / seyboth wild|t <> rublev|a / wild|t,Us Open,US Open,R128,R128,1.0,1.0,1.0,1.0,100.0,51,New York,US Open,2024-08-26,Grand Slam,Outdoor,Hard,1st Round,5,Rublev A.,Seyboth Wild T.,6,68.0,4805,790.0,6.0,3.0,7.0,6.0,7.0,5.0,,,,,3.0,0.0,Completed,1.08,8.0,1.1,8.64,1.1,8.64,1.09,7.85,10871,2001
10872,2236,2121,2121,2024-08-26,2024-08-26,0,eubanks|c / rinderknech|a,Us Open,US Open,R128,R128,1.0,1.0,1.0,1.0,100.0,51,New York,US Open,2024-08-26,Grand Slam,Outdoor,Hard,1st Round,5,Rinderknech A.,Eubanks C.,56,106.0,915,545.0,6.0,4.0,4.0,6.0,3.0,6.0,6.0,3.0,7.0,6.0,3.0,2.0,Completed,1.67,2.2,1.67,2.35,1.71,2.35,1.67,2.22,10872,2002
10873,2237,2102,2102,2024-08-26,2024-08-26,0,grenier|h / krueger|m,Us Open,US Open,R128,R128,1.0,1.0,1.0,1.0,100.0,51,New York,US Open,2024-08-26,Grand Slam,Outdoor,Hard,1st Round,5,Krueger M.,Grenier H.,179,173.0,332,341.0,4.0,6.0,6.0,3.0,6.0,4.0,7.0,5.0,,,3.0,1.0,Completed,1.8,2.0,1.73,2.25,1.8,2.34,1.73,2.13,10873,2003
10874,2238,2112,2112,2024-08-26,2024-08-26,0,fucsovics|m / lehecka|j,Us Open,US Open,R128,R128,1.0,1.0,1.0,1.0,100.0,51,New York,US Open,2024-08-26,Grand Slam,Outdoor,Hard,1st Round,5,Lehecka J.,Fucsovics M.,38,81.0,1255,694.0,1.0,6.0,6.0,4.0,6.0,3.0,3.0,0.0,,,2.0,1.0,Retired,1.5,2.63,1.52,2.74,1.53,2.87,1.49,2.65,10874,2004
10875,2239,2124,2124,2024-08-26,2024-08-26,0,baez|s / darderi|l,Us Open,US Open,R128,R128,1.0,1.0,1.0,1.0,100.0,51,New York,US Open,2024-08-26,Grand Slam,Outdoor,Hard,1st Round,5,Baez S.,Darderi L.,23,37.0,1800,1291.0,6.0,4.0,6.0,7.0,6.0,0.0,7.0,6.0,,,3.0,1.0,Completed,1.73,2.1,1.71,2.27,1.74,2.27,1.7,2.17,10875,2005
10877,2241,2122,2122,2024-08-26,2024-08-26,0,davidovich fokina|a / hijikata|r <> fokina|a / hijikata|r,Us Open,US Open,R128,R128,1.0,1.0,1.0,1.0,100.0,51,New York,US Open,2024-08-26,Grand Slam,Outdoor,Hard,1st Round,5,Hijikata R.,Davidovich Fokina A.,62,59.0,848,900.0,7.0,6.0,3.0,6.0,6.0,4.0,6.0,3.0,,,3.0,1.0,Completed,3.4,1.33,3.43,1.36,3.43,1.36,3.32,1.33,10877,2006
10878,2242,2119,2119,2024-08-26,2024-08-26,0,dimitrov|g / jacquet|k,Us Open,US Open,R128,R128,1.0,1.0,1.0,1.0,100.0,51,New York,US Open,2024-08-26,Grand Slam,Outdoor,Hard,1st Round,5,Dimitrov G.,Jacquet K.,9,209.0,3655,285.0,6.0,3.0,6.0,4.0,6.0,2.0,,,,,3.0,0.0,Completed,1.05,11.0,1.07,12.22,1.07,13.05,1.05,10.38,10878,2007
10879,2243,2105,2105,2024-08-26,2024-08-26,0,shelton|b / thiem|d,Us Open,US Open,R128,R128,1.0,1.0,1.0,1.0,100.0,51,New York,US Open,2024-08-26,Grand Slam,Outdoor,Hard,1st Round,5,Shelton B.,Thiem D.,13,210.0,3110,283.0,6.0,4.0,6.0,2.0,6.0,2.0,,,,,3.0,0.0,Completed,1.07,9.0,1.07,12.22,1.08,12.22,1.06,9.47,10879,2008
10880,2244,2099,2099,2024-08-26,2024-08-26,0,agut|r / nardi|l <> bautista agut|r / nardi|l,Us Open,US Open,R128,R128,1.0,1.0,1.0,1.0,100.0,51,New York,US Open,2024-08-26,Grand Slam,Outdoor,Hard,1st Round,5,Bautista Agut R.,Nardi L.,67,90.0,791,612.0,7.0,5.0,7.0,6.0,7.0,6.0,,,,,3.0,0.0,Completed,1.22,4.33,1.28,4.1,1.28,4.34,1.24,4.11,10880,2009
10881,2245,2120,2120,2024-08-26,2024-08-26,0,koepfer|d / shevchenko|a,Us Open,US Open,R128,R128,1.0,1.0,1.0,1.0,100.0,51,New York,US Open,2024-08-26,Grand Slam,Outdoor,Hard,1st Round,5,Shevchenko A.,Koepfer D.,61,83.0,855,686.0,6.0,3.0,7.0,5.0,5.0,7.0,6.0,2.0,,,3.0,1.0,Completed,2.38,1.57,2.54,1.58,2.57,1.6,2.44,1.56,10881,2010
10883,2247,2108,2108,2024-08-26,2024-08-26,0,kwon|s / popyrin|a,Us Open,US Open,R128,R128,1.0,1.0,1.0,1.0,100.0,51,New York,US Open,2024-08-26,Grand Slam,Outdoor,Hard,1st Round,5,Popyrin A.,Kwon S.W.,28,340.0,1635,145.0,7.0,5.0,6.0,2.0,6.0,3.0,,,,,3.0,0.0,Completed,1.1,7.0,1.12,7.54,1.14,7.65,1.11,6.62,10883,2011
10884,2248,2109,2109,2024-08-26,2024-08-26,0,kasnikowski|m / martinez|p,Us Open,US Open,R128,R128,1.0,1.0,1.0,1.0,100.0,51,New York,US Open,2024-08-26,Grand Slam,Outdoor,Hard,1st Round,5,Martinez P.,Kasnikowski M.,43,194.0,1168,308.0,6.0,7.0,6.0,1.0,6.0,2.0,3.0,6.0,7.0,6.0,3.0,2.0,Completed,1.8,2.0,1.85,2.07,1.89,2.07,1.83,1.99,10884,2012
10823,2187,2144,2144,2024-08-26,2024-08-27,1,mcdonald|m / sinner|j,Us Open,US Open,R128,R128,1.0,1.0,1.0,0.9523809523809523,99.76190476190476,51,New York,US Open,2024-08-27,Grand Slam,Outdoor,Hard,1st Round,5,Sinner J.,Mcdonald M.,1,140.0,9360,422.0,2.0,6.0,6.0,2.0,6.0,1.0,6.0,2.0,,,3.0,1.0,Completed,1.01,23.0,1.02,28.96,1.02,28.96,1.01,17.89,10823,2013
10824,2188,2140,2140,2024-08-26,2024-08-27,1,michelsen|a / spizzirri|e,Us Open,US Open,R128,R128,1.0,1.0,1.0,0.9523809523809523,99.76190476190476,51,New York,US Open,2024-08-27,Grand Slam,Outdoor,Hard,1st Round,5,Michelsen A.,Spizzirri E.,49,341.0,1115,145.0,6.0,1.0,7.0,5.0,6.0,3.0,,,,,3.0,0.0,Completed,1.22,4.33,1.24,4.63,1.27,4.73,1.23,4.2,10824,2014
10827,2191,2149,2149,2024-08-26,2024-08-27,1,fils|a / tien|l,Us Open,US Open,R128,R128,1.0,1.0,1.0,0.9523809523809523,99.76190476190476,51,New York,US Open,2024-08-27,Grand Slam,Outdoor,Hard,1st Round,5,Fils A.,Tien L.,24,191.0,1770,309.0,6.0,4.0,3.0,6.0,6.0,1.0,6.0,2.0,,,3.0,1.0,Completed,1.3,3.75,1.35,3.5,1.38,3.75,1.34,3.29,10827,2015
10828,2192,2156,2156,2024-08-26,2024-08-27,1,diallo|g / munar|j,Us Open,US Open,R128,R128,1.0,1.0,1.0,0.9523809523809523,99.76190476190476,51,New York,US Open,2024-08-27,Grand Slam,Outdoor,Hard,1st Round,5,Diallo G.,Munar J.,143,84.0,413,682.0,6.0,4.0,3.0,6.0,6.0,3.0,7.0,5.0,,,3.0,1.0,Completed,1.91,1.91,1.98,1.93,1.98,1.98,1.89,1.91,10828,2016
10829,2193,2152,2152,2024-08-26,2024-08-27,1,purcell|m / vukic|a,Us Open,US Open,R128,R128,1.0,1.0,1.0,0.9523809523809523,99.76190476190476,51,New York,US Open,2024-08-27,Grand Slam,Outdoor,Hard,1st Round,5,Purcell M.,Vukic A.,97,92.0,585,609.0,7.0,5.0,6.0,4.0,6.0,3.0,,,,,3.0,0.0,Completed,2.2,1.67,2.19,1.76,2.23,1.8,2.15,1.71,10829,2017
10831,2195,2134,2134,2024-08-26,2024-08-27,1,kokkinakis|t / tsitsipas|s,Us Open,US Open,R128,R128,1.0,1.0,1.0,0.9523809523809523,99.76190476190476,51,New York,US Open,2024-08-27,Grand Slam,Outdoor,Hard,1st Round,5,Kokkinakis T.,Tsitsipas S.,86,11.0,672,3425.0,7.0,6.0,4.0,6.0,6.0,3.0,7.0,5.0,,,3.0,1.0,Completed,3.2,1.36,3.15,1.43,3.37,1.43,3.03,1.39,10831,2018
10832,2196,2146,2146,2024-08-26,2024-08-27,1,borges|n / coria|f,Us Open,US Open,R128,R128,1.0,1.0,1.0,0.9523809523809523,99.76190476190476,51,New York,US Open,2024-08-27,Grand Slam,Outdoor,Hard,1st Round,5,Borges N.,Coria F.,34,79.0,1325,714.0,6.0,2.0,6.0,4.0,6.0,1.0,,,,,3.0,0.0,Completed,1.11,6.5,1.1,8.73,1.11,8.9,1.1,7.37,10832,2019
10833,2197,2135,2135,2024-08-26,2024-08-27,1,daniel|t / schoolkate|t,Us Open,US Open,R128,R128,1.0,1.0,1.0,0.9523809523809523,99.76190476190476,51,New York,US Open,2024-08-27,Grand Slam,Outdoor,Hard,1st Round,5,Schoolkate T.,Daniel T.,193,88.0,308,639.0,4.0,6.0,4.0,6.0,6.0,4.0,7.0,6.0,6.0,4.0,3.0,2.0,Completed,2.38,1.57,2.53,1.59,2.53,1.62,2.4,1.58,10833,2020
10834,2198,2136,2136,2024-08-26,2024-08-27,1,aliassime|f / mensik|j <> auger aliassime|f / mensik|j,Us Open,US Open,R128,R128,1.0,1.0,1.0,0.9523809523809523,99.76190476190476,51,New York,US Open,2024-08-27,Grand Slam,Outdoor,Hard,1st Round,5,Mensik J.,Auger-Aliassime F.,65,19.0,812,2170.0,6.0,2.0,6.0,4.0,6.0,2.0,,,,,3.0,0.0,Completed,4.0,1.25,4.14,1.28,4.25,1.29,3.93,1.26,10834,2021
10835,2199,2154,2154,2024-08-26,2024-08-27,1,cobolli|f / duckworth|j,Us Open,US Open,R128,R128,1.0,1.0,1.0,0.9523809523809523,99.76190476190476,51,New York,US Open,2024-08-27,Grand Slam,Outdoor,Hard,1st Round,5,Cobolli F.,Duckworth J.,31,70.0,1418,764.0,6.0,1.0,4.0,6.0,6.0,4.0,6.0,4.0,,,3.0,1.0,Completed,1.3,3.5,1.32,3.75,1.35,3.75,1.31,3.52,10835,2022
10836,2200,2157,2157,2024-08-26,2024-08-27,1,bergs|z / kotov|p,Us Open,US Open,R128,R128,1.0,1.0,1.0,0.9523809523809523,99.76190476190476,51,New York,US Open,2024-08-27,Grand Slam,Outdoor,Hard,1st Round,5,Bergs Z.,Kotov P.,80,60.0,697,864.0,6.0,2.0,4.0,6.0,6.0,2.0,3.0,6.0,7.0,6.0,3.0,2.0,Completed,1.8,2.0,1.75,2.21,1.8,2.21,1.75,2.09,10836,2023
10837,2201,2155,2155,2024-08-26,2024-08-27,1,marozsan|f / medjedovic|h,Us Open,US Open,R128,R128,1.0,1.0,1.0,0.9523809523809523,99.76190476190476,51,New York,US Open,2024-08-27,Grand Slam,Outdoor,Hard,1st Round,5,Marozsan F.,Medjedovic H.,51,137.0,1090,431.0,2.0,6.0,6.0,1.0,3.0,6.0,6.0,1.0,6.0,4.0,3.0,2.0,Completed,1.73,2.1,1.79,2.14,1.79,2.2,1.74,2.11,10837,2024
10838,2202,2150,2150,2024-08-26,2024-08-27,1,lajovic|d / medvedev|d,Us Open,US Open,R128,R128,1.0,1.0,1.0,0.9523809523809523,99.76190476190476,51,New York,US Open,2024-08-27,Grand Slam,Outdoor,Hard,1st Round,5,Medvedev D.,Lajovic D.,5,66.0,6275,811.0,6.0,3.0,3.0,6.0,6.0,3.0,6.0,1.0,,,3.0,1.0,Completed,1.04,13.0,1.06,14.11,1.07,14.11,1.04,11.51,10838,2025
10840,2204,2151,2151,2024-08-26,2024-08-27,1,shapovalov|d / van de zandschulp|b,Us Open,US Open,R128,R128,1.0,1.0,1.0,0.9523809523809523,99.76190476190476,51,New York,US Open,2024-08-27,Grand Slam,Outdoor,Hard,1st Round,5,Van De Zandschulp B.,Shapovalov D.,74,105.0,739,550.0,6.0,4.0,7.0,5.0,6.0,4.0,,,,,3.0,0.0,Completed,3.5,1.3,3.78,1.32,4.05,1.33,3.69,1.28,10840,2026
10841,2205,2147,2147,2024-08-26,2024-08-27,1,acosta|f / gaston|h <> diaz acosta|f / gaston|h,Us Open,US Open,R128,R128,1.0,1.0,1.0,0.9523809523809523,99.76190476190476,51,New York,US Open,2024-08-27,Grand Slam,Outdoor,Hard,1st Round,5,Diaz Acosta F.,Gaston H.,64,63.0,827,830.0,6.0,1.0,6.0,4.0,6.0,2.0,,,,,3.0,0.0,Completed,2.38,1.57,2.33,1.68,2.4,1.68,2.29,1.63,10841,2027
10843,2207,2131,2131,2024-08-26,2024-08-27,1,goffin|d / tabilo|a,Us Open,US Open,R128,R128,1.0,1.0,1.0,0.9523809523809523,99.76190476190476,51,New York,US Open,2024-08-27,Grand Slam,Outdoor,Hard,1st Round,5,Goffin D.,Tabilo A.,78,21.0,725,1978.0,7.0,6.0,6.0,1.0,7.0,5.0,,,,,3.0,0.0,Completed,2.2,1.67,2.35,1.67,2.35,1.68,2.27,1.65,10843,2028
10844,2208,2141,2141,2024-08-26,2024-08-27,1,coric|b / mannarino|a,Us Open,US Open,R128,R128,1.0,1.0,1.0,0.9523809523809523,99.76190476190476,51,New York,US Open,2024-08-27,Grand Slam,Outdoor,Hard,1st Round,5,Mannarino A.,Coric B.,42,98.0,1170,582.0,7.0,5.0,6.0,2.0,6.0,3.0,,,,,3.0,0.0,Completed,3.75,1.29,3.66,1.33,3.75,1.35,3.49,1.31,10844,2029
10845,2209,2138,2138,2024-08-26,2024-08-27,1,fognini|f / machac|t,Us Open,US Open,R128,R128,1.0,1.0,1.0,0.9523809523809523,99.76190476190476,51,New York,US Open,2024-08-27,Grand Slam,Outdoor,Hard,1st Round,5,Machac T.,Fognini F.,39,71.0,1224,759.0,7.0,5.0,6.0,1.0,6.0,3.0,,,,,3.0,0.0,Completed,1.2,4.5,1.24,4.54,1.26,4.54,1.23,4.24,10845,2030
10846,2210,2153,2153,2024-08-26,2024-08-27,1,korda|s / moutet|c,Us Open,US Open,R128,R128,1.0,1.0,1.0,0.9523809523809523,99.76190476190476,51,New York,US Open,2024-08-27,Grand Slam,Outdoor,Hard,1st Round,5,Korda S.,Moutet C.,16,69.0,2545,780.0,7.0,6.0,6.0,1.0,6.0,0.0,,,,,3.0,0.0,Completed,1.22,4.33,1.23,4.74,1.25,4.74,1.22,4.37,10846,2031
10847,2211,2148,2148,2024-08-26,2024-08-27,1,de minaur|a / giron|m,Us Open,US Open,R128,R128,1.0,1.0,1.0,0.9523809523809523,99.76190476190476,51,New York,US Open,2024-08-27,Grand Slam,Outdoor,Hard,1st Round,5,De Minaur A.,Giron M.,10,46.0,3435,1150.0,6.0,3.0,6.0,4.0,5.0,7.0,6.0,4.0,,,3.0,1.0,Completed,1.29,3.75,1.26,4.34,1.31,4.34,1.26,3.92,10847,2032
10848,2212,2137,2137,2024-08-26,2024-08-27,1,halys|q / virtanen|o,Us Open,US Open,R128,R128,1.0,1.0,1.0,0.9523809523809523,99.76190476190476,51,New York,US Open,2024-08-27,Grand Slam,Outdoor,Hard,1st Round,5,Virtanen O.,Halys Q.,125,119.0,476,498.0,6.0,3.0,6.0,3.0,6.0,7.0,6.0,2.0,,,3.0,1.0,Completed,2.0,1.8,2.11,1.81,2.19,1.82,2.06,1.78,10848,2033
10849,2213,2133,2133,2024-08-26,2024-08-27,1,altmaier|d / navone|m,Us Open,US Open,R128,R128,1.0,1.0,1.0,0.9523809523809523,99.76190476190476,51,New York,US Open,2024-08-27,Grand Slam,Outdoor,Hard,1st Round,5,Navone M.,Altmaier D.,36,89.0,1303,637.0,1.0,6.0,6.0,2.0,6.0,4.0,6.0,1.0,,,3.0,1.0,Completed,2.38,1.57,2.34,1.68,2.4,1.72,2.29,1.63,10849,2034
10850,2214,2139,2139,2024-08-26,2024-08-27,1,evans|d / khachanov|k,Us Open,US Open,R128,R128,1.0,1.0,1.0,0.9523809523809523,99.76190476190476,51,New York,US Open,2024-08-27,Grand Slam,Outdoor,Hard,1st Round,5,Evans D.,Khachanov K.,184,22.0,324,1930.0,6.0,7.0,7.0,6.0,7.0,6.0,4.0,6.0,6.0,4.0,3.0,2.0,Completed,4.33,1.22,4.56,1.24,4.56,1.26,4.32,1.22,10850,2035
10851,2215,2145,2145,2024-08-26,2024-08-27,1,arnaldi|m / svajda|z,Us Open,US Open,R128,R128,1.0,1.0,1.0,0.9523809523809523,99.76190476190476,51,New York,US Open,2024-08-27,Grand Slam,Outdoor,Hard,1st Round,5,Arnaldi M.,Svajda Z.,30,102.0,1470,554.0,6.0,3.0,6.0,2.0,6.0,1.0,,,,,3.0,0.0,Completed,1.3,3.5,1.38,3.33,1.41,3.6,1.33,3.35,10851,2036
10852,2216,2143,2143,2024-08-26,2024-08-27,1,forbes|m / safiullin|r,Us Open,US Open,R128,R128,1.0,1.0,1.0,0.9523809523809523,99.76190476190476,51,New York,US Open,2024-08-27,Grand Slam,Outdoor,Hard,1st Round,5,Safiullin R.,Forbes M.,57,1848.0,910,1.0,6.0,4.0,7.0,6.0,6.0,2.0,,,,,3.0,0.0,Completed,1.01,34.0,1.02,37.61,1.02,37.61,1.01,22.15,10852,2037
10853,2217,2132,2132,2024-08-26,2024-08-27,1,lestienne|c / thompson|j,Us Open,US Open,R128,R128,1.0,1.0,1.0,0.9523809523809523,99.76190476190476,51,New York,US Open,2024-08-27,Grand Slam,Outdoor,Hard,1st Round,5,Thompson J.,Lestienne C.,32,111.0,1376,527.0,6.0,1.0,6.0,3.0,6.0,2.0,,,,,3.0,0.0,Completed,1.13,6.0,1.14,6.7,1.15,6.7,1.13,6.07,10853,2038
10854,2218,2130,2130,2024-08-26,2024-08-27,1,hurkacz|h / skatov|t,Us Open,US Open,R128,R128,1.0,1.0,1.0,0.9523809523809523,99.76190476190476,51,New York,US Open,2024-08-27,Grand Slam,Outdoor,Hard,1st Round,5,Hurkacz H.,Skatov T.,7,188.0,4055,315.0,6.0,3.0,7.0,6.0,7.0,6.0,,,,,3.0,0.0,Completed,1.14,5.5,1.16,6.27,1.17,6.27,1.15,5.65,10854,2039
10864,2228,2127,2127,2024-08-26,2024-08-27,1,busta|p / cazaux|a <> carreno busta|p / cazaux|a,Us Open,US Open,R128,R128,1.0,1.0,1.0,0.9523809523809523,99.76190476190476,51,New York,US Open,2024-08-27,Grand Slam,Outdoor,Hard,1st Round,5,Cazaux A.,Carreno Busta P.,91,213.0,609,277.0,6.0,1.0,6.0,3.0,6.0,3.0,,,,,3.0,0.0,Completed,2.38,1.57,2.47,1.61,2.47,1.64,2.38,1.58,10864,2040
10876,2240,2128,2128,2024-08-26,2024-08-27,1,griekspoor|t / nagal|s,Us Open,US Open,R128,R128,1.0,1.0,1.0,0.9523809523809523,99.76190476190476,51,New York,US Open,2024-08-27,Grand Slam,Outdoor,Hard,1st Round,5,Griekspoor T.,Nagal S.,40,73.0,1210,747.0,6.0,1.0,6.0,3.0,7.0,6.0,,,,,3.0,0.0,Completed,1.2,4.5,1.23,4.79,1.24,4.79,1.21,4.41,10876,2041
10882,2246,2125,2125,2024-08-26,2024-08-27,1,kovacevic|a / tiafoe|f,Us Open,US Open,R128,R128,1.0,1.0,1.0,0.9523809523809523,99.76190476190476,51,New York,US Open,2024-08-27,Grand Slam,Outdoor,Hard,1st Round,5,Tiafoe F.,Kovacevic A.,20,76.0,2120,738.0,6.0,4.0,6.0,3.0,4.0,6.0,7.0,5.0,,,3.0,1.0,Completed,1.14,5.5,1.16,6.33,1.18,6.33,1.15,5.6,10882,2042
10885,2249,2126,2126,2024-08-26,2024-08-27,1,djere|l / struff|j,Us Open,US Open,R128,R128,1.0,1.0,1.0,0.9523809523809523,99.76190476190476,51,New York,US Open,2024-08-27,Grand Slam,Outdoor,Hard,1st Round,5,Djere L.,Struff J.L.,109,35.0,531,1320.0,6.0,7.0,6.0,1.0,6.0,7.0,6.0,4.0,6.0,2.0,3.0,2.0,Completed,4.33,1.22,4.49,1.25,4.49,1.29,4.11,1.24,10885,2043
10886,2250,2129,2129,2024-08-26,2024-08-27,1,albot|r / djokovic|n,Us Open,US Open,R128,R128,1.0,1.0,1.0,0.9523809523809523,99.76190476190476,51,New York,US Open,2024-08-27,Grand Slam,Outdoor,Hard,1st Round,5,Djokovic N.,Albot R.,2,138.0,7460,424.0,6.0,2.0,6.0,2.0,6.0,4.0,,,,,3.0,0.0,Completed,1.01,29.0,1.01,57.63,1.02,57.63,1.01,24.56,10886,2044
10825,2189,2159,2159,2024-08-26,2024-08-28,2,bellucci|m / wawrinka|s,Us Open,US Open,R128,R128,1.0,1.0,1.0,0.9047619047619048,99.52380952380952,51,New York,US Open,2024-08-28,Grand Slam,Outdoor,Hard,1st Round,5,Bellucci M.,Wawrinka S.,101,176.0,555,333.0,6.0,4.0,7.0,6.0,6.0,3.0,,,,,3.0,0.0,Completed,1.4,3.0,1.4,3.2,1.47,3.2,1.39,3.0,10825,2045
10830,2194,2161,2161,2024-08-26,2024-08-28,2,paul|t / sonego|l,Us Open,US Open,R128,R128,1.0,1.0,1.0,0.9047619047619048,99.52380952380952,51,New York,US Open,2024-08-28,Grand Slam,Outdoor,Hard,1st Round,5,Paul T.,Sonego L.,14,48.0,2985,1116.0,6.0,4.0,6.0,2.0,5.0,7.0,6.0,2.0,,,3.0,1.0,Completed,1.22,4.33,1.24,4.65,1.26,4.65,1.23,4.26,10830,2046
10839,2203,2160,2160,2024-08-26,2024-08-28,2,alcaraz|c / tu|l,Us Open,US Open,R128,R128,1.0,1.0,1.0,0.9047619047619048,99.52380952380952,51,New York,US Open,2024-08-28,Grand Slam,Outdoor,Hard,1st Round,5,Alcaraz C.,Tu L.,3,186.0,7360,322.0,6.0,2.0,4.0,6.0,6.0,3.0,6.0,1.0,,,3.0,1.0,Completed,1.0,51.0,1.01,47.27,1.01,53.38,1.0,26.03,10839,2047
10903,2267,2175,2175,2024-08-26,2024-08-28,2,monfils|g / ruud|c,Us Open,US Open,R64,R64,1.0,1.0,1.0,0.9047619047619048,99.52380952380952,51,New York,US Open,2024-08-28,Grand Slam,Outdoor,Hard,2nd Round,5,Ruud C.,Monfils G.,8,45.0,3855,1155.0,6.0,4.0,6.0,2.0,2.0,6.0,7.0,6.0,,,3.0,1.0,Completed,1.5,2.63,1.56,2.58,1.56,2.68,1.51,2.56,10903,2048
10904,2268,2171,2171,2024-08-26,2024-08-28,2,baena|r / shang|j <> carballes baena|r / shang|j,Us Open,US Open,R64,R64,1.0,1.0,1.0,0.9047619047619048,99.52380952380952,51,New York,US Open,2024-08-28,Grand Slam,Outdoor,Hard,2nd Round,5,Shang J.,Carballes Baena R.,72,55.0,754,916.0,6.0,2.0,6.0,3.0,7.0,6.0,,,,,3.0,0.0,Completed,1.33,3.4,1.36,3.44,1.36,3.6,1.33,3.31,10904,2049
10905,2269,2170,2170,2024-08-26,2024-08-28,2,comesana|f / humbert|u,Us Open,US Open,R64,R64,1.0,1.0,1.0,0.9047619047619048,99.52380952380952,51,New York,US Open,2024-08-28,Grand Slam,Outdoor,Hard,2nd Round,5,Comesana F.,Humbert U.,108,17.0,532,2330.0,5.0,7.0,6.0,4.0,6.0,4.0,6.0,4.0,,,3.0,1.0,Completed,8.0,1.08,7.51,1.12,8.01,1.12,7.18,1.1,10905,2050
10907,2271,2166,2166,2024-08-26,2024-08-28,2,cazaux|a / nakashima|b,Us Open,US Open,R64,R64,1.0,1.0,1.0,0.9047619047619048,99.52380952380952,51,New York,US Open,2024-08-28,Grand Slam,Outdoor,Hard,2nd Round,5,Nakashima B.,Cazaux A.,50,91.0,1105,609.0,6.0,4.0,6.0,4.0,6.0,2.0,,,,,3.0,0.0,Completed,1.29,3.75,1.29,4.04,1.3,4.04,1.28,3.76,10907,2051
10908,2272,2174,2174,2024-08-26,2024-08-28,2,kecmanovic|m / musetti|l,Us Open,US Open,R64,R64,1.0,1.0,1.0,0.9047619047619048,99.52380952380952,51,New York,US Open,2024-08-28,Grand Slam,Outdoor,Hard,2nd Round,5,Musetti L.,Kecmanovic M.,18,54.0,2255,940.0,3.0,6.0,6.0,4.0,6.0,4.0,2.0,6.0,7.0,5.0,3.0,2.0,Completed,1.4,3.0,1.45,2.99,1.45,3.21,1.41,2.95,10908,2052
10909,2273,2163,2163,2024-08-26,2024-08-28,2,cerundolo|f / etcheverry|t,Us Open,US Open,R64,R64,1.0,1.0,1.0,0.9047619047619048,99.52380952380952,51,New York,US Open,2024-08-28,Grand Slam,Outdoor,Hard,2nd Round,5,Etcheverry T.,Cerundolo F.,33,29.0,1335,1495.0,6.0,3.0,4.0,6.0,6.0,4.0,1.0,6.0,6.0,3.0,3.0,2.0,Completed,1.8,2.0,1.74,2.23,1.8,2.23,1.75,2.06,10909,2053
10910,2274,2167,2167,2024-08-26,2024-08-28,2,muller|a / zverev|a,Us Open,US Open,R64,R64,1.0,1.0,1.0,0.9047619047619048,99.52380952380952,51,New York,US Open,2024-08-28,Grand Slam,Outdoor,Hard,2nd Round,5,Zverev A.,Muller A.,4,77.0,7035,732.0,6.0,4.0,7.0,6.0,6.0,1.0,,,,,3.0,0.0,Completed,1.03,17.0,1.05,15.64,1.06,17.6,1.04,12.84,10910,2054
10911,2275,2169,2169,2024-08-26,2024-08-28,2,rinderknech|a / rublev|a,Us Open,US Open,R64,R64,1.0,1.0,1.0,0.9047619047619048,99.52380952380952,51,New York,US Open,2024-08-28,Grand Slam,Outdoor,Hard,2nd Round,5,Rublev A.,Rinderknech A.,6,56.0,4805,915.0,4.0,6.0,5.0,7.0,6.0,1.0,6.0,2.0,6.0,2.0,3.0,2.0,Completed,1.13,6.0,1.14,6.76,1.14,7.0,1.12,6.19,10911,2055
10912,2276,2162,2162,2024-08-26,2024-08-28,2,krueger|m / lehecka|j,Us Open,US Open,R64,R64,1.0,1.0,1.0,0.9047619047619048,99.52380952380952,51,New York,US Open,2024-08-28,Grand Slam,Outdoor,Hard,2nd Round,5,Lehecka J.,Krueger M.,38,179.0,1255,332.0,6.0,7.0,0.0,6.0,6.0,4.0,6.0,4.0,7.0,5.0,3.0,2.0,Completed,1.22,4.33,1.23,4.73,1.23,4.75,1.22,4.27,10912,2056
10913,2277,2165,2165,2024-08-26,2024-08-28,2,baez|s / griekspoor|t,Us Open,US Open,R64,R64,1.0,1.0,1.0,0.9047619047619048,99.52380952380952,51,New York,US Open,2024-08-28,Grand Slam,Outdoor,Hard,2nd Round,5,Griekspoor T.,Baez S.,40,23.0,1210,1800.0,6.0,1.0,2.0,0.0,,,,,,,1.0,0.0,Retired,1.57,2.38,1.54,2.68,1.57,2.68,1.54,2.49,10913,2057
10914,2278,2164,2164,2024-08-26,2024-08-28,2,dimitrov|g / hijikata|r,Us Open,US Open,R64,R64,1.0,1.0,1.0,0.9047619047619048,99.52380952380952,51,New York,US Open,2024-08-28,Grand Slam,Outdoor,Hard,2nd Round,5,Dimitrov G.,Hijikata R.,9,62.0,3655,848.0,6.0,1.0,6.0,1.0,7.0,6.0,,,,,3.0,0.0,Completed,1.07,9.0,1.12,7.95,1.12,9.0,1.09,7.44,10914,2058
10915,2279,2173,2173,2024-08-26,2024-08-28,2,agut|r / shelton|b <> bautista agut|r / shelton|b,Us Open,US Open,R64,R64,1.0,1.0,1.0,0.9047619047619048,99.52380952380952,51,New York,US Open,2024-08-28,Grand Slam,Outdoor,Hard,2nd Round,5,Shelton B.,Bautista Agut R.,13,67.0,3110,791.0,6.0,3.0,6.0,4.0,6.0,4.0,,,,,3.0,0.0,Completed,1.17,5.0,1.19,5.44,1.2,5.44,1.17,5.04,10915,2059
10916,2280,2168,2168,2024-08-26,2024-08-28,2,shevchenko|a / tiafoe|f,Us Open,US Open,R64,R64,1.0,1.0,1.0,0.9047619047619048,99.52380952380952,51,New York,US Open,2024-08-28,Grand Slam,Outdoor,Hard,2nd Round,5,Tiafoe F.,Shevchenko A.,20,61.0,2120,855.0,6.0,4.0,6.0,1.0,1.0,0.0,,,,,2.0,0.0,Retired,1.14,5.5,1.17,6.01,1.17,6.01,1.15,5.49,10916,2060
10917,2281,2172,2172,2024-08-26,2024-08-28,2,martinez|p / popyrin|a,Us Open,US Open,R64,R64,1.0,1.0,1.0,0.9047619047619048,99.52380952380952,51,New York,US Open,2024-08-28,Grand Slam,Outdoor,Hard,2nd Round,5,Popyrin A.,Martinez P.,28,43.0,1635,1168.0,6.0,2.0,6.0,4.0,6.0,0.0,,,,,3.0,0.0,Completed,1.17,5.0,1.2,5.3,1.2,5.36,1.18,5.0,10917,2061
10887,2251,2182,2182,2024-08-26,2024-08-29,3,michelsen|a / sinner|j,Us Open,US Open,R64,R64,1.0,1.0,1.0,0.8571428571428572,99.28571428571429,51,New York,US Open,2024-08-29,Grand Slam,Outdoor,Hard,2nd Round,5,Sinner J.,Michelsen A.,1,49.0,9360,1115.0,6.0,4.0,6.0,0.0,6.0,2.0,,,,,3.0,0.0,Completed,1.04,13.0,1.05,15.93,1.05,15.93,1.04,12.25,10887,2062
10889,2253,2188,2188,2024-08-26,2024-08-29,3,diallo|g / fils|a,Us Open,US Open,R64,R64,1.0,1.0,1.0,0.8571428571428572,99.28571428571429,51,New York,US Open,2024-08-29,Grand Slam,Outdoor,Hard,2nd Round,5,Diallo G.,Fils A.,143,24.0,413,1770.0,7.0,5.0,6.0,7.0,6.0,4.0,6.0,4.0,,,3.0,1.0,Completed,3.4,1.33,3.45,1.36,3.5,1.36,3.33,1.34,10889,2063
10890,2254,2191,2191,2024-08-26,2024-08-29,3,paul|t / purcell|m,Us Open,US Open,R64,R64,1.0,1.0,1.0,0.8571428571428572,99.28571428571429,51,New York,US Open,2024-08-29,Grand Slam,Outdoor,Hard,2nd Round,5,Paul T.,Purcell M.,14,97.0,2985,585.0,7.0,5.0,6.0,0.0,1.0,0.0,,,,,2.0,0.0,Retired,1.08,8.0,1.11,8.34,1.13,8.5,1.1,7.28,10890,2064
10891,2255,2183,2183,2024-08-26,2024-08-29,3,borges|n / kokkinakis|t,Us Open,US Open,R64,R64,1.0,1.0,1.0,0.8571428571428572,99.28571428571429,51,New York,US Open,2024-08-29,Grand Slam,Outdoor,Hard,2nd Round,5,Borges N.,Kokkinakis T.,34,86.0,1325,672.0,6.0,4.0,7.0,5.0,7.0,5.0,,,,,3.0,0.0,Completed,2.1,1.73,2.19,1.76,2.27,1.8,2.14,1.71,10891,2065
10892,2256,2189,2189,2024-08-26,2024-08-29,3,mensik|j / schoolkate|t,Us Open,US Open,R64,R64,1.0,1.0,1.0,0.8571428571428572,99.28571428571429,51,New York,US Open,2024-08-29,Grand Slam,Outdoor,Hard,2nd Round,5,Mensik J.,Schoolkate T.,65,193.0,812,308.0,6.0,7.0,2.0,6.0,6.0,2.0,7.0,6.0,7.0,6.0,3.0,2.0,Completed,1.17,5.0,1.23,4.73,1.27,5.0,1.21,4.51,10892,2066
10893,2257,2187,2187,2024-08-26,2024-08-29,3,bergs|z / cobolli|f,Us Open,US Open,R64,R64,1.0,1.0,1.0,0.8571428571428572,99.28571428571429,51,New York,US Open,2024-08-29,Grand Slam,Outdoor,Hard,2nd Round,5,Cobolli F.,Bergs Z.,31,80.0,1418,697.0,4.0,6.0,6.0,3.0,7.0,5.0,6.0,3.0,,,3.0,1.0,Completed,1.53,2.5,1.56,2.59,1.6,2.6,1.54,2.5,10893,2067
10896,2260,2185,2185,2024-08-26,2024-08-29,3,acosta|f / draper|j <> diaz acosta|f / draper|j,Us Open,US Open,R64,R64,1.0,1.0,1.0,0.8571428571428572,99.28571428571429,51,New York,US Open,2024-08-29,Grand Slam,Outdoor,Hard,2nd Round,5,Draper J.,Diaz Acosta F.,25,64.0,1695,827.0,6.0,4.0,6.0,2.0,6.0,2.0,,,,,3.0,0.0,Completed,1.07,9.0,1.1,8.81,1.1,9.02,1.08,8.24,10896,2068
10897,2261,2184,2184,2024-08-26,2024-08-29,3,goffin|d / mannarino|a,Us Open,US Open,R64,R64,1.0,1.0,1.0,0.8571428571428572,99.28571428571429,51,New York,US Open,2024-08-29,Grand Slam,Outdoor,Hard,2nd Round,5,Goffin D.,Mannarino A.,78,42.0,725,1170.0,6.0,7.0,6.0,3.0,6.0,2.0,7.0,6.0,,,3.0,1.0,Completed,1.36,3.2,1.38,3.35,1.39,3.43,1.35,3.23,10897,2069
10898,2262,2179,2179,2024-08-26,2024-08-29,3,korda|s / machac|t,Us Open,US Open,R64,R64,1.0,1.0,1.0,0.8571428571428572,99.28571428571429,51,New York,US Open,2024-08-29,Grand Slam,Outdoor,Hard,2nd Round,5,Machac T.,Korda S.,39,16.0,1224,2545.0,6.0,4.0,6.0,2.0,6.0,4.0,,,,,3.0,0.0,Completed,3.4,1.33,3.69,1.33,3.69,1.34,3.48,1.31,10898,2070
10899,2263,2186,2186,2024-08-26,2024-08-29,3,de minaur|a / virtanen|o,Us Open,US Open,R64,R64,1.0,1.0,1.0,0.8571428571428572,99.28571428571429,51,New York,US Open,2024-08-29,Grand Slam,Outdoor,Hard,2nd Round,5,De Minaur A.,Virtanen O.,10,125.0,3435,476.0,7.0,5.0,6.0,1.0,7.0,6.0,,,,,3.0,0.0,Completed,1.22,4.33,1.27,4.21,1.27,4.4,1.24,4.16,10899,2071
10900,2264,2190,2190,2024-08-26,2024-08-29,3,evans|d / navone|m,Us Open,US Open,R64,R64,1.0,1.0,1.0,0.8571428571428572,99.28571428571429,51,New York,US Open,2024-08-29,Grand Slam,Outdoor,Hard,2nd Round,5,Evans D.,Navone M.,184,36.0,324,1303.0,6.0,4.0,6.0,3.0,6.0,3.0,,,,,3.0,0.0,Completed,2.0,1.8,1.93,1.97,2.0,1.97,1.92,1.89,10900,2072
10901,2265,2178,2178,2024-08-26,2024-08-29,3,arnaldi|m / safiullin|r,Us Open,US Open,R64,R64,1.0,1.0,1.0,0.8571428571428572,99.28571428571429,51,New York,US Open,2024-08-29,Grand Slam,Outdoor,Hard,2nd Round,5,Arnaldi M.,Safiullin R.,30,57.0,1470,910.0,6.0,2.0,6.0,4.0,6.0,4.0,,,,,3.0,0.0,Completed,1.67,2.2,1.79,2.15,1.84,2.22,1.73,2.12,10901,2073
10902,2266,2181,2181,2024-08-26,2024-08-29,3,hurkacz|h / thompson|j,Us Open,US Open,R64,R64,1.0,1.0,1.0,0.8571428571428572,99.28571428571429,51,New York,US Open,2024-08-29,Grand Slam,Outdoor,Hard,2nd Round,5,Thompson J.,Hurkacz H.,32,7.0,1376,4055.0,7.0,6.0,6.0,1.0,7.0,5.0,,,,,3.0,0.0,Completed,2.63,1.5,2.53,1.59,2.77,1.59,2.62,1.5,10902,2074
10906,2270,2176,2176,2024-08-26,2024-08-29,3,berrettini|m / fritz|t,Us Open,US Open,R64,R64,1.0,1.0,1.0,0.8571428571428572,99.28571428571429,51,New York,US Open,2024-08-29,Grand Slam,Outdoor,Hard,2nd Round,5,Fritz T.,Berrettini M.,12,44.0,3120,1160.0,6.0,3.0,7.0,6.0,6.0,1.0,,,,,3.0,0.0,Completed,1.53,2.5,1.57,2.57,1.57,2.57,1.54,2.47,10906,2075
10918,2282,2177,2177,2024-08-26,2024-08-29,3,djere|l / djokovic|n,Us Open,US Open,R64,R64,1.0,1.0,1.0,0.8571428571428572,99.28571428571429,51,New York,US Open,2024-08-29,Grand Slam,Outdoor,Hard,2nd Round,5,Djokovic N.,Djere L.,2,109.0,7460,531.0,6.0,4.0,6.0,4.0,2.0,0.0,,,,,2.0,0.0,Retired,1.02,21.0,1.02,31.6,1.02,31.6,1.02,20.55,10918,2076
10894,2258,2192,2192,2024-08-26,2024-08-30,4,marozsan|f / medvedev|d,Us Open,US Open,R64,R64,1.0,1.0,1.0,0.8095238095238095,99.04761904761905,51,New York,US Open,2024-08-30,Grand Slam,Outdoor,Hard,2nd Round,5,Medvedev D.,Marozsan F.,5,51.0,6275,1090.0,6.0,3.0,6.0,2.0,7.0,6.0,,,,,3.0,0.0,Completed,1.1,7.0,1.11,8.03,1.12,8.19,1.1,7.13,10894,2077
10895,2259,2193,2193,2024-08-26,2024-08-30,4,alcaraz|c / van de zandschulp|b,Us Open,US Open,R64,R64,1.0,1.0,1.0,0.8095238095238095,99.04761904761905,51,New York,US Open,2024-08-30,Grand Slam,Outdoor,Hard,2nd Round,5,Van De Zandschulp B.,Alcaraz C.,74,3.0,739,7360.0,6.0,1.0,7.0,5.0,6.0,4.0,,,,,3.0,0.0,Completed,29.0,1.01,32.02,1.02,33.86,1.03,19.07,1.01,10895,2078
10927,2291,2198,2198,2024-08-26,2024-08-30,4,ruud|c / shang|j,Us Open,US Open,R32,R32,1.0,1.0,1.0,0.8095238095238095,99.04761904761905,51,New York,US Open,2024-08-30,Grand Slam,Outdoor,Hard,3rd Round,5,Ruud C.,Shang J.,8,72.0,3855,754.0,6.0,7.0,3.0,6.0,6.0,0.0,6.0,3.0,6.0,1.0,3.0,2.0,Completed,1.36,3.2,1.44,3.05,1.44,3.37,1.39,3.0,10927,2079
10928,2292,2197,2197,2024-08-26,2024-08-30,4,comesana|f / fritz|t,Us Open,US Open,R32,R32,1.0,1.0,1.0,0.8095238095238095,99.04761904761905,51,New York,US Open,2024-08-30,Grand Slam,Outdoor,Hard,3rd Round,5,Fritz T.,Comesana F.,12,108.0,3120,532.0,6.0,3.0,6.0,4.0,6.0,2.0,,,,,3.0,0.0,Completed,1.03,15.0,1.05,15.33,1.05,15.33,1.03,12.79,10928,2080
10929,2293,2199,2199,2024-08-26,2024-08-30,4,musetti|l / nakashima|b,Us Open,US Open,R32,R32,1.0,1.0,1.0,0.8095238095238095,99.04761904761905,51,New York,US Open,2024-08-30,Grand Slam,Outdoor,Hard,3rd Round,5,Nakashima B.,Musetti L.,50,18.0,1105,2255.0,6.0,2.0,3.0,6.0,6.0,3.0,7.0,6.0,,,3.0,1.0,Completed,1.62,2.3,1.69,2.3,1.69,2.38,1.63,2.29,10929,2081
10931,2295,2195,2195,2024-08-26,2024-08-30,4,lehecka|j / rublev|a,Us Open,US Open,R32,R32,1.0,1.0,1.0,0.8095238095238095,99.04761904761905,51,New York,US Open,2024-08-30,Grand Slam,Outdoor,Hard,3rd Round,5,Rublev A.,Lehecka J.,6,38.0,4805,1255.0,6.0,3.0,7.0,5.0,6.0,4.0,,,,,3.0,0.0,Completed,1.33,3.4,1.35,3.5,1.37,3.5,1.34,3.28,10931,2082
10932,2296,2196,2196,2024-08-26,2024-08-30,4,dimitrov|g / griekspoor|t,Us Open,US Open,R32,R32,1.0,1.0,1.0,0.8095238095238095,99.04761904761905,51,New York,US Open,2024-08-30,Grand Slam,Outdoor,Hard,3rd Round,5,Dimitrov G.,Griekspoor T.,9,40.0,3655,1210.0,6.0,3.0,6.0,3.0,6.0,1.0,,,,,3.0,0.0,Completed,1.2,4.5,1.21,5.05,1.24,5.05,1.21,4.52,10932,2083
10933,2297,2194,2194,2024-08-26,2024-08-30,4,shelton|b / tiafoe|f,Us Open,US Open,R32,R32,1.0,1.0,1.0,0.8095238095238095,99.04761904761905,51,New York,US Open,2024-08-30,Grand Slam,Outdoor,Hard,3rd Round,5,Tiafoe F.,Shelton B.,20,13.0,2120,3110.0,4.0,6.0,7.0,5.0,6.0,7.0,6.0,4.0,6.0,3.0,3.0,2.0,Completed,2.3,1.62,2.45,1.62,2.45,1.66,2.31,1.61,10933,2084
10920,2284,2205,2205,2024-08-26,2024-08-31,5,diallo|g / paul|t,Us Open,US Open,R32,R32,1.0,1.0,1.0,0.7619047619047619,98.80952380952381,51,New York,US Open,2024-08-31,Grand Slam,Outdoor,Hard,3rd Round,5,Paul T.,Diallo G.,14,143.0,2985,413.0,6.0,7.0,6.0,3.0,6.0,1.0,7.0,6.0,,,3.0,1.0,Completed,1.1,7.0,1.12,7.84,1.13,8.0,1.11,6.92,10920,2085
10921,2285,2206,2206,2024-08-26,2024-08-31,5,borges|n / mensik|j,Us Open,US Open,R32,R32,1.0,1.0,1.0,0.7619047619047619,98.80952380952381,51,New York,US Open,2024-08-31,Grand Slam,Outdoor,Hard,3rd Round,5,Borges N.,Mensik J.,34,65.0,1325,812.0,6.0,7.0,6.0,1.0,3.0,6.0,7.0,6.0,6.0,0.0,3.0,2.0,Completed,1.57,2.38,1.63,2.44,1.63,2.44,1.59,2.36,10921,2086
10923,2287,2203,2203,2024-08-26,2024-08-31,5,draper|j / van de zandschulp|b,Us Open,US Open,R32,R32,1.0,1.0,1.0,0.7619047619047619,98.80952380952381,51,New York,US Open,2024-08-31,Grand Slam,Outdoor,Hard,3rd Round,5,Draper J.,Van De Zandschulp B.,25,74.0,1695,739.0,6.0,3.0,6.0,4.0,6.0,2.0,,,,,3.0,0.0,Completed,1.25,4.0,1.28,4.11,1.31,4.25,1.27,3.86,10923,2087
10924,2288,2202,2202,2024-08-26,2024-08-31,5,goffin|d / machac|t,Us Open,US Open,R32,R32,1.0,1.0,1.0,0.7619047619047619,98.80952380952381,51,New York,US Open,2024-08-31,Grand Slam,Outdoor,Hard,3rd Round,5,Machac T.,Goffin D.,39,78.0,1224,725.0,6.0,3.0,6.0,1.0,6.0,2.0,,,,,3.0,0.0,Completed,1.53,2.5,1.65,2.4,1.67,2.51,1.58,2.39,10924,2088
10926,2290,2207,2207,2024-08-26,2024-08-31,5,arnaldi|m / thompson|j,Us Open,US Open,R32,R32,1.0,1.0,1.0,0.7619047619047619,98.80952380952381,51,New York,US Open,2024-08-31,Grand Slam,Outdoor,Hard,3rd Round,5,Thompson J.,Arnaldi M.,32,30.0,1376,1470.0,7.0,5.0,6.0,2.0,7.0,6.0,,,,,3.0,0.0,Completed,1.91,1.91,1.85,2.06,1.91,2.06,1.85,1.95,10926,2089
10930,2294,2201,2201,2024-08-26,2024-08-31,5,etcheverry|t / zverev|a,Us Open,US Open,R32,R32,1.0,1.0,1.0,0.7619047619047619,98.80952380952381,51,New York,US Open,2024-08-31,Grand Slam,Outdoor,Hard,3rd Round,5,Zverev A.,Etcheverry T.,4,33.0,7035,1335.0,5.0,7.0,7.0,5.0,6.0,1.0,6.0,3.0,,,3.0,1.0,Completed,1.04,13.0,1.07,11.58,1.07,13.0,1.06,10.13,10930,2090
10934,2298,2200,2200,2024-08-26,2024-08-31,5,djokovic|n / popyrin|a,Us Open,US Open,R32,R32,1.0,1.0,1.0,0.7619047619047619,98.80952380952381,51,New York,US Open,2024-08-31,Grand Slam,Outdoor,Hard,3rd Round,5,Popyrin A.,Djokovic N.,28,2.0,1635,7460.0,6.0,4.0,6.0,4.0,2.0,6.0,6.0,4.0,,,3.0,1.0,Completed,6.0,1.13,6.25,1.16,6.46,1.16,5.97,1.14,10934,2091
10922,2286,2209,2209,2024-08-26,2024-09-01,6,cobolli|f / medvedev|d,Us Open,US Open,R32,R32,1.0,1.0,1.0,0.7142857142857143,98.57142857142857,51,New York,US Open,2024-09-01,Grand Slam,Outdoor,Hard,3rd Round,5,Medvedev D.,Cobolli F.,5,31.0,6275,1418.0,6.0,3.0,6.0,4.0,6.0,3.0,,,,,3.0,0.0,Completed,1.13,6.0,1.11,8.01,1.17,8.01,1.12,6.48,10922,2092
10925,2289,2208,2208,2024-08-26,2024-09-01,6,de minaur|a / evans|d,Us Open,US Open,R32,R32,1.0,1.0,1.0,0.7142857142857143,98.57142857142857,51,New York,US Open,2024-09-01,Grand Slam,Outdoor,Hard,3rd Round,5,De Minaur A.,Evans D.,10,184.0,3435,324.0,6.0,3.0,6.0,7.0,6.0,0.0,6.0,0.0,,,3.0,1.0,Completed,1.14,5.5,1.16,6.24,1.18,6.24,1.15,5.54,10925,2093
10939,2303,2211,2211,2024-08-26,2024-09-01,6,fritz|t / ruud|c,Us Open,US Open,R16,R16,1.0,1.0,1.0,0.7142857142857143,98.57142857142857,51,New York,US Open,2024-09-01,Grand Slam,Outdoor,Hard,4th Round,5,Fritz T.,Ruud C.,12,8.0,3120,3855.0,3.0,6.0,6.0,4.0,6.0,3.0,6.0,2.0,,,3.0,1.0,Completed,1.36,3.2,1.35,3.52,1.4,3.52,1.34,3.26,10939,2094
10940,2304,2212,2212,2024-08-26,2024-09-01,6,nakashima|b / zverev|a,Us Open,US Open,R16,R16,1.0,1.0,1.0,0.7142857142857143,98.57142857142857,51,New York,US Open,2024-09-01,Grand Slam,Outdoor,Hard,4th Round,5,Zverev A.,Nakashima B.,4,50.0,7035,1105.0,3.0,6.0,6.0,1.0,6.0,2.0,6.0,2.0,,,3.0,1.0,Completed,1.22,4.33,1.26,4.38,1.26,4.38,1.23,4.19,10940,2095
10941,2305,2210,2210,2024-08-26,2024-09-01,6,dimitrov|g / rublev|a,Us Open,US Open,R16,R16,1.0,1.0,1.0,0.7142857142857143,98.57142857142857,51,New York,US Open,2024-09-01,Grand Slam,Outdoor,Hard,4th Round,5,Dimitrov G.,Rublev A.,9,6.0,3655,4805.0,6.0,3.0,7.0,6.0,1.0,6.0,3.0,6.0,6.0,3.0,3.0,2.0,Completed,2.0,1.8,2.03,1.88,2.14,1.91,2.01,1.81,10941,2096
10936,2300,2215,2215,2024-08-26,2024-09-02,7,borges|n / medvedev|d,Us Open,US Open,R16,R16,1.0,1.0,1.0,0.6666666666666667,98.33333333333333,51,New York,US Open,2024-09-02,Grand Slam,Outdoor,Hard,4th Round,5,Medvedev D.,Borges N.,5,34.0,6275,1325.0,6.0,0.0,6.0,1.0,6.0,3.0,,,,,3.0,0.0,Completed,1.1,7.0,1.1,8.9,1.11,8.9,1.09,7.61,10936,2097
10937,2301,2214,2214,2024-08-26,2024-09-02,7,draper|j / machac|t,Us Open,US Open,R16,R16,1.0,1.0,1.0,0.6666666666666667,98.33333333333333,51,New York,US Open,2024-09-02,Grand Slam,Outdoor,Hard,4th Round,5,Draper J.,Machac T.,25,39.0,1695,1224.0,6.0,3.0,6.0,1.0,6.0,2.0,,,,,3.0,0.0,Completed,1.44,2.75,1.45,2.98,1.52,2.98,1.45,2.77,10937,2098
10938,2302,2216,2216,2024-08-26,2024-09-02,7,de minaur|a / thompson|j,Us Open,US Open,R16,R16,1.0,1.0,1.0,0.6666666666666667,98.33333333333333,51,New York,US Open,2024-09-02,Grand Slam,Outdoor,Hard,4th Round,5,De Minaur A.,Thompson J.,10,32.0,3435,1376.0,6.0,0.0,3.0,6.0,6.0,3.0,7.0,5.0,,,3.0,1.0,Completed,1.25,4.0,1.27,4.22,1.29,4.26,1.26,3.88,10938,2099
10942,2306,2213,2213,2024-08-26,2024-09-02,7,popyrin|a / tiafoe|f,Us Open,US Open,R16,R16,1.0,1.0,1.0,0.6666666666666667,98.33333333333333,51,New York,US Open,2024-09-02,Grand Slam,Outdoor,Hard,4th Round,5,Tiafoe F.,Popyrin A.,20,28.0,2120,1635.0,6.0,4.0,7.0,6.0,2.0,6.0,6.0,3.0,,,3.0,1.0,Completed,1.91,1.91,2.01,1.89,2.01,2.02,1.93,1.89,10942,2100
10935,2299,2217,2217,2024-08-26,2024-09-03,8,paul|t / sinner|j,Us Open,US Open,R16,R16,1.0,1.0,1.0,0.6190476190476191,98.0952380952381,51,New York,US Open,2024-09-03,Grand Slam,Outdoor,Hard,4th Round,5,Sinner J.,Paul T.,1,14.0,9360,2985.0,7.0,6.0,7.0,6.0,6.0,1.0,,,,,3.0,0.0,Completed,1.14,5.5,1.15,6.57,1.17,6.61,1.14,5.82,10935,2101
10945,2309,2218,2218,2024-08-26,2024-09-03,8,fritz|t / zverev|a,Us Open,US Open,QF,QF,1.0,1.0,1.0,0.6190476190476191,98.0952380952381,51,New York,US Open,2024-09-03,Grand Slam,Outdoor,Hard,Quarterfinals,5,Fritz T.,Zverev A.,12,4.0,3120,7035.0,7.0,6.0,3.0,6.0,6.0,4.0,7.0,6.0,,,3.0,1.0,Completed,2.5,1.53,2.49,1.61,2.63,1.61,2.46,1.55,10945,2102
10944,2308,2220,2220,2024-08-26,2024-09-04,9,de minaur|a / draper|j,Us Open,US Open,QF,QF,1.0,1.0,1.0,0.5714285714285714,97.85714285714286,51,New York,US Open,2024-09-04,Grand Slam,Outdoor,Hard,Quarterfinals,5,Draper J.,De Minaur A.,25,10.0,1695,3435.0,6.0,3.0,7.0,5.0,6.0,2.0,,,,,3.0,0.0,Completed,2.2,1.67,2.33,1.68,2.33,1.73,2.22,1.67,10944,2103
10946,2310,2219,2219,2024-08-26,2024-09-04,9,dimitrov|g / tiafoe|f,Us Open,US Open,QF,QF,1.0,1.0,1.0,0.5714285714285714,97.85714285714286,51,New York,US Open,2024-09-04,Grand Slam,Outdoor,Hard,Quarterfinals,5,Tiafoe F.,Dimitrov G.,20,9.0,2120,3655.0,6.0,3.0,6.0,7.0,6.0,3.0,4.0,1.0,,,2.0,1.0,Retired,2.38,1.57,2.44,1.63,2.44,1.66,2.31,1.62,10946,2104
10943,2307,2221,2221,2024-08-26,2024-09-05,10,medvedev|d / sinner|j,Us Open,US Open,QF,QF,1.0,1.0,1.0,0.5238095238095238,97.61904761904762,51,New York,US Open,2024-09-05,Grand Slam,Outdoor,Hard,Quarterfinals,5,Sinner J.,Medvedev D.,1,5.0,9360,6275.0,6.0,2.0,1.0,6.0,6.0,1.0,6.0,4.0,,,3.0,1.0,Completed,1.36,3.2,1.36,3.44,1.4,3.52,1.34,3.28,10943,2105
10947,2311,2222,2222,2024-08-26,2024-09-06,11,draper|j / sinner|j,Us Open,US Open,SF,SF,1.0,1.0,1.0,0.47619047619047616,97.38095238095238,51,New York,US Open,2024-09-06,Grand Slam,Outdoor,Hard,Semifinals,5,Sinner J.,Draper J.,1,25.0,9360,1695.0,7.0,5.0,7.0,6.0,6.0,2.0,,,,,3.0,0.0,Completed,1.17,5.0,1.16,6.2,1.18,6.2,1.16,5.41,10947,2106
10948,2312,2223,2223,2024-08-26,2024-09-07,12,fritz|t / tiafoe|f,Us Open,US Open,SF,SF,1.0,1.0,1.0,0.4285714285714286,97.14285714285714,51,New York,US Open,2024-09-07,Grand Slam,Outdoor,Hard,Semifinals,5,Fritz T.,Tiafoe F.,12,20.0,3120,2120.0,4.0,6.0,7.0,5.0,4.0,6.0,6.0,4.0,6.0,1.0,3.0,2.0,Completed,1.33,3.4,1.34,3.6,1.37,3.6,1.34,3.29,10948,2107
10949,2313,2224,2224,2024-08-26,2024-09-08,13,fritz|t / sinner|j,Us Open,US Open,F,F,1.0,1.0,1.0,0.38095238095238093,96.9047619047619,51,New York,US Open,2024-09-08,Grand Slam,Outdoor,Hard,The Final,5,Sinner J.,Fritz T.,1,12.0,9360,3120.0,6.0,3.0,6.0,4.0,7.0,5.0,,,,,3.0,0.0,Completed,1.25,4.0,1.26,4.37,1.28,4.5,1.24,4.19,10949,2108
10966,2330,2226,2226,2024-09-18,2024-09-18,0,daniel|t / sonego|l,Chengdu,Chengdu Open,R32,R32,1.0,1.0,1.0,1.0,100.0,52,Chengdu,Chengdu Open,2024-09-18,ATP250,Outdoor,Hard,1st Round,3,Daniel T.,Sonego L.,90,50.0,614,1081.0,6.0,4.0,7.0,5.0,,,,,,,2.0,0.0,Completed,3.5,1.3,3.48,1.34,3.53,1.34,3.38,1.31,10966,2109
10972,2336,2225,2225,2024-09-18,2024-09-18,0,klein|l / walton|a,Chengdu,Chengdu Open,R32,R32,1.0,1.0,1.0,1.0,100.0,52,Chengdu,Chengdu Open,2024-09-18,ATP250,Outdoor,Hard,1st Round,3,Klein L.,Walton A.,127,94.0,468,604.0,7.0,6.0,6.0,4.0,,,,,,,2.0,0.0,Completed,1.73,2.1,1.71,2.23,1.74,2.27,1.68,2.15,10972,2110
10992,2356,2253,2253,2024-09-18,2024-09-18,0,darderi|l / kukushkin|m,Hangzhou,Hangzhou Open,R32,R32,1.0,1.0,1.0,1.0,100.0,53,Hangzhou,Hangzhou Open,2024-09-18,ATP250,Outdoor,Hard,1st Round,3,Kukushkin M.,Darderi L.,112,41.0,515,1271.0,6.0,3.0,6.0,4.0,,,,,,,2.0,0.0,Completed,2.2,1.67,2.27,1.7,2.27,1.72,2.19,1.66,10992,2111
10994,2358,2252,2252,2024-09-18,2024-09-18,0,marozsan|f / nardi|l,Hangzhou,Hangzhou Open,R32,R32,1.0,1.0,1.0,1.0,100.0,53,Hangzhou,Hangzhou Open,2024-09-18,ATP250,Outdoor,Hard,1st Round,3,Marozsan F.,Nardi L.,49,87.0,1095,647.0,6.0,0.0,6.0,2.0,,,,,,,2.0,0.0,Completed,1.5,2.63,1.46,2.92,1.54,2.95,1.47,2.66,10994,2112
10999,2363,2254,2254,2024-09-18,2024-09-18,0,cilic|m / svajda|z,Hangzhou,Hangzhou Open,R32,R32,1.0,1.0,1.0,1.0,100.0,53,Hangzhou,Hangzhou Open,2024-09-18,ATP250,Outdoor,Hard,1st Round,3,Cilic M.,Svajda Z.,777,135.0,28,452.0,5.0,7.0,6.0,3.0,6.0,0.0,,,,,2.0,1.0,Completed,1.73,2.1,1.81,2.1,1.82,2.1,1.76,2.04,10999,2113
10965,2329,2236,2236,2024-09-18,2024-09-19,1,atmane|t / mannarino|a,Chengdu,Chengdu Open,R32,R32,1.0,1.0,1.0,0.9523809523809523,99.76190476190476,52,Chengdu,Chengdu Open,2024-09-19,ATP250,Outdoor,Hard,1st Round,3,Mannarino A.,Atmane T.,46,164.0,1144,363.0,6.0,7.0,6.0,1.0,6.0,3.0,,,,,2.0,1.0,Completed,2.0,1.8,2.19,1.73,2.19,1.85,2.05,1.74,10965,2114
10968,2332,2234,2234,2024-09-18,2024-09-19,1,fognini|f / safiullin|r,Chengdu,Chengdu Open,R32,R32,1.0,1.0,1.0,0.9523809523809523,99.76190476190476,52,Chengdu,Chengdu Open,2024-09-19,ATP250,Outdoor,Hard,1st Round,3,Safiullin R.,Fognini F.,56,79.0,915,694.0,6.0,3.0,4.0,6.0,6.0,4.0,,,,,2.0,1.0,Completed,1.2,4.5,1.23,4.47,1.25,4.5,1.21,4.25,10968,2115
10969,2333,2235,2235,2024-09-18,2024-09-19,1,gomez|f / muller|a,Chengdu,Chengdu Open,R32,R32,1.0,1.0,1.0,0.9523809523809523,99.76190476190476,52,Chengdu,Chengdu Open,2024-09-19,ATP250,Outdoor,Hard,1st Round,3,Gomez F.,Muller A.,174,70.0,346,755.0,6.0,4.0,7.0,5.0,,,,,,,2.0,0.0,Completed,3.2,1.36,3.34,1.36,3.43,1.36,3.19,1.34,10969,2116
10970,2334,2232,2232,2024-09-18,2024-09-19,1,hanfmann|y / mochizuki|s,Chengdu,Chengdu Open,R32,R32,1.0,1.0,1.0,0.9523809523809523,99.76190476190476,52,Chengdu,Chengdu Open,2024-09-19,ATP250,Outdoor,Hard,1st Round,3,Hanfmann Y.,Mochizuki S.,95,147.0,594,395.0,6.0,4.0,7.0,6.0,,,,,,,2.0,0.0,Completed,1.5,2.63,1.53,2.61,1.53,2.64,1.5,2.53,10970,2117
10971,2335,2230,2230,2024-09-18,2024-09-19,1,kachmazov|a / kovacevic|a,Chengdu,Chengdu Open,R32,R32,1.0,1.0,1.0,0.9523809523809523,99.76190476190476,52,Chengdu,Chengdu Open,2024-09-19,ATP250,Outdoor,Hard,1st Round,3,Kachmazov A.,Kovacevic A.,252,72.0,226,740.0,6.0,4.0,7.0,6.0,,,,,,,2.0,0.0,Completed,2.63,1.5,2.45,1.6,2.63,1.61,2.45,1.53,10971,2118
10974,2338,2231,2231,2024-09-18,2024-09-19,1,nishikori|k / shang|j,Chengdu,Chengdu Open,R32,R32,1.0,1.0,1.0,0.9523809523809523,99.76190476190476,52,Chengdu,Chengdu Open,2024-09-19,ATP250,Outdoor,Hard,1st Round,3,Shang J.,Nishikori K.,67,201.0,795,288.0,6.0,4.0,6.0,4.0,,,,,,,2.0,0.0,Completed,1.57,2.38,1.63,2.38,1.63,2.45,1.58,2.34,10974,2119
10975,2339,2228,2228,2024-09-18,2024-09-19,1,coric|b / vukic|a,Chengdu,Chengdu Open,R32,R32,1.0,1.0,1.0,0.9523809523809523,99.76190476190476,52,Chengdu,Chengdu Open,2024-09-19,ATP250,Outdoor,Hard,1st Round,3,Vukic A.,Coric B.,92,97.0,609,582.0,3.0,6.0,7.0,6.0,6.0,4.0,,,,,2.0,1.0,Completed,1.91,1.91,2.05,1.83,2.1,1.91,1.97,1.8,10975,2120
10976,2340,2229,2229,2024-09-18,2024-09-19,1,tseng|c / zhou|y,Chengdu,Chengdu Open,R32,R32,1.0,1.0,1.0,0.9523809523809523,99.76190476190476,52,Chengdu,Chengdu Open,2024-09-19,ATP250,Outdoor,Hard,1st Round,3,Zhou Y.,Tseng C.H.,531,121.0,72,489.0,2.0,6.0,6.0,1.0,3.0,1.0,,,,,1.0,1.0,Retired,4.0,1.25,4.16,1.26,4.27,1.26,3.96,1.24,10976,2121
10995,2359,2255,2255,2024-09-18,2024-09-19,1,marterer|m / nishioka|y,Hangzhou,Hangzhou Open,R32,R32,1.0,1.0,1.0,0.9523809523809523,99.76190476190476,53,Hangzhou,Hangzhou Open,2024-09-19,ATP250,Outdoor,Hard,1st Round,3,Nishioka Y.,Marterer M.,54,105.0,974,543.0,6.0,4.0,6.0,2.0,,,,,,,2.0,0.0,Completed,1.36,3.2,1.39,3.21,1.4,3.21,1.37,3.05,10995,2122
10996,2360,2262,2262,2024-09-18,2024-09-19,1,bellucci|m / karatsev|a,Hangzhou,Hangzhou Open,R32,R32,1.0,1.0,1.0,0.9523809523809523,99.76190476190476,53,Hangzhou,Hangzhou Open,2024-09-19,ATP250,Outdoor,Hard,1st Round,3,Bellucci M.,Karatsev A.,108,115.0,529,508.0,6.0,4.0,6.0,0.0,,,,,,,2.0,0.0,Completed,1.73,2.1,1.77,2.16,1.77,2.18,1.71,2.1,10996,2123
10998,2362,2259,2259,2024-09-18,2024-09-19,1,baena|r / moutet|c <> carballes baena|r / moutet|c,Hangzhou,Hangzhou Open,R32,R32,1.0,1.0,1.0,0.9523809523809523,99.76190476190476,53,Hangzhou,Hangzhou Open,2024-09-19,ATP250,Outdoor,Hard,1st Round,3,Carballes Baena R.,Moutet C.,55,69.0,921,771.0,7.0,6.0,6.0,1.0,,,,,,,2.0,0.0,Completed,2.3,1.62,2.4,1.63,2.4,1.8,2.22,1.64,10998,2124
11000,2364,2256,2256,2024-09-18,2024-09-19,1,dzumhur|d / hijikata|r,Hangzhou,Hangzhou Open,R32,R32,1.0,1.0,1.0,0.9523809523809523,99.76190476190476,53,Hangzhou,Hangzhou Open,2024-09-19,ATP250,Outdoor,Hard,1st Round,3,Hijikata R.,Dzumhur D.,81,86.0,681,655.0,2.0,6.0,7.0,6.0,6.0,2.0,,,,,2.0,1.0,Completed,1.73,2.1,1.85,2.05,1.85,2.14,1.74,2.08,11000,2125
11001,2365,2258,2258,2024-09-18,2024-09-19,1,shevchenko|a / trungelliti|m,Hangzhou,Hangzhou Open,R32,R32,1.0,1.0,1.0,0.9523809523809523,99.76190476190476,53,Hangzhou,Hangzhou Open,2024-09-19,ATP250,Outdoor,Hard,1st Round,3,Shevchenko A.,Trungelliti M.,58,138.0,870,423.0,6.0,1.0,6.0,1.0,,,,,,,2.0,0.0,Completed,1.73,2.1,1.78,2.14,1.78,2.29,1.68,2.14,11001,2126
11002,2366,2260,2260,2024-09-18,2024-09-19,1,mccabe|j / uchiyama|y,Hangzhou,Hangzhou Open,R32,R32,1.0,1.0,1.0,0.9523809523809523,99.76190476190476,53,Hangzhou,Hangzhou Open,2024-09-19,ATP250,Outdoor,Hard,1st Round,3,Uchiyama Y.,Mccabe J.,160,302.0,370,172.0,6.0,4.0,6.0,4.0,,,,,,,2.0,0.0,Completed,1.4,3.0,,,1.46,3.0,1.41,2.79,11002,2127
11003,2367,2261,2261,2024-09-18,2024-09-19,1,wong|c / wu|y,Hangzhou,Hangzhou Open,R32,R32,1.0,1.0,1.0,0.9523809523809523,99.76190476190476,53,Hangzhou,Hangzhou Open,2024-09-19,ATP250,Outdoor,Hard,1st Round,3,Wong C.,Wu Y.,141,566.0,409,63.0,6.0,3.0,,,,,,,,,1.0,0.0,Retired,2.3,1.62,2.37,1.65,2.37,1.65,2.28,1.61,11003,2128
10959,2323,2239,2239,2024-09-18,2024-09-20,2,jarry|n / klein|l,Chengdu,Chengdu Open,R16,R16,1.0,1.0,1.0,0.9047619047619048,99.52380952380952,52,Chengdu,Chengdu Open,2024-09-20,ATP250,Outdoor,Hard,2nd Round,3,Jarry N.,Klein L.,28,127.0,1595,468.0,7.0,6.0,3.0,6.0,6.0,4.0,,,,,2.0,1.0,Completed,1.73,2.1,1.81,2.1,1.81,2.1,1.75,2.04,10959,2129
10960,2324,2240,2240,2024-09-18,2024-09-20,2,martinez|p / vukic|a,Chengdu,Chengdu Open,R16,R16,1.0,1.0,1.0,0.9047619047619048,99.52380952380952,52,Chengdu,Chengdu Open,2024-09-20,ATP250,Outdoor,Hard,2nd Round,3,Martinez P.,Vukic A.,42,92.0,1167,609.0,6.0,3.0,6.0,4.0,,,,,,,2.0,0.0,Completed,2.75,1.44,2.93,1.45,2.95,1.5,2.75,1.43,10960,2130
10964,2328,2237,2237,2024-09-18,2024-09-20,2,daniel|t / kachmazov|a,Chengdu,Chengdu Open,R16,R16,1.0,1.0,1.0,0.9047619047619048,99.52380952380952,52,Chengdu,Chengdu Open,2024-09-20,ATP250,Outdoor,Hard,2nd Round,3,Kachmazov A.,Daniel T.,252,90.0,226,614.0,7.0,6.0,6.0,1.0,,,,,,,2.0,0.0,Completed,2.38,1.57,2.43,1.62,2.51,1.63,2.34,1.58,10964,2131
10986,2350,2266,2266,2024-09-18,2024-09-20,2,nakashima|b / wong|c,Hangzhou,Hangzhou Open,R16,R16,1.0,1.0,1.0,0.9047619047619048,99.52380952380952,53,Hangzhou,Hangzhou Open,2024-09-20,ATP250,Outdoor,Hard,2nd Round,3,Nakashima B.,Wong C.,39,141.0,1295,409.0,6.0,7.0,7.0,6.0,6.0,1.0,,,,,2.0,1.0,Completed,1.14,5.5,1.2,5.32,1.2,5.5,1.16,5.01,10986,2132
10988,2352,2265,2265,2024-09-18,2024-09-20,2,hijikata|r / marozsan|f,Hangzhou,Hangzhou Open,R16,R16,1.0,1.0,1.0,0.9047619047619048,99.52380952380952,53,Hangzhou,Hangzhou Open,2024-09-20,ATP250,Outdoor,Hard,2nd Round,3,Hijikata R.,Marozsan F.,81,49.0,681,1095.0,,,,,,,,,,,,,Walkover,3.0,1.4,3.05,1.43,3.05,1.44,2.91,1.4,10988,2133
10991,2355,2264,2264,2024-09-18,2024-09-20,2,kukushkin|m / shevchenko|a,Hangzhou,Hangzhou Open,R16,R16,1.0,1.0,1.0,0.9047619047619048,99.52380952380952,53,Hangzhou,Hangzhou Open,2024-09-20,ATP250,Outdoor,Hard,2nd Round,3,Kukushkin M.,Shevchenko A.,112,58.0,515,870.0,6.0,4.0,7.0,6.0,,,,,,,2.0,0.0,Completed,2.3,1.62,2.24,1.73,2.44,1.75,2.21,1.64,10991,2134
10958,2322,2243,2243,2024-09-18,2024-09-21,3,bublik|a / gomez|f,Chengdu,Chengdu Open,R16,R16,1.0,1.0,1.0,0.8571428571428572,99.28571428571429,52,Chengdu,Chengdu Open,2024-09-21,ATP250,Outdoor,Hard,2nd Round,3,Bublik A.,Gomez F.,27,174.0,1650,346.0,6.0,4.0,6.0,4.0,,,,,,,2.0,0.0,Completed,1.36,3.2,1.36,3.38,1.37,3.38,1.36,3.09,10958,2135
10961,2325,2241,2241,2024-09-18,2024-09-21,3,mannarino|a / zhou|y,Chengdu,Chengdu Open,R16,R16,1.0,1.0,1.0,0.8571428571428572,99.28571428571429,52,Chengdu,Chengdu Open,2024-09-21,ATP250,Outdoor,Hard,2nd Round,3,Mannarino A.,Zhou Y.,46,531.0,1144,72.0,7.0,6.0,2.0,6.0,6.0,4.0,,,,,2.0,1.0,Completed,1.11,6.5,1.16,5.93,1.16,6.54,1.14,5.62,10961,2136
10963,2327,2244,2244,2024-09-18,2024-09-21,3,safiullin|r / shang|j,Chengdu,Chengdu Open,R16,R16,1.0,1.0,1.0,0.8571428571428572,99.28571428571429,52,Chengdu,Chengdu Open,2024-09-21,ATP250,Outdoor,Hard,2nd Round,3,Shang J.,Safiullin R.,67,56.0,795,915.0,5.0,7.0,6.0,3.0,6.0,3.0,,,,,2.0,1.0,Completed,1.53,2.5,1.61,2.45,1.61,2.6,1.54,2.43,10963,2137
10984,2348,2270,2270,2024-09-18,2024-09-21,3,rune|h / uchiyama|y,Hangzhou,Hangzhou Open,R16,R16,1.0,1.0,1.0,0.8571428571428572,99.28571428571429,53,Hangzhou,Hangzhou Open,2024-09-21,ATP250,Outdoor,Hard,2nd Round,3,Uchiyama Y.,Rune H.,160,14.0,370,2780.0,7.0,5.0,6.0,4.0,,,,,,,2.0,0.0,Completed,5.0,1.17,5.09,1.24,5.31,1.24,4.6,1.19,10984,2138
10989,2353,2268,2268,2024-09-18,2024-09-21,3,cilic|m / nishioka|y,Hangzhou,Hangzhou Open,R16,R16,1.0,1.0,1.0,0.8571428571428572,99.28571428571429,53,Hangzhou,Hangzhou Open,2024-09-21,ATP250,Outdoor,Hard,2nd Round,3,Cilic M.,Nishioka Y.,777,54.0,28,974.0,6.0,4.0,6.0,1.0,,,,,,,2.0,0.0,Completed,2.63,1.5,2.47,1.61,2.63,1.61,2.43,1.55,10989,2139
10990,2354,2269,2269,2024-09-18,2024-09-21,3,baena|r / krueger|m <> carballes baena|r / krueger|m,Hangzhou,Hangzhou Open,R16,R16,1.0,1.0,1.0,0.8571428571428572,99.28571428571429,53,Hangzhou,Hangzhou Open,2024-09-21,ATP250,Outdoor,Hard,2nd Round,3,Carballes Baena R.,Krueger M.,55,140.0,921,409.0,3.0,6.0,6.0,3.0,6.0,4.0,,,,,2.0,1.0,Completed,1.62,2.3,1.83,2.09,1.83,2.32,1.64,2.24,10990,2140
10953,2317,2246,2246,2024-09-18,2024-09-22,4,mannarino|a / musetti|l,Chengdu,Chengdu Open,QF,QF,1.0,1.0,1.0,0.8095238095238095,99.04761904761905,52,Chengdu,Chengdu Open,2024-09-22,ATP250,Outdoor,Hard,Quarterfinals,3,Musetti L.,Mannarino A.,19,46.0,2345,1144.0,6.0,2.0,5.0,7.0,6.0,2.0,,,,,2.0,1.0,Completed,1.29,3.75,1.33,3.64,1.34,3.75,1.29,3.52,10953,2141
10954,2318,2248,2248,2024-09-18,2024-09-22,4,bublik|a / shang|j,Chengdu,Chengdu Open,QF,QF,1.0,1.0,1.0,0.8095238095238095,99.04761904761905,52,Chengdu,Chengdu Open,2024-09-22,ATP250,Outdoor,Hard,Quarterfinals,3,Shang J.,Bublik A.,67,27.0,795,1650.0,6.0,4.0,7.0,6.0,,,,,,,2.0,0.0,Completed,1.53,2.5,1.56,2.6,1.59,2.6,1.53,2.45,10954,2142
10955,2319,2245,2245,2024-09-18,2024-09-22,4,jarry|n / kachmazov|a,Chengdu,Chengdu Open,QF,QF,1.0,1.0,1.0,0.8095238095238095,99.04761904761905,52,Chengdu,Chengdu Open,2024-09-22,ATP250,Outdoor,Hard,Quarterfinals,3,Kachmazov A.,Jarry N.,252,28.0,226,1595.0,6.0,3.0,6.0,4.0,,,,,,,2.0,0.0,Completed,2.38,1.57,2.42,1.64,2.45,1.64,2.34,1.58,10955,2143
10956,2320,2247,2247,2024-09-18,2024-09-22,4,hanfmann|y / martinez|p,Chengdu,Chengdu Open,QF,QF,1.0,1.0,1.0,0.8095238095238095,99.04761904761905,52,Chengdu,Chengdu Open,2024-09-22,ATP250,Outdoor,Hard,Quarterfinals,3,Hanfmann Y.,Martinez P.,95,42.0,594,1167.0,7.0,6.0,6.0,2.0,,,,,,,2.0,0.0,Completed,1.73,2.1,1.83,2.1,1.86,2.12,1.76,2.04,10956,2144
10980,2344,2272,2272,2024-09-18,2024-09-22,4,hijikata|r / nakashima|b,Hangzhou,Hangzhou Open,QF,QF,1.0,1.0,1.0,0.8095238095238095,99.04761904761905,53,Hangzhou,Hangzhou Open,2024-09-22,ATP250,Outdoor,Hard,Quarterfinals,3,Nakashima B.,Hijikata R.,39,81.0,1295,681.0,7.0,5.0,6.0,3.0,,,,,,,2.0,0.0,Completed,1.17,5.0,1.22,4.88,1.22,5.05,1.19,4.58,10980,2145
10983,2347,2273,2273,2024-09-18,2024-09-22,4,cilic|m / uchiyama|y,Hangzhou,Hangzhou Open,QF,QF,1.0,1.0,1.0,0.8095238095238095,99.04761904761905,53,Hangzhou,Hangzhou Open,2024-09-22,ATP250,Outdoor,Hard,Quarterfinals,3,Cilic M.,Uchiyama Y.,777,160.0,28,370.0,6.0,2.0,6.0,7.0,7.0,6.0,,,,,2.0,1.0,Completed,1.5,2.63,1.62,2.46,1.62,2.63,1.54,2.45,10983,2146
10951,2315,2249,2249,2024-09-18,2024-09-23,5,kachmazov|a / musetti|l,Chengdu,Chengdu Open,SF,SF,1.0,1.0,1.0,0.7619047619047619,98.80952380952381,52,Chengdu,Chengdu Open,2024-09-23,ATP250,Outdoor,Hard,Semifinals,3,Musetti L.,Kachmazov A.,19,252.0,2345,226.0,6.0,4.0,6.0,2.0,,,,,,,2.0,0.0,Completed,1.25,4.0,1.26,4.28,1.29,4.4,1.24,3.92,10951,2147
10952,2316,2250,2250,2024-09-18,2024-09-23,5,hanfmann|y / shang|j,Chengdu,Chengdu Open,SF,SF,1.0,1.0,1.0,0.7619047619047619,98.80952380952381,52,Chengdu,Chengdu Open,2024-09-23,ATP250,Outdoor,Hard,Semifinals,3,Shang J.,Hanfmann Y.,67,95.0,795,594.0,6.0,4.0,6.0,4.0,,,,,,,2.0,0.0,Completed,1.33,3.4,1.36,3.46,1.37,3.46,1.33,3.27,10952,2148
10978,2342,2276,2276,2024-09-18,2024-09-23,5,cilic|m / nakashima|b,Hangzhou,Hangzhou Open,SF,SF,1.0,1.0,1.0,0.7619047619047619,98.80952380952381,53,Hangzhou,Hangzhou Open,2024-09-23,ATP250,Outdoor,Hard,Semifinals,3,Cilic M.,Nakashima B.,777,39.0,28,1295.0,6.0,4.0,7.0,6.0,,,,,,,2.0,0.0,Completed,3.2,1.36,3.23,1.4,3.23,1.42,3.02,1.37,10978,2149
10950,2314,2251,2251,2024-09-18,2024-09-24,6,musetti|l / shang|j,Chengdu,Chengdu Open,F,F,1.0,1.0,1.0,0.7142857142857143,98.57142857142857,52,Chengdu,Chengdu Open,2024-09-24,ATP250,Outdoor,Hard,The Final,3,Shang J.,Musetti L.,67,19.0,795,2345.0,7.0,6.0,6.0,1.0,,,,,,,2.0,0.0,Completed,1.91,1.91,1.95,1.95,2.0,1.95,1.93,1.86,10950,2150
11029,2393,2312,2312,2024-09-25,2024-09-25,0,giron|m / hurkacz|h,Tokyo,Japan Open Tennis Championships,R32,R32,0.0,1.0,1.0,1.0,45.0,55,Tokyo,Japan Open Tennis Championships,2024-09-25,ATP500,Outdoor,Hard,1st Round,3,Hurkacz H.,Giron M.,8,47.0,4060,1150.0,6.0,4.0,6.0,7.0,6.0,4.0,,,,,2.0,1.0,Completed,1.36,3.2,1.41,3.12,1.41,3.2,1.38,2.98,11029,2151
11036,2400,2311,2311,2024-09-25,2024-09-25,0,berrettini|m / van de zandschulp|b,Tokyo,Japan Open Tennis Championships,R32,R32,0.0,1.0,1.0,1.0,45.0,55,Tokyo,Japan Open Tennis Championships,2024-09-25,ATP500,Outdoor,Hard,1st Round,3,Berrettini M.,Van De Zandschulp B.,45,67.0,1165,794.0,6.0,3.0,6.0,4.0,,,,,,,2.0,0.0,Completed,1.25,4.0,1.3,3.82,1.3,4.0,1.27,3.69,11036,2152
11038,2402,2313,2313,2024-09-25,2024-09-25,0,humbert|u / mochizuki|s,Tokyo,Japan Open Tennis Championships,R32,R32,0.0,1.0,1.0,1.0,45.0,55,Tokyo,Japan Open Tennis Championships,2024-09-25,ATP500,Outdoor,Hard,1st Round,3,Humbert U.,Mochizuki S.,18,146.0,2370,408.0,6.0,1.0,6.0,2.0,,,,,,,2.0,0.0,Completed,1.2,4.5,1.2,5.04,1.21,5.11,1.19,4.55,11038,2153
11040,2404,2310,2310,2024-09-25,2024-09-25,0,darderi|l / navone|m,Tokyo,Japan Open Tennis Championships,R32,R32,0.0,1.0,1.0,1.0,45.0,55,Tokyo,Japan Open Tennis Championships,2024-09-25,ATP500,Outdoor,Hard,1st Round,3,Navone M.,Darderi L.,40,41.0,1278,1265.0,6.0,4.0,6.0,4.0,,,,,,,2.0,0.0,Completed,2.3,1.62,2.35,1.66,2.37,1.66,2.28,1.62,11040,2154
11028,2392,2323,2323,2024-09-25,2024-09-26,1,fils|a / fritz|t,Tokyo,Japan Open Tennis Championships,R32,R32,0.0,1.0,1.0,0.9523809523809523,44.76190476190476,55,Tokyo,Japan Open Tennis Championships,2024-09-26,ATP500,Outdoor,Hard,1st Round,3,Fils A.,Fritz T.,24,7.0,1775,4060.0,6.0,4.0,3.0,6.0,6.0,3.0,,,,,2.0,1.0,Completed,3.5,1.3,3.27,1.38,3.53,1.38,3.34,1.32,11028,2155
11030,2394,2325,2325,2024-09-25,2024-09-26,1,ruud|c / thompson|j,Tokyo,Japan Open Tennis Championships,R32,R32,0.0,1.0,1.0,0.9523809523809523,44.76190476190476,55,Tokyo,Japan Open Tennis Championships,2024-09-26,ATP500,Outdoor,Hard,1st Round,3,Thompson J.,Ruud C.,29,9.0,1566,4010.0,7.0,6.0,6.0,1.0,,,,,,,2.0,0.0,Completed,2.2,1.67,2.28,1.69,2.3,1.69,2.21,1.65,11030,2156
11031,2395,2318,2318,2024-09-25,2024-09-26,1,michelsen|a / tsitsipas|s,Tokyo,Japan Open Tennis Championships,R32,R32,0.0,1.0,1.0,0.9523809523809523,44.76190476190476,55,Tokyo,Japan Open Tennis Championships,2024-09-26,ATP500,Outdoor,Hard,1st Round,3,Michelsen A.,Tsitsipas S.,49,12.0,1115,3390.0,4.0,6.0,6.0,1.0,6.0,2.0,,,,,2.0,1.0,Completed,2.5,1.53,2.46,1.61,2.51,1.62,2.4,1.55,11031,2157
11032,2396,2316,2316,2024-09-25,2024-09-26,1,arnaldi|m / paul|t,Tokyo,Japan Open Tennis Championships,R32,R32,0.0,1.0,1.0,0.9523809523809523,44.76190476190476,55,Tokyo,Japan Open Tennis Championships,2024-09-26,ATP500,Outdoor,Hard,1st Round,3,Paul T.,Arnaldi M.,13,33.0,3005,1390.0,6.0,3.0,6.0,2.0,,,,,,,2.0,0.0,Completed,1.33,3.4,1.38,3.29,1.38,3.4,1.34,3.2,11032,2158
11033,2397,2322,2322,2024-09-25,2024-09-26,1,rune|h / tabilo|a,Tokyo,Japan Open Tennis Championships,R32,R32,0.0,1.0,1.0,0.9523809523809523,44.76190476190476,55,Tokyo,Japan Open Tennis Championships,2024-09-26,ATP500,Outdoor,Hard,1st Round,3,Rune H.,Tabilo A.,14,22.0,2780,1963.0,6.0,2.0,5.0,7.0,6.0,4.0,,,,,2.0,1.0,Completed,1.5,2.63,1.57,2.55,1.57,2.63,1.51,2.51,11033,2159
11034,2398,2320,2320,2024-09-25,2024-09-26,1,nakashima|b / tiafoe|f,Tokyo,Japan Open Tennis Championships,R32,R32,0.0,1.0,1.0,0.9523809523809523,44.76190476190476,55,Tokyo,Japan Open Tennis Championships,2024-09-26,ATP500,Outdoor,Hard,1st Round,3,Nakashima B.,Tiafoe F.,36,15.0,1360,2560.0,7.0,5.0,6.0,3.0,,,,,,,2.0,0.0,Completed,2.1,1.73,2.18,1.75,2.25,1.75,2.12,1.7,11034,2160
11035,2399,2319,2319,2024-09-25,2024-09-26,1,opelka|r / shelton|b,Tokyo,Japan Open Tennis Championships,R32,R32,0.0,1.0,1.0,0.9523809523809523,44.76190476190476,55,Tokyo,Japan Open Tennis Championships,2024-09-26,ATP500,Outdoor,Hard,1st Round,3,Shelton B.,Opelka R.,17,306.0,2490,167.0,3.0,6.0,6.0,1.0,6.0,4.0,,,,,2.0,1.0,Completed,1.36,3.2,1.38,3.3,1.4,3.3,1.35,3.14,11035,2161
11037,2401,2315,2315,2024-09-25,2024-09-26,1,bellucci|m / draper|j,Tokyo,Japan Open Tennis Championships,R32,R32,0.0,1.0,1.0,0.9523809523809523,44.76190476190476,55,Tokyo,Japan Open Tennis Championships,2024-09-26,ATP500,Outdoor,Hard,1st Round,3,Draper J.,Bellucci M.,20,103.0,2315,554.0,6.0,4.0,6.0,2.0,,,,,,,2.0,0.0,Completed,1.33,3.4,1.34,3.53,1.36,3.53,1.32,3.34,11037,2162
11039,2403,2317,2317,2024-09-25,2024-09-26,1,machac|t / popyrin|a,Tokyo,Japan Open Tennis Championships,R32,R32,0.0,1.0,1.0,0.9523809523809523,44.76190476190476,55,Tokyo,Japan Open Tennis Championships,2024-09-26,ATP500,Outdoor,Hard,1st Round,3,Machac T.,Popyrin A.,34,23.0,1374,1825.0,6.0,3.0,6.0,7.0,7.0,5.0,,,,,2.0,1.0,Completed,2.38,1.57,2.54,1.57,2.6,1.59,2.46,1.53,11039,2163
11041,2405,2324,2324,2024-09-25,2024-09-26,1,cilic|m / nishikori|k,Tokyo,Japan Open Tennis Championships,R32,R32,0.0,1.0,1.0,0.9523809523809523,44.76190476190476,55,Tokyo,Japan Open Tennis Championships,2024-09-26,ATP500,Outdoor,Hard,1st Round,3,Nishikori K.,Cilic M.,200,373.0,288,128.0,6.0,4.0,3.0,6.0,6.0,3.0,,,,,2.0,1.0,Completed,1.62,2.3,1.66,2.34,1.75,2.35,1.63,2.24,11041,2164
11042,2406,2314,2314,2024-09-25,2024-09-26,1,aliassime|f / nishioka|y <> auger aliassime|f / nishioka|y,Tokyo,Japan Open Tennis Championships,R32,R32,0.0,1.0,1.0,0.9523809523809523,44.76190476190476,55,Tokyo,Japan Open Tennis Championships,2024-09-26,ATP500,Outdoor,Hard,1st Round,3,Nishioka Y.,Auger-Aliassime F.,59,21.0,849,2170.0,7.0,6.0,3.0,6.0,7.0,6.0,,,,,2.0,1.0,Completed,3.2,1.36,3.15,1.4,3.4,1.4,3.07,1.37,11042,2165
11059,2423,2281,2281,2024-09-26,2024-09-26,0,jarry|n / sinner|j,Beijing,China Open,R32,R32,0.26666666666666666,1.0,1.0,1.0,59.666666666666664,54,Beijing,China Open,2024-09-26,ATP500,Outdoor,Hard,1st Round,3,Sinner J.,Jarry N.,1,28.0,11180,1635.0,4.0,6.0,6.0,3.0,6.0,1.0,,,,,2.0,1.0,Completed,1.05,11.0,1.05,14.54,1.06,14.54,1.04,10.54,11059,2166
11065,2429,2284,2284,2024-09-26,2024-09-26,0,bublik|a / cobolli|f,Beijing,China Open,R32,R32,0.26666666666666666,1.0,1.0,1.0,59.666666666666664,54,Beijing,China Open,2024-09-26,ATP500,Outdoor,Hard,1st Round,3,Cobolli F.,Bublik A.,32,26.0,1482,1690.0,4.0,6.0,6.0,1.0,7.0,6.0,,,,,2.0,1.0,Completed,1.91,1.91,1.86,2.04,1.91,2.04,1.85,1.93,11065,2167
11070,2434,2282,2282,2024-09-26,2024-09-26,0,griekspoor|t / kecmanovic|m,Beijing,China Open,R32,R32,0.26666666666666666,1.0,1.0,1.0,59.666666666666664,54,Beijing,China Open,2024-09-26,ATP500,Outdoor,Hard,1st Round,3,Griekspoor T.,Kecmanovic M.,39,54.0,1300,945.0,6.0,7.0,6.0,4.0,6.0,3.0,,,,,2.0,1.0,Completed,1.8,2.0,1.89,2.0,1.89,2.1,1.8,1.99,11070,2168
11071,2435,2280,2280,2024-09-26,2024-09-26,0,kotov|p / zhou|y,Beijing,China Open,R32,R32,0.26666666666666666,1.0,1.0,1.0,59.666666666666664,54,Beijing,China Open,2024-09-26,ATP500,Outdoor,Hard,1st Round,3,Kotov P.,Zhou Y.,63,446.0,832,97.0,1.0,6.0,6.0,3.0,7.0,5.0,,,,,2.0,1.0,Completed,1.17,5.0,1.18,5.62,1.18,6.0,1.16,5.18,11071,2169
11072,2436,2283,2283,2024-09-26,2024-09-26,0,lehecka|j / martinez|p,Beijing,China Open,R32,R32,0.26666666666666666,1.0,1.0,1.0,59.666666666666664,54,Beijing,China Open,2024-09-26,ATP500,Outdoor,Hard,1st Round,3,Lehecka J.,Martinez P.,37,42.0,1345,1207.0,7.0,6.0,6.0,2.0,,,,,,,2.0,0.0,Completed,1.3,3.5,1.34,3.54,1.34,3.6,1.31,3.4,11072,2170
11073,2437,2279,2279,2024-09-26,2024-09-26,0,mannarino|a / sonego|l,Beijing,China Open,R32,R32,0.26666666666666666,1.0,1.0,1.0,59.666666666666664,54,Beijing,China Open,2024-09-26,ATP500,Outdoor,Hard,1st Round,3,Mannarino A.,Sonego L.,44,50.0,1184,1081.0,1.0,6.0,6.0,2.0,6.0,3.0,,,,,2.0,1.0,Completed,2.5,1.53,2.46,1.61,2.55,1.61,2.44,1.54,11073,2171
11020,2384,2326,2326,2024-09-25,2024-09-27,2,draper|j / hurkacz|h,Tokyo,Japan Open Tennis Championships,R16,R16,0.0,1.0,1.0,0.9047619047619048,44.523809523809526,55,Tokyo,Japan Open Tennis Championships,2024-09-27,ATP500,Outdoor,Hard,2nd Round,3,Draper J.,Hurkacz H.,20,8.0,2315,4060.0,6.0,4.0,6.0,4.0,,,,,,,2.0,0.0,Completed,1.62,2.3,1.65,2.39,1.68,2.39,1.64,2.23,11020,2172
11023,2387,2327,2327,2024-09-25,2024-09-27,2,navone|m / shelton|b,Tokyo,Japan Open Tennis Championships,R16,R16,0.0,1.0,1.0,0.9047619047619048,44.523809523809526,55,Tokyo,Japan Open Tennis Championships,2024-09-27,ATP500,Outdoor,Hard,2nd Round,3,Shelton B.,Navone M.,17,40.0,2490,1278.0,6.0,4.0,6.0,3.0,,,,,,,2.0,0.0,Completed,1.17,5.0,1.21,5.01,1.22,5.11,1.18,4.73,11023,2173
11024,2388,2328,2328,2024-09-25,2024-09-27,2,berrettini|m / fils|a,Tokyo,Japan Open Tennis Championships,R16,R16,0.0,1.0,1.0,0.9047619047619048,44.523809523809526,55,Tokyo,Japan Open Tennis Championships,2024-09-27,ATP500,Outdoor,Hard,2nd Round,3,Fils A.,Berrettini M.,24,45.0,1775,1165.0,6.0,7.0,,,,,,,,,0.0,1.0,Retired,2.38,1.57,2.32,1.68,2.4,1.68,2.3,1.6,11024,2174
11025,2389,2329,2329,2024-09-25,2024-09-27,2,humbert|u / nakashima|b,Tokyo,Japan Open Tennis Championships,R16,R16,0.0,1.0,1.0,0.9047619047619048,44.523809523809526,55,Tokyo,Japan Open Tennis Championships,2024-09-27,ATP500,Outdoor,Hard,2nd Round,3,Humbert U.,Nakashima B.,18,36.0,2370,1360.0,6.0,3.0,6.0,2.0,,,,,,,2.0,0.0,Completed,1.8,2.0,1.95,1.95,1.95,2.0,1.83,1.96,11025,2175
11061,2425,2289,2289,2024-09-26,2024-09-27,1,medvedev|d / monfils|g,Beijing,China Open,R32,R32,0.26666666666666666,1.0,1.0,0.9523809523809523,59.42857142857142,54,Beijing,China Open,2024-09-27,ATP500,Outdoor,Hard,1st Round,3,Medvedev D.,Monfils G.,5,46.0,5475,1160.0,6.0,3.0,6.0,4.0,,,,,,,2.0,0.0,Completed,1.2,4.5,1.24,4.56,1.24,4.75,1.2,4.41,11061,2176
11062,2426,2294,2294,2024-09-26,2024-09-27,1,busta|p / rublev|a <> carreno busta|p / rublev|a,Beijing,China Open,R32,R32,0.26666666666666666,1.0,1.0,0.9523809523809523,59.42857142857142,54,Beijing,China Open,2024-09-27,ATP500,Outdoor,Hard,1st Round,3,Rublev A.,Carreno Busta P.,6,201.0,4645,287.0,6.0,0.0,4.0,6.0,6.0,4.0,,,,,2.0,1.0,Completed,1.22,4.33,1.22,4.76,1.23,4.76,1.21,4.29,11062,2177
11063,2427,2288,2288,2024-09-26,2024-09-27,1,bergs|z / musetti|l,Beijing,China Open,R32,R32,0.26666666666666666,1.0,1.0,0.9523809523809523,59.42857142857142,54,Beijing,China Open,2024-09-27,ATP500,Outdoor,Hard,1st Round,3,Musetti L.,Bergs Z.,19,74.0,2355,738.0,7.0,5.0,4.0,6.0,6.0,3.0,,,,,2.0,1.0,Completed,1.62,2.3,1.65,2.36,1.67,2.49,1.6,2.3,11063,2178
11064,2428,2291,2291,2024-09-26,2024-09-27,1,baena|r / khachanov|k <> carballes baena|r / khachanov|k,Beijing,China Open,R32,R32,0.26666666666666666,1.0,1.0,0.9523809523809523,59.42857142857142,54,Beijing,China Open,2024-09-27,ATP500,Outdoor,Hard,1st Round,3,Khachanov K.,Carballes Baena R.,27,53.0,1680,955.0,6.0,4.0,6.0,4.0,,,,,,,2.0,0.0,Completed,1.33,3.4,1.4,3.18,1.4,3.5,1.34,3.22,11064,2179
11066,2430,2290,2290,2024-09-26,2024-09-27,1,agut|r / rinderknech|a <> bautista agut|r / rinderknech|a,Beijing,China Open,R32,R32,0.26666666666666666,1.0,1.0,0.9523809523809523,59.42857142857142,54,Beijing,China Open,2024-09-27,ATP500,Outdoor,Hard,1st Round,3,Bautista Agut R.,Rinderknech A.,61,60.0,841,843.0,6.0,3.0,6.0,4.0,,,,,,,2.0,0.0,Completed,1.67,2.2,1.78,2.14,1.78,2.2,1.71,2.1,11066,2180
11068,2432,2285,2285,2024-09-26,2024-09-27,1,cerundolo|f / mensik|j,Beijing,China Open,R32,R32,0.26666666666666666,1.0,1.0,0.9523809523809523,59.42857142857142,54,Beijing,China Open,2024-09-27,ATP500,Outdoor,Hard,1st Round,3,Cerundolo F.,Mensik J.,31,66.0,1500,797.0,7.0,6.0,6.0,1.0,,,,,,,2.0,0.0,Completed,2.0,1.8,2.06,1.84,2.1,1.84,2.01,1.79,11068,2181
11074,2438,2286,2286,2024-09-26,2024-09-27,1,safiullin|r / wawrinka|s,Beijing,China Open,R32,R32,0.26666666666666666,1.0,1.0,0.9523809523809523,59.42857142857142,54,Beijing,China Open,2024-09-27,ATP500,Outdoor,Hard,1st Round,3,Safiullin R.,Wawrinka S.,69,233.0,790,243.0,6.0,3.0,6.0,4.0,,,,,,,2.0,0.0,Completed,1.4,3.0,1.41,3.11,1.41,3.15,1.38,2.99,11074,2182
11021,2385,2330,2330,2024-09-25,2024-09-28,3,machac|t / paul|t,Tokyo,Japan Open Tennis Championships,R16,R16,0.0,1.0,1.0,0.8571428571428572,44.285714285714285,55,Tokyo,Japan Open Tennis Championships,2024-09-28,ATP500,Outdoor,Hard,2nd Round,3,Machac T.,Paul T.,34,13.0,1374,3005.0,2.0,6.0,6.0,3.0,7.0,6.0,,,,,2.0,1.0,Completed,3.4,1.33,3.32,1.38,3.5,1.38,3.19,1.34,11021,2183
11022,2386,2333,2333,2024-09-25,2024-09-28,3,nishioka|y / rune|h,Tokyo,Japan Open Tennis Championships,R16,R16,0.0,1.0,1.0,0.8571428571428572,44.285714285714285,55,Tokyo,Japan Open Tennis Championships,2024-09-28,ATP500,Outdoor,Hard,2nd Round,3,Rune H.,Nishioka Y.,14,59.0,2780,849.0,6.0,2.0,6.0,4.0,,,,,,,2.0,0.0,Completed,1.57,2.38,1.54,2.66,1.65,2.66,1.58,2.37,11022,2184
11027,2391,2332,2332,2024-09-25,2024-09-28,3,nishikori|k / thompson|j,Tokyo,Japan Open Tennis Championships,R16,R16,0.0,1.0,1.0,0.8571428571428572,44.285714285714285,55,Tokyo,Japan Open Tennis Championships,2024-09-28,ATP500,Outdoor,Hard,2nd Round,3,Nishikori K.,Thompson J.,200,29.0,288,1566.0,6.0,2.0,6.0,3.0,,,,,,,2.0,0.0,Completed,2.5,1.53,2.54,1.58,2.54,1.58,2.46,1.55,11027,2185
11051,2415,2297,2297,2024-09-26,2024-09-28,2,safiullin|r / sinner|j,Beijing,China Open,R16,R16,0.26666666666666666,1.0,1.0,0.9047619047619048,59.19047619047619,54,Beijing,China Open,2024-09-28,ATP500,Outdoor,Hard,2nd Round,3,Sinner J.,Safiullin R.,1,69.0,11180,790.0,3.0,6.0,6.0,2.0,6.0,3.0,,,,,2.0,1.0,Completed,1.07,9.0,1.07,11.5,1.09,11.5,1.06,8.99,11051,2186
11053,2417,2298,2298,2024-09-26,2024-09-28,2,mannarino|a / medvedev|d,Beijing,China Open,R16,R16,0.26666666666666666,1.0,1.0,0.9047619047619048,59.19047619047619,54,Beijing,China Open,2024-09-28,ATP500,Outdoor,Hard,2nd Round,3,Medvedev D.,Mannarino A.,5,44.0,5475,1184.0,7.0,6.0,6.0,2.0,,,,,,,2.0,0.0,Completed,1.1,7.0,1.11,8.54,1.11,8.54,1.09,7.12,11053,2187
11057,2421,2295,2295,2024-09-26,2024-09-28,2,cobolli|f / kotov|p,Beijing,China Open,R16,R16,0.26666666666666666,1.0,1.0,0.9047619047619048,59.19047619047619,54,Beijing,China Open,2024-09-28,ATP500,Outdoor,Hard,2nd Round,3,Cobolli F.,Kotov P.,32,63.0,1482,832.0,6.0,4.0,6.0,2.0,,,,,,,2.0,0.0,Completed,1.53,2.5,1.56,2.62,1.56,2.65,1.52,2.51,11057,2188
11058,2422,2296,2296,2024-09-26,2024-09-28,2,agut|r / lehecka|j <> bautista agut|r / lehecka|j,Beijing,China Open,R16,R16,0.26666666666666666,1.0,1.0,0.9047619047619048,59.19047619047619,54,Beijing,China Open,2024-09-28,ATP500,Outdoor,Hard,2nd Round,3,Lehecka J.,Bautista Agut R.,37,61.0,1345,841.0,3.0,6.0,6.0,2.0,6.0,1.0,,,,,2.0,1.0,Completed,1.62,2.3,1.67,2.35,1.67,2.44,1.6,2.31,11058,2189
11016,2380,2336,2336,2024-09-25,2024-09-29,4,nishikori|k / rune|h,Tokyo,Japan Open Tennis Championships,QF,QF,0.0,1.0,1.0,0.8095238095238095,44.04761904761905,55,Tokyo,Japan Open Tennis Championships,2024-09-29,ATP500,Outdoor,Hard,Quarterfinals,3,Rune H.,Nishikori K.,14,200.0,2780,288.0,3.0,6.0,6.0,2.0,7.0,5.0,,,,,2.0,1.0,Completed,1.57,2.38,1.65,2.4,1.7,2.4,1.6,2.31,11016,2190
11017,2381,2337,2337,2024-09-25,2024-09-29,4,fils|a / shelton|b,Tokyo,Japan Open Tennis Championships,QF,QF,0.0,1.0,1.0,0.8095238095238095,44.04761904761905,55,Tokyo,Japan Open Tennis Championships,2024-09-29,ATP500,Outdoor,Hard,Quarterfinals,3,Fils A.,Shelton B.,24,17.0,1775,2490.0,7.0,5.0,6.0,7.0,7.0,6.0,,,,,2.0,1.0,Completed,2.2,1.67,2.24,1.73,2.25,1.72,2.18,1.66,11017,2191
11018,2382,2335,2335,2024-09-25,2024-09-29,4,draper|j / humbert|u,Tokyo,Japan Open Tennis Championships,QF,QF,0.0,1.0,1.0,0.8095238095238095,44.04761904761905,55,Tokyo,Japan Open Tennis Championships,2024-09-29,ATP500,Outdoor,Hard,Quarterfinals,3,Humbert U.,Draper J.,18,20.0,2370,2315.0,7.0,5.0,2.0,1.0,,,,,,,1.0,0.0,Retired,2.38,1.57,2.35,1.67,2.4,1.68,2.3,1.6,11018,2192
11019,2383,2334,2334,2024-09-25,2024-09-29,4,machac|t / michelsen|a,Tokyo,Japan Open Tennis Championships,QF,QF,0.0,1.0,1.0,0.8095238095238095,44.04761904761905,55,Tokyo,Japan Open Tennis Championships,2024-09-29,ATP500,Outdoor,Hard,Quarterfinals,3,Machac T.,Michelsen A.,34,49.0,1374,1115.0,7.0,6.0,6.0,3.0,,,,,,,2.0,0.0,Completed,1.91,1.91,1.99,1.92,2.02,1.92,1.91,1.87,11019,2193
11052,2416,2301,2301,2024-09-26,2024-09-29,3,alcaraz|c / griekspoor|t,Beijing,China Open,R16,R16,0.26666666666666666,1.0,1.0,0.8571428571428572,58.95238095238095,54,Beijing,China Open,2024-09-29,ATP500,Outdoor,Hard,2nd Round,3,Alcaraz C.,Griekspoor T.,3,39.0,6690,1300.0,6.0,1.0,6.0,2.0,,,,,,,2.0,0.0,Completed,1.06,10.0,1.08,10.79,1.08,10.79,1.07,8.6,11052,2194
11056,2420,2300,2300,2024-09-26,2024-09-29,3,cerundolo|f / khachanov|k,Beijing,China Open,R16,R16,0.26666666666666666,1.0,1.0,0.8571428571428572,58.95238095238095,54,Beijing,China Open,2024-09-29,ATP500,Outdoor,Hard,2nd Round,3,Khachanov K.,Cerundolo F.,27,31.0,1680,1500.0,7.0,6.0,7.0,6.0,,,,,,,2.0,0.0,Completed,1.67,2.2,1.73,2.24,1.73,2.24,1.68,2.16,11056,2195
11014,2378,2339,2339,2024-09-25,2024-09-30,5,fils|a / rune|h,Tokyo,Japan Open Tennis Championships,SF,SF,0.0,1.0,1.0,0.7619047619047619,43.80952380952381,55,Tokyo,Japan Open Tennis Championships,2024-09-30,ATP500,Outdoor,Hard,Semifinals,3,Fils A.,Rune H.,24,14.0,1775,2780.0,7.0,6.0,7.0,6.0,,,,,,,2.0,0.0,Completed,2.2,1.67,2.2,1.76,2.23,1.76,2.16,1.69,11014,2196
11015,2379,2338,2338,2024-09-25,2024-09-30,5,humbert|u / machac|t,Tokyo,Japan Open Tennis Championships,SF,SF,0.0,1.0,1.0,0.7619047619047619,43.80952380952381,55,Tokyo,Japan Open Tennis Championships,2024-09-30,ATP500,Outdoor,Hard,Semifinals,3,Humbert U.,Machac T.,18,34.0,2370,1374.0,6.0,3.0,3.0,6.0,6.0,2.0,,,,,2.0,1.0,Completed,1.57,2.38,1.63,2.45,1.63,2.48,1.57,2.37,11015,2197
11047,2411,2305,2305,2024-09-26,2024-09-30,4,lehecka|j / sinner|j,Beijing,China Open,QF,QF,0.26666666666666666,1.0,1.0,0.8095238095238095,58.71428571428571,54,Beijing,China Open,2024-09-30,ATP500,Outdoor,Hard,Quarterfinals,3,Sinner J.,Lehecka J.,1,37.0,11180,1345.0,6.0,2.0,7.0,6.0,,,,,,,2.0,0.0,Completed,1.11,6.5,1.15,6.38,1.16,6.5,1.13,5.8,11047,2198
11048,2412,2303,2303,2024-09-26,2024-09-30,4,alcaraz|c / khachanov|k,Beijing,China Open,QF,QF,0.26666666666666666,1.0,1.0,0.8095238095238095,58.71428571428571,54,Beijing,China Open,2024-09-30,ATP500,Outdoor,Hard,Quarterfinals,3,Alcaraz C.,Khachanov K.,3,27.0,6690,1680.0,7.0,5.0,6.0,2.0,,,,,,,2.0,0.0,Completed,1.07,9.0,1.09,9.43,1.09,9.43,1.08,8.04,11048,2199
11049,2413,2304,2304,2024-09-26,2024-09-30,4,cobolli|f / medvedev|d,Beijing,China Open,QF,QF,0.26666666666666666,1.0,1.0,0.8095238095238095,58.71428571428571,54,Beijing,China Open,2024-09-30,ATP500,Outdoor,Hard,Quarterfinals,3,Medvedev D.,Cobolli F.,5,32.0,5475,1482.0,6.0,2.0,6.0,4.0,,,,,,,2.0,0.0,Completed,1.17,5.0,1.22,4.92,1.22,5.0,1.19,4.53,11049,2200
11054,2418,2302,2302,2024-09-26,2024-09-30,4,davidovich fokina|a / rublev|a <> fokina|a / rublev|a,Beijing,China Open,R16,R16,0.26666666666666666,1.0,1.0,0.8095238095238095,58.71428571428571,54,Beijing,China Open,2024-09-30,ATP500,Outdoor,Hard,2nd Round,3,Rublev A.,Davidovich Fokina A.,6,64.0,4645,820.0,6.0,4.0,7.0,5.0,,,,,,,2.0,0.0,Completed,1.29,3.75,1.31,3.81,1.33,3.81,1.29,3.5,11054,2201
11013,2377,2340,2340,2024-09-25,2024-10-01,6,fils|a / humbert|u,Tokyo,Japan Open Tennis Championships,F,F,0.0,1.0,1.0,0.7142857142857143,43.57142857142857,55,Tokyo,Japan Open Tennis Championships,2024-10-01,ATP500,Outdoor,Hard,The Final,3,Fils A.,Humbert U.,24,18.0,1775,2370.0,5.0,7.0,7.0,6.0,6.0,3.0,,,,,2.0,1.0,Completed,2.38,1.57,2.33,1.68,2.5,1.68,2.33,1.59,11013,2202
11046,2410,2307,2307,2024-09-26,2024-10-01,5,alcaraz|c / medvedev|d,Beijing,China Open,SF,SF,0.26666666666666666,1.0,1.0,0.7619047619047619,58.476190476190474,54,Beijing,China Open,2024-10-01,ATP500,Outdoor,Hard,Semifinals,3,Alcaraz C.,Medvedev D.,3,5.0,6690,5475.0,7.0,5.0,6.0,3.0,,,,,,,2.0,0.0,Completed,1.25,4.0,1.3,3.94,1.3,4.0,1.27,3.72,11046,2203
11044,2408,2309,2309,2024-09-26,2024-10-02,6,alcaraz|c / sinner|j,Beijing,China Open,F,F,0.26666666666666666,1.0,1.0,0.7142857142857143,58.238095238095234,54,Beijing,China Open,2024-10-02,ATP500,Outdoor,Hard,The Final,3,Alcaraz C.,Sinner J.,3,1.0,6690,11180.0,6.0,7.0,6.0,4.0,7.0,6.0,,,,,2.0,1.0,Completed,1.73,2.1,1.85,2.07,1.85,2.23,1.74,2.08,11044,2204
11138,2502,2354,2354,2024-10-02,2024-10-02,0,daniel|t / gerasimov|e,Shanghai Masters,Shanghai Masters,R128,R128,1.0,1.0,1.0,1.0,100.0,56,Shanghai,Shanghai Masters,2024-10-02,Masters 1000,Outdoor,Hard,1st Round,3,Daniel T.,Gerasimov E.,93,304.0,619,170.0,6.0,7.0,6.0,3.0,6.0,4.0,,,,,2.0,1.0,Completed,1.29,3.75,1.35,3.47,1.35,3.75,1.3,3.43,11138,2205
11139,2503,2344,2344,2024-10-02,2024-10-02,0,busta|p / van de zandschulp|b <> carreno busta|p / van de zandschulp|b,Shanghai Masters,Shanghai Masters,R128,R128,1.0,1.0,1.0,1.0,100.0,56,Shanghai,Shanghai Masters,2024-10-02,Masters 1000,Outdoor,Hard,1st Round,3,Van De Zandschulp B.,Carreno Busta P.,67,203.0,799,287.0,7.0,6.0,6.0,2.0,,,,,,,2.0,0.0,Completed,2.38,1.57,2.24,1.71,2.4,1.73,2.22,1.64,11139,2206
11140,2504,2346,2346,2024-10-02,2024-10-02,0,agut|r / baena|r <> agut|r / carballes baena|r <> baena|r / bautista agut|r <> bautista agut|r / carballes baena|r,Shanghai Masters,Shanghai Masters,R128,R128,1.0,1.0,1.0,1.0,100.0,56,Shanghai,Shanghai Masters,2024-10-02,Masters 1000,Outdoor,Hard,1st Round,3,Carballes Baena R.,Bautista Agut R.,54,57.0,955,896.0,3.0,6.0,6.0,3.0,6.0,2.0,,,,,2.0,1.0,Completed,2.75,1.44,2.66,1.53,2.75,1.53,2.6,1.48,11140,2207
11141,2505,2349,2349,2024-10-02,2024-10-02,0,shapovalov|d / sonego|l,Shanghai Masters,Shanghai Masters,R128,R128,1.0,1.0,1.0,1.0,100.0,56,Shanghai,Shanghai Masters,2024-10-02,Masters 1000,Outdoor,Hard,1st Round,3,Shapovalov D.,Sonego L.,102,49.0,568,1081.0,7.0,6.0,7.0,6.0,,,,,,,2.0,0.0,Completed,1.5,2.63,1.66,2.34,1.66,2.63,1.59,2.34,11141,2208
11142,2506,2356,2356,2024-10-02,2024-10-02,0,navone|m / nishikori|k,Shanghai Masters,Shanghai Masters,R128,R128,1.0,1.0,1.0,1.0,100.0,56,Shanghai,Shanghai Masters,2024-10-02,Masters 1000,Outdoor,Hard,1st Round,3,Nishikori K.,Navone M.,153,38.0,388,1328.0,3.0,6.0,6.0,4.0,6.0,3.0,,,,,2.0,1.0,Completed,1.29,3.75,1.33,3.63,1.33,3.75,1.3,3.51,11142,2209
11143,2507,2341,2341,2024-10-02,2024-10-02,0,muller|a / nardi|l,Shanghai Masters,Shanghai Masters,R128,R128,1.0,1.0,1.0,1.0,100.0,56,Shanghai,Shanghai Masters,2024-10-02,Masters 1000,Outdoor,Hard,1st Round,3,Muller A.,Nardi L.,74,89.0,748,649.0,4.0,6.0,6.0,1.0,6.0,1.0,,,,,2.0,1.0,Completed,1.53,2.5,1.62,2.43,1.62,2.51,1.56,2.38,11143,2210
11144,2508,2351,2351,2024-10-02,2024-10-02,0,mannarino|a / svajda|z,Shanghai Masters,Shanghai Masters,R128,R128,1.0,1.0,1.0,1.0,100.0,56,Shanghai,Shanghai Masters,2024-10-02,Masters 1000,Outdoor,Hard,1st Round,3,Svajda Z.,Mannarino A.,131,53.0,452,984.0,6.0,3.0,1.0,6.0,6.0,0.0,,,,,2.0,1.0,Completed,2.1,1.73,2.15,1.78,2.15,1.79,2.09,1.72,11144,2211
11145,2509,2355,2355,2024-10-02,2024-10-02,0,evans|d / seyboth wild|t <> evans|d / wild|t,Shanghai Masters,Shanghai Masters,R128,R128,1.0,1.0,1.0,1.0,100.0,56,Shanghai,Shanghai Masters,2024-10-02,Masters 1000,Outdoor,Hard,1st Round,3,Seyboth Wild T.,Evans D.,88,170.0,656,341.0,6.0,2.0,4.0,6.0,7.0,6.0,,,,,2.0,1.0,Completed,2.5,1.53,2.43,1.62,2.5,1.64,2.37,1.57,11145,2212
11146,2510,2352,2352,2024-10-02,2024-10-02,0,shang|j / wong|c,Shanghai Masters,Shanghai Masters,R128,R128,1.0,1.0,1.0,1.0,100.0,56,Shanghai,Shanghai Masters,2024-10-02,Masters 1000,Outdoor,Hard,1st Round,3,Shang J.,Wong C.,51,128.0,1045,460.0,6.0,4.0,6.0,4.0,,,,,,,2.0,0.0,Completed,1.22,4.33,1.23,4.61,1.26,4.61,1.22,4.15,11146,2213
11147,2511,2343,2343,2024-10-02,2024-10-02,0,nagal|s / wu|y,Shanghai Masters,Shanghai Masters,R128,R128,1.0,1.0,1.0,1.0,100.0,56,Shanghai,Shanghai Masters,2024-10-02,Masters 1000,Outdoor,Hard,1st Round,3,Wu Y.,Nagal S.,560,83.0,63,681.0,6.0,3.0,6.0,3.0,,,,,,,2.0,0.0,Completed,1.57,2.38,1.63,2.42,1.67,2.42,1.6,2.3,11147,2214
11148,2512,2345,2345,2024-10-02,2024-10-02,0,dzumhur|d / monfils|g,Shanghai Masters,Shanghai Masters,R128,R128,1.0,1.0,1.0,1.0,100.0,56,Shanghai,Shanghai Masters,2024-10-02,Masters 1000,Outdoor,Hard,1st Round,3,Monfils G.,Dzumhur D.,46,96.0,1160,599.0,6.0,4.0,6.0,3.0,,,,,,,2.0,0.0,Completed,1.25,4.0,1.26,4.23,1.29,4.25,1.25,3.88,11148,2215
11149,2513,2347,2347,2024-10-02,2024-10-02,0,cazaux|a / cilic|m,Shanghai Masters,Shanghai Masters,R128,R128,1.0,1.0,1.0,1.0,100.0,56,Shanghai,Shanghai Masters,2024-10-02,Masters 1000,Outdoor,Hard,1st Round,3,Cazaux A.,Cilic M.,92,211.0,622,278.0,6.0,4.0,6.0,4.0,,,,,,,2.0,0.0,Completed,2.5,1.53,2.3,1.68,2.5,1.73,2.31,1.6,11149,2216
11150,2514,2348,2348,2024-10-02,2024-10-02,0,darderi|l / fognini|f,Shanghai Masters,Shanghai Masters,R128,R128,1.0,1.0,1.0,1.0,100.0,56,Shanghai,Shanghai Masters,2024-10-02,Masters 1000,Outdoor,Hard,1st Round,3,Fognini F.,Darderi L.,81,42.0,691,1265.0,6.0,4.0,6.0,7.0,6.0,4.0,,,,,2.0,1.0,Completed,2.1,1.73,2.11,1.8,2.11,1.92,2.02,1.77,11150,2217
11151,2515,2342,2342,2024-10-02,2024-10-02,0,opelka|r / rinderknech|a,Shanghai Masters,Shanghai Masters,R128,R128,1.0,1.0,1.0,1.0,100.0,56,Shanghai,Shanghai Masters,2024-10-02,Masters 1000,Outdoor,Hard,1st Round,3,Rinderknech A.,Opelka R.,62,309.0,843,167.0,6.0,4.0,7.0,6.0,,,,,,,2.0,0.0,Completed,1.91,1.91,1.84,2.06,1.91,2.07,1.83,1.95,11151,2218
11152,2516,2353,2353,2024-10-02,2024-10-02,0,davidovich fokina|a / diallo|g <> diallo|g / fokina|a,Shanghai Masters,Shanghai Masters,R128,R128,1.0,1.0,1.0,1.0,100.0,56,Shanghai,Shanghai Masters,2024-10-02,Masters 1000,Outdoor,Hard,1st Round,3,Davidovich Fokina A.,Diallo G.,64,105.0,825,557.0,7.0,5.0,7.0,6.0,,,,,,,2.0,0.0,Completed,1.73,2.1,1.88,2.01,1.88,2.13,1.75,2.05,11152,2219
11153,2517,2350,2350,2024-10-02,2024-10-02,0,moutet|c / vukic|a,Shanghai Masters,Shanghai Masters,R128,R128,1.0,1.0,1.0,1.0,100.0,56,Shanghai,Shanghai Masters,2024-10-02,Masters 1000,Outdoor,Hard,1st Round,3,Vukic A.,Moutet C.,91,72.0,624,764.0,2.0,6.0,6.0,3.0,6.0,4.0,,,,,2.0,1.0,Completed,,,1.79,2.13,1.85,2.14,1.78,2.02,11153,2220
11154,2518,2362,2362,2024-10-02,2024-10-03,1,martinez|p / mensik|j,Shanghai Masters,Shanghai Masters,R128,R128,1.0,1.0,1.0,0.9523809523809523,99.76190476190476,56,Shanghai,Shanghai Masters,2024-10-03,Masters 1000,Outdoor,Hard,1st Round,3,Mensik J.,Martinez P.,65,45.0,822,1207.0,6.0,1.0,5.0,7.0,6.0,4.0,,,,,2.0,1.0,Completed,1.4,3.0,1.42,3.09,1.42,3.1,1.38,2.96,11154,2221
11155,2519,2366,2366,2024-10-02,2024-10-03,1,ramanathan|r / shevchenko|a,Shanghai Masters,Shanghai Masters,R128,R128,1.0,1.0,1.0,0.9523809523809523,99.76190476190476,56,Shanghai,Shanghai Masters,2024-10-03,Masters 1000,Outdoor,Hard,1st Round,3,Shevchenko A.,Ramanathan R.,58,332.0,875,153.0,6.0,1.0,7.0,6.0,,,,,,,2.0,0.0,Completed,1.22,4.33,1.23,4.7,1.23,4.7,1.21,4.32,11155,2222
11156,2520,2357,2357,2024-10-02,2024-10-03,1,hijikata|r / kecmanovic|m,Shanghai Masters,Shanghai Masters,R128,R128,1.0,1.0,1.0,0.9523809523809523,99.76190476190476,56,Shanghai,Shanghai Masters,2024-10-03,Masters 1000,Outdoor,Hard,1st Round,3,Kecmanovic M.,Hijikata R.,55,78.0,945,718.0,6.0,2.0,6.0,2.0,,,,,,,2.0,0.0,Completed,1.53,2.5,1.55,2.58,1.58,2.6,1.53,2.46,11156,2223
11158,2522,2360,2360,2024-10-02,2024-10-03,1,nishioka|y / zhou|y,Shanghai Masters,Shanghai Masters,R128,R128,1.0,1.0,1.0,0.9523809523809523,99.76190476190476,56,Shanghai,Shanghai Masters,2024-10-03,Masters 1000,Outdoor,Hard,1st Round,3,Zhou Y.,Nishioka Y.,440,60.0,97,854.0,2.0,4.0,,,,,,,,,0.0,0.0,Retired,5.5,1.14,5.34,1.19,5.6,1.19,5.15,1.15,11158,2224
11159,2523,2367,2367,2024-10-02,2024-10-03,1,safiullin|r / zhukayev|b,Shanghai Masters,Shanghai Masters,R128,R128,1.0,1.0,1.0,0.9523809523809523,99.76190476190476,56,Shanghai,Shanghai Masters,2024-10-03,Masters 1000,Outdoor,Hard,1st Round,3,Safiullin R.,Zhukayev B.,61,196.0,853,298.0,7.0,6.0,6.0,4.0,,,,,,,2.0,0.0,Completed,1.2,4.5,1.23,4.64,1.24,4.64,1.21,4.29,11159,2225
11162,2526,2370,2370,2024-10-02,2024-10-03,1,atmane|t / kovacevic|a,Shanghai Masters,Shanghai Masters,R128,R128,1.0,1.0,1.0,0.9523809523809523,99.76190476190476,56,Shanghai,Shanghai Masters,2024-10-03,Masters 1000,Outdoor,Hard,1st Round,3,Atmane T.,Kovacevic A.,161,76.0,369,740.0,6.0,4.0,7.0,6.0,,,,,,,2.0,0.0,Completed,1.73,2.1,1.75,2.18,1.76,2.32,1.69,2.14,11162,2226
11163,2527,2365,2365,2024-10-02,2024-10-03,1,kotov|p / watanuki|y,Shanghai Masters,Shanghai Masters,R128,R128,1.0,1.0,1.0,0.9523809523809523,99.76190476190476,56,Shanghai,Shanghai Masters,2024-10-03,Masters 1000,Outdoor,Hard,1st Round,3,Watanuki Y.,Kotov P.,336,56.0,149,907.0,6.0,7.0,6.0,4.0,7.0,5.0,,,,,2.0,1.0,Completed,2.0,1.8,2.05,1.84,2.1,1.85,1.99,1.8,11163,2227
11164,2528,2358,2358,2024-10-02,2024-10-03,1,gaston|h / munar|j,Shanghai Masters,Shanghai Masters,R128,R128,1.0,1.0,1.0,0.9523809523809523,99.76190476190476,56,Shanghai,Shanghai Masters,2024-10-03,Masters 1000,Outdoor,Hard,1st Round,3,Munar J.,Gaston H.,63,80.0,839,703.0,6.0,3.0,6.0,3.0,,,,,,,2.0,0.0,Completed,1.44,2.75,1.52,2.7,1.52,2.8,1.46,2.68,11164,2228
11166,2530,2359,2359,2024-10-02,2024-10-03,1,duckworth|j / goffin|d,Shanghai Masters,Shanghai Masters,R128,R128,1.0,1.0,1.0,0.9523809523809523,99.76190476190476,56,Shanghai,Shanghai Masters,2024-10-03,Masters 1000,Outdoor,Hard,1st Round,3,Goffin D.,Duckworth J.,66,75.0,800,748.0,6.0,4.0,6.0,2.0,,,,,,,2.0,0.0,Completed,1.44,2.75,1.53,2.68,1.58,2.78,1.48,2.6,11166,2229
11167,2531,2364,2364,2024-10-02,2024-10-03,1,giron|m / tu|l,Shanghai Masters,Shanghai Masters,R128,R128,1.0,1.0,1.0,0.9523809523809523,99.76190476190476,56,Shanghai,Shanghai Masters,2024-10-03,Masters 1000,Outdoor,Hard,1st Round,3,Giron M.,Tu L.,47,191.0,1140,304.0,6.0,1.0,7.0,6.0,,,,,,,2.0,0.0,Completed,1.53,2.5,1.57,2.54,1.57,2.65,1.53,2.48,11167,2230
11168,2532,2363,2363,2024-10-02,2024-10-03,1,acosta|f / griekspoor|t <> diaz acosta|f / griekspoor|t,Shanghai Masters,Shanghai Masters,R128,R128,1.0,1.0,1.0,0.9523809523809523,99.76190476190476,56,Shanghai,Shanghai Masters,2024-10-03,Masters 1000,Outdoor,Hard,1st Round,3,Griekspoor T.,Diaz Acosta F.,40,59.0,1305,865.0,6.0,4.0,6.0,7.0,6.0,3.0,,,,,2.0,1.0,Completed,1.2,4.5,1.27,4.14,1.27,4.5,1.24,4.03,11168,2231
11169,2533,2369,2369,2024-10-02,2024-10-03,1,bellucci|m / harris|b,Shanghai Masters,Shanghai Masters,R128,R128,1.0,1.0,1.0,0.9523809523809523,99.76190476190476,56,Shanghai,Shanghai Masters,2024-10-03,Masters 1000,Outdoor,Hard,1st Round,3,Bellucci M.,Harris B.,101,106.0,574,552.0,6.0,3.0,6.0,4.0,,,,,,,2.0,0.0,Completed,1.4,3.0,1.46,2.89,1.49,3.0,1.42,2.81,11169,2232
11107,2471,2382,2382,2024-10-02,2024-10-04,2,etcheverry|t / van de zandschulp|b,Shanghai Masters,Shanghai Masters,R64,R64,1.0,1.0,1.0,0.9047619047619048,99.52380952380952,56,Shanghai,Shanghai Masters,2024-10-04,Masters 1000,Outdoor,Hard,2nd Round,3,Etcheverry T.,Van De Zandschulp B.,37,67.0,1335,799.0,7.0,6.0,3.0,6.0,7.0,5.0,,,,,2.0,1.0,Completed,1.91,1.91,1.94,1.94,1.94,1.98,1.87,1.91,11107,2233
11108,2472,2381,2381,2024-10-02,2024-10-04,2,baena|r / fils|a <> carballes baena|r / fils|a,Shanghai Masters,Shanghai Masters,R64,R64,1.0,1.0,1.0,0.9047619047619048,99.52380952380952,56,Shanghai,Shanghai Masters,2024-10-04,Masters 1000,Outdoor,Hard,2nd Round,3,Carballes Baena R.,Fils A.,54,21.0,955,2250.0,7.0,6.0,7.0,6.0,,,,,,,2.0,0.0,Completed,3.5,1.3,3.37,1.36,3.65,1.36,3.32,1.32,11108,2234
11109,2473,2375,2375,2024-10-02,2024-10-04,2,shapovalov|d / shelton|b,Shanghai Masters,Shanghai Masters,R64,R64,1.0,1.0,1.0,0.9047619047619048,99.52380952380952,56,Shanghai,Shanghai Masters,2024-10-04,Masters 1000,Outdoor,Hard,2nd Round,3,Shelton B.,Shapovalov D.,16,102.0,2580,568.0,6.0,3.0,7.0,5.0,,,,,,,2.0,0.0,Completed,1.67,2.2,1.71,2.26,1.73,2.33,1.67,2.18,11109,2235
11110,2474,2379,2379,2024-10-02,2024-10-04,2,nishikori|k / tsitsipas|s,Shanghai Masters,Shanghai Masters,R64,R64,1.0,1.0,1.0,0.9047619047619048,99.52380952380952,56,Shanghai,Shanghai Masters,2024-10-04,Masters 1000,Outdoor,Hard,2nd Round,3,Tsitsipas S.,Nishikori K.,12,153.0,3390,388.0,7.0,6.0,6.0,4.0,,,,,,,2.0,0.0,Completed,1.5,2.63,1.54,2.64,1.55,2.64,1.5,2.55,11110,2236
11111,2475,2376,2376,2024-10-02,2024-10-04,2,aliassime|f / muller|a <> auger aliassime|f / muller|a,Shanghai Masters,Shanghai Masters,R64,R64,1.0,1.0,1.0,0.9047619047619048,99.52380952380952,56,Shanghai,Shanghai Masters,2024-10-04,Masters 1000,Outdoor,Hard,2nd Round,3,Muller A.,Auger-Aliassime F.,74,22.0,748,2170.0,6.0,3.0,6.0,2.0,,,,,,,2.0,0.0,Completed,4.0,1.25,3.83,1.3,4.0,1.3,3.65,1.27,11111,2237
11112,2476,2378,2378,2024-10-02,2024-10-04,2,arnaldi|m / svajda|z,Shanghai Masters,Shanghai Masters,R64,R64,1.0,1.0,1.0,0.9047619047619048,99.52380952380952,56,Shanghai,Shanghai Masters,2024-10-04,Masters 1000,Outdoor,Hard,2nd Round,3,Arnaldi M.,Svajda Z.,36,131.0,1350,452.0,6.0,7.0,6.0,2.0,6.0,4.0,,,,,2.0,1.0,Completed,1.44,2.75,1.53,2.65,1.53,2.75,1.48,2.62,11112,2238
11113,2477,2384,2384,2024-10-02,2024-10-04,2,medvedev|d / seyboth wild|t <> medvedev|d / wild|t,Shanghai Masters,Shanghai Masters,R64,R64,1.0,1.0,1.0,0.9047619047619048,99.52380952380952,56,Shanghai,Shanghai Masters,2024-10-04,Masters 1000,Outdoor,Hard,2nd Round,3,Medvedev D.,Seyboth Wild T.,5,88.0,5375,656.0,7.0,5.0,7.0,5.0,,,,,,,2.0,0.0,Completed,1.07,9.0,1.08,9.83,1.09,9.91,1.07,8.33,11113,2239
11115,2479,2385,2385,2024-10-02,2024-10-04,2,jarry|n / wu|y,Shanghai Masters,Shanghai Masters,R64,R64,1.0,1.0,1.0,0.9047619047619048,99.52380952380952,56,Shanghai,Shanghai Masters,2024-10-04,Masters 1000,Outdoor,Hard,2nd Round,3,Wu Y.,Jarry N.,560,29.0,63,1555.0,6.0,2.0,6.0,1.0,,,,,,,2.0,0.0,Completed,2.0,1.8,1.98,1.91,2.02,1.91,1.95,1.83,11115,2240
11116,2480,2377,2377,2024-10-02,2024-10-04,2,baez|s / monfils|g,Shanghai Masters,Shanghai Masters,R64,R64,1.0,1.0,1.0,0.9047619047619048,99.52380952380952,56,Shanghai,Shanghai Masters,2024-10-04,Masters 1000,Outdoor,Hard,2nd Round,3,Monfils G.,Baez S.,46,26.0,1160,1760.0,6.0,3.0,4.0,6.0,6.0,4.0,,,,,2.0,1.0,Completed,1.33,3.4,1.4,3.17,1.4,3.43,1.34,3.2,11116,2241
11117,2481,2380,2380,2024-10-02,2024-10-04,2,cazaux|a / humbert|u,Shanghai Masters,Shanghai Masters,R64,R64,1.0,1.0,1.0,0.9047619047619048,99.52380952380952,56,Shanghai,Shanghai Masters,2024-10-04,Masters 1000,Outdoor,Hard,2nd Round,3,Humbert U.,Cazaux A.,15,92.0,2645,622.0,6.0,3.0,6.0,2.0,,,,,,,2.0,0.0,Completed,1.29,3.75,1.3,3.81,1.33,3.81,1.3,3.45,11117,2242
11118,2482,2373,2373,2024-10-02,2024-10-04,2,fognini|f / paul|t,Shanghai Masters,Shanghai Masters,R64,R64,1.0,1.0,1.0,0.9047619047619048,99.52380952380952,56,Shanghai,Shanghai Masters,2024-10-04,Masters 1000,Outdoor,Hard,2nd Round,3,Paul T.,Fognini F.,13,81.0,3045,691.0,6.0,1.0,6.0,3.0,,,,,,,2.0,0.0,Completed,1.07,9.0,1.07,10.77,1.09,10.77,1.06,8.67,11118,2243
11119,2483,2374,2374,2024-10-02,2024-10-04,2,rinderknech|a / tabilo|a,Shanghai Masters,Shanghai Masters,R64,R64,1.0,1.0,1.0,0.9047619047619048,99.52380952380952,56,Shanghai,Shanghai Masters,2024-10-04,Masters 1000,Outdoor,Hard,2nd Round,3,Tabilo A.,Rinderknech A.,23,62.0,1963,843.0,6.0,3.0,6.0,2.0,,,,,,,2.0,0.0,Completed,1.8,2.0,1.85,2.05,1.85,2.05,1.81,1.98,11119,2244
11120,2484,2383,2383,2024-10-02,2024-10-04,2,davidovich fokina|a / machac|t <> fokina|a / machac|t,Shanghai Masters,Shanghai Masters,R64,R64,1.0,1.0,1.0,0.9047619047619048,99.52380952380952,56,Shanghai,Shanghai Masters,2024-10-04,Masters 1000,Outdoor,Hard,2nd Round,3,Machac T.,Davidovich Fokina A.,33,64.0,1449,825.0,1.0,6.0,7.0,6.0,6.0,4.0,,,,,2.0,1.0,Completed,1.57,2.38,1.64,2.39,1.64,2.58,1.56,2.38,11120,2245
11121,2485,2386,2386,2024-10-02,2024-10-04,2,ruud|c / vukic|a,Shanghai Masters,Shanghai Masters,R64,R64,1.0,1.0,1.0,0.9047619047619048,99.52380952380952,56,Shanghai,Shanghai Masters,2024-10-04,Masters 1000,Outdoor,Hard,2nd Round,3,Vukic A.,Ruud C.,91,9.0,624,3965.0,6.0,4.0,6.0,4.0,,,,,,,2.0,0.0,Completed,3.4,1.33,3.32,1.37,3.4,1.37,3.21,1.34,11121,2246
11106,2470,2391,2391,2024-10-02,2024-10-05,3,daniel|t / sinner|j,Shanghai Masters,Shanghai Masters,R64,R64,1.0,1.0,1.0,0.8571428571428572,99.28571428571429,56,Shanghai,Shanghai Masters,2024-10-05,Masters 1000,Outdoor,Hard,2nd Round,3,Sinner J.,Daniel T.,1,93.0,11010,619.0,6.0,1.0,6.0,4.0,,,,,,,2.0,0.0,Completed,1.02,21.0,1.02,27.06,1.02,27.06,1.01,16.19,11106,2247
11114,2478,2387,2387,2024-10-02,2024-10-05,3,alcaraz|c / shang|j,Shanghai Masters,Shanghai Masters,R64,R64,1.0,1.0,1.0,0.8571428571428572,99.28571428571429,56,Shanghai,Shanghai Masters,2024-10-05,Masters 1000,Outdoor,Hard,2nd Round,3,Alcaraz C.,Shang J.,2,51.0,7010,1045.0,6.0,2.0,6.0,2.0,,,,,,,2.0,0.0,Completed,1.08,8.0,1.1,8.82,1.11,8.82,1.08,7.59,11114,2248
11122,2486,2389,2389,2024-10-02,2024-10-05,3,mensik|j / rublev|a,Shanghai Masters,Shanghai Masters,R64,R64,1.0,1.0,1.0,0.8571428571428572,99.28571428571429,56,Shanghai,Shanghai Masters,2024-10-05,Masters 1000,Outdoor,Hard,2nd Round,3,Mensik J.,Rublev A.,65,6.0,822,4700.0,6.0,7.0,6.0,4.0,6.0,3.0,,,,,2.0,1.0,Completed,3.5,1.3,3.61,1.33,3.61,1.33,3.41,1.31,11122,2249
11123,2487,2390,2390,2024-10-02,2024-10-05,3,cerundolo|f / shevchenko|a,Shanghai Masters,Shanghai Masters,R64,R64,1.0,1.0,1.0,0.8571428571428572,99.28571428571429,56,Shanghai,Shanghai Masters,2024-10-05,Masters 1000,Outdoor,Hard,2nd Round,3,Shevchenko A.,Cerundolo F.,58,31.0,875,1550.0,7.0,6.0,7.0,5.0,,,,,,,2.0,0.0,Completed,3.0,1.4,2.92,1.46,3.1,1.46,2.86,1.41,11123,2250
11124,2488,2393,2393,2024-10-02,2024-10-05,3,kecmanovic|m / popyrin|a,Shanghai Masters,Shanghai Masters,R64,R64,1.0,1.0,1.0,0.8571428571428572,99.28571428571429,56,Shanghai,Shanghai Masters,2024-10-05,Masters 1000,Outdoor,Hard,2nd Round,3,Popyrin A.,Kecmanovic M.,24,55.0,1825,945.0,6.0,3.0,6.0,2.0,,,,,,,2.0,0.0,Completed,1.57,2.38,1.65,2.38,1.71,2.4,1.61,2.29,11124,2251
11129,2493,2394,2394,2024-10-02,2024-10-05,3,djokovic|n / michelsen|a,Shanghai Masters,Shanghai Masters,R64,R64,1.0,1.0,1.0,0.8571428571428572,99.28571428571429,56,Shanghai,Shanghai Masters,2024-10-05,Masters 1000,Outdoor,Hard,2nd Round,3,Djokovic N.,Michelsen A.,4,43.0,5560,1215.0,7.0,6.0,7.0,6.0,,,,,,,2.0,0.0,Completed,1.2,4.5,1.22,4.75,1.24,4.76,1.2,4.45,11129,2252
11131,2495,2388,2388,2024-10-02,2024-10-05,3,nakashima|b / watanuki|y,Shanghai Masters,Shanghai Masters,R64,R64,1.0,1.0,1.0,0.8571428571428572,99.28571428571429,56,Shanghai,Shanghai Masters,2024-10-05,Masters 1000,Outdoor,Hard,2nd Round,3,Watanuki Y.,Nakashima B.,336,35.0,149,1375.0,7.0,6.0,6.0,3.0,,,,,,,2.0,0.0,Completed,3.75,1.29,3.61,1.33,3.75,1.33,3.55,1.29,11131,2253
11132,2496,2392,2392,2024-10-02,2024-10-05,3,lehecka|j / munar|j,Shanghai Masters,Shanghai Masters,R64,R64,1.0,1.0,1.0,0.8571428571428572,99.28571428571429,56,Shanghai,Shanghai Masters,2024-10-05,Masters 1000,Outdoor,Hard,2nd Round,3,Lehecka J.,Munar J.,34,63.0,1400,839.0,7.0,6.0,6.0,4.0,,,,,,,2.0,0.0,Completed,1.33,3.4,1.4,3.19,1.4,3.46,1.36,3.17,11132,2254
11137,2501,2395,2395,2024-10-02,2024-10-05,3,bellucci|m / zverev|a,Shanghai Masters,Shanghai Masters,R64,R64,1.0,1.0,1.0,0.8571428571428572,99.28571428571429,56,Shanghai,Shanghai Masters,2024-10-05,Masters 1000,Outdoor,Hard,2nd Round,3,Zverev A.,Bellucci M.,3,101.0,6705,574.0,6.0,4.0,6.0,2.0,,,,,,,2.0,0.0,Completed,1.17,5.0,1.21,4.93,1.21,5.0,1.18,4.73,11137,2255
11090,2454,2406,2406,2024-10-02,2024-10-06,4,etcheverry|t / sinner|j,Shanghai Masters,Shanghai Masters,R32,R32,1.0,1.0,1.0,0.8095238095238095,99.04761904761905,56,Shanghai,Shanghai Masters,2024-10-06,Masters 1000,Outdoor,Hard,3rd Round,3,Sinner J.,Etcheverry T.,1,37.0,11010,1335.0,6.0,7.0,6.0,4.0,6.0,2.0,,,,,2.0,1.0,Completed,1.03,15.0,1.05,14.72,1.05,16.0,1.03,12.58,11090,2256
11093,2457,2405,2405,2024-10-02,2024-10-06,4,arnaldi|m / medvedev|d,Shanghai Masters,Shanghai Masters,R32,R32,1.0,1.0,1.0,0.8095238095238095,99.04761904761905,56,Shanghai,Shanghai Masters,2024-10-06,Masters 1000,Outdoor,Hard,3rd Round,3,Medvedev D.,Arnaldi M.,5,36.0,5375,1350.0,5.0,7.0,6.0,4.0,6.0,4.0,,,,,2.0,1.0,Completed,1.17,5.0,1.19,5.45,1.2,5.45,1.17,4.89,11093,2257
11094,2458,2407,2407,2024-10-02,2024-10-06,4,alcaraz|c / wu|y,Shanghai Masters,Shanghai Masters,R32,R32,1.0,1.0,1.0,0.8095238095238095,99.04761904761905,56,Shanghai,Shanghai Masters,2024-10-06,Masters 1000,Outdoor,Hard,3rd Round,3,Alcaraz C.,Wu Y.,2,560.0,7010,63.0,7.0,6.0,6.0,3.0,,,,,,,2.0,0.0,Completed,1.03,15.0,1.03,20.68,1.03,20.68,1.02,13.2,11094,2258
11096,2460,2408,2408,2024-10-02,2024-10-06,4,paul|t / tabilo|a,Shanghai Masters,Shanghai Masters,R32,R32,1.0,1.0,1.0,0.8095238095238095,99.04761904761905,56,Shanghai,Shanghai Masters,2024-10-06,Masters 1000,Outdoor,Hard,3rd Round,3,Paul T.,Tabilo A.,13,23.0,3045,1963.0,6.0,7.0,7.0,6.0,6.0,2.0,,,,,2.0,1.0,Completed,1.25,4.0,1.24,4.53,1.25,4.53,1.23,4.06,11096,2259
11125,2489,2399,2399,2024-10-02,2024-10-07,5,bergs|z / dimitrov|g,Shanghai Masters,Shanghai Masters,R64,R64,1.0,1.0,1.0,0.7619047619047619,98.80952380952381,56,Shanghai,Shanghai Masters,2024-10-07,Masters 1000,Outdoor,Hard,2nd Round,3,Dimitrov G.,Bergs Z.,10,73.0,3840,763.0,6.0,3.0,3.0,6.0,6.0,2.0,,,,,2.0,1.0,Completed,1.4,3.0,1.44,2.99,1.5,3.0,1.44,2.74,11125,2260
11126,2490,2402,2402,2024-10-02,2024-10-07,5,tiafoe|f / zhou|y,Shanghai Masters,Shanghai Masters,R64,R64,1.0,1.0,1.0,0.7619047619047619,98.80952380952381,56,Shanghai,Shanghai Masters,2024-10-07,Masters 1000,Outdoor,Hard,2nd Round,3,Tiafoe F.,Zhou Y.,17,440.0,2560,97.0,6.0,2.0,6.0,4.0,,,,,,,2.0,0.0,Completed,1.06,10.0,1.06,12.55,1.06,12.55,1.05,9.78,11126,2261
11127,2491,2397,2397,2024-10-02,2024-10-07,5,bublik|a / safiullin|r,Shanghai Masters,Shanghai Masters,R64,R64,1.0,1.0,1.0,0.7619047619047619,98.80952380952381,56,Shanghai,Shanghai Masters,2024-10-07,Masters 1000,Outdoor,Hard,2nd Round,3,Safiullin R.,Bublik A.,61,27.0,853,1690.0,6.0,4.0,6.0,2.0,,,,,,,2.0,0.0,Completed,1.62,2.3,1.68,2.31,1.68,2.33,1.62,2.24,11127,2262
11128,2492,2404,2404,2024-10-02,2024-10-07,5,cobolli|f / wawrinka|s,Shanghai Masters,Shanghai Masters,R64,R64,1.0,1.0,1.0,0.7619047619047619,98.80952380952381,56,Shanghai,Shanghai Masters,2024-10-07,Masters 1000,Outdoor,Hard,2nd Round,3,Cobolli F.,Wawrinka S.,30,236.0,1552,243.0,6.0,7.0,7.0,6.0,6.0,3.0,,,,,2.0,1.0,Completed,1.36,3.2,1.4,3.2,1.46,3.37,1.37,3.06,11128,2263
11130,2494,2396,2396,2024-10-02,2024-10-07,5,atmane|t / fritz|t,Shanghai Masters,Shanghai Masters,R64,R64,1.0,1.0,1.0,0.7619047619047619,98.80952380952381,56,Shanghai,Shanghai Masters,2024-10-07,Masters 1000,Outdoor,Hard,2nd Round,3,Fritz T.,Atmane T.,7,161.0,4060,369.0,7.0,6.0,7.0,6.0,,,,,,,2.0,0.0,Completed,1.1,7.0,1.13,6.94,1.2,7.0,1.13,5.86,11130,2264
11133,2497,2403,2403,2024-10-02,2024-10-07,5,berrettini|m / rune|h,Shanghai Masters,Shanghai Masters,R64,R64,1.0,1.0,1.0,0.7619047619047619,98.80952380952381,56,Shanghai,Shanghai Masters,2024-10-07,Masters 1000,Outdoor,Hard,2nd Round,3,Rune H.,Berrettini M.,14,44.0,2935,1215.0,4.0,6.0,6.0,4.0,6.0,3.0,,,,,2.0,1.0,Completed,1.8,2.0,1.86,2.03,1.91,2.03,1.84,1.93,11133,2265
11134,2498,2400,2400,2024-10-02,2024-10-07,5,goffin|d / musetti|l,Shanghai Masters,Shanghai Masters,R64,R64,1.0,1.0,1.0,0.7619047619047619,98.80952380952381,56,Shanghai,Shanghai Masters,2024-10-07,Masters 1000,Outdoor,Hard,2nd Round,3,Goffin D.,Musetti L.,66,18.0,800,2425.0,1.0,6.0,7.0,6.0,6.0,2.0,,,,,2.0,1.0,Completed,2.75,1.44,2.76,1.5,2.88,1.51,2.73,1.44,11134,2266
11135,2499,2401,2401,2024-10-02,2024-10-07,5,giron|m / khachanov|k,Shanghai Masters,Shanghai Masters,R64,R64,1.0,1.0,1.0,0.7619047619047619,98.80952380952381,56,Shanghai,Shanghai Masters,2024-10-07,Masters 1000,Outdoor,Hard,2nd Round,3,Giron M.,Khachanov K.,47,25.0,1140,1780.0,6.0,4.0,6.0,3.0,,,,,,,2.0,0.0,Completed,2.63,1.5,2.65,1.53,2.77,1.53,2.59,1.49,11135,2267
11136,2500,2398,2398,2024-10-02,2024-10-07,5,griekspoor|t / thompson|j,Shanghai Masters,Shanghai Masters,R64,R64,1.0,1.0,1.0,0.7619047619047619,98.80952380952381,56,Shanghai,Shanghai Masters,2024-10-07,Masters 1000,Outdoor,Hard,2nd Round,3,Griekspoor T.,Thompson J.,40,28.0,1305,1571.0,6.0,3.0,6.0,2.0,,,,,,,2.0,0.0,Completed,2.1,1.73,2.18,1.75,2.21,1.75,2.13,1.7,11136,2268
11091,2455,2414,2414,2024-10-02,2024-10-08,6,baena|r / shelton|b <> carballes baena|r / shelton|b,Shanghai Masters,Shanghai Masters,R32,R32,1.0,1.0,1.0,0.7142857142857143,98.57142857142857,56,Shanghai,Shanghai Masters,2024-10-08,Masters 1000,Outdoor,Hard,3rd Round,3,Shelton B.,Carballes Baena R.,16,54.0,2580,955.0,6.0,3.0,6.0,4.0,,,,,,,2.0,0.0,Completed,1.17,5.0,1.17,5.92,1.21,5.92,1.15,5.2,11091,2269
11092,2456,2411,2411,2024-10-02,2024-10-08,6,muller|a / tsitsipas|s,Shanghai Masters,Shanghai Masters,R32,R32,1.0,1.0,1.0,0.7142857142857143,98.57142857142857,56,Shanghai,Shanghai Masters,2024-10-08,Masters 1000,Outdoor,Hard,3rd Round,3,Tsitsipas S.,Muller A.,12,74.0,3390,748.0,6.0,3.0,7.0,5.0,,,,,,,2.0,0.0,Completed,1.22,4.33,1.27,4.23,1.27,4.34,1.23,4.05,11092,2270
11095,2459,2410,2410,2024-10-02,2024-10-08,6,humbert|u / monfils|g,Shanghai Masters,Shanghai Masters,R32,R32,1.0,1.0,1.0,0.7142857142857143,98.57142857142857,56,Shanghai,Shanghai Masters,2024-10-08,Masters 1000,Outdoor,Hard,3rd Round,3,Monfils G.,Humbert U.,46,15.0,1160,2645.0,7.0,6.0,2.0,6.0,6.0,1.0,,,,,2.0,1.0,Completed,3.2,1.36,3.23,1.4,3.25,1.4,3.08,1.36,11095,2271
11097,2461,2409,2409,2024-10-02,2024-10-08,6,machac|t / vukic|a,Shanghai Masters,Shanghai Masters,R32,R32,1.0,1.0,1.0,0.7142857142857143,98.57142857142857,56,Shanghai,Shanghai Masters,2024-10-08,Masters 1000,Outdoor,Hard,3rd Round,3,Machac T.,Vukic A.,33,91.0,1449,624.0,6.0,4.0,6.0,2.0,,,,,,,2.0,0.0,Completed,1.4,3.0,1.42,3.1,1.46,3.12,1.4,2.92,11097,2272
11098,2462,2412,2412,2024-10-02,2024-10-08,6,mensik|j / shevchenko|a,Shanghai Masters,Shanghai Masters,R32,R32,1.0,1.0,1.0,0.7142857142857143,98.57142857142857,56,Shanghai,Shanghai Masters,2024-10-08,Masters 1000,Outdoor,Hard,3rd Round,3,Mensik J.,Shevchenko A.,65,58.0,822,875.0,6.0,1.0,6.0,7.0,6.0,2.0,,,,,2.0,1.0,Completed,1.36,3.2,1.41,3.16,1.43,3.2,1.38,2.98,11098,2273
11099,2463,2415,2415,2024-10-02,2024-10-08,6,dimitrov|g / popyrin|a,Shanghai Masters,Shanghai Masters,R32,R32,1.0,1.0,1.0,0.7142857142857143,98.57142857142857,56,Shanghai,Shanghai Masters,2024-10-08,Masters 1000,Outdoor,Hard,3rd Round,3,Dimitrov G.,Popyrin A.,10,24.0,3840,1825.0,7.0,6.0,6.0,2.0,,,,,,,2.0,0.0,Completed,1.67,2.2,1.66,2.37,1.76,2.37,1.65,2.21,11099,2274
11100,2464,2416,2416,2024-10-02,2024-10-08,6,safiullin|r / tiafoe|f,Shanghai Masters,Shanghai Masters,R32,R32,1.0,1.0,1.0,0.7142857142857143,98.57142857142857,56,Shanghai,Shanghai Masters,2024-10-08,Masters 1000,Outdoor,Hard,3rd Round,3,Safiullin R.,Tiafoe F.,61,17.0,853,2560.0,5.0,7.0,7.0,5.0,7.0,6.0,,,,,2.0,1.0,Completed,2.2,1.67,2.27,1.7,2.29,1.7,2.19,1.66,11100,2275
11101,2465,2418,2418,2024-10-02,2024-10-08,6,cobolli|f / djokovic|n,Shanghai Masters,Shanghai Masters,R32,R32,1.0,1.0,1.0,0.7142857142857143,98.57142857142857,56,Shanghai,Shanghai Masters,2024-10-08,Masters 1000,Outdoor,Hard,3rd Round,3,Djokovic N.,Cobolli F.,4,30.0,5560,1552.0,6.0,1.0,6.0,2.0,,,,,,,2.0,0.0,Completed,1.1,7.0,1.13,7.07,1.14,7.07,1.11,6.49,11101,2276
11102,2466,2413,2413,2024-10-02,2024-10-08,6,fritz|t / watanuki|y,Shanghai Masters,Shanghai Masters,R32,R32,1.0,1.0,1.0,0.7142857142857143,98.57142857142857,56,Shanghai,Shanghai Masters,2024-10-08,Masters 1000,Outdoor,Hard,3rd Round,3,Fritz T.,Watanuki Y.,7,336.0,4060,149.0,6.0,3.0,6.0,4.0,,,,,,,2.0,0.0,Completed,1.2,4.5,1.17,5.98,1.21,6.06,1.17,4.9,11102,2277
11103,2467,2417,2417,2024-10-02,2024-10-08,6,lehecka|j / rune|h,Shanghai Masters,Shanghai Masters,R32,R32,1.0,1.0,1.0,0.7142857142857143,98.57142857142857,56,Shanghai,Shanghai Masters,2024-10-08,Masters 1000,Outdoor,Hard,3rd Round,3,Rune H.,Lehecka J.,14,34.0,2935,1400.0,6.0,4.0,7.0,5.0,,,,,,,2.0,0.0,Completed,1.53,2.5,1.61,2.47,1.65,2.51,1.57,2.38,11103,2278
11104,2468,2419,2419,2024-10-02,2024-10-08,6,giron|m / goffin|d,Shanghai Masters,Shanghai Masters,R32,R32,1.0,1.0,1.0,0.7142857142857143,98.57142857142857,56,Shanghai,Shanghai Masters,2024-10-08,Masters 1000,Outdoor,Hard,3rd Round,3,Goffin D.,Giron M.,66,47.0,800,1140.0,1.0,6.0,6.0,3.0,7.0,5.0,,,,,2.0,1.0,Completed,2.2,1.67,2.24,1.73,2.24,1.76,2.13,1.7,11104,2279
11105,2469,2420,2420,2024-10-02,2024-10-08,6,griekspoor|t / zverev|a,Shanghai Masters,Shanghai Masters,R32,R32,1.0,1.0,1.0,0.7142857142857143,98.57142857142857,56,Shanghai,Shanghai Masters,2024-10-08,Masters 1000,Outdoor,Hard,3rd Round,3,Zverev A.,Griekspoor T.,3,40.0,6705,1305.0,7.0,6.0,2.0,6.0,7.0,6.0,,,,,2.0,1.0,Completed,1.22,4.33,1.2,5.18,1.24,5.33,1.2,4.51,11105,2280
11082,2446,2421,2421,2024-10-02,2024-10-09,7,shelton|b / sinner|j,Shanghai Masters,Shanghai Masters,R16,R16,1.0,1.0,1.0,0.6666666666666667,98.33333333333333,56,Shanghai,Shanghai Masters,2024-10-09,Masters 1000,Outdoor,Hard,4th Round,3,Sinner J.,Shelton B.,1,16.0,11010,2580.0,6.0,4.0,7.0,6.0,,,,,,,2.0,0.0,Completed,1.17,5.0,1.18,5.73,1.2,5.78,1.16,5.03,11082,2281
11083,2447,2422,2422,2024-10-02,2024-10-09,7,medvedev|d / tsitsipas|s,Shanghai Masters,Shanghai Masters,R16,R16,1.0,1.0,1.0,0.6666666666666667,98.33333333333333,56,Shanghai,Shanghai Masters,2024-10-09,Masters 1000,Outdoor,Hard,4th Round,3,Medvedev D.,Tsitsipas S.,5,12.0,5375,3390.0,7.0,6.0,6.0,3.0,,,,,,,2.0,0.0,Completed,1.4,3.0,1.42,3.14,1.46,3.14,1.41,2.86,11083,2282
11084,2448,2423,2423,2024-10-02,2024-10-09,7,alcaraz|c / monfils|g,Shanghai Masters,Shanghai Masters,R16,R16,1.0,1.0,1.0,0.6666666666666667,98.33333333333333,56,Shanghai,Shanghai Masters,2024-10-09,Masters 1000,Outdoor,Hard,4th Round,3,Alcaraz C.,Monfils G.,2,46.0,7010,1160.0,6.0,4.0,7.0,5.0,,,,,,,2.0,0.0,Completed,1.06,10.0,1.06,13.8,1.07,14.01,1.05,9.97,11084,2283
11085,2449,2424,2424,2024-10-02,2024-10-09,7,machac|t / paul|t,Shanghai Masters,Shanghai Masters,R16,R16,1.0,1.0,1.0,0.6666666666666667,98.33333333333333,56,Shanghai,Shanghai Masters,2024-10-09,Masters 1000,Outdoor,Hard,4th Round,3,Machac T.,Paul T.,33,13.0,1449,3045.0,3.0,6.0,6.0,4.0,6.0,3.0,,,,,2.0,1.0,Completed,2.5,1.53,2.53,1.59,2.87,1.59,2.47,1.53,11085,2284
11086,2450,2425,2425,2024-10-02,2024-10-09,7,dimitrov|g / mensik|j,Shanghai Masters,Shanghai Masters,R16,R16,1.0,1.0,1.0,0.6666666666666667,98.33333333333333,56,Shanghai,Shanghai Masters,2024-10-09,Masters 1000,Outdoor,Hard,4th Round,3,Mensik J.,Dimitrov G.,65,10.0,822,3840.0,6.0,3.0,3.0,6.0,6.0,4.0,,,,,2.0,1.0,Completed,3.2,1.36,3.41,1.37,3.52,1.37,3.21,1.34,11086,2285
11087,2451,2426,2426,2024-10-02,2024-10-09,7,djokovic|n / safiullin|r,Shanghai Masters,Shanghai Masters,R16,R16,1.0,1.0,1.0,0.6666666666666667,98.33333333333333,56,Shanghai,Shanghai Masters,2024-10-09,Masters 1000,Outdoor,Hard,4th Round,3,Djokovic N.,Safiullin R.,4,61.0,5560,853.0,6.0,3.0,6.0,2.0,,,,,,,2.0,0.0,Completed,1.1,7.0,1.1,8.93,1.13,8.93,1.1,6.84,11087,2286
11088,2452,2427,2427,2024-10-02,2024-10-09,7,fritz|t / rune|h,Shanghai Masters,Shanghai Masters,R16,R16,1.0,1.0,1.0,0.6666666666666667,98.33333333333333,56,Shanghai,Shanghai Masters,2024-10-09,Masters 1000,Outdoor,Hard,4th Round,3,Fritz T.,Rune H.,7,14.0,4060,2935.0,6.0,1.0,6.0,2.0,,,,,,,2.0,0.0,Completed,1.53,2.5,1.6,2.52,1.6,2.54,1.55,2.41,11088,2287
11089,2453,2428,2428,2024-10-02,2024-10-09,7,goffin|d / zverev|a,Shanghai Masters,Shanghai Masters,R16,R16,1.0,1.0,1.0,0.6666666666666667,98.33333333333333,56,Shanghai,Shanghai Masters,2024-10-09,Masters 1000,Outdoor,Hard,4th Round,3,Goffin D.,Zverev A.,66,3.0,800,6705.0,6.0,4.0,7.0,5.0,,,,,,,2.0,0.0,Completed,5.5,1.14,6.87,1.14,6.87,1.16,5.8,1.14,11089,2288
11078,2442,2429,2429,2024-10-02,2024-10-10,8,medvedev|d / sinner|j,Shanghai Masters,Shanghai Masters,QF,QF,1.0,1.0,1.0,0.6190476190476191,98.0952380952381,56,Shanghai,Shanghai Masters,2024-10-10,Masters 1000,Outdoor,Hard,Quarterfinals,3,Sinner J.,Medvedev D.,1,5.0,11010,5375.0,6.0,1.0,6.0,4.0,,,,,,,2.0,0.0,Completed,1.29,3.75,1.32,3.73,1.34,3.75,1.3,3.51,11078,2289
11079,2443,2430,2430,2024-10-02,2024-10-10,8,alcaraz|c / machac|t,Shanghai Masters,Shanghai Masters,QF,QF,1.0,1.0,1.0,0.6190476190476191,98.0952380952381,56,Shanghai,Shanghai Masters,2024-10-10,Masters 1000,Outdoor,Hard,Quarterfinals,3,Machac T.,Alcaraz C.,33,2.0,1449,7010.0,7.0,6.0,7.0,5.0,,,,,,,2.0,0.0,Completed,8.0,1.08,9.53,1.09,9.53,1.09,7.91,1.08,11079,2290
11080,2444,2432,2432,2024-10-02,2024-10-11,9,djokovic|n / mensik|j,Shanghai Masters,Shanghai Masters,QF,QF,1.0,1.0,1.0,0.5714285714285714,97.85714285714286,56,Shanghai,Shanghai Masters,2024-10-11,Masters 1000,Outdoor,Hard,Quarterfinals,3,Djokovic N.,Mensik J.,4,65.0,5560,822.0,6.0,7.0,6.0,1.0,6.0,4.0,,,,,2.0,1.0,Completed,1.1,7.0,1.12,7.61,1.13,7.61,1.1,6.66,11080,2291
11081,2445,2431,2431,2024-10-02,2024-10-11,9,fritz|t / goffin|d,Shanghai Masters,Shanghai Masters,QF,QF,1.0,1.0,1.0,0.5714285714285714,97.85714285714286,56,Shanghai,Shanghai Masters,2024-10-11,Masters 1000,Outdoor,Hard,Quarterfinals,3,Fritz T.,Goffin D.,7,66.0,4060,800.0,6.0,3.0,6.0,4.0,,,,,,,2.0,0.0,Completed,1.14,5.5,1.19,5.46,1.2,5.64,1.16,5.14,11081,2292
11076,2440,2433,2433,2024-10-02,2024-10-12,10,machac|t / sinner|j,Shanghai Masters,Shanghai Masters,SF,SF,1.0,1.0,1.0,0.5238095238095238,97.61904761904762,56,Shanghai,Shanghai Masters,2024-10-12,Masters 1000,Outdoor,Hard,Semifinals,3,Sinner J.,Machac T.,1,33.0,11010,1449.0,6.0,4.0,7.0,5.0,,,,,,,2.0,0.0,Completed,1.11,6.5,1.11,8.02,1.14,8.02,1.11,6.49,11076,2293
11077,2441,2434,2434,2024-10-02,2024-10-12,10,djokovic|n / fritz|t,Shanghai Masters,Shanghai Masters,SF,SF,1.0,1.0,1.0,0.5238095238095238,97.61904761904762,56,Shanghai,Shanghai Masters,2024-10-12,Masters 1000,Outdoor,Hard,Semifinals,3,Djokovic N.,Fritz T.,4,7.0,5560,4060.0,6.0,4.0,7.0,6.0,,,,,,,2.0,0.0,Completed,1.4,3.0,1.44,3.02,1.46,3.16,1.4,2.92,11077,2294
11075,2439,2435,2435,2024-10-02,2024-10-13,11,djokovic|n / sinner|j,Shanghai Masters,Shanghai Masters,F,F,1.0,1.0,1.0,0.47619047619047616,97.38095238095238,56,Shanghai,Shanghai Masters,2024-10-13,Masters 1000,Outdoor,Hard,The Final,3,Sinner J.,Djokovic N.,1,4.0,11010,5560.0,7.0,6.0,6.0,3.0,,,,,,,2.0,0.0,Completed,1.4,3.0,1.43,3.07,1.44,3.07,1.41,2.87,11075,2295
11193,2557,2436,2436,2024-10-14,2024-10-14,0,engel|j / wong|c,Almaty,Almaty Open,R32,R32,1.0,1.0,1.0,1.0,100.0,57,Almaty,Almaty Open,2024-10-14,ATP250,Indoor,Hard,1st Round,3,Engel J.,Wong C.,458,133.0,91,452.0,7.0,5.0,6.0,4.0,,,,,,,2.0,0.0,Completed,3.0,1.4,2.97,1.44,3.0,1.45,2.88,1.4,11193,2296
11194,2558,2438,2438,2024-10-14,2024-10-14,0,coric|b / marozsan|f,Almaty,Almaty Open,R32,R32,1.0,1.0,1.0,1.0,100.0,57,Almaty,Almaty Open,2024-10-14,ATP250,Indoor,Hard,1st Round,3,Coric B.,Marozsan F.,96,57.0,595,940.0,6.0,4.0,7.0,6.0,,,,,,,2.0,0.0,Completed,2.1,1.73,2.16,1.77,2.16,1.82,2.03,1.76,11194,2297
11196,2560,2437,2437,2024-10-14,2024-10-14,0,dzumhur|d / marterer|m,Almaty,Almaty Open,R32,R32,1.0,1.0,1.0,1.0,100.0,57,Almaty,Almaty Open,2024-10-14,ATP250,Indoor,Hard,1st Round,3,Marterer M.,Dzumhur D.,114,100.0,507,584.0,7.0,5.0,6.0,4.0,,,,,,,2.0,0.0,Completed,1.8,2.0,2.01,1.88,2.01,2.1,1.86,1.93,11196,2298
11212,2576,2463,2463,2024-10-14,2024-10-14,0,baena|r / koepfer|d <> carballes baena|r / koepfer|d,Antwerp,European Open,R32,R32,0.21333333333333335,1.0,1.0,1.0,56.733333333333334,58,Antwerp,European Open,2024-10-14,ATP250,Indoor,Hard,1st Round,3,Carballes Baena R.,Koepfer D.,54,81.0,980,686.0,6.0,4.0,6.0,0.0,,,,,,,2.0,0.0,Completed,1.8,2.0,1.87,2.02,1.87,2.1,1.8,1.99,11212,2299
11214,2578,2464,2464,2024-10-14,2024-10-14,0,monteiro|t / navone|m,Antwerp,European Open,R32,R32,0.21333333333333335,1.0,1.0,1.0,56.733333333333334,58,Antwerp,European Open,2024-10-14,ATP250,Indoor,Hard,1st Round,3,Navone M.,Monteiro T.,43,88.0,1238,636.0,6.0,3.0,4.0,6.0,7.0,6.0,,,,,2.0,1.0,Completed,2.0,1.8,2.02,1.87,2.06,1.9,1.97,1.81,11214,2300
11215,2579,2466,2466,2024-10-14,2024-10-14,0,collignon|r / fucsovics|m,Antwerp,European Open,R32,R32,0.21333333333333335,1.0,1.0,1.0,56.733333333333334,58,Antwerp,European Open,2024-10-14,ATP250,Indoor,Hard,1st Round,3,Fucsovics M.,Collignon R.,93,164.0,614,358.0,6.0,2.0,6.0,0.0,,,,,,,2.0,0.0,Completed,1.8,2.0,1.81,2.1,1.83,2.14,1.77,2.02,11215,2301
11217,2581,2465,2465,2024-10-14,2024-10-14,0,etcheverry|t / gasquet|r,Antwerp,European Open,R32,R32,0.21333333333333335,1.0,1.0,1.0,56.733333333333334,58,Antwerp,European Open,2024-10-14,ATP250,Indoor,Hard,1st Round,3,Etcheverry T.,Gasquet R.,35,135.0,1375,446.0,7.0,6.0,6.0,4.0,,,,,,,2.0,0.0,Completed,1.4,3.0,1.4,3.15,1.45,3.15,1.39,2.92,11217,2302
11245,2609,2493,2493,2024-10-14,2024-10-14,0,berrettini|m / darderi|l,Stockholm,Nordic Open,R32,R32,0.21333333333333335,1.0,1.0,1.0,56.733333333333334,59,Stockholm,Nordic Open,2024-10-14,ATP250,Indoor,Hard,1st Round,3,Berrettini M.,Darderi L.,42,44.0,1245,1228.0,6.0,4.0,6.0,3.0,,,,,,,2.0,0.0,Completed,1.13,6.0,1.14,6.83,1.15,6.83,1.13,5.86,11245,2303
11246,2610,2490,2490,2024-10-14,2024-10-14,0,kovacevic|a / stricker|d,Stockholm,Nordic Open,R32,R32,0.21333333333333335,1.0,1.0,1.0,56.733333333333334,59,Stockholm,Nordic Open,2024-10-14,ATP250,Indoor,Hard,1st Round,3,Stricker D.,Kovacevic A.,317,90.0,162,624.0,6.0,4.0,5.0,7.0,6.0,4.0,,,,,2.0,1.0,Completed,1.8,2.0,1.96,1.93,1.96,2.02,1.87,1.91,11246,2304
11248,2612,2492,2492,2024-10-14,2024-10-14,0,griekspoor|t / kotov|p,Stockholm,Nordic Open,R32,R32,0.21333333333333335,1.0,1.0,1.0,56.733333333333334,59,Stockholm,Nordic Open,2024-10-14,ATP250,Indoor,Hard,1st Round,3,Griekspoor T.,Kotov P.,37,59.0,1345,907.0,6.0,4.0,6.0,3.0,,,,,,,2.0,0.0,Completed,1.44,2.75,1.51,2.74,1.53,2.78,1.47,2.65,11248,2305
11250,2614,2491,2491,2024-10-14,2024-10-14,0,huesler|m / sonego|l,Stockholm,Nordic Open,R32,R32,0.21333333333333335,1.0,1.0,1.0,56.733333333333334,59,Stockholm,Nordic Open,2024-10-14,ATP250,Indoor,Hard,1st Round,3,Sonego L.,Huesler M.A.,50,152.0,1046,383.0,7.0,6.0,7.0,5.0,,,,,,,2.0,0.0,Completed,1.8,2.0,1.88,2.0,1.88,2.12,1.81,1.98,11250,2306
11185,2549,2443,2443,2024-10-14,2024-10-15,1,daniel|t / evans|d,Almaty,Almaty Open,R32,R32,1.0,1.0,1.0,0.9523809523809523,99.76190476190476,57,Almaty,Almaty Open,2024-10-15,ATP250,Indoor,Hard,1st Round,3,Evans D.,Daniel T.,180,89.0,326,636.0,6.0,2.0,7.0,6.0,,,,,,,2.0,0.0,Completed,1.44,2.75,1.46,2.9,1.5,2.9,1.44,2.72,11185,2307
11187,2551,2440,2440,2024-10-14,2024-10-15,1,mannarino|a / safiullin|r,Almaty,Almaty Open,R32,R32,1.0,1.0,1.0,0.9523809523809523,99.76190476190476,57,Almaty,Almaty Open,2024-10-15,ATP250,Indoor,Hard,1st Round,3,Mannarino A.,Safiullin R.,56,58.0,949,908.0,5.0,7.0,7.0,6.0,6.0,3.0,,,,,2.0,1.0,Completed,3.0,1.4,3.15,1.4,3.15,1.42,2.96,1.39,11187,2308
11188,2552,2441,2441,2024-10-14,2024-10-15,1,fognini|f / virtanen|o,Almaty,Almaty Open,R32,R32,1.0,1.0,1.0,0.9523809523809523,99.76190476190476,57,Almaty,Almaty Open,2024-10-15,ATP250,Indoor,Hard,1st Round,3,Virtanen O.,Fognini F.,116,76.0,499,721.0,6.0,3.0,7.0,6.0,,,,,,,2.0,0.0,Completed,1.57,2.38,1.58,2.57,1.64,2.6,1.54,2.44,11188,2309
11189,2553,2442,2442,2024-10-14,2024-10-15,1,hassan|b / zhukayev|b,Almaty,Almaty Open,R32,R32,1.0,1.0,1.0,0.9523809523809523,99.76190476190476,57,Almaty,Almaty Open,2024-10-15,ATP250,Indoor,Hard,1st Round,3,Zhukayev B.,Hassan B.,213,245.0,272,227.0,6.0,4.0,6.0,1.0,,,,,,,2.0,0.0,Completed,1.8,2.0,1.85,2.04,1.87,2.1,1.8,1.99,11189,2310
11192,2556,2445,2445,2024-10-14,2024-10-15,1,kukushkin|m / shevchenko|a,Almaty,Almaty Open,R32,R32,1.0,1.0,1.0,0.9523809523809523,99.76190476190476,57,Almaty,Almaty Open,2024-10-15,ATP250,Indoor,Hard,1st Round,3,Shevchenko A.,Kukushkin M.,61,111.0,900,524.0,7.0,6.0,7.0,6.0,,,,,,,2.0,0.0,Completed,1.67,2.2,1.72,2.23,1.72,2.25,1.67,2.17,11192,2311
11213,2577,2468,2468,2024-10-14,2024-10-15,1,gaston|h / vatutin|a,Antwerp,European Open,R32,R32,0.21333333333333335,1.0,1.0,0.9523809523809523,56.49523809523809,58,Antwerp,European Open,2024-10-15,ATP250,Indoor,Hard,1st Round,3,Gaston H.,Vatutin A.,77,336.0,693,148.0,3.0,6.0,6.0,3.0,6.0,3.0,,,,,2.0,1.0,Completed,1.62,2.3,1.62,2.42,1.65,2.42,1.6,2.29,11213,2312
11216,2580,2470,2470,2024-10-14,2024-10-15,1,agut|r / van assche|l <> bautista agut|r / van assche|l,Antwerp,European Open,R32,R32,0.21333333333333335,1.0,1.0,0.9523809523809523,56.49523809523809,58,Antwerp,European Open,2024-10-15,ATP250,Indoor,Hard,1st Round,3,Bautista Agut R.,Van Assche L.,60,119.0,906,496.0,6.0,2.0,6.0,1.0,,,,,,,2.0,0.0,Completed,1.91,1.91,1.97,1.92,1.97,1.95,1.89,1.88,11216,2313
11218,2582,2469,2469,2024-10-14,2024-10-15,1,giron|m / van de zandschulp|b,Antwerp,European Open,R32,R32,0.21333333333333335,1.0,1.0,0.9523809523809523,56.49523809523809,58,Antwerp,European Open,2024-10-15,ATP250,Indoor,Hard,1st Round,3,Giron M.,Van De Zandschulp B.,47,68.0,1165,804.0,6.0,4.0,6.0,1.0,,,,,,,2.0,0.0,Completed,1.91,1.91,1.93,1.96,1.93,2.01,1.87,1.91,11218,2314
11219,2583,2473,2473,2024-10-14,2024-10-15,1,blockx|a / rinderknech|a,Antwerp,European Open,R32,R32,0.21333333333333335,1.0,1.0,0.9523809523809523,56.49523809523809,58,Antwerp,European Open,2024-10-15,ATP250,Indoor,Hard,1st Round,3,Rinderknech A.,Blockx A.,62,231.0,860,247.0,6.0,3.0,6.0,1.0,,,,,,,2.0,0.0,Completed,1.62,2.3,1.68,2.31,1.75,2.31,1.63,2.24,11219,2315
11220,2584,2472,2472,2024-10-14,2024-10-15,1,acosta|f / bergs|z <> bergs|z / diaz acosta|f,Antwerp,European Open,R32,R32,0.21333333333333335,1.0,1.0,0.9523809523809523,56.49523809523809,58,Antwerp,European Open,2024-10-15,ATP250,Indoor,Hard,1st Round,3,Bergs Z.,Diaz Acosta F.,69,67.0,793,830.0,7.0,5.0,6.0,4.0,,,,,,,2.0,0.0,Completed,1.17,5.0,1.23,4.61,1.24,5.0,1.2,4.45,11220,2316
11221,2585,2467,2467,2024-10-14,2024-10-15,1,lehecka|j / munar|j,Antwerp,European Open,R32,R32,0.21333333333333335,1.0,1.0,0.9523809523809523,56.49523809523809,58,Antwerp,European Open,2024-10-15,ATP250,Indoor,Hard,1st Round,3,Lehecka J.,Munar J.,33,65.0,1440,844.0,6.0,1.0,6.0,4.0,,,,,,,2.0,0.0,Completed,1.25,4.0,1.32,3.67,1.33,4.01,1.28,3.59,11221,2317
11239,2603,2498,2498,2024-10-14,2024-10-15,1,borg|l / muller|a,Stockholm,Nordic Open,R32,R32,0.21333333333333335,1.0,1.0,0.9523809523809523,56.49523809523809,59,Stockholm,Nordic Open,2024-10-15,ATP250,Indoor,Hard,1st Round,3,Muller A.,Borg L.,70,590.0,785,57.0,6.0,3.0,7.0,6.0,,,,,,,2.0,0.0,Completed,1.1,7.0,1.13,7.1,1.13,7.6,1.1,6.8,11239,2318
11242,2606,2496,2496,2024-10-14,2024-10-15,1,djere|l / martinez|p,Stockholm,Nordic Open,R32,R32,0.21333333333333335,1.0,1.0,0.9523809523809523,56.49523809523809,59,Stockholm,Nordic Open,2024-10-15,ATP250,Indoor,Hard,1st Round,3,Djere L.,Martinez P.,113,39.0,516,1321.0,6.0,2.0,6.0,0.0,,,,,,,2.0,0.0,Completed,1.44,2.75,1.52,2.71,1.56,2.78,1.49,2.56,11242,2319
11243,2607,2495,2495,2024-10-14,2024-10-15,1,kecmanovic|m / norrie|c,Stockholm,Nordic Open,R32,R32,0.21333333333333335,1.0,1.0,0.9523809523809523,56.49523809523809,59,Stockholm,Nordic Open,2024-10-15,ATP250,Indoor,Hard,1st Round,3,Kecmanovic M.,Norrie C.,55,52.0,965,989.0,6.0,4.0,6.0,4.0,,,,,,,2.0,0.0,Completed,1.8,2.0,1.88,2.02,1.95,2.02,1.84,1.94,11243,2320
11244,2608,2497,2497,2024-10-14,2024-10-15,1,jarry|n / ymer|e,Stockholm,Nordic Open,R32,R32,0.21333333333333335,1.0,1.0,0.9523809523809523,56.49523809523809,59,Stockholm,Nordic Open,2024-10-15,ATP250,Indoor,Hard,1st Round,3,Jarry N.,Ymer E.,34,252.0,1385,219.0,2.0,6.0,6.0,4.0,7.0,6.0,,,,,2.0,1.0,Completed,1.67,2.2,1.69,2.28,1.69,2.31,1.64,2.23,11244,2321
11249,2613,2494,2494,2024-10-14,2024-10-15,1,fearnley|j / moutet|c,Stockholm,Nordic Open,R32,R32,0.21333333333333335,1.0,1.0,0.9523809523809523,56.49523809523809,59,Stockholm,Nordic Open,2024-10-15,ATP250,Indoor,Hard,1st Round,3,Fearnley J.,Moutet C.,99,71.0,588,764.0,6.0,2.0,7.0,6.0,,,,,,,2.0,0.0,Completed,1.4,3.0,1.42,3.09,1.44,3.09,1.4,2.9,11249,2322
11181,2545,2451,2451,2024-10-14,2024-10-16,2,karatsev|a / shevchenko|a,Almaty,Almaty Open,R16,R16,1.0,1.0,1.0,0.9047619047619048,99.52380952380952,57,Almaty,Almaty Open,2024-10-16,ATP250,Indoor,Hard,2nd Round,3,Shevchenko A.,Karatsev A.,61,139.0,900,425.0,6.0,1.0,6.0,7.0,7.0,5.0,,,,,2.0,1.0,Completed,2.0,1.8,2.09,1.83,2.13,1.92,2.01,1.78,11181,2323
11182,2546,2448,2448,2024-10-14,2024-10-16,2,cerundolo|f / engel|j,Almaty,Almaty Open,R16,R16,1.0,1.0,1.0,0.9047619047619048,99.52380952380952,57,Almaty,Almaty Open,2024-10-16,ATP250,Indoor,Hard,2nd Round,3,Cerundolo F.,Engel J.,31,458.0,1470,91.0,6.0,4.0,7.0,6.0,,,,,,,2.0,0.0,Completed,1.2,4.5,1.25,4.51,1.25,4.59,1.21,4.22,11182,2324
11183,2547,2449,2449,2024-10-14,2024-10-16,2,coric|b / diallo|g,Almaty,Almaty Open,R16,R16,1.0,1.0,1.0,0.9047619047619048,99.52380952380952,57,Almaty,Almaty Open,2024-10-16,ATP250,Indoor,Hard,2nd Round,3,Diallo G.,Coric B.,118,96.0,497,595.0,7.0,6.0,6.0,4.0,,,,,,,2.0,0.0,Completed,1.73,2.1,1.78,2.17,1.78,2.23,1.69,2.13,11183,2325
11184,2548,2450,2450,2024-10-14,2024-10-16,2,marterer|m / tabilo|a,Almaty,Almaty Open,R16,R16,1.0,1.0,1.0,0.9047619047619048,99.52380952380952,57,Almaty,Almaty Open,2024-10-16,ATP250,Indoor,Hard,2nd Round,3,Tabilo A.,Marterer M.,23,114.0,1983,507.0,6.0,2.0,6.0,4.0,,,,,,,2.0,0.0,Completed,1.44,2.75,1.42,3.14,1.46,3.14,1.42,2.79,11184,2326
11186,2550,2446,2446,2024-10-14,2024-10-16,2,duckworth|j / vukic|a,Almaty,Almaty Open,R32,R32,1.0,1.0,1.0,0.9047619047619048,99.52380952380952,57,Almaty,Almaty Open,2024-10-16,ATP250,Indoor,Hard,1st Round,3,Vukic A.,Duckworth J.,85,63.0,669,848.0,6.0,4.0,7.0,5.0,,,,,,,2.0,0.0,Completed,1.5,2.63,1.68,2.3,1.68,2.63,1.54,2.43,11186,2327
11190,2554,2447,2447,2024-10-14,2024-10-16,2,machac|t / skatov|t,Almaty,Almaty Open,R32,R32,1.0,1.0,1.0,0.9047619047619048,99.52380952380952,57,Almaty,Almaty Open,2024-10-16,ATP250,Indoor,Hard,1st Round,3,Machac T.,Skatov T.,25,192.0,1749,299.0,6.0,3.0,6.0,4.0,,,,,,,2.0,0.0,Completed,1.11,6.5,1.16,6.12,1.16,6.5,1.13,5.81,11190,2328
11204,2568,2477,2477,2024-10-14,2024-10-16,2,baena|r / de minaur|a <> carballes baena|r / de minaur|a,Antwerp,European Open,R16,R16,0.21333333333333335,1.0,1.0,0.9047619047619048,56.25714285714286,58,Antwerp,European Open,2024-10-16,ATP250,Indoor,Hard,2nd Round,3,De Minaur A.,Carballes Baena R.,9,54.0,3610,980.0,2.0,6.0,6.0,4.0,6.0,2.0,,,,,2.0,1.0,Completed,1.17,5.0,1.18,5.67,1.2,5.67,1.17,4.9,11204,2329
11205,2569,2476,2476,2024-10-14,2024-10-16,2,gaston|h / navone|m,Antwerp,European Open,R16,R16,0.21333333333333335,1.0,1.0,0.9047619047619048,56.25714285714286,58,Antwerp,European Open,2024-10-16,ATP250,Indoor,Hard,2nd Round,3,Gaston H.,Navone M.,77,43.0,693,1238.0,6.0,4.0,6.0,7.0,7.0,6.0,,,,,2.0,1.0,Completed,2.1,1.73,2.27,1.71,2.27,1.75,2.15,1.68,11205,2330
11206,2570,2478,2478,2024-10-14,2024-10-16,2,aliassime|f / fucsovics|m <> auger aliassime|f / fucsovics|m,Antwerp,European Open,R16,R16,0.21333333333333335,1.0,1.0,0.9047619047619048,56.25714285714286,58,Antwerp,European Open,2024-10-16,ATP250,Indoor,Hard,2nd Round,3,Auger-Aliassime F.,Fucsovics M.,21,93.0,2155,614.0,6.0,7.0,6.0,4.0,6.0,2.0,,,,,2.0,1.0,Completed,1.44,2.75,1.51,2.77,1.53,2.9,1.46,2.66,11206,2331
11207,2571,2475,2475,2024-10-14,2024-10-16,2,agut|r / etcheverry|t <> bautista agut|r / etcheverry|t,Antwerp,European Open,R16,R16,0.21333333333333335,1.0,1.0,0.9047619047619048,56.25714285714286,58,Antwerp,European Open,2024-10-16,ATP250,Indoor,Hard,2nd Round,3,Bautista Agut R.,Etcheverry T.,60,35.0,906,1375.0,7.0,6.0,6.0,4.0,,,,,,,2.0,0.0,Completed,2.0,1.8,2.12,1.81,2.12,1.89,1.98,1.81,11207,2332
11222,2586,2474,2474,2024-10-14,2024-10-16,2,altmaier|d / bailly|g,Antwerp,European Open,R32,R32,0.21333333333333335,1.0,1.0,0.9047619047619048,56.25714285714286,58,Antwerp,European Open,2024-10-16,ATP250,Indoor,Hard,1st Round,3,Altmaier D.,Bailly G.,84,869.0,672,21.0,6.0,4.0,6.0,3.0,,,,,,,2.0,0.0,Completed,1.57,2.38,1.52,2.7,1.59,2.7,1.53,2.45,11222,2333
11233,2597,2505,2505,2024-10-14,2024-10-16,2,djere|l / paul|t,Stockholm,Nordic Open,R16,R16,0.21333333333333335,1.0,1.0,0.9047619047619048,56.25714285714286,59,Stockholm,Nordic Open,2024-10-16,ATP250,Indoor,Hard,2nd Round,3,Paul T.,Djere L.,13,113.0,3055,516.0,6.0,2.0,7.0,6.0,,,,,,,2.0,0.0,Completed,1.22,4.33,1.26,4.37,1.27,4.38,1.23,4.08,11233,2334
11235,2599,2503,2503,2024-10-14,2024-10-16,2,berrettini|m / stricker|d,Stockholm,Nordic Open,R16,R16,0.21333333333333335,1.0,1.0,0.9047619047619048,56.25714285714286,59,Stockholm,Nordic Open,2024-10-16,ATP250,Indoor,Hard,2nd Round,3,Stricker D.,Berrettini M.,317,42.0,162,1245.0,7.0,6.0,6.0,4.0,,,,,,,2.0,0.0,Completed,4.5,1.2,4.84,1.22,4.84,1.23,4.31,1.21,11235,2335
11237,2601,2502,2502,2024-10-14,2024-10-16,2,fearnley|j / griekspoor|t,Stockholm,Nordic Open,R16,R16,0.21333333333333335,1.0,1.0,0.9047619047619048,56.25714285714286,59,Stockholm,Nordic Open,2024-10-16,ATP250,Indoor,Hard,2nd Round,3,Griekspoor T.,Fearnley J.,37,99.0,1345,588.0,7.0,6.0,6.0,3.0,,,,,,,2.0,0.0,Completed,1.73,2.1,1.72,2.25,1.73,2.27,1.69,2.14,11237,2336
11238,2602,2504,2504,2024-10-14,2024-10-16,2,ruud|c / sonego|l,Stockholm,Nordic Open,R16,R16,0.21333333333333335,1.0,1.0,0.9047619047619048,56.25714285714286,59,Stockholm,Nordic Open,2024-10-16,ATP250,Indoor,Hard,2nd Round,3,Ruud C.,Sonego L.,8,50.0,3885,1046.0,6.0,3.0,7.0,6.0,,,,,,,2.0,0.0,Completed,1.57,2.38,1.63,2.43,1.63,2.54,1.57,2.37,11238,2337
11240,2604,2499,2499,2024-10-14,2024-10-16,2,davidovich fokina|a / tirante|t <> fokina|a / tirante|t,Stockholm,Nordic Open,R32,R32,0.21333333333333335,1.0,1.0,0.9047619047619048,56.25714285714286,59,Stockholm,Nordic Open,2024-10-16,ATP250,Indoor,Hard,1st Round,3,Davidovich Fokina A.,Tirante T.A.,64,121.0,845,484.0,7.0,6.0,6.0,2.0,,,,,,,2.0,0.0,Completed,1.2,4.5,1.28,4.05,1.28,4.54,1.22,4.1,11240,2338
11241,2605,2500,2500,2024-10-14,2024-10-16,2,nakashima|b / wawrinka|s,Stockholm,Nordic Open,R32,R32,0.21333333333333335,1.0,1.0,0.9047619047619048,56.25714285714286,59,Stockholm,Nordic Open,2024-10-16,ATP250,Indoor,Hard,1st Round,3,Wawrinka S.,Nakashima B.,217,38.0,263,1340.0,6.0,4.0,6.0,4.0,,,,,,,2.0,0.0,Completed,3.0,1.4,3.18,1.4,3.21,1.43,2.98,1.38,11241,2339
11247,2611,2501,2501,2024-10-14,2024-10-16,2,halys|q / nagal|s,Stockholm,Nordic Open,R32,R32,0.21333333333333335,1.0,1.0,0.9047619047619048,56.25714285714286,59,Stockholm,Nordic Open,2024-10-16,ATP250,Indoor,Hard,1st Round,3,Halys Q.,Nagal S.,95,78.0,603,691.0,6.0,0.0,6.0,4.0,,,,,,,2.0,0.0,Completed,1.2,4.5,1.27,4.18,1.27,4.5,1.23,4.01,11247,2340
11177,2541,2455,2455,2024-10-14,2024-10-17,3,evans|d / tiafoe|f,Almaty,Almaty Open,R16,R16,1.0,1.0,1.0,0.8571428571428572,99.28571428571429,57,Almaty,Almaty Open,2024-10-17,ATP250,Indoor,Hard,2nd Round,3,Tiafoe F.,Evans D.,15,180.0,2600,326.0,6.0,7.0,7.0,6.0,6.0,3.0,,,,,2.0,1.0,Completed,1.4,3.0,1.43,3.06,1.45,3.1,1.39,2.93,11177,2341
11178,2542,2454,2454,2024-10-14,2024-10-17,3,mannarino|a / vukic|a,Almaty,Almaty Open,R16,R16,1.0,1.0,1.0,0.8571428571428572,99.28571428571429,57,Almaty,Almaty Open,2024-10-17,ATP250,Indoor,Hard,2nd Round,3,Vukic A.,Mannarino A.,85,56.0,669,949.0,7.0,6.0,6.0,3.0,,,,,,,2.0,0.0,Completed,1.69,2.1,1.81,2.12,1.81,2.13,1.75,2.05,11178,2342
11179,2543,2453,2453,2024-10-14,2024-10-17,3,khachanov|k / virtanen|o,Almaty,Almaty Open,R16,R16,1.0,1.0,1.0,0.8571428571428572,99.28571428571429,57,Almaty,Almaty Open,2024-10-17,ATP250,Indoor,Hard,2nd Round,3,Khachanov K.,Virtanen O.,26,116.0,1745,499.0,7.0,6.0,7.0,6.0,,,,,,,2.0,0.0,Completed,1.44,2.75,1.52,2.75,1.61,2.92,1.47,2.63,11179,2343
11180,2544,2452,2452,2024-10-14,2024-10-17,3,machac|t / zhukayev|b,Almaty,Almaty Open,R16,R16,1.0,1.0,1.0,0.8571428571428572,99.28571428571429,57,Almaty,Almaty Open,2024-10-17,ATP250,Indoor,Hard,2nd Round,3,Zhukayev B.,Machac T.,213,25.0,272,1749.0,3.0,1.0,,,,,,,,,0.0,0.0,Retired,5.0,1.17,5.77,1.18,5.77,1.2,4.79,1.18,11180,2344
11208,2572,2480,2480,2024-10-14,2024-10-17,3,giron|m / rinderknech|a,Antwerp,European Open,R16,R16,0.21333333333333335,1.0,1.0,0.8571428571428572,56.01904761904762,58,Antwerp,European Open,2024-10-17,ATP250,Indoor,Hard,2nd Round,3,Giron M.,Rinderknech A.,47,62.0,1165,860.0,7.0,6.0,7.0,6.0,,,,,,,2.0,0.0,Completed,1.62,2.3,1.65,2.39,1.66,2.4,1.61,2.27,11208,2345
11209,2573,2482,2482,2024-10-14,2024-10-17,3,baez|s / bergs|z,Antwerp,European Open,R16,R16,0.21333333333333335,1.0,1.0,0.8571428571428572,56.01904761904762,58,Antwerp,European Open,2024-10-17,ATP250,Indoor,Hard,2nd Round,3,Bergs Z.,Baez S.,69,27.0,793,1725.0,6.0,3.0,6.0,4.0,,,,,,,2.0,0.0,Completed,1.25,4.0,1.27,4.2,1.29,4.2,1.25,3.87,11209,2346
11210,2574,2479,2479,2024-10-14,2024-10-17,3,altmaier|d / lehecka|j,Antwerp,European Open,R16,R16,0.21333333333333335,1.0,1.0,0.8571428571428572,56.01904761904762,58,Antwerp,European Open,2024-10-17,ATP250,Indoor,Hard,2nd Round,3,Lehecka J.,Altmaier D.,33,84.0,1440,672.0,6.0,4.0,6.0,3.0,,,,,,,2.0,0.0,Completed,1.17,5.0,1.19,5.56,1.19,5.56,1.17,4.85,11210,2347
11211,2575,2481,2481,2024-10-14,2024-10-17,3,seyboth wild|t / tsitsipas|s <> tsitsipas|s / wild|t,Antwerp,European Open,R16,R16,0.21333333333333335,1.0,1.0,0.8571428571428572,56.01904761904762,58,Antwerp,European Open,2024-10-17,ATP250,Indoor,Hard,2nd Round,3,Tsitsipas S.,Seyboth Wild T.,11,80.0,3445,686.0,7.0,6.0,4.0,6.0,7.0,5.0,,,,,2.0,1.0,Completed,1.25,4.0,1.27,4.17,1.28,4.25,1.25,3.9,11211,2348
11231,2595,2508,2508,2024-10-14,2024-10-17,3,muller|a / rublev|a,Stockholm,Nordic Open,R16,R16,0.21333333333333335,1.0,1.0,0.8571428571428572,56.01904761904762,59,Stockholm,Nordic Open,2024-10-17,ATP250,Indoor,Hard,2nd Round,3,Rublev A.,Muller A.,7,70.0,4110,785.0,6.0,4.0,6.0,1.0,,,,,,,2.0,0.0,Completed,1.2,4.5,1.2,5.25,1.22,5.25,1.19,4.53,11231,2349
11232,2596,2507,2507,2024-10-14,2024-10-17,3,davidovich fokina|a / wawrinka|s <> fokina|a / wawrinka|s,Stockholm,Nordic Open,R16,R16,0.21333333333333335,1.0,1.0,0.8571428571428572,56.01904761904762,59,Stockholm,Nordic Open,2024-10-17,ATP250,Indoor,Hard,2nd Round,3,Wawrinka S.,Davidovich Fokina A.,217,64.0,263,845.0,6.0,4.0,3.0,6.0,7.0,5.0,,,,,2.0,1.0,Completed,2.38,1.57,2.4,1.65,2.4,1.66,2.31,1.6,11232,2350
11234,2598,2506,2506,2024-10-14,2024-10-17,3,jarry|n / kecmanovic|m,Stockholm,Nordic Open,R16,R16,0.21333333333333335,1.0,1.0,0.8571428571428572,56.01904761904762,59,Stockholm,Nordic Open,2024-10-17,ATP250,Indoor,Hard,2nd Round,3,Kecmanovic M.,Jarry N.,55,34.0,965,1385.0,6.0,4.0,4.0,6.0,7.0,6.0,,,,,2.0,1.0,Completed,1.44,2.75,1.54,2.67,1.54,2.75,1.49,2.59,11234,2351
11236,2600,2509,2509,2024-10-14,2024-10-17,3,dimitrov|g / halys|q,Stockholm,Nordic Open,R16,R16,0.21333333333333335,1.0,1.0,0.8571428571428572,56.01904761904762,59,Stockholm,Nordic Open,2024-10-17,ATP250,Indoor,Hard,2nd Round,3,Dimitrov G.,Halys Q.,10,95.0,3580,603.0,7.0,6.0,6.0,3.0,,,,,,,2.0,0.0,Completed,1.25,4.0,1.25,4.4,1.26,4.4,1.24,4.02,11236,2352
11173,2537,2458,2458,2024-10-14,2024-10-18,4,tiafoe|f / vukic|a,Almaty,Almaty Open,QF,QF,1.0,1.0,1.0,0.8095238095238095,99.04761904761905,57,Almaty,Almaty Open,2024-10-18,ATP250,Indoor,Hard,Quarterfinals,3,Vukic A.,Tiafoe F.,85,15.0,669,2600.0,6.0,2.0,7.0,6.0,,,,,,,2.0,0.0,Completed,3.0,1.4,3.11,1.42,3.11,1.48,2.89,1.4,11173,2353
11174,2538,2459,2459,2024-10-14,2024-10-18,4,khachanov|k / zhukayev|b,Almaty,Almaty Open,QF,QF,1.0,1.0,1.0,0.8095238095238095,99.04761904761905,57,Almaty,Almaty Open,2024-10-18,ATP250,Indoor,Hard,Quarterfinals,3,Khachanov K.,Zhukayev B.,26,213.0,1745,272.0,6.0,2.0,6.0,4.0,,,,,,,2.0,0.0,Completed,1.29,3.75,1.28,4.07,1.29,4.1,1.25,3.87,11174,2354
11175,2539,2457,2457,2024-10-14,2024-10-18,4,cerundolo|f / shevchenko|a,Almaty,Almaty Open,QF,QF,1.0,1.0,1.0,0.8095238095238095,99.04761904761905,57,Almaty,Almaty Open,2024-10-18,ATP250,Indoor,Hard,Quarterfinals,3,Cerundolo F.,Shevchenko A.,31,61.0,1470,900.0,6.0,2.0,6.0,3.0,,,,,,,2.0,0.0,Completed,1.67,2.2,1.73,2.24,1.75,2.27,1.68,2.17,11175,2355
11176,2540,2456,2456,2024-10-14,2024-10-18,4,diallo|g / tabilo|a,Almaty,Almaty Open,QF,QF,1.0,1.0,1.0,0.8095238095238095,99.04761904761905,57,Almaty,Almaty Open,2024-10-18,ATP250,Indoor,Hard,Quarterfinals,3,Diallo G.,Tabilo A.,118,23.0,497,1983.0,3.0,6.0,6.0,3.0,6.0,4.0,,,,,2.0,1.0,Completed,2.0,1.8,2.08,1.84,2.08,1.88,1.99,1.8,11176,2356
11200,2564,2484,2484,2024-10-14,2024-10-18,4,de minaur|a / gaston|h,Antwerp,European Open,QF,QF,0.21333333333333335,1.0,1.0,0.8095238095238095,55.780952380952385,58,Antwerp,European Open,2024-10-18,ATP250,Indoor,Hard,Quarterfinals,3,Gaston H.,De Minaur A.,77,9.0,693,3610.0,6.0,3.0,3.0,6.0,7.0,5.0,,,,,2.0,1.0,Completed,5.5,1.14,6.61,1.15,6.68,1.16,5.52,1.14,11200,2357
11201,2565,2483,2483,2024-10-14,2024-10-18,4,agut|r / aliassime|f <> agut|r / auger aliassime|f <> aliassime|f / bautista agut|r <> auger aliassime|f / bautista agut|r,Antwerp,European Open,QF,QF,0.21333333333333335,1.0,1.0,0.8095238095238095,55.780952380952385,58,Antwerp,European Open,2024-10-18,ATP250,Indoor,Hard,Quarterfinals,3,Bautista Agut R.,Auger-Aliassime F.,60,21.0,906,2155.0,3.0,6.0,6.0,2.0,7.0,6.0,,,,,2.0,1.0,Completed,3.4,1.33,3.39,1.37,3.44,1.37,3.24,1.33,11201,2358
11202,2566,2486,2486,2024-10-14,2024-10-18,4,bergs|z / giron|m,Antwerp,European Open,QF,QF,0.21333333333333335,1.0,1.0,0.8095238095238095,55.780952380952385,58,Antwerp,European Open,2024-10-18,ATP250,Indoor,Hard,Quarterfinals,3,Giron M.,Bergs Z.,47,69.0,1165,793.0,6.0,2.0,6.0,2.0,,,,,,,2.0,0.0,Completed,2.1,1.69,2.21,1.75,2.23,1.75,2.13,1.69,11202,2359
11203,2567,2485,2485,2024-10-14,2024-10-18,4,lehecka|j / tsitsipas|s,Antwerp,European Open,QF,QF,0.21333333333333335,1.0,1.0,0.8095238095238095,55.780952380952385,58,Antwerp,European Open,2024-10-18,ATP250,Indoor,Hard,Quarterfinals,3,Lehecka J.,Tsitsipas S.,33,11.0,1440,3445.0,6.0,4.0,6.0,4.0,,,,,,,2.0,0.0,Completed,1.8,2.0,1.9,2.0,1.9,2.0,1.82,1.96,11203,2360
11227,2591,2511,2511,2024-10-14,2024-10-18,4,rublev|a / wawrinka|s,Stockholm,Nordic Open,QF,QF,0.21333333333333335,1.0,1.0,0.8095238095238095,55.780952380952385,59,Stockholm,Nordic Open,2024-10-18,ATP250,Indoor,Hard,Quarterfinals,3,Wawrinka S.,Rublev A.,217,7.0,263,4110.0,7.0,6.0,7.0,6.0,,,,,,,2.0,0.0,Completed,5.0,1.17,5.42,1.19,5.42,1.22,4.67,1.19,11227,2361
11228,2592,2510,2510,2024-10-14,2024-10-18,4,kecmanovic|m / paul|t,Stockholm,Nordic Open,QF,QF,0.21333333333333335,1.0,1.0,0.8095238095238095,55.780952380952385,59,Stockholm,Nordic Open,2024-10-18,ATP250,Indoor,Hard,Quarterfinals,3,Paul T.,Kecmanovic M.,13,55.0,3055,965.0,7.0,6.0,6.0,2.0,,,,,,,2.0,0.0,Completed,1.29,3.75,1.31,3.86,1.34,3.86,1.28,3.58,11228,2362
11229,2593,2513,2513,2024-10-14,2024-10-18,4,dimitrov|g / stricker|d,Stockholm,Nordic Open,QF,QF,0.21333333333333335,1.0,1.0,0.8095238095238095,55.780952380952385,59,Stockholm,Nordic Open,2024-10-18,ATP250,Indoor,Hard,Quarterfinals,3,Dimitrov G.,Stricker D.,10,317.0,3580,162.0,6.0,3.0,6.0,2.0,,,,,,,2.0,0.0,Completed,1.2,4.5,1.24,4.58,1.24,4.58,1.22,4.25,11229,2363
11230,2594,2512,2512,2024-10-14,2024-10-18,4,griekspoor|t / ruud|c,Stockholm,Nordic Open,QF,QF,0.21333333333333335,1.0,1.0,0.8095238095238095,55.780952380952385,59,Stockholm,Nordic Open,2024-10-18,ATP250,Indoor,Hard,Quarterfinals,3,Griekspoor T.,Ruud C.,37,8.0,1345,3885.0,7.0,5.0,7.0,6.0,,,,,,,2.0,0.0,Completed,2.0,1.8,2.09,1.83,2.14,1.86,2.02,1.78,11230,2364
11171,2535,2461,2461,2024-10-14,2024-10-19,5,khachanov|k / vukic|a,Almaty,Almaty Open,SF,SF,1.0,1.0,1.0,0.7619047619047619,98.80952380952381,57,Almaty,Almaty Open,2024-10-19,ATP250,Indoor,Hard,Semifinals,3,Khachanov K.,Vukic A.,26,85.0,1745,669.0,6.0,7.0,6.0,3.0,6.0,4.0,,,,,2.0,1.0,Completed,1.5,2.63,1.53,2.7,1.54,2.75,1.49,2.59,11171,2365
11172,2536,2460,2460,2024-10-14,2024-10-19,5,cerundolo|f / diallo|g,Almaty,Almaty Open,SF,SF,1.0,1.0,1.0,0.7619047619047619,98.80952380952381,57,Almaty,Almaty Open,2024-10-19,ATP250,Indoor,Hard,Semifinals,3,Diallo G.,Cerundolo F.,118,31.0,497,1470.0,6.0,4.0,6.0,2.0,,,,,,,2.0,0.0,Completed,1.8,2.0,1.88,2.02,1.92,2.07,1.82,1.96,11172,2366
11198,2562,2487,2487,2024-10-14,2024-10-19,5,agut|r / gaston|h <> bautista agut|r / gaston|h,Antwerp,European Open,SF,SF,0.21333333333333335,1.0,1.0,0.7619047619047619,55.542857142857144,58,Antwerp,European Open,2024-10-19,ATP250,Indoor,Hard,Semifinals,3,Bautista Agut R.,Gaston H.,60,77.0,906,693.0,6.0,3.0,6.0,4.0,,,,,,,2.0,0.0,Completed,1.4,3.0,1.4,3.22,1.44,3.22,1.39,2.94,11198,2367
11199,2563,2488,2488,2024-10-14,2024-10-19,5,giron|m / lehecka|j,Antwerp,European Open,SF,SF,0.21333333333333335,1.0,1.0,0.7619047619047619,55.542857142857144,58,Antwerp,European Open,2024-10-19,ATP250,Indoor,Hard,Semifinals,3,Lehecka J.,Giron M.,33,47.0,1440,1165.0,6.0,3.0,4.0,6.0,6.0,2.0,,,,,2.0,1.0,Completed,1.44,2.75,1.56,2.5,1.59,2.75,1.5,2.56,11199,2368
11225,2589,2514,2514,2024-10-14,2024-10-19,5,paul|t / wawrinka|s,Stockholm,Nordic Open,SF,SF,0.21333333333333335,1.0,1.0,0.7619047619047619,55.542857142857144,59,Stockholm,Nordic Open,2024-10-19,ATP250,Indoor,Hard,Semifinals,3,Paul T.,Wawrinka S.,13,217.0,3055,263.0,6.0,3.0,6.0,2.0,,,,,,,2.0,0.0,Completed,1.2,4.5,1.24,4.66,1.25,4.66,1.21,4.28,11225,2369
11226,2590,2515,2515,2024-10-14,2024-10-19,5,dimitrov|g / griekspoor|t,Stockholm,Nordic Open,SF,SF,0.21333333333333335,1.0,1.0,0.7619047619047619,55.542857142857144,59,Stockholm,Nordic Open,2024-10-19,ATP250,Indoor,Hard,Semifinals,3,Dimitrov G.,Griekspoor T.,10,37.0,3580,1345.0,2.0,6.0,7.0,5.0,6.0,4.0,,,,,2.0,1.0,Completed,1.4,3.0,1.43,3.05,1.45,3.05,1.41,2.88,11226,2370
11170,2534,2462,2462,2024-10-14,2024-10-20,6,diallo|g / khachanov|k,Almaty,Almaty Open,F,F,1.0,1.0,1.0,0.7142857142857143,98.57142857142857,57,Almaty,Almaty Open,2024-10-20,ATP250,Indoor,Hard,The Final,3,Khachanov K.,Diallo G.,26,118.0,1745,497.0,6.0,2.0,5.0,7.0,6.0,3.0,,,,,2.0,1.0,Completed,1.62,2.3,1.74,2.22,1.75,2.46,2.24,2.25,11170,2371
11197,2561,2489,2489,2024-10-14,2024-10-20,6,agut|r / lehecka|j <> bautista agut|r / lehecka|j,Antwerp,European Open,F,F,0.21333333333333335,1.0,1.0,0.7142857142857143,55.304761904761904,58,Antwerp,European Open,2024-10-20,ATP250,Indoor,Hard,The Final,3,Bautista Agut R.,Lehecka J.,60,33.0,906,1440.0,7.0,5.0,6.0,1.0,,,,,,,2.0,0.0,Completed,3.2,1.36,3.31,1.38,3.31,1.42,3.04,1.37,11197,2372
11224,2588,2516,2516,2024-10-14,2024-10-20,6,dimitrov|g / paul|t,Stockholm,Nordic Open,F,F,0.21333333333333335,1.0,1.0,0.7142857142857143,55.304761904761904,59,Stockholm,Nordic Open,2024-10-20,ATP250,Indoor,Hard,The Final,3,Paul T.,Dimitrov G.,13,10.0,3055,3580.0,6.0,4.0,6.0,3.0,,,,,,,2.0,0.0,Completed,1.67,2.2,1.77,2.18,1.77,2.25,1.68,2.17,11224,2373
11266,2630,2521,2521,2024-10-21,2024-10-21,0,borges|n / rublev|a,Basel,Swiss Indoors,R32,R32,0.08888888888888889,1.0,1.0,1.0,49.888888888888886,60,Basel,Swiss Indoors,2024-10-21,ATP500,Indoor,Hard,1st Round,3,Rublev A.,Borges N.,7,33.0,4150,1446.0,6.0,3.0,6.0,2.0,,,,,,,2.0,0.0,Completed,1.17,5.0,1.2,5.04,1.21,5.1,1.18,4.76,11266,2374
11273,2637,2519,2519,2024-10-21,2024-10-21,0,altmaier|d / fils|a,Basel,Swiss Indoors,R32,R32,0.08888888888888889,1.0,1.0,1.0,49.888888888888886,60,Basel,Swiss Indoors,2024-10-21,ATP500,Indoor,Hard,1st Round,3,Fils A.,Altmaier D.,20,82.0,2090,690.0,7.0,6.0,6.0,3.0,,,,,,,2.0,0.0,Completed,1.29,3.75,1.28,3.93,1.3,3.94,1.28,3.65,11273,2375
11274,2638,2517,2517,2024-10-21,2024-10-21,0,humbert|u / kym|j,Basel,Swiss Indoors,R32,R32,0.08888888888888889,1.0,1.0,1.0,49.888888888888886,60,Basel,Swiss Indoors,2024-10-21,ATP500,Indoor,Hard,1st Round,3,Humbert U.,Kym J.,16,140.0,2515,421.0,6.0,4.0,6.0,7.0,7.0,5.0,,,,,2.0,1.0,Completed,1.33,3.4,1.37,3.35,1.4,3.4,1.34,3.18,11274,2376
11275,2639,2518,2518,2024-10-21,2024-10-21,0,arnaldi|m / goffin|d,Basel,Swiss Indoors,R32,R32,0.08888888888888889,1.0,1.0,1.0,49.888888888888886,60,Basel,Swiss Indoors,2024-10-21,ATP500,Indoor,Hard,1st Round,3,Goffin D.,Arnaldi M.,54,37.0,980,1355.0,6.0,7.0,6.0,3.0,6.0,2.0,,,,,2.0,1.0,Completed,2.2,1.67,1.93,1.93,2.25,1.94,2.13,1.69,11275,2377
11297,2661,2550,2550,2024-10-21,2024-10-21,0,schwaerzler|j / zverev|a,Vienna,Vienna Open,R32,R32,1.0,1.0,1.0,1.0,100.0,61,Vienna,Vienna Open,2024-10-21,ATP500,Indoor,Hard,1st Round,3,Zverev A.,Schwaerzler J.,3,347.0,6795,141.0,6.0,2.0,6.0,2.0,,,,,,,2.0,0.0,Completed,1.03,15.0,1.02,27.44,1.03,27.44,1.02,14.29,11297,2378
11306,2670,2549,2549,2024-10-21,2024-10-21,0,berrettini|m / fucsovics|m,Vienna,Vienna Open,R32,R32,1.0,1.0,1.0,1.0,100.0,61,Vienna,Vienna Open,2024-10-21,ATP500,Indoor,Hard,1st Round,3,Berrettini M.,Fucsovics M.,41,88.0,1270,639.0,7.0,5.0,6.0,4.0,,,,,,,2.0,0.0,Completed,1.33,3.4,1.42,3.05,1.44,3.4,1.38,2.98,11306,2379
11309,2673,2551,2551,2024-10-21,2024-10-21,0,mensik|j / popyrin|a,Vienna,Vienna Open,R32,R32,1.0,1.0,1.0,1.0,100.0,61,Vienna,Vienna Open,2024-10-21,ATP500,Indoor,Hard,1st Round,3,Mensik J.,Popyrin A.,51,25.0,1022,1775.0,7.0,6.0,6.0,2.0,,,,,,,2.0,0.0,Completed,1.67,2.2,1.83,2.07,1.83,2.2,1.73,2.08,11309,2380
11311,2675,2548,2548,2024-10-21,2024-10-21,0,cobolli|f / davidovich fokina|a <> cobolli|f / fokina|a,Vienna,Vienna Open,R32,R32,1.0,1.0,1.0,1.0,100.0,61,Vienna,Vienna Open,2024-10-21,ATP500,Indoor,Hard,1st Round,3,Cobolli F.,Davidovich Fokina A.,31,62.0,1482,860.0,7.0,6.0,6.0,3.0,,,,,,,2.0,0.0,Completed,2.1,1.73,2.22,1.72,2.27,1.82,2.1,1.71,11311,2381
11267,2631,2526,2526,2024-10-21,2024-10-22,1,cilic|m / tabilo|a,Basel,Swiss Indoors,R32,R32,0.08888888888888889,1.0,1.0,0.9523809523809523,49.650793650793645,60,Basel,Swiss Indoors,2024-10-22,ATP500,Indoor,Hard,1st Round,3,Tabilo A.,Cilic M.,21,202.0,2023,288.0,7.0,6.0,7.0,6.0,,,,,,,2.0,0.0,Completed,1.73,2.1,1.78,2.14,1.81,2.19,1.73,2.08,11267,2382
11269,2633,2525,2525,2024-10-21,2024-10-22,1,etcheverry|t / shelton|b,Basel,Swiss Indoors,R32,R32,0.08888888888888889,1.0,1.0,0.9523809523809523,49.650793650793645,60,Basel,Swiss Indoors,2024-10-22,ATP500,Indoor,Hard,1st Round,3,Shelton B.,Etcheverry T.,23,36.0,2010,1375.0,6.0,3.0,6.0,4.0,,,,,,,2.0,0.0,Completed,1.36,3.2,1.38,3.27,1.38,3.27,1.35,3.1,11269,2383
11270,2634,2528,2528,2024-10-21,2024-10-22,1,cerundolo|f / tsitsipas|s,Basel,Swiss Indoors,R32,R32,0.08888888888888889,1.0,1.0,0.9523809523809523,49.650793650793645,60,Basel,Swiss Indoors,2024-10-22,ATP500,Indoor,Hard,1st Round,3,Tsitsipas S.,Cerundolo F.,11,30.0,3405,1570.0,6.0,3.0,6.0,7.0,7.0,6.0,,,,,2.0,1.0,Completed,1.4,3.0,1.38,3.26,1.41,3.26,1.37,3.03,11270,2384
11271,2635,2524,2524,2024-10-21,2024-10-22,1,bublik|a / van de zandschulp|b,Basel,Swiss Indoors,R32,R32,0.08888888888888889,1.0,1.0,0.9523809523809523,49.650793650793645,60,Basel,Swiss Indoors,2024-10-22,ATP500,Indoor,Hard,1st Round,3,Van De Zandschulp B.,Bublik A.,67,32.0,804,1460.0,3.0,6.0,6.0,4.0,4.0,0.0,,,,,1.0,1.0,Retired,1.67,2.2,1.73,2.22,1.74,2.23,1.68,2.15,11271,2385
11276,2640,2523,2523,2024-10-21,2024-10-22,1,griekspoor|t / stricker|d,Basel,Swiss Indoors,R32,R32,0.08888888888888889,1.0,1.0,0.9523809523809523,49.650793650793645,60,Basel,Swiss Indoors,2024-10-22,ATP500,Indoor,Hard,1st Round,3,Stricker D.,Griekspoor T.,258,35.0,212,1400.0,6.0,4.0,6.0,4.0,,,,,,,2.0,0.0,Completed,2.75,1.44,2.85,1.47,2.85,1.5,2.69,1.45,11276,2386
11277,2641,2527,2527,2024-10-21,2024-10-22,1,jarry|n / rune|h,Basel,Swiss Indoors,R32,R32,0.08888888888888889,1.0,1.0,0.9523809523809523,49.650793650793645,60,Basel,Swiss Indoors,2024-10-22,ATP500,Indoor,Hard,1st Round,3,Rune H.,Jarry N.,14,34.0,2985,1400.0,6.0,4.0,7.0,6.0,,,,,,,2.0,0.0,Completed,1.3,3.5,1.28,4.06,1.31,4.06,1.26,3.72,11277,2387
11280,2644,2522,2522,2024-10-21,2024-10-22,1,shang|j / shapovalov|d,Basel,Swiss Indoors,R32,R32,0.08888888888888889,1.0,1.0,0.9523809523809523,49.650793650793645,60,Basel,Swiss Indoors,2024-10-22,ATP500,Indoor,Hard,1st Round,3,Shapovalov D.,Shang J.,95,47.0,618,1075.0,6.0,1.0,6.0,4.0,,,,,,,2.0,0.0,Completed,2.0,1.8,2.02,1.88,2.06,1.88,1.97,1.81,11280,2388
11298,2662,2554,2554,2024-10-21,2024-10-22,1,giron|m / michelsen|a,Vienna,Vienna Open,R32,R32,1.0,1.0,1.0,0.9523809523809523,99.76190476190476,61,Vienna,Vienna Open,2024-10-22,ATP500,Indoor,Hard,1st Round,3,Giron M.,Michelsen A.,48,43.0,1065,1220.0,7.0,6.0,6.0,3.0,,,,,,,2.0,0.0,Completed,2.0,1.8,2.0,1.89,2.12,1.89,1.98,1.8,11298,2389
11299,2663,2556,2556,2024-10-21,2024-10-22,1,halys|q / monfils|g,Vienna,Vienna Open,R32,R32,1.0,1.0,1.0,0.9523809523809523,99.76190476190476,61,Vienna,Vienna Open,2024-10-22,ATP500,Indoor,Hard,1st Round,3,Monfils G.,Halys Q.,52,90.0,1010,628.0,7.0,6.0,6.0,3.0,,,,,,,2.0,0.0,Completed,1.62,2.3,1.67,2.33,1.69,2.33,1.63,2.25,11299,2390
11300,2664,2558,2558,2024-10-21,2024-10-22,1,musetti|l / sonego|l,Vienna,Vienna Open,R32,R32,1.0,1.0,1.0,0.9523809523809523,99.76190476190476,61,Vienna,Vienna Open,2024-10-22,ATP500,Indoor,Hard,1st Round,3,Musetti L.,Sonego L.,17,49.0,2425,1061.0,6.0,3.0,6.0,2.0,,,,,,,2.0,0.0,Completed,1.57,2.38,1.57,2.54,1.59,2.59,1.54,2.45,11300,2391
11303,2667,2557,2557,2024-10-21,2024-10-22,1,darderi|l / thiem|d,Vienna,Vienna Open,R32,R32,1.0,1.0,1.0,0.9523809523809523,99.76190476190476,61,Vienna,Vienna Open,2024-10-22,ATP500,Indoor,Hard,1st Round,3,Darderi L.,Thiem D.,42,318.0,1228,162.0,7.0,6.0,6.0,2.0,,,,,,,2.0,0.0,Completed,1.57,2.38,1.56,2.59,1.59,2.55,1.54,2.4,11303,2392
11304,2668,2559,2559,2024-10-21,2024-10-22,1,draper|j / nishikori|k,Vienna,Vienna Open,R32,R32,1.0,1.0,1.0,0.9523809523809523,99.76190476190476,61,Vienna,Vienna Open,2024-10-22,ATP500,Indoor,Hard,1st Round,3,Draper J.,Nishikori K.,18,141.0,2310,418.0,7.0,6.0,7.0,5.0,,,,,,,2.0,0.0,Completed,1.3,3.5,1.32,3.7,1.33,3.71,1.29,3.47,11304,2393
11305,2669,2555,2555,2024-10-21,2024-10-22,1,norrie|c / tiafoe|f,Vienna,Vienna Open,R32,R32,1.0,1.0,1.0,0.9523809523809523,99.76190476190476,61,Vienna,Vienna Open,2024-10-22,ATP500,Indoor,Hard,1st Round,3,Tiafoe F.,Norrie C.,15,53.0,2625,989.0,6.0,4.0,7.0,6.0,,,,,,,2.0,0.0,Completed,1.41,2.75,1.53,2.65,1.54,2.9,1.48,2.59,11305,2394
11310,2674,2552,2552,2024-10-21,2024-10-22,1,kecmanovic|m / navone|m,Vienna,Vienna Open,R32,R32,1.0,1.0,1.0,0.9523809523809523,99.76190476190476,61,Vienna,Vienna Open,2024-10-22,ATP500,Indoor,Hard,1st Round,3,Kecmanovic M.,Navone M.,58,44.0,925,1188.0,6.0,2.0,6.0,4.0,,,,,,,2.0,0.0,Completed,1.29,3.75,1.33,3.62,1.31,3.75,1.29,3.48,11310,2395
11312,2676,2553,2553,2024-10-21,2024-10-22,1,de minaur|a / struff|j,Vienna,Vienna Open,R32,R32,1.0,1.0,1.0,0.9523809523809523,99.76190476190476,61,Vienna,Vienna Open,2024-10-22,ATP500,Indoor,Hard,1st Round,3,De Minaur A.,Struff J.L.,10,40.0,3570,1285.0,2.0,6.0,6.0,2.0,6.0,2.0,,,,,2.0,1.0,Completed,1.36,3.2,1.38,3.3,1.41,3.3,1.35,3.13,11312,2396
11258,2622,2534,2534,2024-10-21,2024-10-23,2,rublev|a / tabilo|a,Basel,Swiss Indoors,R16,R16,0.08888888888888889,1.0,1.0,0.9047619047619048,49.41269841269841,60,Basel,Swiss Indoors,2024-10-23,ATP500,Indoor,Hard,2nd Round,3,Rublev A.,Tabilo A.,7,21.0,4150,2023.0,7.0,6.0,6.0,1.0,,,,,,,2.0,0.0,Completed,1.25,4.0,1.29,4.04,1.29,4.25,1.25,3.88,11258,2397
11262,2626,2533,2533,2024-10-21,2024-10-23,2,goffin|d / humbert|u,Basel,Swiss Indoors,R16,R16,0.08888888888888889,1.0,1.0,0.9047619047619048,49.41269841269841,60,Basel,Swiss Indoors,2024-10-23,ATP500,Indoor,Hard,2nd Round,3,Goffin D.,Humbert U.,54,16.0,980,2515.0,3.0,6.0,6.0,1.0,7.0,6.0,,,,,2.0,1.0,Completed,3.2,1.36,3.34,1.38,3.34,1.38,3.18,1.34,11262,2398
11268,2632,2532,2532,2024-10-21,2024-10-23,2,mannarino|a / wawrinka|s,Basel,Swiss Indoors,R32,R32,0.08888888888888889,1.0,1.0,0.9047619047619048,49.41269841269841,60,Basel,Swiss Indoors,2024-10-23,ATP500,Indoor,Hard,1st Round,3,Wawrinka S.,Mannarino A.,169,57.0,343,929.0,6.0,3.0,3.0,6.0,7.0,5.0,,,,,2.0,1.0,Completed,1.57,2.38,1.65,2.37,1.7,2.4,1.59,2.31,11268,2399
11272,2636,2530,2530,2024-10-21,2024-10-23,2,lehecka|j / martinez|p,Basel,Swiss Indoors,R32,R32,0.08888888888888889,1.0,1.0,0.9047619047619048,49.41269841269841,60,Basel,Swiss Indoors,2024-10-23,ATP500,Indoor,Hard,1st Round,3,Martinez P.,Lehecka J.,39,28.0,1320,1605.0,6.0,2.0,6.0,2.0,,,,,,,2.0,0.0,Completed,5.0,1.17,5.81,1.17,5.81,1.18,5.08,1.16,11272,2400
11278,2642,2529,2529,2024-10-21,2024-10-23,2,aliassime|f / baez|s <> auger aliassime|f / baez|s,Basel,Swiss Indoors,R32,R32,0.08888888888888889,1.0,1.0,0.9047619047619048,49.41269841269841,60,Basel,Swiss Indoors,2024-10-23,ATP500,Indoor,Hard,1st Round,3,Auger-Aliassime F.,Baez S.,19,26.0,2130,1725.0,7.0,5.0,6.0,1.0,,,,,,,2.0,0.0,Completed,1.1,7.0,1.13,6.97,1.13,7.03,1.11,6.21,11278,2401
11281,2645,2531,2531,2024-10-21,2024-10-23,2,agut|r / ruud|c <> bautista agut|r / ruud|c,Basel,Swiss Indoors,R32,R32,0.08888888888888889,1.0,1.0,0.9047619047619048,49.41269841269841,60,Basel,Swiss Indoors,2024-10-23,ATP500,Indoor,Hard,1st Round,3,Bautista Agut R.,Ruud C.,45,8.0,1146,3890.0,6.0,3.0,3.0,6.0,6.0,3.0,,,,,2.0,1.0,Completed,2.75,1.44,2.78,1.5,2.78,1.51,2.65,1.47,11281,2402
11289,2653,2564,2564,2024-10-21,2024-10-23,2,giron|m / zverev|a,Vienna,Vienna Open,R16,R16,1.0,1.0,1.0,0.9047619047619048,99.52380952380952,61,Vienna,Vienna Open,2024-10-23,ATP500,Indoor,Hard,2nd Round,3,Zverev A.,Giron M.,3,48.0,6795,1065.0,6.0,2.0,7.0,5.0,,,,,,,2.0,0.0,Completed,1.17,5.0,1.21,5.1,1.21,5.17,1.18,4.76,11289,2403
11293,2657,2565,2565,2024-10-21,2024-10-23,2,berrettini|m / tiafoe|f,Vienna,Vienna Open,R16,R16,1.0,1.0,1.0,0.9047619047619048,99.52380952380952,61,Vienna,Vienna Open,2024-10-23,ATP500,Indoor,Hard,2nd Round,3,Berrettini M.,Tiafoe F.,41,15.0,1270,2625.0,6.0,3.0,6.0,7.0,6.0,3.0,,,,,2.0,1.0,Completed,1.62,2.3,1.68,2.33,1.68,2.33,1.63,2.25,11293,2404
11302,2666,2561,2561,2024-10-21,2024-10-23,2,machac|t / marozsan|f,Vienna,Vienna Open,R32,R32,1.0,1.0,1.0,0.9047619047619048,99.52380952380952,61,Vienna,Vienna Open,2024-10-23,ATP500,Indoor,Hard,1st Round,3,Machac T.,Marozsan F.,27,56.0,1723,940.0,7.0,6.0,6.0,1.0,,,,,,,2.0,0.0,Completed,1.3,3.5,1.34,3.5,1.35,3.53,1.32,3.36,11302,2405
11307,2671,2562,2562,2024-10-21,2024-10-23,2,khachanov|k / seyboth wild|t <> khachanov|k / wild|t,Vienna,Vienna Open,R32,R32,1.0,1.0,1.0,0.9047619047619048,99.52380952380952,61,Vienna,Vienna Open,2024-10-23,ATP500,Indoor,Hard,1st Round,3,Khachanov K.,Seyboth Wild T.,24,78.0,1985,717.0,6.0,2.0,6.0,4.0,,,,,,,2.0,0.0,Completed,1.53,2.5,1.56,2.59,1.6,2.59,1.56,2.4,11307,2406
11308,2672,2563,2563,2024-10-21,2024-10-23,2,nakashima|b / paul|t,Vienna,Vienna Open,R32,R32,1.0,1.0,1.0,0.9047619047619048,99.52380952380952,61,Vienna,Vienna Open,2024-10-23,ATP500,Indoor,Hard,1st Round,3,Nakashima B.,Paul T.,38,12.0,1340,3215.0,6.0,4.0,6.0,4.0,,,,,,,2.0,0.0,Completed,3.2,1.36,3.26,1.4,3.26,1.4,3.04,1.37,11308,2407
11259,2623,2537,2537,2024-10-21,2024-10-24,3,shelton|b / wawrinka|s,Basel,Swiss Indoors,R16,R16,0.08888888888888889,1.0,1.0,0.8571428571428572,49.17460317460317,60,Basel,Swiss Indoors,2024-10-24,ATP500,Indoor,Hard,2nd Round,3,Shelton B.,Wawrinka S.,23,169.0,2010,343.0,7.0,6.0,7.0,5.0,,,,,,,2.0,0.0,Completed,1.33,3.4,1.35,3.52,1.35,3.53,1.32,3.34,11259,2408
11260,2624,2535,2535,2024-10-21,2024-10-24,3,tsitsipas|s / van de zandschulp|b,Basel,Swiss Indoors,R16,R16,0.08888888888888889,1.0,1.0,0.8571428571428572,49.17460317460317,60,Basel,Swiss Indoors,2024-10-24,ATP500,Indoor,Hard,2nd Round,3,Tsitsipas S.,Van De Zandschulp B.,11,67.0,3405,804.0,7.0,6.0,7.0,5.0,,,,,,,2.0,0.0,Completed,1.36,3.2,1.45,2.97,1.45,3.2,1.4,2.89,11260,2409
11261,2625,2536,2536,2024-10-21,2024-10-24,3,fils|a / martinez|p,Basel,Swiss Indoors,R16,R16,0.08888888888888889,1.0,1.0,0.8571428571428572,49.17460317460317,60,Basel,Swiss Indoors,2024-10-24,ATP500,Indoor,Hard,2nd Round,3,Fils A.,Martinez P.,20,39.0,2090,1320.0,7.0,5.0,6.0,3.0,,,,,,,2.0,0.0,Completed,1.2,4.5,1.25,4.63,1.25,4.69,1.21,4.28,11261,2410
11263,2627,2539,2539,2024-10-21,2024-10-24,3,rune|h / stricker|d,Basel,Swiss Indoors,R16,R16,0.08888888888888889,1.0,1.0,0.8571428571428572,49.17460317460317,60,Basel,Swiss Indoors,2024-10-24,ATP500,Indoor,Hard,2nd Round,3,Rune H.,Stricker D.,14,258.0,2985,212.0,6.0,3.0,7.0,6.0,,,,,,,2.0,0.0,Completed,1.4,3.0,1.39,3.26,1.41,3.3,1.37,3.03,11263,2411
11265,2629,2538,2538,2024-10-21,2024-10-24,3,agut|r / shapovalov|d <> bautista agut|r / shapovalov|d,Basel,Swiss Indoors,R16,R16,0.08888888888888889,1.0,1.0,0.8571428571428572,49.17460317460317,60,Basel,Swiss Indoors,2024-10-24,ATP500,Indoor,Hard,2nd Round,3,Shapovalov D.,Bautista Agut R.,95,45.0,618,1146.0,6.0,3.0,7.0,6.0,,,,,,,2.0,0.0,Completed,1.62,2.3,1.69,2.3,1.69,2.3,1.65,2.21,11265,2412
11290,2654,2568,2568,2024-10-21,2024-10-24,3,monfils|g / musetti|l,Vienna,Vienna Open,R16,R16,1.0,1.0,1.0,0.8571428571428572,99.28571428571429,61,Vienna,Vienna Open,2024-10-24,ATP500,Indoor,Hard,2nd Round,3,Musetti L.,Monfils G.,17,52.0,2425,1010.0,,,,,,,,,,,,,Walkover,1.67,2.2,1.67,2.35,1.69,2.35,1.65,2.22,11290,2413
11291,2655,2569,2569,2024-10-21,2024-10-24,3,dimitrov|g / machac|t,Vienna,Vienna Open,R16,R16,1.0,1.0,1.0,0.8571428571428572,99.28571428571429,61,Vienna,Vienna Open,2024-10-24,ATP500,Indoor,Hard,2nd Round,3,Machac T.,Dimitrov G.,27,9.0,1723,3735.0,6.0,7.0,6.0,4.0,6.0,3.0,,,,,2.0,1.0,Completed,2.3,1.62,2.47,1.61,2.48,1.63,2.34,1.58,11291,2414
11292,2656,2567,2567,2024-10-21,2024-10-24,3,darderi|l / draper|j,Vienna,Vienna Open,R16,R16,1.0,1.0,1.0,0.8571428571428572,99.28571428571429,61,Vienna,Vienna Open,2024-10-24,ATP500,Indoor,Hard,2nd Round,3,Draper J.,Darderi L.,18,42.0,2310,1228.0,7.0,5.0,6.0,1.0,,,,,,,2.0,0.0,Completed,1.07,9.0,1.11,8.09,1.11,9.0,1.08,7.59,11292,2415
11294,2658,2571,2571,2024-10-21,2024-10-24,3,khachanov|k / nakashima|b,Vienna,Vienna Open,R16,R16,1.0,1.0,1.0,0.8571428571428572,99.28571428571429,61,Vienna,Vienna Open,2024-10-24,ATP500,Indoor,Hard,2nd Round,3,Khachanov K.,Nakashima B.,24,38.0,1985,1340.0,1.0,6.0,6.0,3.0,6.0,4.0,,,,,2.0,1.0,Completed,1.67,2.2,1.78,2.17,1.78,2.2,1.72,2.11,11294,2416
11295,2659,2566,2566,2024-10-21,2024-10-24,3,kecmanovic|m / mensik|j,Vienna,Vienna Open,R16,R16,1.0,1.0,1.0,0.8571428571428572,99.28571428571429,61,Vienna,Vienna Open,2024-10-24,ATP500,Indoor,Hard,2nd Round,3,Mensik J.,Kecmanovic M.,51,58.0,1022,925.0,6.0,3.0,7.0,6.0,,,,,,,2.0,0.0,Completed,1.53,2.5,1.61,2.48,1.64,2.65,1.54,2.44,11295,2417
11296,2660,2570,2570,2024-10-21,2024-10-24,3,cobolli|f / de minaur|a,Vienna,Vienna Open,R16,R16,1.0,1.0,1.0,0.8571428571428572,99.28571428571429,61,Vienna,Vienna Open,2024-10-24,ATP500,Indoor,Hard,2nd Round,3,De Minaur A.,Cobolli F.,10,31.0,3570,1482.0,7.0,6.0,3.0,1.0,,,,,,,1.0,0.0,Retired,1.33,3.4,1.36,3.49,1.36,3.49,1.33,3.24,11296,2418
11254,2618,2542,2542,2024-10-21,2024-10-25,4,rublev|a / shelton|b,Basel,Swiss Indoors,QF,QF,0.08888888888888889,1.0,1.0,0.8095238095238095,48.93650793650794,60,Basel,Swiss Indoors,2024-10-25,ATP500,Indoor,Hard,Quarterfinals,3,Shelton B.,Rublev A.,23,7.0,2010,4150.0,7.0,5.0,6.0,7.0,6.0,4.0,,,,,2.0,1.0,Completed,2.1,1.73,2.16,1.78,2.21,1.78,2.11,1.71,11254,2419
11255,2619,2541,2541,2024-10-21,2024-10-25,4,fils|a / tsitsipas|s,Basel,Swiss Indoors,QF,QF,0.08888888888888889,1.0,1.0,0.8095238095238095,48.93650793650794,60,Basel,Swiss Indoors,2024-10-25,ATP500,Indoor,Hard,Quarterfinals,3,Fils A.,Tsitsipas S.,20,11.0,2090,3405.0,7.0,6.0,6.0,3.0,,,,,,,2.0,0.0,Completed,1.73,2.1,1.77,2.18,1.8,2.2,1.73,2.07,11255,2420
11256,2620,2543,2543,2024-10-21,2024-10-25,4,goffin|d / rune|h,Basel,Swiss Indoors,QF,QF,0.08888888888888889,1.0,1.0,0.8095238095238095,48.93650793650794,60,Basel,Swiss Indoors,2024-10-25,ATP500,Indoor,Hard,Quarterfinals,3,Rune H.,Goffin D.,14,54.0,2985,980.0,6.0,2.0,6.0,4.0,,,,,,,2.0,0.0,Completed,1.36,3.2,1.41,3.16,1.42,3.2,1.36,3.08,11256,2421
11285,2649,2573,2573,2024-10-21,2024-10-25,4,musetti|l / zverev|a,Vienna,Vienna Open,QF,QF,1.0,1.0,1.0,0.8095238095238095,99.04761904761905,61,Vienna,Vienna Open,2024-10-25,ATP500,Indoor,Hard,Quarterfinals,3,Musetti L.,Zverev A.,17,3.0,2425,6795.0,2.0,6.0,7.0,6.0,6.0,4.0,,,,,2.0,1.0,Completed,4.33,1.22,4.27,1.27,4.33,1.28,4.0,1.24,11285,2422
11286,2650,2572,2572,2024-10-21,2024-10-25,4,draper|j / machac|t,Vienna,Vienna Open,QF,QF,1.0,1.0,1.0,0.8095238095238095,99.04761904761905,61,Vienna,Vienna Open,2024-10-25,ATP500,Indoor,Hard,Quarterfinals,3,Draper J.,Machac T.,18,27.0,2310,1723.0,6.0,3.0,3.0,6.0,6.0,1.0,,,,,2.0,1.0,Completed,1.67,2.2,1.69,2.3,1.73,2.36,1.66,2.2,11286,2423
11287,2651,2574,2574,2024-10-21,2024-10-25,4,berrettini|m / khachanov|k,Vienna,Vienna Open,QF,QF,1.0,1.0,1.0,0.8095238095238095,99.04761904761905,61,Vienna,Vienna Open,2024-10-25,ATP500,Indoor,Hard,Quarterfinals,3,Khachanov K.,Berrettini M.,24,41.0,1985,1270.0,6.0,1.0,6.0,4.0,,,,,,,2.0,0.0,Completed,2.3,1.62,2.45,1.63,2.45,1.63,2.31,1.61,11287,2424
11288,2652,2575,2575,2024-10-21,2024-10-25,4,de minaur|a / mensik|j,Vienna,Vienna Open,QF,QF,1.0,1.0,1.0,0.8095238095238095,99.04761904761905,61,Vienna,Vienna Open,2024-10-25,ATP500,Indoor,Hard,Quarterfinals,3,De Minaur A.,Mensik J.,10,51.0,3570,1022.0,6.0,7.0,6.0,3.0,6.0,4.0,,,,,2.0,1.0,Completed,1.73,2.1,1.65,2.39,1.82,2.4,1.66,2.2,11288,2425
11252,2616,2545,2545,2024-10-21,2024-10-26,5,fils|a / shelton|b,Basel,Swiss Indoors,SF,SF,0.08888888888888889,1.0,1.0,0.7619047619047619,48.698412698412696,60,Basel,Swiss Indoors,2024-10-26,ATP500,Indoor,Hard,Semifinals,3,Shelton B.,Fils A.,23,20.0,2010,2090.0,6.0,3.0,7.0,6.0,,,,,,,2.0,0.0,Completed,1.91,1.91,2.05,1.86,2.05,2.01,1.95,1.84,11252,2426
11283,2647,2576,2576,2024-10-21,2024-10-26,5,draper|j / musetti|l,Vienna,Vienna Open,SF,SF,1.0,1.0,1.0,0.7619047619047619,98.80952380952381,61,Vienna,Vienna Open,2024-10-26,ATP500,Indoor,Hard,Semifinals,3,Draper J.,Musetti L.,18,17.0,2310,2425.0,6.0,2.0,6.0,4.0,,,,,,,2.0,0.0,Completed,1.4,3.0,1.42,3.14,1.48,3.18,1.4,2.93,11283,2427
11284,2648,2577,2577,2024-10-21,2024-10-26,5,de minaur|a / khachanov|k,Vienna,Vienna Open,SF,SF,1.0,1.0,1.0,0.7619047619047619,98.80952380952381,61,Vienna,Vienna Open,2024-10-26,ATP500,Indoor,Hard,Semifinals,3,Khachanov K.,De Minaur A.,24,10.0,1985,3570.0,6.0,2.0,6.0,4.0,,,,,,,2.0,0.0,Completed,2.1,1.73,2.26,1.72,2.3,1.73,2.16,1.67,11284,2428
11282,2646,2578,2578,2024-10-21,2024-10-27,6,draper|j / khachanov|k,Vienna,Vienna Open,F,F,1.0,1.0,1.0,0.7142857142857143,98.57142857142857,61,Vienna,Vienna Open,2024-10-27,ATP500,Indoor,Hard,The Final,3,Draper J.,Khachanov K.,18,24.0,2310,1985.0,6.0,4.0,7.0,5.0,,,,,,,2.0,0.0,Completed,1.67,2.2,1.69,2.3,1.69,2.31,1.65,2.21,11282,2429
11345,2709,2587,2587,2024-10-28,2024-10-28,0,bublik|a / fognini|f,Paris Masters,BNP Paribas Masters,R64,R128,0.5,0.6,1.0,1.0,60.5,62,Paris,BNP Paribas Masters,2024-10-28,Masters 1000,Indoor,Hard,1st Round,3,Bublik A.,Fognini F.,33,79.0,1460,721.0,7.0,5.0,7.0,5.0,,,,,,,2.0,0.0,Completed,1.67,2.2,1.67,2.34,1.73,2.34,1.67,2.2,11345,2430
11348,2712,2586,2586,2024-10-28,2024-10-28,0,baez|s / kecmanovic|m,Paris Masters,BNP Paribas Masters,R64,R128,0.5,0.6,1.0,1.0,60.5,62,Paris,BNP Paribas Masters,2024-10-28,Masters 1000,Indoor,Hard,1st Round,3,Kecmanovic M.,Baez S.,55,26.0,965,1690.0,6.0,4.0,6.0,7.0,7.0,5.0,,,,,2.0,1.0,Completed,1.4,3.0,,,1.4,3.0,1.4,3.0,11348,2431
11350,2714,2580,2580,2024-10-28,2024-10-28,0,darderi|l / griekspoor|t,Paris Masters,BNP Paribas Masters,R64,R128,0.5,0.6,1.0,1.0,60.5,62,Paris,BNP Paribas Masters,2024-10-28,Masters 1000,Indoor,Hard,1st Round,3,Griekspoor T.,Darderi L.,39,43.0,1320,1263.0,6.0,3.0,6.0,4.0,,,,,,,2.0,0.0,Completed,1.2,4.5,1.2,5.14,1.22,5.14,1.19,4.57,11350,2432
11353,2717,2588,2588,2024-10-28,2024-10-28,0,baena|r / tsitsipas|s <> carballes baena|r / tsitsipas|s,Paris Masters,BNP Paribas Masters,R64,R128,0.5,0.6,1.0,1.0,60.5,62,Paris,BNP Paribas Masters,2024-10-28,Masters 1000,Indoor,Hard,1st Round,3,Tsitsipas S.,Carballes Baena R.,11,54.0,3325,980.0,4.0,6.0,6.0,3.0,6.0,3.0,,,,,2.0,1.0,Completed,1.17,5.0,1.19,5.39,1.21,5.39,1.18,4.81,11353,2433
11354,2718,2590,2590,2024-10-28,2024-10-28,0,borges|n / tabilo|a,Paris Masters,BNP Paribas Masters,R64,R128,0.5,0.6,1.0,1.0,60.5,62,Paris,BNP Paribas Masters,2024-10-28,Masters 1000,Indoor,Hard,1st Round,3,Tabilo A.,Borges N.,22,34.0,2043,1446.0,3.0,6.0,7.0,6.0,6.0,3.0,,,,,2.0,1.0,Completed,1.57,2.38,1.63,2.42,1.63,2.43,1.59,2.33,11354,2434
11355,2719,2582,2582,2024-10-28,2024-10-28,0,cerundolo|f / halys|q,Paris Masters,BNP Paribas Masters,R64,R128,0.5,0.6,1.0,1.0,60.5,62,Paris,BNP Paribas Masters,2024-10-28,Masters 1000,Indoor,Hard,1st Round,3,Cerundolo F.,Halys Q.,29,90.0,1570,653.0,7.0,6.0,6.0,3.0,,,,,,,2.0,0.0,Completed,2.0,1.8,1.98,1.91,2.04,1.97,1.96,1.83,11355,2435
11357,2721,2579,2579,2024-10-28,2024-10-28,0,machac|t / rinderknech|a,Paris Masters,BNP Paribas Masters,R64,R128,0.5,0.6,1.0,1.0,60.5,62,Paris,BNP Paribas Masters,2024-10-28,Masters 1000,Indoor,Hard,1st Round,3,Rinderknech A.,Machac T.,60,25.0,872,1758.0,6.0,7.0,5.0,3.0,,,,,,,0.0,1.0,Retired,3.75,1.29,3.5,1.34,3.75,1.34,3.45,1.31,11357,2436
11362,2726,2581,2581,2024-10-28,2024-10-28,0,martinez|p / thompson|j,Paris Masters,BNP Paribas Masters,R64,R128,0.5,0.6,1.0,1.0,60.5,62,Paris,BNP Paribas Masters,2024-10-28,Masters 1000,Indoor,Hard,1st Round,3,Thompson J.,Martinez P.,28,41.0,1571,1270.0,6.0,4.0,6.0,4.0,,,,,,,2.0,0.0,Completed,1.33,3.4,1.38,3.27,1.38,3.4,1.35,3.16,11362,2437
11364,2728,2591,2591,2024-10-28,2024-10-28,0,mannarino|a / paul|t,Paris Masters,BNP Paribas Masters,R64,R128,0.5,0.6,1.0,1.0,60.5,62,Paris,BNP Paribas Masters,2024-10-28,Masters 1000,Indoor,Hard,1st Round,3,Mannarino A.,Paul T.,58,12.0,929,3180.0,6.0,3.0,7.0,5.0,,,,,,,2.0,0.0,Completed,6.0,1.13,6.97,1.13,7.05,1.14,6.09,1.12,11364,2438
11365,2729,2585,2585,2024-10-28,2024-10-28,0,humbert|u / nakashima|b,Paris Masters,BNP Paribas Masters,R64,R128,0.5,0.6,1.0,1.0,60.5,62,Paris,BNP Paribas Masters,2024-10-28,Masters 1000,Indoor,Hard,1st Round,3,Humbert U.,Nakashima B.,18,35.0,2385,1375.0,6.0,3.0,4.0,6.0,6.0,4.0,,,,,2.0,1.0,Completed,1.53,2.5,1.6,2.47,1.6,2.65,1.53,2.47,11365,2439
11366,2730,2584,2584,2024-10-28,2024-10-28,0,giron|m / shang|j,Paris Masters,BNP Paribas Masters,R64,R128,0.5,0.6,1.0,1.0,60.5,62,Paris,BNP Paribas Masters,2024-10-28,Masters 1000,Indoor,Hard,1st Round,3,Giron M.,Shang J.,49,51.0,1105,1075.0,7.0,6.0,7.0,6.0,,,,,,,2.0,0.0,Completed,1.62,2.3,1.72,2.23,1.72,2.3,1.65,2.23,11366,2440
11367,2731,2589,2589,2024-10-28,2024-10-28,0,jarry|n / sonego|l,Paris Masters,BNP Paribas Masters,R64,R128,0.5,0.6,1.0,1.0,60.5,62,Paris,BNP Paribas Masters,2024-10-28,Masters 1000,Indoor,Hard,1st Round,3,Jarry N.,Sonego L.,37,52.0,1365,1022.0,7.0,6.0,6.0,3.0,,,,,,,2.0,0.0,Completed,2.38,1.57,2.38,1.65,2.48,1.65,2.37,1.57,11367,2441
11334,2698,2605,2605,2024-10-28,2024-10-29,1,tabilo|a / tsitsipas|s,Paris Masters,BNP Paribas Masters,R32,R64,0.5,0.6,1.0,0.9523809523809523,60.26190476190476,62,Paris,BNP Paribas Masters,2024-10-29,Masters 1000,Indoor,Hard,2nd Round,3,Tsitsipas S.,Tabilo A.,11,22.0,3325,2043.0,6.0,3.0,6.0,4.0,,,,,,,2.0,0.0,Completed,1.5,2.63,1.52,2.73,1.53,2.75,1.48,2.61,11334,2442
11335,2699,2603,2603,2024-10-28,2024-10-29,1,cerundolo|f / rublev|a,Paris Masters,BNP Paribas Masters,R32,R64,0.5,0.6,1.0,0.9523809523809523,60.26190476190476,62,Paris,BNP Paribas Masters,2024-10-29,Masters 1000,Indoor,Hard,2nd Round,3,Cerundolo F.,Rublev A.,29,7.0,1570,4070.0,7.0,6.0,7.0,6.0,,,,,,,2.0,0.0,Completed,3.4,1.33,3.49,1.35,3.7,1.36,3.36,1.31,11335,2443
11340,2704,2606,2606,2024-10-28,2024-10-29,1,ruud|c / thompson|j,Paris Masters,BNP Paribas Masters,R32,R64,0.5,0.6,1.0,0.9523809523809523,60.26190476190476,62,Paris,BNP Paribas Masters,2024-10-29,Masters 1000,Indoor,Hard,2nd Round,3,Thompson J.,Ruud C.,28,8.0,1571,3855.0,7.0,6.0,3.0,6.0,6.0,4.0,,,,,2.0,1.0,Completed,2.2,1.67,2.27,1.71,2.29,1.71,2.2,1.66,11340,2444
11343,2707,2604,2604,2024-10-28,2024-10-29,1,alcaraz|c / jarry|n,Paris Masters,BNP Paribas Masters,R32,R64,0.5,0.6,1.0,0.9523809523809523,60.26190476190476,62,Paris,BNP Paribas Masters,2024-10-29,Masters 1000,Indoor,Hard,2nd Round,3,Alcaraz C.,Jarry N.,2,37.0,7120,1365.0,7.0,5.0,6.0,1.0,,,,,,,2.0,0.0,Completed,1.06,10.0,1.08,10.72,1.08,10.77,1.06,9.17,11343,2445
11344,2708,2601,2601,2024-10-28,2024-10-29,1,moutet|c / shelton|b,Paris Masters,BNP Paribas Masters,R64,R128,0.5,0.6,1.0,0.9523809523809523,60.26190476190476,62,Paris,BNP Paribas Masters,2024-10-29,Masters 1000,Indoor,Hard,1st Round,3,Shelton B.,Moutet C.,19,70.0,2330,764.0,6.0,3.0,6.0,7.0,6.0,3.0,,,,,2.0,1.0,Completed,1.29,3.75,1.33,3.64,1.33,3.85,1.28,3.65,11344,2446
11346,2710,2598,2598,2024-10-28,2024-10-29,1,arnaldi|m / rune|h,Paris Masters,BNP Paribas Masters,R64,R128,0.5,0.6,1.0,0.9523809523809523,60.26190476190476,62,Paris,BNP Paribas Masters,2024-10-29,Masters 1000,Indoor,Hard,1st Round,3,Rune H.,Arnaldi M.,13,38.0,3005,1335.0,6.0,4.0,6.0,4.0,,,,,,,2.0,0.0,Completed,1.25,3.75,1.25,4.35,1.35,4.35,1.28,3.61,11346,2447
11347,2711,2600,2600,2024-10-28,2024-10-29,1,de minaur|a / navone|m,Paris Masters,BNP Paribas Masters,R64,R128,0.5,0.6,1.0,0.9523809523809523,60.26190476190476,62,Paris,BNP Paribas Masters,2024-10-29,Masters 1000,Indoor,Hard,1st Round,3,De Minaur A.,Navone M.,10,45.0,3725,1188.0,7.0,5.0,6.0,1.0,,,,,,,2.0,0.0,Completed,1.08,8.0,1.11,7.99,1.11,8.5,1.09,7.18,11347,2448
11349,2713,2602,2602,2024-10-28,2024-10-29,1,draper|j / lehecka|j,Paris Masters,BNP Paribas Masters,R64,R128,0.5,0.6,1.0,0.9523809523809523,60.26190476190476,62,Paris,BNP Paribas Masters,2024-10-29,Masters 1000,Indoor,Hard,1st Round,3,Draper J.,Lehecka J.,15,30.0,2800,1560.0,7.0,5.0,6.0,2.0,,,,,,,2.0,0.0,Completed,1.5,2.63,1.48,2.84,1.5,2.84,1.46,2.68,11349,2449
11351,2715,2594,2594,2024-10-28,2024-10-29,1,cilic|m / fils|a,Paris Masters,BNP Paribas Masters,R64,R128,0.5,0.6,1.0,0.9523809523809523,60.26190476190476,62,Paris,BNP Paribas Masters,2024-10-29,Masters 1000,Indoor,Hard,1st Round,3,Fils A.,Cilic M.,20,201.0,2265,288.0,7.0,6.0,6.0,4.0,,,,,,,2.0,0.0,Completed,1.25,4.0,1.32,3.7,1.32,4.01,1.28,3.65,11351,2450
11352,2716,2592,2592,2024-10-28,2024-10-29,1,musetti|l / struff|j,Paris Masters,BNP Paribas Masters,R64,R128,0.5,0.6,1.0,0.9523809523809523,60.26190476190476,62,Paris,BNP Paribas Masters,2024-10-29,Masters 1000,Indoor,Hard,1st Round,3,Struff J.L.,Musetti L.,42,16.0,1265,2600.0,6.0,4.0,6.0,2.0,,,,,,,2.0,0.0,Completed,2.63,1.5,2.68,1.52,2.68,1.54,2.56,1.5,11352,2451
11358,2722,2593,2593,2024-10-28,2024-10-29,1,hurkacz|h / michelsen|a,Paris Masters,BNP Paribas Masters,R64,R128,0.5,0.6,1.0,0.9523809523809523,60.26190476190476,62,Paris,BNP Paribas Masters,2024-10-29,Masters 1000,Indoor,Hard,1st Round,3,Michelsen A.,Hurkacz H.,44,14.0,1220,2810.0,6.0,1.0,6.0,3.0,,,,,,,2.0,0.0,Completed,2.2,1.67,2.17,1.76,2.22,1.76,2.14,1.69,11358,2452
11361,2725,2595,2595,2024-10-28,2024-10-29,1,berrettini|m / popyrin|a,Paris Masters,BNP Paribas Masters,R64,R128,0.5,0.6,1.0,0.9523809523809523,60.26190476190476,62,Paris,BNP Paribas Masters,2024-10-29,Masters 1000,Indoor,Hard,1st Round,3,Popyrin A.,Berrettini M.,24,36.0,1775,1370.0,7.0,5.0,7.0,6.0,,,,,,,2.0,0.0,Completed,2.5,1.53,2.46,1.61,2.55,1.61,2.43,1.55,11361,2453
11363,2727,2599,2599,2024-10-28,2024-10-29,1,bergs|z / gasquet|r,Paris Masters,BNP Paribas Masters,R64,R128,0.5,0.6,1.0,0.9523809523809523,60.26190476190476,62,Paris,BNP Paribas Masters,2024-10-29,Masters 1000,Indoor,Hard,1st Round,3,Bergs Z.,Gasquet R.,65,133.0,833,452.0,6.0,3.0,6.0,4.0,,,,,,,2.0,0.0,Completed,1.41,2.75,1.51,2.73,1.52,2.92,1.44,2.75,11363,2454
11328,2692,2618,2618,2024-10-28,2024-10-30,2,cazaux|a / shelton|b,Paris Masters,BNP Paribas Masters,R32,R64,0.5,0.6,1.0,0.9047619047619048,60.023809523809526,62,Paris,BNP Paribas Masters,2024-10-30,Masters 1000,Indoor,Hard,2nd Round,3,Cazaux A.,Shelton B.,85,19.0,678,2330.0,6.0,3.0,7.0,6.0,,,,,,,2.0,0.0,Completed,4.0,1.25,4.03,1.29,4.03,1.29,3.77,1.27,11328,2455
11329,2693,2613,2613,2024-10-28,2024-10-30,2,bublik|a / rune|h,Paris Masters,BNP Paribas Masters,R32,R64,0.5,0.6,1.0,0.9047619047619048,60.023809523809526,62,Paris,BNP Paribas Masters,2024-10-30,Masters 1000,Indoor,Hard,2nd Round,3,Rune H.,Bublik A.,13,33.0,3005,1460.0,6.0,4.0,6.0,2.0,,,,,,,2.0,0.0,Completed,1.33,3.4,1.32,3.77,1.35,3.81,1.31,3.43,11329,2456
11330,2694,2615,2615,2024-10-28,2024-10-30,2,de minaur|a / kecmanovic|m,Paris Masters,BNP Paribas Masters,R32,R64,0.5,0.6,1.0,0.9047619047619048,60.023809523809526,62,Paris,BNP Paribas Masters,2024-10-30,Masters 1000,Indoor,Hard,2nd Round,3,De Minaur A.,Kecmanovic M.,10,55.0,3725,965.0,6.0,4.0,7.0,6.0,,,,,,,2.0,0.0,Completed,1.25,4.0,1.28,4.14,1.29,4.25,1.25,3.9,11330,2457
11331,2695,2617,2617,2024-10-28,2024-10-30,2,draper|j / fritz|t,Paris Masters,BNP Paribas Masters,R32,R64,0.5,0.6,1.0,0.9047619047619048,60.023809523809526,62,Paris,BNP Paribas Masters,2024-10-30,Masters 1000,Indoor,Hard,2nd Round,3,Draper J.,Fritz T.,15,6.0,2800,4335.0,7.0,6.0,4.0,6.0,6.0,4.0,,,,,2.0,1.0,Completed,1.8,2.0,1.88,2.03,1.96,2.03,1.86,1.93,11331,2458
11332,2696,2616,2616,2024-10-28,2024-10-30,2,griekspoor|t / zverev|a,Paris Masters,BNP Paribas Masters,R32,R64,0.5,0.6,1.0,0.9047619047619048,60.023809523809526,62,Paris,BNP Paribas Masters,2024-10-30,Masters 1000,Indoor,Hard,2nd Round,3,Zverev A.,Griekspoor T.,3,39.0,6805,1320.0,7.0,6.0,6.0,3.0,,,,,,,2.0,0.0,Completed,1.3,3.5,1.32,3.78,1.32,3.79,1.29,3.55,11332,2459
11333,2697,2611,2611,2024-10-28,2024-10-30,2,fils|a / struff|j,Paris Masters,BNP Paribas Masters,R32,R64,0.5,0.6,1.0,0.9047619047619048,60.023809523809526,62,Paris,BNP Paribas Masters,2024-10-30,Masters 1000,Indoor,Hard,2nd Round,3,Fils A.,Struff J.L.,20,42.0,2265,1265.0,6.0,3.0,6.0,4.0,,,,,,,2.0,0.0,Completed,1.4,3.0,1.48,2.88,1.48,3.05,1.42,2.85,11333,2460
11336,2700,2607,2607,2024-10-28,2024-10-30,2,dimitrov|g / etcheverry|t,Paris Masters,BNP Paribas Masters,R32,R64,0.5,0.6,1.0,0.9047619047619048,60.023809523809526,62,Paris,BNP Paribas Masters,2024-10-30,Masters 1000,Indoor,Hard,2nd Round,3,Dimitrov G.,Etcheverry T.,9,40.0,3740,1310.0,6.0,7.0,6.0,3.0,7.0,5.0,,,,,2.0,1.0,Completed,1.25,4.0,1.28,4.08,1.29,4.08,1.26,3.85,11336,2461
11337,2701,2608,2608,2024-10-28,2024-10-30,2,michelsen|a / rinderknech|a,Paris Masters,BNP Paribas Masters,R32,R64,0.5,0.6,1.0,0.9047619047619048,60.023809523809526,62,Paris,BNP Paribas Masters,2024-10-30,Masters 1000,Indoor,Hard,2nd Round,3,Rinderknech A.,Michelsen A.,60,44.0,872,1220.0,7.0,6.0,7.0,6.0,,,,,,,2.0,0.0,Completed,2.75,1.44,2.75,1.52,2.78,1.52,2.66,1.47,11337,2462
11339,2703,2609,2609,2024-10-28,2024-10-30,2,medvedev|d / popyrin|a,Paris Masters,BNP Paribas Masters,R32,R64,0.5,0.6,1.0,0.9047619047619048,60.023809523809526,62,Paris,BNP Paribas Masters,2024-10-30,Masters 1000,Indoor,Hard,2nd Round,3,Popyrin A.,Medvedev D.,24,5.0,1775,5230.0,6.0,4.0,2.0,6.0,7.0,6.0,,,,,2.0,1.0,Completed,3.5,1.3,3.72,1.35,3.72,1.35,3.46,1.3,11339,2463
11341,2705,2610,2610,2024-10-28,2024-10-30,2,bergs|z / mannarino|a,Paris Masters,BNP Paribas Masters,R32,R64,0.5,0.6,1.0,0.9047619047619048,60.023809523809526,62,Paris,BNP Paribas Masters,2024-10-30,Masters 1000,Indoor,Hard,2nd Round,3,Mannarino A.,Bergs Z.,58,65.0,929,833.0,3.0,6.0,6.0,2.0,6.0,4.0,,,,,2.0,1.0,Completed,2.3,1.62,2.39,1.65,2.39,1.71,2.26,1.63,11341,2464
11342,2706,2612,2612,2024-10-28,2024-10-30,2,giron|m / humbert|u,Paris Masters,BNP Paribas Masters,R32,R64,0.5,0.6,1.0,0.9047619047619048,60.023809523809526,62,Paris,BNP Paribas Masters,2024-10-30,Masters 1000,Indoor,Hard,2nd Round,3,Humbert U.,Giron M.,18,49.0,2385,1105.0,6.0,3.0,6.0,2.0,,,,,,,2.0,0.0,Completed,1.33,3.4,1.37,3.31,1.37,3.4,1.34,3.19,11342,2465
11320,2684,2625,2625,2024-10-28,2024-10-31,3,cazaux|a / rune|h,Paris Masters,BNP Paribas Masters,R16,R32,0.5,0.6,1.0,0.8571428571428572,59.785714285714285,62,Paris,BNP Paribas Masters,2024-10-31,Masters 1000,Indoor,Hard,3rd Round,3,Rune H.,Cazaux A.,13,85.0,3005,678.0,3.0,6.0,6.0,3.0,6.0,4.0,,,,,2.0,1.0,Completed,1.33,3.4,1.35,3.5,1.38,3.5,1.32,3.35,11320,2466
11321,2685,2623,2623,2024-10-28,2024-10-31,3,de minaur|a / draper|j,Paris Masters,BNP Paribas Masters,R16,R32,0.5,0.6,1.0,0.8571428571428572,59.785714285714285,62,Paris,BNP Paribas Masters,2024-10-31,Masters 1000,Indoor,Hard,3rd Round,3,De Minaur A.,Draper J.,10,15.0,3725,2800.0,5.0,7.0,6.0,2.0,6.0,3.0,,,,,2.0,1.0,Completed,2.2,1.67,2.35,1.67,2.35,1.7,2.22,1.65,11321,2467
11322,2686,2622,2622,2024-10-28,2024-10-31,3,fils|a / zverev|a,Paris Masters,BNP Paribas Masters,R16,R32,0.5,0.6,1.0,0.8571428571428572,59.785714285714285,62,Paris,BNP Paribas Masters,2024-10-31,Masters 1000,Indoor,Hard,3rd Round,3,Zverev A.,Fils A.,3,20.0,6805,2265.0,6.0,4.0,3.0,6.0,6.0,3.0,,,,,2.0,1.0,Completed,1.44,2.75,1.47,2.92,1.5,2.92,1.46,2.7,11322,2468
11323,2687,2620,2620,2024-10-28,2024-10-31,3,cerundolo|f / tsitsipas|s,Paris Masters,BNP Paribas Masters,R16,R32,0.5,0.6,1.0,0.8571428571428572,59.785714285714285,62,Paris,BNP Paribas Masters,2024-10-31,Masters 1000,Indoor,Hard,3rd Round,3,Tsitsipas S.,Cerundolo F.,11,29.0,3325,1570.0,6.0,7.0,6.0,4.0,6.0,2.0,,,,,2.0,1.0,Completed,1.44,2.75,1.52,2.74,1.52,2.82,1.48,2.64,11323,2469
11324,2688,2626,2626,2024-10-28,2024-10-31,3,dimitrov|g / rinderknech|a,Paris Masters,BNP Paribas Masters,R16,R32,0.5,0.6,1.0,0.8571428571428572,59.785714285714285,62,Paris,BNP Paribas Masters,2024-10-31,Masters 1000,Indoor,Hard,3rd Round,3,Dimitrov G.,Rinderknech A.,9,60.0,3740,872.0,6.0,2.0,4.0,6.0,7.0,6.0,,,,,2.0,1.0,Completed,1.2,4.5,1.24,4.62,1.24,4.62,1.22,4.27,11324,2470
11325,2689,2621,2621,2024-10-28,2024-10-31,3,khachanov|k / popyrin|a,Paris Masters,BNP Paribas Masters,R16,R32,0.5,0.6,1.0,0.8571428571428572,59.785714285714285,62,Paris,BNP Paribas Masters,2024-10-31,Masters 1000,Indoor,Hard,3rd Round,3,Khachanov K.,Popyrin A.,21,24.0,2225,1775.0,7.0,6.0,6.0,4.0,,,,,,,2.0,0.0,Completed,1.62,2.3,1.67,2.36,1.67,2.36,1.62,2.29,11325,2471
11326,2690,2619,2619,2024-10-28,2024-10-31,3,mannarino|a / thompson|j,Paris Masters,BNP Paribas Masters,R16,R32,0.5,0.6,1.0,0.8571428571428572,59.785714285714285,62,Paris,BNP Paribas Masters,2024-10-31,Masters 1000,Indoor,Hard,3rd Round,3,Thompson J.,Mannarino A.,28,58.0,1571,929.0,7.0,5.0,7.0,6.0,,,,,,,2.0,0.0,Completed,1.57,2.38,1.58,2.55,1.62,2.55,1.55,2.41,11326,2472
11327,2691,2624,2624,2024-10-28,2024-10-31,3,alcaraz|c / humbert|u,Paris Masters,BNP Paribas Masters,R16,R32,0.5,0.6,1.0,0.8571428571428572,59.785714285714285,62,Paris,BNP Paribas Masters,2024-10-31,Masters 1000,Indoor,Hard,3rd Round,3,Humbert U.,Alcaraz C.,18,2.0,2385,7120.0,6.0,1.0,3.0,6.0,7.0,5.0,,,,,2.0,1.0,Completed,5.0,1.17,5.56,1.18,5.56,1.22,4.87,1.17,11327,2473
11316,2680,2628,2628,2024-10-28,2024-11-01,4,de minaur|a / rune|h,Paris Masters,BNP Paribas Masters,QF,QF,0.5,1.0,1.0,0.8095238095238095,71.54761904761905,62,Paris,BNP Paribas Masters,2024-11-01,Masters 1000,Indoor,Hard,Quarterfinals,3,Rune H.,De Minaur A.,13,10.0,3005,3725.0,6.0,4.0,4.0,6.0,7.0,5.0,,,,,2.0,1.0,Completed,2.3,1.62,2.36,1.67,2.38,1.74,2.22,1.65,11316,2474
11317,2681,2627,2627,2024-10-28,2024-11-01,4,tsitsipas|s / zverev|a,Paris Masters,BNP Paribas Masters,QF,QF,0.5,1.0,1.0,0.8095238095238095,71.54761904761905,62,Paris,BNP Paribas Masters,2024-11-01,Masters 1000,Indoor,Hard,Quarterfinals,3,Zverev A.,Tsitsipas S.,3,11.0,6805,3325.0,7.0,5.0,6.0,4.0,,,,,,,2.0,0.0,Completed,1.4,3.0,1.4,3.24,1.42,3.28,1.38,3.02,11317,2475
11318,2682,2630,2630,2024-10-28,2024-11-01,4,dimitrov|g / khachanov|k,Paris Masters,BNP Paribas Masters,QF,QF,0.5,1.0,1.0,0.8095238095238095,71.54761904761905,62,Paris,BNP Paribas Masters,2024-11-01,Masters 1000,Indoor,Hard,Quarterfinals,3,Khachanov K.,Dimitrov G.,21,9.0,2225,3740.0,6.0,2.0,6.0,3.0,,,,,,,2.0,0.0,Completed,2.1,1.73,2.13,1.8,2.21,1.8,2.11,1.73,11318,2476
11319,2683,2629,2629,2024-10-28,2024-11-01,4,humbert|u / thompson|j,Paris Masters,BNP Paribas Masters,QF,QF,0.5,1.0,1.0,0.8095238095238095,71.54761904761905,62,Paris,BNP Paribas Masters,2024-11-01,Masters 1000,Indoor,Hard,Quarterfinals,3,Humbert U.,Thompson J.,18,28.0,2385,1571.0,6.0,2.0,7.0,6.0,,,,,,,2.0,0.0,Completed,1.33,3.4,1.33,3.66,1.39,3.66,1.32,3.38,11319,2477
11314,2678,2631,2631,2024-10-28,2024-11-02,5,rune|h / zverev|a,Paris Masters,BNP Paribas Masters,SF,SF,0.5,1.0,1.0,0.7619047619047619,71.30952380952381,62,Paris,BNP Paribas Masters,2024-11-02,Masters 1000,Indoor,Hard,Semifinals,3,Zverev A.,Rune H.,3,13.0,6805,3005.0,6.0,3.0,7.0,6.0,,,,,,,2.0,0.0,Completed,1.4,3.0,1.48,2.87,1.49,3.0,1.42,2.87,11314,2478
11315,2679,2632,2632,2024-10-28,2024-11-02,5,humbert|u / khachanov|k,Paris Masters,BNP Paribas Masters,SF,SF,0.5,1.0,1.0,0.7619047619047619,71.30952380952381,62,Paris,BNP Paribas Masters,2024-11-02,Masters 1000,Indoor,Hard,Semifinals,3,Humbert U.,Khachanov K.,18,21.0,2385,2225.0,6.0,7.0,6.0,4.0,6.0,3.0,,,,,2.0,1.0,Completed,1.67,2.2,1.78,2.16,1.78,2.22,1.72,2.12,11315,2479
11313,2677,2633,2633,2024-10-28,2024-11-03,6,humbert|u / zverev|a,Paris Masters,BNP Paribas Masters,F,F,0.5,1.0,1.0,0.7142857142857143,71.07142857142857,62,Paris,BNP Paribas Masters,2024-11-03,Masters 1000,Indoor,Hard,The Final,3,Zverev A.,Humbert U.,3,18.0,6805,2385.0,6.0,2.0,6.0,2.0,,,,,,,2.0,0.0,Completed,1.4,3.0,1.47,2.93,1.47,3.01,1.41,2.91,11313,2480
11384,2748,2634,2634,2024-11-04,2024-11-03,-1,marozsan|f / shang|j,Belgrade,Belgrade Open,R32,R32,1.0,1.0,1.0,0.6666666666666667,98.33333333333333,63,Belgrade,Belgrade Open,2024-11-03,ATP250,Indoor,Hard,1st Round,3,Marozsan F.,Shang J.,59,50.0,930,1115.0,2.0,6.0,7.0,6.0,7.0,5.0,,,,,2.0,1.0,Completed,2.75,1.44,2.63,1.54,2.75,1.55,2.56,1.5,11384,2481
11388,2752,2635,2635,2024-11-04,2024-11-03,-1,medjedovic|h / nakashima|b,Belgrade,Belgrade Open,R32,R32,1.0,1.0,1.0,0.6666666666666667,98.33333333333333,63,Belgrade,Belgrade Open,2024-11-03,ATP250,Indoor,Hard,1st Round,3,Medjedovic H.,Nakashima B.,156,37.0,378,1350.0,3.0,6.0,7.0,5.0,6.0,3.0,,,,,2.0,1.0,Completed,2.5,1.53,2.7,1.52,2.77,1.57,2.54,1.5,11388,2482
11411,2775,2661,2661,2024-11-04,2024-11-03,-1,moutet|c / nagal|s,Metz,Open de Moselle,R32,R32,0.22857142857142856,1.0,1.0,0.6666666666666667,55.904761904761905,64,Metz,Open de Moselle,2024-11-03,ATP250,Indoor,Hard,1st Round,3,Moutet C.,Nagal S.,66,83.0,804,697.0,7.0,5.0,4.0,0.0,,,,,,,2.0,0.0,Completed,1.29,3.75,1.34,3.53,1.34,3.75,1.31,3.43,11411,2483
11416,2780,2662,2662,2024-11-04,2024-11-03,-1,mayot|h / michelsen|a,Metz,Open de Moselle,R32,R32,0.22857142857142856,1.0,1.0,0.6666666666666667,55.904761904761905,64,Metz,Open de Moselle,2024-11-03,ATP250,Indoor,Hard,1st Round,3,Michelsen A.,Mayot H.,44,107.0,1245,567.0,6.0,3.0,6.0,1.0,,,,,,,2.0,0.0,Completed,1.3,3.5,1.33,3.58,1.34,3.59,1.32,3.35,11416,2484
11385,2749,2641,2641,2024-11-04,2024-11-04,0,lajovic|d / navone|m,Belgrade,Belgrade Open,R32,R32,1.0,1.0,1.0,1.0,100.0,63,Belgrade,Belgrade Open,2024-11-04,ATP250,Indoor,Hard,1st Round,3,Lajovic D.,Navone M.,86,45.0,685,1198.0,6.0,0.0,7.0,6.0,,,,,,,2.0,0.0,Completed,1.8,2.0,1.75,2.18,1.82,2.18,1.73,2.07,11385,2485
11387,2751,2639,2639,2024-11-04,2024-11-04,0,djuric|b / kovacevic|a,Belgrade,Belgrade Open,R32,R32,1.0,1.0,1.0,1.0,100.0,63,Belgrade,Belgrade Open,2024-11-04,ATP250,Indoor,Hard,1st Round,3,Kovacevic A.,Djuric B.,101,781.0,607,30.0,6.0,2.0,6.0,2.0,,,,,,,2.0,0.0,Completed,1.2,4.5,1.18,5.49,1.23,6.0,1.17,4.89,11387,2486
11389,2753,2638,2638,2024-11-04,2024-11-04,0,etcheverry|t / kotov|p,Belgrade,Belgrade Open,R32,R32,1.0,1.0,1.0,1.0,100.0,63,Belgrade,Belgrade Open,2024-11-04,ATP250,Indoor,Hard,1st Round,3,Etcheverry T.,Kotov P.,39,75.0,1315,745.0,6.0,3.0,6.0,4.0,,,,,,,2.0,0.0,Completed,1.44,2.75,1.48,2.82,1.49,2.9,1.45,2.71,11389,2487
11390,2754,2640,2640,2024-11-04,2024-11-04,0,duckworth|j / klein|l,Belgrade,Belgrade Open,R32,R32,1.0,1.0,1.0,1.0,100.0,63,Belgrade,Belgrade Open,2024-11-04,ATP250,Indoor,Hard,1st Round,3,Klein L.,Duckworth J.,153,77.0,380,731.0,6.0,4.0,6.0,2.0,,,,,,,2.0,0.0,Completed,1.73,2.1,1.64,2.39,1.74,2.39,1.65,2.2,11390,2488
11391,2755,2637,2637,2024-11-04,2024-11-04,0,cilic|m / muller|a,Belgrade,Belgrade Open,R32,R32,1.0,1.0,1.0,1.0,100.0,63,Belgrade,Belgrade Open,2024-11-04,ATP250,Indoor,Hard,1st Round,3,Cilic M.,Muller A.,196,68.0,298,790.0,7.0,6.0,6.0,3.0,,,,,,,2.0,0.0,Completed,1.44,2.75,1.54,2.63,1.54,2.78,1.47,2.65,11391,2489
11392,2756,2636,2636,2024-11-04,2024-11-04,0,altmaier|d / darderi|l,Belgrade,Belgrade Open,R32,R32,1.0,1.0,1.0,1.0,100.0,63,Belgrade,Belgrade Open,2024-11-04,ATP250,Indoor,Hard,1st Round,3,Altmaier D.,Darderi L.,93,43.0,625,1248.0,7.0,6.0,6.0,3.0,,,,,,,2.0,0.0,Completed,1.8,2.0,1.79,2.12,1.86,2.18,1.77,2.02,11392,2490
11394,2758,2642,2642,2024-11-04,2024-11-04,0,fucsovics|m / shapovalov|d,Belgrade,Belgrade Open,R32,R32,1.0,1.0,1.0,1.0,100.0,63,Belgrade,Belgrade Open,2024-11-04,ATP250,Indoor,Hard,1st Round,3,Shapovalov D.,Fucsovics M.,78,91.0,718,629.0,6.0,7.0,7.0,5.0,6.0,1.0,,,,,2.0,1.0,Completed,1.57,2.38,1.66,2.35,1.66,2.45,1.58,2.34,11394,2491
11410,2774,2663,2663,2024-11-04,2024-11-04,0,barrere|g / sonego|l,Metz,Open de Moselle,R32,R32,0.22857142857142856,1.0,1.0,1.0,57.57142857142857,64,Metz,Open de Moselle,2024-11-04,ATP250,Indoor,Hard,1st Round,3,Sonego L.,Barrere G.,51,166.0,1046,362.0,6.0,4.0,7.0,5.0,,,,,,,2.0,0.0,Completed,3.5,1.3,,,1.42,2.8,1.42,2.8,11410,2492
11412,2776,2664,2664,2024-11-04,2024-11-04,0,shevchenko|a / struff|j,Metz,Open de Moselle,R32,R32,0.22857142857142856,1.0,1.0,1.0,57.57142857142857,64,Metz,Open de Moselle,2024-11-04,ATP250,Indoor,Hard,1st Round,3,Struff J.L.,Shevchenko A.,40,64.0,1290,840.0,3.0,6.0,6.0,4.0,6.0,4.0,,,,,2.0,1.0,Completed,1.44,2.75,1.44,2.97,1.5,2.97,1.45,2.7,11412,2493
11413,2777,2668,2668,2024-11-04,2024-11-04,0,baena|r / norrie|c <> carballes baena|r / norrie|c,Metz,Open de Moselle,R32,R32,0.22857142857142856,1.0,1.0,1.0,57.57142857142857,64,Metz,Open de Moselle,2024-11-04,ATP250,Indoor,Hard,1st Round,3,Norrie C.,Carballes Baena R.,57,56.0,962,981.0,3.0,6.0,6.0,4.0,6.0,3.0,,,,,2.0,1.0,Completed,1.62,2.3,1.68,2.31,1.69,2.38,1.64,2.23,11413,2494
11417,2781,2667,2667,2024-11-04,2024-11-04,0,gasquet|r / monteiro|t,Metz,Open de Moselle,R32,R32,0.22857142857142856,1.0,1.0,1.0,57.57142857142857,64,Metz,Open de Moselle,2024-11-04,ATP250,Indoor,Hard,1st Round,3,Gasquet R.,Monteiro T.,133,100.0,445,609.0,4.0,6.0,6.0,4.0,7.0,6.0,,,,,2.0,1.0,Completed,1.73,2.1,1.76,2.17,1.8,2.2,1.74,2.07,11417,2495
11419,2783,2665,2665,2024-11-04,2024-11-04,0,herbert|p / martinez|p,Metz,Open de Moselle,R32,R32,0.22857142857142856,1.0,1.0,1.0,57.57142857142857,64,Metz,Open de Moselle,2024-11-04,ATP250,Indoor,Hard,1st Round,3,Herbert P.H.,Martinez P.,127,42.0,471,1270.0,6.0,3.0,3.0,6.0,7.0,6.0,,,,,2.0,1.0,Completed,1.91,1.91,1.93,1.95,2.01,1.95,1.89,1.88,11419,2496
11420,2784,2666,2666,2024-11-04,2024-11-04,0,halys|q / papamalamis|t,Metz,Open de Moselle,R32,R32,0.22857142857142856,1.0,1.0,1.0,57.57142857142857,64,Metz,Open de Moselle,2024-11-04,ATP250,Indoor,Hard,1st Round,3,Halys Q.,Papamalamis T.,84,721.0,693,37.0,6.0,3.0,6.0,1.0,,,,,,,2.0,0.0,Completed,1.02,19.0,1.03,18.71,1.03,19.0,1.02,13.84,11420,2497
11378,2742,2646,2646,2024-11-04,2024-11-05,1,kovacevic|a / medjedovic|h,Belgrade,Belgrade Open,R16,R16,1.0,1.0,1.0,0.9523809523809523,99.76190476190476,63,Belgrade,Belgrade Open,2024-11-05,ATP250,Indoor,Hard,2nd Round,3,Medjedovic H.,Kovacevic A.,156,101.0,378,607.0,7.0,6.0,6.0,4.0,,,,,,,2.0,0.0,Completed,1.4,3.0,1.48,2.88,1.5,3.0,1.42,2.79,11378,2498
11379,2743,2647,2647,2024-11-04,2024-11-05,1,etcheverry|t / klein|l,Belgrade,Belgrade Open,R16,R16,1.0,1.0,1.0,0.9523809523809523,99.76190476190476,63,Belgrade,Belgrade Open,2024-11-05,ATP250,Indoor,Hard,2nd Round,3,Klein L.,Etcheverry T.,153,39.0,380,1315.0,6.0,4.0,7.0,6.0,,,,,,,2.0,0.0,Completed,2.5,1.53,2.47,1.61,2.6,1.61,2.45,1.53,11379,2499
11380,2744,2648,2648,2024-11-04,2024-11-05,1,cilic|m / lehecka|j,Belgrade,Belgrade Open,R16,R16,1.0,1.0,1.0,0.9523809523809523,99.76190476190476,63,Belgrade,Belgrade Open,2024-11-05,ATP250,Indoor,Hard,2nd Round,3,Lehecka J.,Cilic M.,31,196.0,1560,298.0,6.0,4.0,7.0,6.0,,,,,,,2.0,0.0,Completed,1.53,2.5,1.59,2.54,1.59,2.56,1.53,2.46,11380,2500
11383,2747,2645,2645,2024-11-04,2024-11-05,1,djere|l / wawrinka|s,Belgrade,Belgrade Open,R32,R32,1.0,1.0,1.0,0.9523809523809523,99.76190476190476,63,Belgrade,Belgrade Open,2024-11-05,ATP250,Indoor,Hard,1st Round,3,Djere L.,Wawrinka S.,141,148.0,419,391.0,6.0,4.0,6.0,4.0,,,,,,,2.0,0.0,Completed,2.2,1.67,2.21,1.74,2.21,1.74,2.15,1.68,11383,2501
11386,2750,2644,2644,2024-11-04,2024-11-05,1,fognini|f / safiullin|r,Belgrade,Belgrade Open,R32,R32,1.0,1.0,1.0,0.9523809523809523,99.76190476190476,63,Belgrade,Belgrade Open,2024-11-05,ATP250,Indoor,Hard,1st Round,3,Safiullin R.,Fognini F.,60,74.0,898,745.0,6.0,3.0,6.0,3.0,,,,,,,2.0,0.0,Completed,1.22,4.33,1.27,4.09,1.27,4.34,1.23,3.99,11386,2502
11402,2766,2673,2673,2024-11-04,2024-11-05,1,rublev|a / sonego|l,Metz,Open de Moselle,R16,R16,0.22857142857142856,1.0,1.0,0.9523809523809523,57.33333333333333,64,Metz,Open de Moselle,2024-11-05,ATP250,Indoor,Hard,2nd Round,3,Rublev A.,Sonego L.,9,51.0,3720,1046.0,7.0,6.0,7.0,5.0,,,,,,,2.0,0.0,Completed,1.3,3.5,1.33,3.63,1.35,3.68,1.3,3.45,11402,2503
11403,2767,2675,2675,2024-11-04,2024-11-05,1,moutet|c / struff|j,Metz,Open de Moselle,R16,R16,0.22857142857142856,1.0,1.0,0.9523809523809523,57.33333333333333,64,Metz,Open de Moselle,2024-11-05,ATP250,Indoor,Hard,2nd Round,3,Moutet C.,Struff J.L.,66,40.0,804,1290.0,7.0,6.0,5.0,7.0,6.0,3.0,,,,,2.0,1.0,Completed,2.5,1.53,2.74,1.52,2.74,1.59,2.43,1.54,11403,2504
11406,2770,2674,2674,2024-11-04,2024-11-05,1,gasquet|r / michelsen|a,Metz,Open de Moselle,R16,R16,0.22857142857142856,1.0,1.0,0.9523809523809523,57.33333333333333,64,Metz,Open de Moselle,2024-11-05,ATP250,Indoor,Hard,2nd Round,3,Michelsen A.,Gasquet R.,44,133.0,1245,445.0,6.0,7.0,7.0,6.0,7.0,6.0,,,,,2.0,1.0,Completed,1.17,5.0,1.19,5.42,1.19,5.42,1.17,4.96,11406,2505
11414,2778,2669,2669,2024-11-04,2024-11-05,1,bergs|z / guinard|m,Metz,Open de Moselle,R32,R32,0.22857142857142856,1.0,1.0,0.9523809523809523,57.33333333333333,64,Metz,Open de Moselle,2024-11-05,ATP250,Indoor,Hard,1st Round,3,Bergs Z.,Guinard M.,61,264.0,886,204.0,6.0,4.0,6.0,4.0,,,,,,,2.0,0.0,Completed,1.17,5.0,1.19,5.26,1.2,5.4,1.17,4.82,11414,2506
11415,2779,2670,2670,2024-11-04,2024-11-05,1,droguet|t / gaston|h,Metz,Open de Moselle,R32,R32,0.22857142857142856,1.0,1.0,0.9523809523809523,57.33333333333333,64,Metz,Open de Moselle,2024-11-05,ATP250,Indoor,Hard,1st Round,3,Gaston H.,Droguet T.,81,174.0,712,338.0,7.0,6.0,4.0,6.0,6.0,3.0,,,,,2.0,1.0,Completed,1.8,2.0,1.9,1.99,1.9,2.02,1.81,1.97,11415,2507
11421,2785,2672,2672,2024-11-04,2024-11-05,1,agut|r / bonzi|b <> bautista agut|r / bonzi|b,Metz,Open de Moselle,R32,R32,0.22857142857142856,1.0,1.0,0.9523809523809523,57.33333333333333,64,Metz,Open de Moselle,2024-11-05,ATP250,Indoor,Hard,1st Round,3,Bonzi B.,Bautista Agut R.,124,47.0,473,1151.0,7.0,6.0,6.0,3.0,,,,,,,2.0,0.0,Completed,1.8,2.0,1.89,1.99,1.94,2.14,1.84,1.95,11421,2508
11375,2739,2653,2653,2024-11-04,2024-11-06,2,ajdukovic|d / djere|l,Belgrade,Belgrade Open,R16,R16,1.0,1.0,1.0,0.9047619047619048,99.52380952380952,63,Belgrade,Belgrade Open,2024-11-06,ATP250,Indoor,Hard,2nd Round,3,Djere L.,Ajdukovic D.,141,115.0,419,506.0,6.0,1.0,7.0,6.0,,,,,,,2.0,0.0,Completed,1.44,2.75,1.5,2.78,1.5,2.98,1.43,2.75,11375,2509
11376,2740,2652,2652,2024-11-04,2024-11-06,2,lajovic|d / marozsan|f,Belgrade,Belgrade Open,R16,R16,1.0,1.0,1.0,0.9047619047619048,99.52380952380952,63,Belgrade,Belgrade Open,2024-11-06,ATP250,Indoor,Hard,2nd Round,3,Marozsan F.,Lajovic D.,59,86.0,930,685.0,6.0,3.0,7.0,5.0,,,,,,,2.0,0.0,Completed,1.73,2.1,1.74,2.23,1.74,2.23,1.68,2.15,11376,2510
11377,2741,2649,2649,2024-11-04,2024-11-06,2,cerundolo|f / safiullin|r,Belgrade,Belgrade Open,R16,R16,1.0,1.0,1.0,0.9047619047619048,99.52380952380952,63,Belgrade,Belgrade Open,2024-11-06,ATP250,Indoor,Hard,2nd Round,3,Cerundolo F.,Safiullin R.,29,60.0,1580,898.0,6.0,4.0,6.0,4.0,,,,,,,2.0,0.0,Completed,2.5,1.53,2.48,1.61,2.5,1.64,2.38,1.57,11377,2511
11382,2746,2651,2651,2024-11-04,2024-11-06,2,borges|n / shapovalov|d,Belgrade,Belgrade Open,R16,R16,1.0,1.0,1.0,0.9047619047619048,99.52380952380952,63,Belgrade,Belgrade Open,2024-11-06,ATP250,Indoor,Hard,2nd Round,3,Shapovalov D.,Borges N.,78,33.0,718,1446.0,6.0,2.0,6.0,4.0,,,,,,,2.0,0.0,Completed,1.33,3.4,1.37,3.42,1.37,3.65,1.32,3.33,11382,2512
11404,2768,2678,2678,2024-11-04,2024-11-06,2,norrie|c / van assche|l,Metz,Open de Moselle,R16,R16,0.22857142857142856,1.0,1.0,0.9047619047619048,57.095238095238095,64,Metz,Open de Moselle,2024-11-06,ATP250,Indoor,Hard,2nd Round,3,Norrie C.,Van Assche L.,57,112.0,962,509.0,6.0,3.0,3.0,6.0,6.0,1.0,,,,,2.0,1.0,Completed,1.53,2.5,1.56,2.62,1.56,2.63,1.52,2.47,11404,2513
11405,2769,2677,2677,2024-11-04,2024-11-06,2,bergs|z / gaston|h,Metz,Open de Moselle,R16,R16,0.22857142857142856,1.0,1.0,0.9047619047619048,57.095238095238095,64,Metz,Open de Moselle,2024-11-06,ATP250,Indoor,Hard,2nd Round,3,Bergs Z.,Gaston H.,61,81.0,886,712.0,6.0,4.0,7.0,5.0,,,,,,,2.0,0.0,Completed,1.4,3.0,1.42,3.12,1.46,3.12,1.41,2.87,11405,2514
11408,2772,2676,2676,2024-11-04,2024-11-06,2,halys|q / herbert|p,Metz,Open de Moselle,R16,R16,0.22857142857142856,1.0,1.0,0.9047619047619048,57.095238095238095,64,Metz,Open de Moselle,2024-11-06,ATP250,Indoor,Hard,2nd Round,3,Halys Q.,Herbert P.H.,84,127.0,693,471.0,6.0,1.0,4.0,6.0,6.0,4.0,,,,,2.0,1.0,Completed,1.25,4.0,1.28,4.1,1.3,4.1,1.26,3.73,11408,2515
11409,2773,2679,2679,2024-11-04,2024-11-06,2,bonzi|b / ruud|c,Metz,Open de Moselle,R16,R16,0.22857142857142856,1.0,1.0,0.9047619047619048,57.095238095238095,64,Metz,Open de Moselle,2024-11-06,ATP250,Indoor,Hard,2nd Round,3,Bonzi B.,Ruud C.,124,7.0,473,3855.0,6.0,4.0,6.0,4.0,,,,,,,2.0,0.0,Completed,1.91,1.91,1.98,1.93,1.98,1.96,1.89,1.88,11409,2516
11371,2735,2656,2656,2024-11-04,2024-11-07,3,djere|l / marozsan|f,Belgrade,Belgrade Open,QF,QF,1.0,1.0,1.0,0.8571428571428572,99.28571428571429,63,Belgrade,Belgrade Open,2024-11-07,ATP250,Indoor,Hard,Quarterfinals,3,Djere L.,Marozsan F.,141,59.0,419,930.0,6.0,4.0,6.0,2.0,,,,,,,2.0,0.0,Completed,1.8,2.0,1.88,2.03,1.9,2.09,1.82,1.97,11371,2517
11372,2736,2657,2657,2024-11-04,2024-11-07,3,cerundolo|f / medjedovic|h,Belgrade,Belgrade Open,QF,QF,1.0,1.0,1.0,0.8571428571428572,99.28571428571429,63,Belgrade,Belgrade Open,2024-11-07,ATP250,Indoor,Hard,Quarterfinals,3,Medjedovic H.,Cerundolo F.,156,29.0,378,1580.0,6.0,4.0,6.0,2.0,,,,,,,2.0,0.0,Completed,2.1,1.73,2.09,1.83,2.25,1.83,2.08,1.73,11372,2518
11373,2737,2654,2654,2024-11-04,2024-11-07,3,klein|l / lehecka|j,Belgrade,Belgrade Open,QF,QF,1.0,1.0,1.0,0.8571428571428572,99.28571428571429,63,Belgrade,Belgrade Open,2024-11-07,ATP250,Indoor,Hard,Quarterfinals,3,Lehecka J.,Klein L.,31,153.0,1560,380.0,3.0,6.0,7.0,6.0,6.0,3.0,,,,,2.0,1.0,Completed,1.36,3.2,1.43,3.08,1.44,3.2,1.39,2.97,11373,2519
11398,2762,2681,2681,2024-11-04,2024-11-07,3,moutet|c / rublev|a,Metz,Open de Moselle,QF,QF,0.22857142857142856,1.0,1.0,0.8571428571428572,56.857142857142854,64,Metz,Open de Moselle,2024-11-07,ATP250,Indoor,Hard,Quarterfinals,3,Moutet C.,Rublev A.,66,9.0,804,3720.0,,,,,,,,,,,,,Walkover,,,,,,,,,11398,2520
11399,2763,2682,2682,2024-11-04,2024-11-07,3,bergs|z / norrie|c,Metz,Open de Moselle,QF,QF,0.22857142857142856,1.0,1.0,0.8571428571428572,56.857142857142854,64,Metz,Open de Moselle,2024-11-07,ATP250,Indoor,Hard,Quarterfinals,3,Norrie C.,Bergs Z.,57,61.0,962,886.0,6.0,3.0,6.0,7.0,6.0,1.0,,,,,2.0,1.0,Completed,2.2,1.67,2.41,1.64,2.41,1.74,2.27,1.62,11399,2521
11401,2765,2683,2683,2024-11-04,2024-11-07,3,bonzi|b / halys|q,Metz,Open de Moselle,QF,QF,0.22857142857142856,1.0,1.0,0.8571428571428572,56.857142857142854,64,Metz,Open de Moselle,2024-11-07,ATP250,Indoor,Hard,Quarterfinals,3,Bonzi B.,Halys Q.,124,84.0,473,693.0,6.0,3.0,7.0,6.0,,,,,,,2.0,0.0,Completed,1.73,2.1,1.8,2.13,1.8,2.23,1.72,2.11,11401,2522
11369,2733,2659,2659,2024-11-04,2024-11-08,4,djere|l / medjedovic|h,Belgrade,Belgrade Open,SF,SF,1.0,1.0,1.0,0.8095238095238095,99.04761904761905,63,Belgrade,Belgrade Open,2024-11-08,ATP250,Indoor,Hard,Semifinals,3,Medjedovic H.,Djere L.,156,141.0,378,419.0,6.0,2.0,3.0,6.0,7.0,6.0,,,,,2.0,1.0,Completed,1.62,2.3,1.71,2.26,1.74,2.32,1.64,2.22,11369,2523
11370,2734,2658,2658,2024-11-04,2024-11-08,4,lehecka|j / shapovalov|d,Belgrade,Belgrade Open,SF,SF,1.0,1.0,1.0,0.8095238095238095,99.04761904761905,63,Belgrade,Belgrade Open,2024-11-08,ATP250,Indoor,Hard,Semifinals,3,Shapovalov D.,Lehecka J.,78,31.0,718,1560.0,6.0,2.0,6.0,1.0,,,,,,,2.0,0.0,Completed,1.67,2.2,1.74,2.23,1.76,2.24,1.68,2.16,11370,2524
11396,2760,2685,2685,2024-11-04,2024-11-08,4,moutet|c / norrie|c,Metz,Open de Moselle,SF,SF,0.22857142857142856,1.0,1.0,0.8095238095238095,56.61904761904762,64,Metz,Open de Moselle,2024-11-08,ATP250,Indoor,Hard,Semifinals,3,Norrie C.,Moutet C.,57,66.0,962,804.0,6.0,2.0,7.0,6.0,,,,,,,2.0,0.0,Completed,1.8,2.0,1.89,2.02,1.92,2.14,1.81,1.98,11396,2525
11397,2761,2686,2686,2024-11-04,2024-11-08,4,bonzi|b / michelsen|a,Metz,Open de Moselle,SF,SF,0.22857142857142856,1.0,1.0,0.8095238095238095,56.61904761904762,64,Metz,Open de Moselle,2024-11-08,ATP250,Indoor,Hard,Semifinals,3,Bonzi B.,Michelsen A.,124,44.0,473,1245.0,4.0,6.0,6.0,0.0,7.0,5.0,,,,,2.0,1.0,Completed,1.91,1.91,2.0,1.89,2.06,2.03,1.92,1.85,11397,2526
11368,2732,2660,2660,2024-11-04,2024-11-09,5,medjedovic|h / shapovalov|d,Belgrade,Belgrade Open,F,F,1.0,1.0,1.0,0.7619047619047619,98.80952380952381,63,Belgrade,Belgrade Open,2024-11-09,ATP250,Indoor,Hard,The Final,3,Shapovalov D.,Medjedovic H.,78,156.0,718,378.0,6.0,4.0,6.0,4.0,,,,,,,2.0,0.0,Completed,1.4,3.0,1.41,3.13,1.41,3.17,1.38,3.0,11368,2527
11395,2759,2687,2687,2024-11-04,2024-11-09,5,bonzi|b / norrie|c,Metz,Open de Moselle,F,F,0.22857142857142856,1.0,1.0,0.7619047619047619,56.38095238095238,64,Metz,Open de Moselle,2024-11-09,ATP250,Indoor,Hard,The Final,3,Bonzi B.,Norrie C.,124,57.0,473,962.0,7.0,6.0,6.0,4.0,,,,,,,2.0,0.0,Completed,1.91,1.91,1.89,2.0,1.94,2.0,1.87,1.91,11395,2528
11427,2791,2689,2689,2024-11-11,2024-11-10,-1,de minaur|a / sinner|j,Tour Finals,Masters Cup,RR,RR,0.11428571428571428,1.0,1.0,0.6666666666666667,49.61904761904762,65,Turin,Masters Cup,2024-11-10,Masters Cup,Indoor,Hard,Round Robin,3,Sinner J.,De Minaur A.,1,9.0,10330,3745.0,6.0,3.0,6.0,4.0,,,,,,,2.0,0.0,Completed,1.11,6.5,1.11,8.24,1.16,8.24,1.11,6.57,11427,2529
11428,2792,2688,2688,2024-11-11,2024-11-10,-1,fritz|t / medvedev|d,Tour Finals,Masters Cup,RR,RR,0.11428571428571428,1.0,1.0,0.6666666666666667,49.61904761904762,65,Turin,Masters Cup,2024-11-10,Masters Cup,Indoor,Hard,Round Robin,3,Fritz T.,Medvedev D.,5,4.0,4300,4830.0,6.0,4.0,6.0,3.0,,,,,,,2.0,0.0,Completed,2.1,1.73,2.16,1.77,2.22,1.8,2.06,1.74,11428,2530
11433,2797,2691,2691,2024-11-11,2024-11-11,0,rublev|a / zverev|a,Tour Finals,Masters Cup,RR,RR,0.11428571428571428,1.0,1.0,1.0,51.285714285714285,65,Turin,Masters Cup,2024-11-11,Masters Cup,Indoor,Hard,Round Robin,3,Zverev A.,Rublev A.,2,8.0,7315,3760.0,6.0,4.0,6.0,4.0,,,,,,,2.0,0.0,Completed,1.3,3.5,1.31,3.75,1.34,3.76,1.3,3.48,11433,2531
11434,2798,2690,2690,2024-11-11,2024-11-11,0,alcaraz|c / ruud|c,Tour Finals,Masters Cup,RR,RR,0.11428571428571428,1.0,1.0,1.0,51.285714285714285,65,Turin,Masters Cup,2024-11-11,Masters Cup,Indoor,Hard,Round Robin,3,Ruud C.,Alcaraz C.,7,3.0,3855,6810.0,6.0,1.0,7.0,5.0,,,,,,,2.0,0.0,Completed,10.0,1.06,10.08,1.08,10.08,1.09,8.71,1.06,11434,2532
11426,2790,2693,2693,2024-11-11,2024-11-12,1,fritz|t / sinner|j,Tour Finals,Masters Cup,RR,RR,0.11428571428571428,1.0,1.0,0.9523809523809523,51.047619047619044,65,Turin,Masters Cup,2024-11-12,Masters Cup,Indoor,Hard,Round Robin,3,Sinner J.,Fritz T.,1,5.0,10330,4300.0,6.0,4.0,6.0,4.0,,,,,,,2.0,0.0,Completed,1.14,5.5,1.18,5.43,1.2,5.8,1.16,5.04,11426,2533
11429,2793,2692,2692,2024-11-11,2024-11-12,1,de minaur|a / medvedev|d,Tour Finals,Masters Cup,RR,RR,0.11428571428571428,1.0,1.0,0.9523809523809523,51.047619047619044,65,Turin,Masters Cup,2024-11-12,Masters Cup,Indoor,Hard,Round Robin,3,Medvedev D.,De Minaur A.,4,9.0,4830,3745.0,6.0,2.0,6.0,4.0,,,,,,,2.0,0.0,Completed,1.91,1.91,2.03,1.86,2.03,1.94,1.9,1.88,11429,2534
11432,2796,2695,2695,2024-11-11,2024-11-13,2,ruud|c / zverev|a,Tour Finals,Masters Cup,RR,RR,0.11428571428571428,1.0,1.0,0.9047619047619048,50.80952380952381,65,Turin,Masters Cup,2024-11-13,Masters Cup,Indoor,Hard,Round Robin,3,Zverev A.,Ruud C.,2,7.0,7315,3855.0,7.0,6.0,6.0,3.0,,,,,,,2.0,0.0,Completed,1.13,6.0,1.18,5.56,1.18,6.0,1.15,5.46,11432,2535
11435,2799,2694,2694,2024-11-11,2024-11-13,2,alcaraz|c / rublev|a,Tour Finals,Masters Cup,RR,RR,0.11428571428571428,1.0,1.0,0.9047619047619048,50.80952380952381,65,Turin,Masters Cup,2024-11-13,Masters Cup,Indoor,Hard,Round Robin,3,Alcaraz C.,Rublev A.,3,8.0,6810,3760.0,6.0,3.0,7.0,6.0,,,,,,,2.0,0.0,Completed,1.53,2.5,1.58,2.52,1.6,2.6,1.54,2.46,11435,2536
11425,2789,2697,2697,2024-11-11,2024-11-14,3,medvedev|d / sinner|j,Tour Finals,Masters Cup,RR,RR,0.11428571428571428,1.0,1.0,0.8571428571428572,50.57142857142857,65,Turin,Masters Cup,2024-11-14,Masters Cup,Indoor,Hard,Round Robin,3,Sinner J.,Medvedev D.,1,4.0,10330,4830.0,6.0,3.0,6.0,4.0,,,,,,,2.0,0.0,Completed,1.17,5.0,1.19,5.29,1.22,5.6,1.17,4.85,11425,2537
11430,2794,2696,2696,2024-11-11,2024-11-14,3,de minaur|a / fritz|t,Tour Finals,Masters Cup,RR,RR,0.11428571428571428,1.0,1.0,0.8571428571428572,50.57142857142857,65,Turin,Masters Cup,2024-11-14,Masters Cup,Indoor,Hard,Round Robin,3,De Minaur A.,Fritz T.,9,5.0,3745,4300.0,5.0,7.0,6.0,4.0,6.0,3.0,,,,,2.0,1.0,Completed,3.2,1.36,3.09,1.42,3.2,1.42,3.0,1.38,11430,2538
11431,2795,2698,2698,2024-11-11,2024-11-15,4,alcaraz|c / zverev|a,Tour Finals,Masters Cup,RR,RR,0.11428571428571428,1.0,1.0,0.8095238095238095,50.33333333333333,65,Turin,Masters Cup,2024-11-15,Masters Cup,Indoor,Hard,Round Robin,3,Zverev A.,Alcaraz C.,2,3.0,7315,6810.0,7.0,6.0,6.0,4.0,,,,,,,2.0,0.0,Completed,1.91,1.91,2.02,1.87,2.02,1.92,1.91,1.87,11431,2539
11436,2800,2699,2699,2024-11-11,2024-11-15,4,rublev|a / ruud|c,Tour Finals,Masters Cup,RR,RR,0.11428571428571428,1.0,1.0,0.8095238095238095,50.33333333333333,65,Turin,Masters Cup,2024-11-15,Masters Cup,Indoor,Hard,Round Robin,3,Ruud C.,Rublev A.,7,8.0,3855,3760.0,6.0,4.0,5.0,7.0,6.0,2.0,,,,,2.0,1.0,Completed,2.5,1.53,2.59,1.56,2.63,1.64,2.43,1.55,11436,2540
11423,2787,2701,2701,2024-11-11,2024-11-16,5,ruud|c / sinner|j,Tour Finals,Masters Cup,SF,SF,0.11428571428571428,1.0,1.0,0.7619047619047619,50.095238095238095,65,Turin,Masters Cup,2024-11-16,Masters Cup,Indoor,Hard,Semifinals,3,Sinner J.,Ruud C.,1,7.0,10330,3855.0,6.0,1.0,6.0,2.0,,,,,,,2.0,0.0,Completed,1.05,11.0,1.06,12.48,1.07,12.48,1.05,9.58,11423,2541
11424,2788,2700,2700,2024-11-11,2024-11-16,5,fritz|t / zverev|a,Tour Finals,Masters Cup,SF,SF,0.11428571428571428,1.0,1.0,0.7619047619047619,50.095238095238095,65,Turin,Masters Cup,2024-11-16,Masters Cup,Indoor,Hard,Semifinals,3,Fritz T.,Zverev A.,5,2.0,4300,7315.0,6.0,3.0,3.0,6.0,7.0,6.0,,,,,2.0,1.0,Completed,3.0,1.4,2.85,1.48,3.11,1.49,2.94,1.4,11424,2542
11422,2786,2702,2702,2024-11-11,2024-11-17,6,fritz|t / sinner|j,Tour Finals,Masters Cup,F,F,0.11428571428571428,1.0,1.0,0.7142857142857143,49.857142857142854,65,Turin,Masters Cup,2024-11-17,Masters Cup,Indoor,Hard,The Final,3,Sinner J.,Fritz T.,1,5.0,10330,4300.0,6.0,4.0,6.0,4.0,,,,,,,2.0,0.0,Completed,1.14,5.5,1.17,5.24,1.2,5.7,1.15,5.22,11422,2543
