sackmann_index,sackmann_position,reason_code,reason,pair_candidate_count,date_candidate_count,eligible_candidate_count,best_score,selected_score,score_margin_to_next_candidate,matched_odds_index,matched_odds_position
8001,0,outside_date_window,"Pair candidates exist, but none fall in the allowed event window.",1,0,0,,,,,
8002,1,no_pair_candidate,No valid odds row contains the same unordered player pair.,0,0,0,,,,,
8003,2,no_pair_candidate,No valid odds row contains the same unordered player pair.,0,0,0,,,,,
8004,3,outside_date_window,"Pair candidates exist, but none fall in the allowed event window.",1,0,0,,,,,
8005,4,no_pair_candidate,No valid odds row contains the same unordered player pair.,0,0,0,,,,,
8006,5,no_pair_candidate,No valid odds row contains the same unordered player pair.,0,0,0,,,,,
8007,6,no_pair_candidate,No valid odds row contains the same unordered player pair.,0,0,0,,,,,
8008,7,outside_date_window,"Pair candidates exist, but none fall in the allowed event window.",1,0,0,,,,,
8009,8,outside_date_window,"Pair candidates exist, but none fall in the allowed event window.",1,0,0,,,,,
8010,9,outside_date_window,"Pair candidates exist, but none fall in the allowed event window.",1,0,0,,,,,
8011,10,no_pair_candidate,No valid odds row contains the same unordered player pair.,0,0,0,,,,,
8012,11,no_pair_candidate,No valid odds row contains the same unordered player pair.,0,0,0,,,,,
8013,12,no_pair_candidate,No valid odds row contains the same unordered player pair.,0,0,0,,,,,
8014,13,no_pair_candidate,No valid odds row contains the same unordered player pair.,0,0,0,,,,,
8015,14,no_pair_candidate,No valid odds row contains the same unordered player pair.,0,0,0,,,,,
8016,15,no_pair_candidate,No valid odds row contains the same unordered player pair.,0,0,0,,,,,
8017,16,outside_date_window,"Pair candidates exist, but none fall in the allowed event window.",1,0,0,,,,,
8018,17,no_pair_candidate,No valid odds row contains the same unordered player pair.,0,0,0,,,,,
8019,18,no_pair_candidate,No valid odds row contains the same unordered player pair.,0,0,0,,,,,
8020,19,no_pair_candidate,No valid odds row contains the same unordered player pair.,0,0,0,,,,,
8021,20,outside_date_window,"Pair candidates exist, but none fall in the allowed event window.",1,0,0,,,,,
8022,21,no_pair_candidate,No valid odds row contains the same unordered player pair.,0,0,0,,,,,
8023,22,no_pair_candidate,No valid odds row contains the same unordered player pair.,0,0,0,,,,,
8024,23,no_pair_candidate,No valid odds row contains the same unordered player pair.,0,0,0,,,,,
8025,24,no_pair_candidate,No valid odds row contains the same unordered player pair.,0,0,0,,,,,
8026,25,matched,A unique odds row was assigned.,3,1,1,98.57142857142857,98.57142857142857,,77.0,77.0
8027,26,matched,A unique odds row was assigned.,2,1,1,98.80952380952381,98.80952380952381,,76.0,76.0
8028,27,matched,A unique odds row was assigned.,1,1,1,98.80952380952381,98.80952380952381,,75.0,75.0
8029,28,matched,A unique odds row was assigned.,2,1,1,99.04761904761905,99.04761904761905,,74.0,74.0
8030,29,matched,A unique odds row was assigned.,3,2,1,99.04761904761905,99.04761904761905,,71.0,71.0
8031,30,matched,A unique odds row was assigned.,2,1,1,99.04761904761905,99.04761904761905,,73.0,73.0
8032,31,matched,A unique odds row was assigned.,1,1,1,99.04761904761905,99.04761904761905,,72.0,72.0
8033,32,matched,A unique odds row was assigned.,1,1,1,99.28571428571429,99.28571428571429,,70.0,70.0
8034,33,matched,A unique odds row was assigned.,2,1,1,99.28571428571429,99.28571428571429,,66.0,66.0
8035,34,no_pair_candidate,No valid odds row contains the same unordered player pair.,0,0,0,,,,,
8036,35,matched,A unique odds row was assigned.,2,1,1,99.28571428571429,99.28571428571429,,63.0,63.0
8037,36,matched,A unique odds row was assigned.,1,1,1,99.28571428571429,99.28571428571429,,64.0,64.0
8038,37,no_pair_candidate,No valid odds row contains the same unordered player pair.,0,0,0,,,,,
8039,38,matched,A unique odds row was assigned.,1,1,1,99.28571428571429,99.28571428571429,,68.0,68.0
8040,39,matched,A unique odds row was assigned.,2,1,1,99.28571428571429,99.28571428571429,,69.0,69.0
8041,40,matched,A unique odds row was assigned.,2,1,1,99.52380952380952,99.52380952380952,,53.0,53.0
8042,41,matched,A unique odds row was assigned.,1,1,1,99.52380952380952,99.52380952380952,,62.0,62.0
8043,42,matched,A unique odds row was assigned.,1,1,1,99.52380952380952,99.52380952380952,,59.0,59.0
8044,43,matched,A unique odds row was assigned.,2,1,1,99.52380952380952,99.52380952380952,,54.0,54.0
8045,44,matched,A unique odds row was assigned.,1,1,1,99.52380952380952,99.52380952380952,,56.0,56.0
8046,45,no_pair_candidate,No valid odds row contains the same unordered player pair.,0,0,0,,,,,
8047,46,matched,A unique odds row was assigned.,1,1,1,99.52380952380952,99.52380952380952,,57.0,57.0
8048,47,matched,A unique odds row was assigned.,2,1,1,99.76190476190476,99.76190476190476,,48.0,48.0
8049,48,matched,A unique odds row was assigned.,1,1,1,99.52380952380952,99.52380952380952,,55.0,55.0
8050,49,matched,A unique odds row was assigned.,1,1,1,99.52380952380952,99.52380952380952,,52.0,52.0
8051,50,no_pair_candidate,No valid odds row contains the same unordered player pair.,0,0,0,,,,,
8052,51,matched,A unique odds row was assigned.,1,1,1,99.52380952380952,99.52380952380952,,58.0,58.0
8053,52,matched,A unique odds row was assigned.,1,1,1,99.52380952380952,99.52380952380952,,49.0,49.0
8054,53,matched,A unique odds row was assigned.,1,1,1,99.52380952380952,99.52380952380952,,50.0,50.0
8055,54,matched,A unique odds row was assigned.,2,1,1,99.52380952380952,99.52380952380952,,60.0,60.0
8056,55,matched,A unique odds row was assigned.,1,1,1,99.52380952380952,99.52380952380952,,61.0,61.0
8057,56,matched,A unique odds row was assigned.,1,1,1,99.76190476190476,99.76190476190476,,42.0,42.0
8058,57,matched,A unique odds row was assigned.,1,1,1,99.76190476190476,99.76190476190476,,46.0,46.0
8059,58,matched,A unique odds row was assigned.,1,1,1,98.33333333333333,98.33333333333333,,38.0,38.0
8060,59,matched,A unique odds row was assigned.,1,1,1,98.33333333333333,98.33333333333333,,37.0,37.0
8061,60,matched,A unique odds row was assigned.,1,1,1,98.33333333333333,98.33333333333333,,35.0,35.0
8062,61,matched,A unique odds row was assigned.,1,1,1,100.0,100.0,,39.0,39.0
8063,62,matched,A unique odds row was assigned.,1,1,1,99.76190476190476,99.76190476190476,,44.0,44.0
8064,63,matched,A unique odds row was assigned.,1,1,1,98.33333333333333,98.33333333333333,,33.0,33.0
8065,64,matched,A unique odds row was assigned.,1,1,1,99.76190476190476,99.76190476190476,,45.0,45.0
8066,65,matched,A unique odds row was assigned.,1,1,1,99.76190476190476,99.76190476190476,,41.0,41.0
8067,66,no_pair_candidate,No valid odds row contains the same unordered player pair.,0,0,0,,,,,
8068,67,matched,A unique odds row was assigned.,1,1,1,98.33333333333333,98.33333333333333,,31.0,31.0
8069,68,matched,A unique odds row was assigned.,1,1,1,98.33333333333333,98.33333333333333,,34.0,34.0
8070,69,matched,A unique odds row was assigned.,2,1,1,100.0,100.0,,40.0,40.0
8071,70,matched,A unique odds row was assigned.,1,1,1,98.33333333333333,98.33333333333333,,36.0,36.0
8072,71,matched,A unique odds row was assigned.,1,1,1,99.76190476190476,99.76190476190476,,43.0,43.0
8073,72,matched,A unique odds row was assigned.,2,1,1,62.097744360902254,62.097744360902254,,30.0,30.0
8074,73,matched,A unique odds row was assigned.,3,1,1,62.335839598997495,62.335839598997495,,28.0,28.0
8075,74,no_pair_candidate,No valid odds row contains the same unordered player pair.,0,0,0,,,,,
8076,75,matched,A unique odds row was assigned.,2,1,1,62.573934837092736,62.573934837092736,,25.0,25.0
8077,76,matched,A unique odds row was assigned.,1,1,1,62.81203007518797,62.81203007518797,,24.0,24.0
8078,77,no_pair_candidate,No valid odds row contains the same unordered player pair.,0,0,0,,,,,
8079,78,matched,A unique odds row was assigned.,1,1,1,62.573934837092736,62.573934837092736,,27.0,27.0
8080,79,matched,A unique odds row was assigned.,1,1,1,62.81203007518797,62.81203007518797,,21.0,21.0
8081,80,matched,A unique odds row was assigned.,1,1,1,62.81203007518797,62.81203007518797,,22.0,22.0
8082,81,matched,A unique odds row was assigned.,1,1,1,63.05012531328321,63.05012531328321,,17.0,17.0
8083,82,matched,A unique odds row was assigned.,2,1,1,63.05012531328321,63.05012531328321,,20.0,20.0
8084,83,no_pair_candidate,No valid odds row contains the same unordered player pair.,0,0,0,,,,,
8085,84,matched,A unique odds row was assigned.,1,1,1,63.05012531328321,63.05012531328321,,19.0,19.0
8086,85,matched,A unique odds row was assigned.,1,1,1,63.05012531328321,63.05012531328321,,18.0,18.0
8087,86,matched,A unique odds row was assigned.,1,1,1,62.81203007518797,62.81203007518797,,23.0,23.0
8088,87,matched,A unique odds row was assigned.,1,1,1,63.288220551378444,63.288220551378444,,12.0,12.0
8089,88,matched,A unique odds row was assigned.,1,1,1,63.288220551378444,63.288220551378444,,10.0,10.0
8090,89,matched,A unique odds row was assigned.,1,1,1,63.526315789473685,63.526315789473685,,8.0,8.0
8091,90,matched,A unique odds row was assigned.,1,1,1,63.288220551378444,63.288220551378444,,11.0,11.0
8092,91,matched,A unique odds row was assigned.,1,1,1,63.526315789473685,63.526315789473685,,2.0,2.0
8093,92,matched,A unique odds row was assigned.,1,1,1,63.526315789473685,63.526315789473685,,1.0,1.0
8094,93,matched,A unique odds row was assigned.,1,1,1,63.288220551378444,63.288220551378444,,14.0,14.0
8095,94,matched,A unique odds row was assigned.,1,1,1,63.288220551378444,63.288220551378444,,9.0,9.0
8096,95,no_pair_candidate,No valid odds row contains the same unordered player pair.,0,0,0,,,,,
8097,96,no_pair_candidate,No valid odds row contains the same unordered player pair.,0,0,0,,,,,
8098,97,matched,A unique odds row was assigned.,2,1,1,63.526315789473685,63.526315789473685,,4.0,4.0
8099,98,matched,A unique odds row was assigned.,1,1,1,63.526315789473685,63.526315789473685,,3.0,3.0
8100,99,matched,A unique odds row was assigned.,2,1,1,63.526315789473685,63.526315789473685,,5.0,5.0
8101,100,matched,A unique odds row was assigned.,2,1,1,63.526315789473685,63.526315789473685,,7.0,7.0
8102,101,matched,A unique odds row was assigned.,1,1,1,63.288220551378444,63.288220551378444,,15.0,15.0
8103,102,matched,A unique odds row was assigned.,2,1,1,63.288220551378444,63.288220551378444,,13.0,13.0
8104,103,matched,A unique odds row was assigned.,1,1,1,98.80952380952381,98.80952380952381,,106.0,106.0
8105,104,matched,A unique odds row was assigned.,2,1,1,99.04761904761905,99.04761904761905,,104.0,104.0
8106,105,matched,A unique odds row was assigned.,2,1,1,99.04761904761905,99.04761904761905,,105.0,105.0
8107,106,matched,A unique odds row was assigned.,1,1,1,99.28571428571429,99.28571428571429,,103.0,103.0
8108,107,matched,A unique odds row was assigned.,1,1,1,99.28571428571429,99.28571428571429,,100.0,100.0
8109,108,matched,A unique odds row was assigned.,1,1,1,99.28571428571429,99.28571428571429,,101.0,101.0
8110,109,matched,A unique odds row was assigned.,1,1,1,99.28571428571429,99.28571428571429,,102.0,102.0
8111,110,matched,A unique odds row was assigned.,2,1,1,99.52380952380952,99.52380952380952,,98.0,98.0
8112,111,matched,A unique odds row was assigned.,1,1,1,99.52380952380952,99.52380952380952,,99.0,99.0
8113,112,matched,A unique odds row was assigned.,1,1,1,99.52380952380952,99.52380952380952,,95.0,95.0
8114,113,matched,A unique odds row was assigned.,1,1,1,99.52380952380952,99.52380952380952,,96.0,96.0
8115,114,matched,A unique odds row was assigned.,1,1,1,99.52380952380952,99.52380952380952,,93.0,93.0
8116,115,matched,A unique odds row was assigned.,1,1,1,99.52380952380952,99.52380952380952,,97.0,97.0
8117,116,matched,A unique odds row was assigned.,1,1,1,99.52380952380952,99.52380952380952,,94.0,94.0
8118,117,matched,A unique odds row was assigned.,1,1,1,99.52380952380952,99.52380952380952,,92.0,92.0
8119,118,matched,A unique odds row was assigned.,1,1,1,100.0,100.0,,80.0,80.0
8120,119,matched,A unique odds row was assigned.,2,1,1,99.76190476190476,99.76190476190476,,90.0,90.0
8121,120,matched,A unique odds row was assigned.,1,1,1,99.76190476190476,99.76190476190476,,87.0,87.0
8122,121,matched,A unique odds row was assigned.,1,1,1,99.76190476190476,99.76190476190476,,91.0,91.0
8123,122,matched,A unique odds row was assigned.,1,1,1,100.0,100.0,,78.0,78.0
8124,123,matched,A unique odds row was assigned.,1,1,1,99.76190476190476,99.76190476190476,,86.0,86.0
8125,124,matched,A unique odds row was assigned.,1,1,1,99.76190476190476,99.76190476190476,,85.0,85.0
8126,125,matched,A unique odds row was assigned.,1,1,1,100.0,100.0,,84.0,84.0
8127,126,matched,A unique odds row was assigned.,1,1,1,100.0,100.0,,82.0,82.0
8128,127,matched,A unique odds row was assigned.,2,1,1,99.76190476190476,99.76190476190476,,89.0,89.0
8129,128,matched,A unique odds row was assigned.,1,1,1,100.0,100.0,,81.0,81.0
8130,129,matched,A unique odds row was assigned.,3,1,1,100.0,100.0,,79.0,79.0
8131,130,no_pair_candidate,No valid odds row contains the same unordered player pair.,0,0,0,,,,,
8132,131,matched,A unique odds row was assigned.,1,1,1,100.0,100.0,,83.0,83.0
8133,132,matched,A unique odds row was assigned.,2,1,1,98.80952380952381,98.80952380952381,,137.0,137.0
8134,133,matched,A unique odds row was assigned.,1,1,1,99.04761904761905,99.04761904761905,,135.0,135.0
8135,134,matched,A unique odds row was assigned.,1,1,1,99.04761904761905,99.04761904761905,,136.0,136.0
8136,135,matched,A unique odds row was assigned.,1,1,1,99.28571428571429,99.28571428571429,,131.0,131.0
8137,136,matched,A unique odds row was assigned.,2,1,1,99.28571428571429,99.28571428571429,,133.0,133.0
8138,137,matched,A unique odds row was assigned.,2,1,1,99.28571428571429,99.28571428571429,,134.0,134.0
8139,138,matched,A unique odds row was assigned.,1,1,1,99.28571428571429,99.28571428571429,,132.0,132.0
8140,139,matched,A unique odds row was assigned.,1,1,1,99.52380952380952,99.52380952380952,,125.0,125.0
8141,140,matched,A unique odds row was assigned.,1,1,1,99.52380952380952,99.52380952380952,,123.0,123.0
8142,141,matched,A unique odds row was assigned.,1,1,1,99.52380952380952,99.52380952380952,,126.0,126.0
8143,142,matched,A unique odds row was assigned.,1,1,1,99.52380952380952,99.52380952380952,,129.0,129.0
8144,143,matched,A unique odds row was assigned.,1,1,1,99.52380952380952,99.52380952380952,,130.0,130.0
8145,144,no_pair_candidate,No valid odds row contains the same unordered player pair.,0,0,0,,,,,
8146,145,matched,A unique odds row was assigned.,3,1,1,99.52380952380952,99.52380952380952,,124.0,124.0
8147,146,matched,A unique odds row was assigned.,3,1,1,99.52380952380952,99.52380952380952,,128.0,128.0
8148,147,matched,A unique odds row was assigned.,2,1,1,100.0,100.0,,110.0,110.0
8149,148,no_pair_candidate,No valid odds row contains the same unordered player pair.,0,0,0,,,,,
8150,149,matched,A unique odds row was assigned.,2,1,1,100.0,100.0,,108.0,108.0
8151,150,matched,A unique odds row was assigned.,1,1,1,100.0,100.0,,107.0,107.0
8152,151,matched,A unique odds row was assigned.,1,1,1,100.0,100.0,,112.0,112.0
8153,152,matched,A unique odds row was assigned.,1,1,1,99.76190476190476,99.76190476190476,,113.0,113.0
8154,153,matched,A unique odds row was assigned.,1,1,1,100.0,100.0,,111.0,111.0
8155,154,matched,A unique odds row was assigned.,1,1,1,99.76190476190476,99.76190476190476,,115.0,115.0
8156,155,matched,A unique odds row was assigned.,2,1,1,99.76190476190476,99.76190476190476,,119.0,119.0
8157,156,matched,A unique odds row was assigned.,2,1,1,99.76190476190476,99.76190476190476,,116.0,116.0
8158,157,matched,A unique odds row was assigned.,3,1,1,99.76190476190476,99.76190476190476,,118.0,118.0
8159,158,no_pair_candidate,No valid odds row contains the same unordered player pair.,0,0,0,,,,,
8160,159,matched,A unique odds row was assigned.,2,1,1,99.76190476190476,99.76190476190476,,117.0,117.0
8161,160,matched,A unique odds row was assigned.,1,1,1,99.76190476190476,99.76190476190476,,114.0,114.0
8162,161,matched,A unique odds row was assigned.,1,1,1,99.76190476190476,99.76190476190476,,120.0,120.0
8163,162,matched,A unique odds row was assigned.,1,1,1,99.76190476190476,99.76190476190476,,122.0,122.0
8164,163,matched,A unique odds row was assigned.,2,1,1,99.76190476190476,99.76190476190476,,186.0,186.0
8165,164,matched,A unique odds row was assigned.,1,1,1,99.76190476190476,99.76190476190476,,187.0,187.0
8166,165,matched,A unique odds row was assigned.,1,1,1,100.0,100.0,,165.0,165.0
8167,166,matched,A unique odds row was assigned.,1,1,1,100.0,100.0,,154.0,154.0
8168,167,matched,A unique odds row was assigned.,1,1,1,100.0,100.0,,158.0,158.0
8169,168,matched,A unique odds row was assigned.,1,1,1,100.0,100.0,,159.0,159.0
8170,169,matched,A unique odds row was assigned.,1,1,1,100.0,100.0,,172.0,172.0
8171,170,matched,A unique odds row was assigned.,1,1,1,100.0,100.0,,174.0,174.0
8172,171,matched,A unique odds row was assigned.,1,1,1,99.76190476190476,99.76190476190476,,196.0,196.0
8173,172,matched,A unique odds row was assigned.,1,1,1,99.76190476190476,99.76190476190476,,200.0,200.0
8174,173,matched,A unique odds row was assigned.,1,1,1,99.76190476190476,99.76190476190476,,190.0,190.0
8175,174,matched,A unique odds row was assigned.,1,1,1,99.76190476190476,99.76190476190476,,189.0,189.0
8176,175,no_pair_candidate,No valid odds row contains the same unordered player pair.,0,0,0,,,,,
8177,176,matched,A unique odds row was assigned.,1,1,1,99.76190476190476,99.76190476190476,,184.0,184.0
8178,177,matched,A unique odds row was assigned.,1,1,1,100.0,100.0,,157.0,157.0
8179,178,matched,A unique odds row was assigned.,1,1,1,100.0,100.0,,160.0,160.0
8180,179,no_pair_candidate,No valid odds row contains the same unordered player pair.,0,0,0,,,,,
8181,180,matched,A unique odds row was assigned.,1,1,1,99.76190476190476,99.76190476190476,,194.0,194.0
8182,181,no_pair_candidate,No valid odds row contains the same unordered player pair.,0,0,0,,,,,
8183,182,matched,A unique odds row was assigned.,1,1,1,100.0,100.0,,169.0,169.0
8184,183,matched,A unique odds row was assigned.,1,1,1,100.0,100.0,,178.0,178.0
8185,184,matched,A unique odds row was assigned.,1,1,1,100.0,100.0,,180.0,180.0
8186,185,matched,A unique odds row was assigned.,2,1,1,99.76190476190476,99.76190476190476,,185.0,185.0
8187,186,matched,A unique odds row was assigned.,3,1,1,99.76190476190476,99.76190476190476,,182.0,182.0
8188,187,matched,A unique odds row was assigned.,1,1,1,99.76190476190476,99.76190476190476,,197.0,197.0
8189,188,matched,A unique odds row was assigned.,2,1,1,99.76190476190476,99.76190476190476,,195.0,195.0
8190,189,matched,A unique odds row was assigned.,1,1,1,99.76190476190476,99.76190476190476,,199.0,199.0
8191,190,matched,A unique odds row was assigned.,1,1,1,99.76190476190476,99.76190476190476,,193.0,193.0
8192,191,matched,A unique odds row was assigned.,1,1,1,99.76190476190476,99.76190476190476,,191.0,191.0
8193,192,matched,A unique odds row was assigned.,2,1,1,99.76190476190476,99.76190476190476,,183.0,183.0
8194,193,matched,A unique odds row was assigned.,1,1,1,99.76190476190476,99.76190476190476,,192.0,192.0
8195,194,matched,A unique odds row was assigned.,1,1,1,99.76190476190476,99.76190476190476,,201.0,201.0
8196,195,matched,A unique odds row was assigned.,1,1,1,98.33333333333333,98.33333333333333,,147.0,147.0
8197,196,matched,A unique odds row was assigned.,1,1,1,98.33333333333333,98.33333333333333,,142.0,142.0
8198,197,matched,A unique odds row was assigned.,1,1,1,100.0,100.0,,167.0,167.0
8199,198,matched,A unique odds row was assigned.,1,1,1,100.0,100.0,,170.0,170.0
8200,199,matched,A unique odds row was assigned.,1,1,1,98.33333333333333,98.33333333333333,,152.0,152.0
8201,200,matched,A unique odds row was assigned.,1,1,1,98.33333333333333,98.33333333333333,,145.0,145.0
8202,201,matched,A unique odds row was assigned.,2,1,1,98.33333333333333,98.33333333333333,,150.0,150.0
8203,202,matched,A unique odds row was assigned.,1,1,1,100.0,100.0,,177.0,177.0
8204,203,matched,A unique odds row was assigned.,3,1,1,100.0,100.0,,181.0,181.0
8205,204,matched,A unique odds row was assigned.,1,1,1,100.0,100.0,,171.0,171.0
8206,205,matched,A unique odds row was assigned.,1,1,1,100.0,100.0,,173.0,173.0
8207,206,matched,A unique odds row was assigned.,1,1,1,100.0,100.0,,162.0,162.0
8208,207,matched,A unique odds row was assigned.,1,1,1,98.33333333333333,98.33333333333333,,140.0,140.0
8209,208,matched,A unique odds row was assigned.,1,1,1,98.33333333333333,98.33333333333333,,144.0,144.0
8210,209,matched,A unique odds row was assigned.,1,1,1,98.33333333333333,98.33333333333333,,151.0,151.0
8211,210,matched,A unique odds row was assigned.,1,1,1,100.0,100.0,,161.0,161.0
8212,211,matched,A unique odds row was assigned.,1,1,1,100.0,100.0,,175.0,175.0
8213,212,matched,A unique odds row was assigned.,1,1,1,100.0,100.0,,179.0,179.0
8214,213,matched,A unique odds row was assigned.,1,1,1,98.33333333333333,98.33333333333333,,138.0,138.0
8215,214,no_pair_candidate,No valid odds row contains the same unordered player pair.,0,0,0,,,,,
8216,215,matched,A unique odds row was assigned.,1,1,1,100.0,100.0,,163.0,163.0
8217,216,matched,A unique odds row was assigned.,1,1,1,100.0,100.0,,155.0,155.0
8218,217,matched,A unique odds row was assigned.,1,1,1,98.33333333333333,98.33333333333333,,143.0,143.0
8219,218,matched,A unique odds row was assigned.,1,1,1,98.33333333333333,98.33333333333333,,141.0,141.0
8220,219,matched,A unique odds row was assigned.,2,1,1,98.33333333333333,98.33333333333333,,149.0,149.0
8221,220,matched,A unique odds row was assigned.,2,1,1,100.0,100.0,,156.0,156.0
8222,221,matched,A unique odds row was assigned.,2,1,1,100.0,100.0,,176.0,176.0
8223,222,matched,A unique odds row was assigned.,1,1,1,100.0,100.0,,168.0,168.0
8224,223,matched,A unique odds row was assigned.,1,1,1,98.33333333333333,98.33333333333333,,139.0,139.0
8225,224,matched,A unique odds row was assigned.,1,1,1,100.0,100.0,,166.0,166.0
8226,225,matched,A unique odds row was assigned.,1,1,1,98.33333333333333,98.33333333333333,,146.0,146.0
8227,226,matched,A unique odds row was assigned.,1,1,1,98.33333333333333,98.33333333333333,,153.0,153.0
8228,227,matched,A unique odds row was assigned.,2,1,1,99.28571428571429,99.28571428571429,,220.0,220.0
8229,228,matched,A unique odds row was assigned.,1,1,1,99.28571428571429,99.28571428571429,,219.0,219.0
8230,229,matched,A unique odds row was assigned.,1,1,1,99.28571428571429,99.28571428571429,,227.0,227.0
8231,230,matched,A unique odds row was assigned.,1,1,1,99.28571428571429,99.28571428571429,,229.0,229.0
8232,231,matched,A unique odds row was assigned.,2,1,1,99.28571428571429,99.28571428571429,,232.0,232.0
8233,232,matched,A unique odds row was assigned.,1,1,1,99.28571428571429,99.28571428571429,,233.0,233.0
8234,233,matched,A unique odds row was assigned.,1,1,1,99.28571428571429,99.28571428571429,,226.0,226.0
8235,234,matched,A unique odds row was assigned.,2,1,1,99.28571428571429,99.28571428571429,,231.0,231.0
8236,235,matched,A unique odds row was assigned.,1,1,1,99.28571428571429,99.28571428571429,,230.0,230.0
8237,236,matched,A unique odds row was assigned.,2,1,1,99.28571428571429,99.28571428571429,,222.0,222.0
8238,237,matched,A unique odds row was assigned.,1,1,1,99.28571428571429,99.28571428571429,,218.0,218.0
8239,238,matched,A unique odds row was assigned.,2,1,1,99.28571428571429,99.28571428571429,,223.0,223.0
8240,239,matched,A unique odds row was assigned.,1,1,1,99.28571428571429,99.28571428571429,,225.0,225.0
8241,240,matched,A unique odds row was assigned.,1,1,1,99.28571428571429,99.28571428571429,,228.0,228.0
8242,241,matched,A unique odds row was assigned.,1,1,1,99.28571428571429,99.28571428571429,,221.0,221.0
8243,242,matched,A unique odds row was assigned.,1,1,1,99.28571428571429,99.28571428571429,,224.0,224.0
8244,243,matched,A unique odds row was assigned.,1,1,1,99.52380952380952,99.52380952380952,,217.0,217.0
8245,244,matched,A unique odds row was assigned.,2,1,1,99.52380952380952,99.52380952380952,,216.0,216.0
8246,245,matched,A unique odds row was assigned.,1,1,1,99.52380952380952,99.52380952380952,,202.0,202.0
8247,246,matched,A unique odds row was assigned.,1,1,1,99.52380952380952,99.52380952380952,,210.0,210.0
8248,247,matched,A unique odds row was assigned.,2,1,1,99.52380952380952,99.52380952380952,,212.0,212.0
8249,248,matched,A unique odds row was assigned.,1,1,1,99.52380952380952,99.52380952380952,,211.0,211.0
8250,249,matched,A unique odds row was assigned.,1,1,1,99.52380952380952,99.52380952380952,,205.0,205.0
8251,250,matched,A unique odds row was assigned.,2,1,1,99.52380952380952,99.52380952380952,,207.0,207.0
8252,251,matched,A unique odds row was assigned.,1,1,1,99.52380952380952,99.52380952380952,,203.0,203.0
8253,252,matched,A unique odds row was assigned.,2,1,1,99.52380952380952,99.52380952380952,,208.0,208.0
8254,253,matched,A unique odds row was assigned.,1,1,1,99.52380952380952,99.52380952380952,,204.0,204.0
8255,254,matched,A unique odds row was assigned.,1,1,1,99.52380952380952,99.52380952380952,,206.0,206.0
8256,255,matched,A unique odds row was assigned.,1,1,1,99.52380952380952,99.52380952380952,,209.0,209.0
8257,256,matched,A unique odds row was assigned.,2,1,1,99.52380952380952,99.52380952380952,,213.0,213.0
8258,257,matched,A unique odds row was assigned.,1,1,1,99.52380952380952,99.52380952380952,,215.0,215.0
8259,258,matched,A unique odds row was assigned.,1,1,1,99.52380952380952,99.52380952380952,,214.0,214.0
8260,259,matched,A unique odds row was assigned.,3,1,1,98.80952380952381,98.80952380952381,,248.0,248.0
8261,260,matched,A unique odds row was assigned.,1,1,1,98.80952380952381,98.80952380952381,,249.0,249.0
8262,261,matched,A unique odds row was assigned.,3,1,1,98.80952380952381,98.80952380952381,,247.0,247.0
8263,262,matched,A unique odds row was assigned.,1,1,1,98.80952380952381,98.80952380952381,,243.0,243.0
8264,263,matched,A unique odds row was assigned.,1,1,1,98.80952380952381,98.80952380952381,,246.0,246.0
8265,264,matched,A unique odds row was assigned.,1,1,1,98.80952380952381,98.80952380952381,,242.0,242.0
8266,265,matched,A unique odds row was assigned.,1,1,1,98.80952380952381,98.80952380952381,,244.0,244.0
8267,266,matched,A unique odds row was assigned.,1,1,1,98.80952380952381,98.80952380952381,,245.0,245.0
8268,267,matched,A unique odds row was assigned.,2,1,1,99.04761904761905,99.04761904761905,,237.0,237.0
8269,268,matched,A unique odds row was assigned.,1,1,1,99.04761904761905,99.04761904761905,,240.0,240.0
8270,269,matched,A unique odds row was assigned.,1,1,1,99.04761904761905,99.04761904761905,,239.0,239.0
8271,270,matched,A unique odds row was assigned.,1,1,1,99.04761904761905,99.04761904761905,,238.0,238.0
8272,271,matched,A unique odds row was assigned.,1,1,1,99.04761904761905,99.04761904761905,,236.0,236.0
8273,272,matched,A unique odds row was assigned.,1,1,1,99.04761904761905,99.04761904761905,,241.0,241.0
8274,273,matched,A unique odds row was assigned.,1,1,1,99.04761904761905,99.04761904761905,,234.0,234.0
8275,274,matched,A unique odds row was assigned.,1,1,1,99.04761904761905,99.04761904761905,,235.0,235.0
8276,275,matched,A unique odds row was assigned.,2,1,1,98.33333333333333,98.33333333333333,,255.0,255.0
8277,276,matched,A unique odds row was assigned.,1,1,1,98.33333333333333,98.33333333333333,,254.0,254.0
8278,277,matched,A unique odds row was assigned.,3,1,1,98.33333333333333,98.33333333333333,,256.0,256.0
8279,278,matched,A unique odds row was assigned.,1,1,1,98.33333333333333,98.33333333333333,,257.0,257.0
8280,279,matched,A unique odds row was assigned.,1,1,1,98.57142857142857,98.57142857142857,,252.0,252.0
8281,280,matched,A unique odds row was assigned.,2,1,1,98.57142857142857,98.57142857142857,,250.0,250.0
8282,281,matched,A unique odds row was assigned.,2,1,1,98.57142857142857,98.57142857142857,,253.0,253.0
8283,282,matched,A unique odds row was assigned.,2,1,1,98.57142857142857,98.57142857142857,,251.0,251.0
8284,283,matched,A unique odds row was assigned.,1,1,1,97.85714285714286,97.85714285714286,,260.0,260.0
8285,284,matched,A unique odds row was assigned.,1,1,1,97.85714285714286,97.85714285714286,,261.0,261.0
8286,285,matched,A unique odds row was assigned.,3,1,1,98.0952380952381,98.0952380952381,,258.0,258.0
8287,286,matched,A unique odds row was assigned.,1,1,1,98.0952380952381,98.0952380952381,,259.0,259.0
8288,287,matched,A unique odds row was assigned.,1,1,1,97.61904761904762,97.61904761904762,,263.0,263.0
8289,288,matched,A unique odds row was assigned.,3,1,1,97.61904761904762,97.61904761904762,,262.0,262.0
8290,289,matched,A unique odds row was assigned.,4,1,1,97.14285714285714,97.14285714285714,,264.0,264.0
8291,290,matched,A unique odds row was assigned.,1,1,1,67.03809523809524,67.03809523809524,,295.0,295.0
8292,291,no_pair_candidate,No valid odds row contains the same unordered player pair.,0,0,0,,,,,
8293,292,matched,A unique odds row was assigned.,2,1,1,67.27619047619048,67.27619047619048,,294.0,294.0
8294,293,matched,A unique odds row was assigned.,1,1,1,67.51428571428572,67.51428571428572,,291.0,291.0
8295,294,no_pair_candidate,No valid odds row contains the same unordered player pair.,0,0,0,,,,,
8296,295,matched,A unique odds row was assigned.,2,1,1,67.51428571428572,67.51428571428572,,292.0,292.0
8297,296,no_pair_candidate,No valid odds row contains the same unordered player pair.,0,0,0,,,,,
8298,297,matched,A unique odds row was assigned.,5,1,1,67.99047619047619,67.99047619047619,,282.0,282.0
8299,298,no_pair_candidate,No valid odds row contains the same unordered player pair.,0,0,0,,,,,
8300,299,no_pair_candidate,No valid odds row contains the same unordered player pair.,0,0,0,,,,,
8301,300,matched,A unique odds row was assigned.,1,1,1,67.99047619047619,67.99047619047619,,284.0,284.0
8302,301,matched,A unique odds row was assigned.,2,1,1,67.75238095238096,67.75238095238096,,286.0,286.0
8303,302,matched,A unique odds row was assigned.,1,1,1,67.75238095238096,67.75238095238096,,285.0,285.0
8304,303,no_pair_candidate,No valid odds row contains the same unordered player pair.,0,0,0,,,,,
8305,304,matched,A unique odds row was assigned.,1,1,1,67.75238095238096,67.75238095238096,,287.0,287.0
8306,305,matched,A unique odds row was assigned.,1,1,1,68.46666666666667,68.46666666666667,,269.0,269.0
8307,306,matched,A unique odds row was assigned.,1,1,1,68.46666666666667,68.46666666666667,,271.0,271.0
8308,307,matched,A unique odds row was assigned.,1,1,1,68.46666666666667,68.46666666666667,,267.0,267.0
8309,308,no_pair_candidate,No valid odds row contains the same unordered player pair.,0,0,0,,,,,
8310,309,no_pair_candidate,No valid odds row contains the same unordered player pair.,0,0,0,,,,,
8311,310,matched,A unique odds row was assigned.,1,1,1,68.46666666666667,68.46666666666667,,266.0,266.0
8312,311,matched,A unique odds row was assigned.,1,1,1,68.46666666666667,68.46666666666667,,270.0,270.0
8313,312,matched,A unique odds row was assigned.,1,1,1,68.22857142857143,68.22857142857143,,279.0,279.0
8314,313,matched,A unique odds row was assigned.,1,1,1,68.22857142857143,68.22857142857143,,278.0,278.0
8315,314,matched,A unique odds row was assigned.,1,1,1,68.22857142857143,68.22857142857143,,280.0,280.0
8316,315,matched,A unique odds row was assigned.,2,1,1,68.22857142857143,68.22857142857143,,273.0,273.0
8317,316,matched,A unique odds row was assigned.,1,1,1,68.22857142857143,68.22857142857143,,274.0,274.0
8318,317,no_pair_candidate,No valid odds row contains the same unordered player pair.,0,0,0,,,,,
8319,318,matched,A unique odds row was assigned.,1,1,1,68.22857142857143,68.22857142857143,,276.0,276.0
8320,319,matched,A unique odds row was assigned.,1,1,1,68.22857142857143,68.22857142857143,,275.0,275.0
8321,320,matched,A unique odds row was assigned.,1,1,1,68.22857142857143,68.22857142857143,,277.0,277.0
8322,321,matched,A unique odds row was assigned.,2,1,1,71.07142857142857,71.07142857142857,,322.0,322.0
8323,322,matched,A unique odds row was assigned.,1,1,1,71.30952380952381,71.30952380952381,,321.0,321.0
8324,323,matched,A unique odds row was assigned.,3,1,1,71.30952380952381,71.30952380952381,,320.0,320.0
8325,324,matched,A unique odds row was assigned.,1,1,1,71.54761904761905,71.54761904761905,,318.0,318.0
8326,325,matched,A unique odds row was assigned.,1,1,1,71.54761904761905,71.54761904761905,,319.0,319.0
8327,326,matched,A unique odds row was assigned.,1,1,1,71.54761904761905,71.54761904761905,,316.0,316.0
8328,327,matched,A unique odds row was assigned.,1,1,1,71.54761904761905,71.54761904761905,,317.0,317.0
8329,328,matched,A unique odds row was assigned.,2,1,1,71.78571428571429,71.78571428571429,,315.0,315.0
8330,329,matched,A unique odds row was assigned.,1,1,1,72.02380952380952,72.02380952380952,,308.0,308.0
8331,330,matched,A unique odds row was assigned.,1,1,1,71.78571428571429,71.78571428571429,,312.0,312.0
8332,331,matched,A unique odds row was assigned.,1,1,1,72.02380952380952,72.02380952380952,,310.0,310.0
8333,332,matched,A unique odds row was assigned.,2,1,1,71.78571428571429,71.78571428571429,,311.0,311.0
8334,333,matched,A unique odds row was assigned.,2,1,1,71.78571428571429,71.78571428571429,,313.0,313.0
8335,334,matched,A unique odds row was assigned.,1,1,1,71.78571428571429,71.78571428571429,,314.0,314.0
8336,335,matched,A unique odds row was assigned.,1,1,1,72.02380952380952,72.02380952380952,,309.0,309.0
8337,336,matched,A unique odds row was assigned.,1,1,1,72.26190476190476,72.26190476190476,,300.0,300.0
8338,337,matched,A unique odds row was assigned.,1,1,1,72.26190476190476,72.26190476190476,,299.0,299.0
8339,338,matched,A unique odds row was assigned.,1,1,1,72.26190476190476,72.26190476190476,,298.0,298.0
8340,339,matched,A unique odds row was assigned.,1,1,1,72.26190476190476,72.26190476190476,,303.0,303.0
8341,340,matched,A unique odds row was assigned.,1,1,1,72.5,72.5,,296.0,296.0
8342,341,matched,A unique odds row was assigned.,2,1,1,72.5,72.5,,297.0,297.0
8343,342,matched,A unique odds row was assigned.,2,1,1,72.02380952380952,72.02380952380952,,307.0,307.0
8344,343,matched,A unique odds row was assigned.,1,1,1,72.26190476190476,72.26190476190476,,304.0,304.0
8345,344,matched,A unique odds row was assigned.,2,1,1,72.02380952380952,72.02380952380952,,306.0,306.0
8346,345,matched,A unique odds row was assigned.,1,1,1,72.02380952380952,72.02380952380952,,305.0,305.0
8347,346,matched,A unique odds row was assigned.,1,1,1,72.26190476190476,72.26190476190476,,301.0,301.0
8348,347,matched,A unique odds row was assigned.,1,1,1,72.26190476190476,72.26190476190476,,302.0,302.0
8349,348,matched,A unique odds row was assigned.,1,1,1,74.03296703296704,74.03296703296704,,349.0,349.0
8350,349,matched,A unique odds row was assigned.,1,1,1,74.27106227106228,74.27106227106228,,348.0,348.0
8351,350,matched,A unique odds row was assigned.,2,1,1,74.27106227106228,74.27106227106228,,347.0,347.0
8352,351,matched,A unique odds row was assigned.,2,1,1,74.50915750915752,74.50915750915752,,344.0,344.0
8353,352,matched,A unique odds row was assigned.,2,1,1,74.50915750915752,74.50915750915752,,343.0,343.0
8354,353,matched,A unique odds row was assigned.,2,1,1,74.50915750915752,74.50915750915752,,346.0,346.0
8355,354,matched,A unique odds row was assigned.,1,1,1,74.50915750915752,74.50915750915752,,345.0,345.0
8356,355,matched,A unique odds row was assigned.,2,1,1,74.74725274725276,74.74725274725276,,341.0,341.0
8357,356,matched,A unique odds row was assigned.,1,1,1,74.74725274725276,74.74725274725276,,342.0,342.0
8358,357,matched,A unique odds row was assigned.,1,1,1,74.74725274725276,74.74725274725276,,339.0,339.0
8359,358,matched,A unique odds row was assigned.,1,1,1,74.74725274725276,74.74725274725276,,340.0,340.0
8360,359,matched,A unique odds row was assigned.,2,1,1,74.98534798534799,74.98534798534799,,335.0,335.0
8361,360,matched,A unique odds row was assigned.,1,1,1,74.98534798534799,74.98534798534799,,337.0,337.0
8362,361,matched,A unique odds row was assigned.,1,1,1,74.98534798534799,74.98534798534799,,336.0,336.0
8363,362,matched,A unique odds row was assigned.,1,1,1,74.98534798534799,74.98534798534799,,338.0,338.0
8364,363,matched,A unique odds row was assigned.,1,1,1,75.22344322344323,75.22344322344323,,331.0,331.0
8365,364,no_pair_candidate,No valid odds row contains the same unordered player pair.,0,0,0,,,,,
8366,365,matched,A unique odds row was assigned.,1,1,1,75.22344322344323,75.22344322344323,,332.0,332.0
8367,366,matched,A unique odds row was assigned.,1,1,1,75.22344322344323,75.22344322344323,,328.0,328.0
8368,367,matched,A unique odds row was assigned.,2,1,1,75.22344322344323,75.22344322344323,,333.0,333.0
8369,368,matched,A unique odds row was assigned.,1,1,1,75.22344322344323,75.22344322344323,,334.0,334.0
8370,369,matched,A unique odds row was assigned.,1,1,1,75.46153846153847,75.46153846153847,,326.0,326.0
8371,370,matched,A unique odds row was assigned.,1,1,1,75.46153846153847,75.46153846153847,,324.0,324.0
8372,371,matched,A unique odds row was assigned.,1,1,1,75.46153846153847,75.46153846153847,,323.0,323.0
8373,372,no_pair_candidate,No valid odds row contains the same unordered player pair.,0,0,0,,,,,
8374,373,matched,A unique odds row was assigned.,1,1,1,75.22344322344323,75.22344322344323,,329.0,329.0
8375,374,matched,A unique odds row was assigned.,1,1,1,75.46153846153847,75.46153846153847,,327.0,327.0
8376,375,no_pair_candidate,No valid odds row contains the same unordered player pair.,0,0,0,,,,,
8377,376,matched,A unique odds row was assigned.,1,1,1,55.28778467908903,55.28778467908903,,378.0,378.0
8378,377,no_pair_candidate,No valid odds row contains the same unordered player pair.,0,0,0,,,,,
8379,378,matched,A unique odds row was assigned.,2,1,1,55.52587991718427,55.52587991718427,,376.0,376.0
8380,379,matched,A unique odds row was assigned.,1,1,1,55.52587991718427,55.52587991718427,,375.0,375.0
8381,380,matched,A unique odds row was assigned.,1,1,1,55.52587991718427,55.52587991718427,,374.0,374.0
8382,381,no_pair_candidate,No valid odds row contains the same unordered player pair.,0,0,0,,,,,
8383,382,matched,A unique odds row was assigned.,1,1,1,56.002070393374744,56.002070393374744,,367.0,367.0
8384,383,matched,A unique odds row was assigned.,1,1,1,56.002070393374744,56.002070393374744,,368.0,368.0
8385,384,matched,A unique odds row was assigned.,1,1,1,55.7639751552795,55.7639751552795,,372.0,372.0
8386,385,matched,A unique odds row was assigned.,1,1,1,55.7639751552795,55.7639751552795,,370.0,370.0
8387,386,matched,A unique odds row was assigned.,1,1,1,55.7639751552795,55.7639751552795,,369.0,369.0
8388,387,matched,A unique odds row was assigned.,1,1,1,56.002070393374744,56.002070393374744,,366.0,366.0
8389,388,no_pair_candidate,No valid odds row contains the same unordered player pair.,0,0,0,,,,,
8390,389,matched,A unique odds row was assigned.,1,1,1,55.7639751552795,55.7639751552795,,371.0,371.0
8391,390,matched,A unique odds row was assigned.,1,1,1,56.47826086956522,56.47826086956522,,355.0,355.0
8392,391,matched,A unique odds row was assigned.,1,1,1,56.24016563146998,56.24016563146998,,357.0,357.0
8393,392,matched,A unique odds row was assigned.,1,1,1,56.24016563146998,56.24016563146998,,359.0,359.0
8394,393,matched,A unique odds row was assigned.,1,1,1,56.47826086956522,56.47826086956522,,354.0,354.0
8395,394,matched,A unique odds row was assigned.,1,1,1,56.47826086956522,56.47826086956522,,352.0,352.0
8396,395,no_pair_candidate,No valid odds row contains the same unordered player pair.,0,0,0,,,,,
8397,396,no_pair_candidate,No valid odds row contains the same unordered player pair.,0,0,0,,,,,
8398,397,matched,A unique odds row was assigned.,1,1,1,56.24016563146998,56.24016563146998,,360.0,360.0
8399,398,matched,A unique odds row was assigned.,1,1,1,56.002070393374744,56.002070393374744,,364.0,364.0
8400,399,matched,A unique odds row was assigned.,1,1,1,56.24016563146998,56.24016563146998,,356.0,356.0
8401,400,matched,A unique odds row was assigned.,1,1,1,56.47826086956522,56.47826086956522,,351.0,351.0
8402,401,matched,A unique odds row was assigned.,1,1,1,56.47826086956522,56.47826086956522,,353.0,353.0
8403,402,no_pair_candidate,No valid odds row contains the same unordered player pair.,0,0,0,,,,,
8404,403,no_pair_candidate,No valid odds row contains the same unordered player pair.,0,0,0,,,,,
8405,404,matched,A unique odds row was assigned.,1,1,1,56.002070393374744,56.002070393374744,,365.0,365.0
8406,405,matched,A unique odds row was assigned.,1,1,1,56.24016563146998,56.24016563146998,,358.0,358.0
8407,406,matched,A unique odds row was assigned.,2,1,1,53.58730158730159,53.58730158730159,,435.0,435.0
8408,407,no_pair_candidate,No valid odds row contains the same unordered player pair.,0,0,0,,,,,
8409,408,matched,A unique odds row was assigned.,1,1,1,53.82539682539682,53.82539682539682,,433.0,433.0
8410,409,matched,A unique odds row was assigned.,1,1,1,54.06349206349206,54.06349206349206,,431.0,431.0
8411,410,no_pair_candidate,No valid odds row contains the same unordered player pair.,0,0,0,,,,,
8412,411,matched,A unique odds row was assigned.,2,1,1,54.06349206349206,54.06349206349206,,430.0,430.0
8413,412,matched,A unique odds row was assigned.,1,1,1,54.06349206349206,54.06349206349206,,429.0,429.0
8414,413,matched,A unique odds row was assigned.,2,1,1,54.301587301587304,54.301587301587304,,427.0,427.0
8415,414,matched,A unique odds row was assigned.,3,1,1,54.301587301587304,54.301587301587304,,428.0,428.0
8416,415,matched,A unique odds row was assigned.,1,1,1,54.301587301587304,54.301587301587304,,425.0,425.0
8417,416,no_pair_candidate,No valid odds row contains the same unordered player pair.,0,0,0,,,,,
8418,417,matched,A unique odds row was assigned.,3,1,1,54.301587301587304,54.301587301587304,,423.0,423.0
8419,418,matched,A unique odds row was assigned.,1,1,1,54.301587301587304,54.301587301587304,,426.0,426.0
8420,419,matched,A unique odds row was assigned.,1,1,1,54.301587301587304,54.301587301587304,,421.0,421.0
8421,420,matched,A unique odds row was assigned.,2,1,1,54.301587301587304,54.301587301587304,,422.0,422.0
8422,421,matched,A unique odds row was assigned.,2,1,1,54.77777777777778,54.77777777777778,,405.0,405.0
8423,422,matched,A unique odds row was assigned.,1,1,1,54.53968253968254,54.53968253968254,,414.0,414.0
8424,423,no_pair_candidate,No valid odds row contains the same unordered player pair.,0,0,0,,,,,
8425,424,matched,A unique odds row was assigned.,1,1,1,54.53968253968254,54.53968253968254,,417.0,417.0
8426,425,matched,A unique odds row was assigned.,1,1,1,54.53968253968254,54.53968253968254,,418.0,418.0
8427,426,matched,A unique odds row was assigned.,1,1,1,54.53968253968254,54.53968253968254,,419.0,419.0
8428,427,no_pair_candidate,No valid odds row contains the same unordered player pair.,0,0,0,,,,,
8429,428,matched,A unique odds row was assigned.,1,1,1,54.53968253968254,54.53968253968254,,412.0,412.0
8430,429,matched,A unique odds row was assigned.,1,1,1,54.53968253968254,54.53968253968254,,407.0,407.0
8431,430,matched,A unique odds row was assigned.,1,1,1,54.53968253968254,54.53968253968254,,409.0,409.0
8432,431,matched,A unique odds row was assigned.,2,1,1,54.53968253968254,54.53968253968254,,410.0,410.0
8433,432,matched,A unique odds row was assigned.,1,1,1,54.53968253968254,54.53968253968254,,420.0,420.0
8434,433,matched,A unique odds row was assigned.,1,1,1,54.77777777777778,54.77777777777778,,406.0,406.0
8435,434,matched,A unique odds row was assigned.,3,2,1,54.53968253968254,54.53968253968254,,408.0,408.0
8436,435,matched,A unique odds row was assigned.,1,1,1,54.53968253968254,54.53968253968254,,413.0,413.0
8437,436,matched,A unique odds row was assigned.,1,1,1,54.53968253968254,54.53968253968254,,416.0,416.0
8438,437,matched,A unique odds row was assigned.,3,1,1,53.111111111111114,53.111111111111114,,388.0,388.0
8439,438,matched,A unique odds row was assigned.,1,1,1,53.111111111111114,53.111111111111114,,387.0,387.0
8440,439,matched,A unique odds row was assigned.,3,1,1,53.111111111111114,53.111111111111114,,383.0,383.0
8441,440,no_pair_candidate,No valid odds row contains the same unordered player pair.,0,0,0,,,,,
8442,441,matched,A unique odds row was assigned.,1,1,1,54.77777777777778,54.77777777777778,,395.0,395.0
8443,442,matched,A unique odds row was assigned.,1,1,1,54.77777777777778,54.77777777777778,,392.0,392.0
8444,443,matched,A unique odds row was assigned.,1,1,1,53.111111111111114,53.111111111111114,,382.0,382.0
8445,444,matched,A unique odds row was assigned.,1,1,1,54.77777777777778,54.77777777777778,,396.0,396.0
8446,445,matched,A unique odds row was assigned.,3,1,1,54.77777777777778,54.77777777777778,,402.0,402.0
8447,446,matched,A unique odds row was assigned.,1,1,1,54.77777777777778,54.77777777777778,,397.0,397.0
8448,447,no_pair_candidate,No valid odds row contains the same unordered player pair.,0,0,0,,,,,
8449,448,matched,A unique odds row was assigned.,1,1,1,54.77777777777778,54.77777777777778,,401.0,401.0
8450,449,matched,A unique odds row was assigned.,2,2,2,54.77777777777778,54.77777777777778,1.9431913116123667,398.0,398.0
8451,450,matched,A unique odds row was assigned.,1,1,1,54.77777777777778,54.77777777777778,,393.0,393.0
8452,451,matched,A unique odds row was assigned.,2,1,1,54.77777777777778,54.77777777777778,,394.0,394.0
8453,452,matched,A unique odds row was assigned.,3,1,1,54.77777777777778,54.77777777777778,,390.0,390.0
8454,453,matched,A unique odds row was assigned.,1,1,1,54.77777777777778,54.77777777777778,,391.0,391.0
8455,454,matched,A unique odds row was assigned.,1,1,1,53.111111111111114,53.111111111111114,,389.0,389.0
8456,455,matched,A unique odds row was assigned.,1,1,1,53.111111111111114,53.111111111111114,,386.0,386.0
8457,456,matched,A unique odds row was assigned.,1,1,1,53.111111111111114,53.111111111111114,,381.0,381.0
8458,457,matched,A unique odds row was assigned.,2,1,1,54.77777777777778,54.77777777777778,,399.0,399.0
8459,458,matched,A unique odds row was assigned.,1,1,1,53.111111111111114,53.111111111111114,,385.0,385.0
8460,459,matched,A unique odds row was assigned.,1,1,1,54.77777777777778,54.77777777777778,,400.0,400.0
8461,460,matched,A unique odds row was assigned.,2,1,1,53.111111111111114,53.111111111111114,,384.0,384.0
8462,461,matched,A unique odds row was assigned.,3,2,1,65.80952380952381,65.80952380952381,,490.0,490.0
8463,462,matched,A unique odds row was assigned.,1,1,1,66.04761904761905,66.04761904761905,,489.0,489.0
8464,463,matched,A unique odds row was assigned.,1,1,1,66.04761904761905,66.04761904761905,,488.0,488.0
8465,464,matched,A unique odds row was assigned.,1,1,1,66.28571428571429,66.28571428571429,,486.0,486.0
8466,465,matched,A unique odds row was assigned.,1,1,1,66.28571428571429,66.28571428571429,,487.0,487.0
8467,466,matched,A unique odds row was assigned.,4,1,1,66.28571428571429,66.28571428571429,,485.0,485.0
8468,467,matched,A unique odds row was assigned.,2,1,1,66.28571428571429,66.28571428571429,,484.0,484.0
8469,468,matched,A unique odds row was assigned.,1,1,1,66.52380952380952,66.52380952380952,,482.0,482.0
8470,469,matched,A unique odds row was assigned.,1,1,1,66.52380952380952,66.52380952380952,,483.0,483.0
8471,470,no_pair_candidate,No valid odds row contains the same unordered player pair.,0,0,0,,,,,
8472,471,matched,A unique odds row was assigned.,2,1,1,66.52380952380952,66.52380952380952,,478.0,478.0
8473,472,matched,A unique odds row was assigned.,1,1,1,66.52380952380952,66.52380952380952,,476.0,476.0
8474,473,matched,A unique odds row was assigned.,1,1,1,66.52380952380952,66.52380952380952,,479.0,479.0
8475,474,matched,A unique odds row was assigned.,1,1,1,66.52380952380952,66.52380952380952,,477.0,477.0
8476,475,matched,A unique odds row was assigned.,1,1,1,66.52380952380952,66.52380952380952,,480.0,480.0
8477,476,matched,A unique odds row was assigned.,1,1,1,66.76190476190476,66.76190476190476,,473.0,473.0
8478,477,matched,A unique odds row was assigned.,1,1,1,66.76190476190476,66.76190476190476,,468.0,468.0
8479,478,matched,A unique odds row was assigned.,2,1,1,66.76190476190476,66.76190476190476,,469.0,469.0
8480,479,matched,A unique odds row was assigned.,1,1,1,66.76190476190476,66.76190476190476,,472.0,472.0
8481,480,matched,A unique odds row was assigned.,2,1,1,66.76190476190476,66.76190476190476,,475.0,475.0
8482,481,no_pair_candidate,No valid odds row contains the same unordered player pair.,0,0,0,,,,,
8483,482,matched,A unique odds row was assigned.,1,1,1,66.76190476190476,66.76190476190476,,470.0,470.0
8484,483,matched,A unique odds row was assigned.,1,1,1,66.76190476190476,66.76190476190476,,466.0,466.0
8485,484,matched,A unique odds row was assigned.,2,1,1,66.76190476190476,66.76190476190476,,463.0,463.0
8486,485,matched,A unique odds row was assigned.,1,1,1,66.76190476190476,66.76190476190476,,460.0,460.0
8487,486,matched,A unique odds row was assigned.,1,1,1,66.76190476190476,66.76190476190476,,461.0,461.0
8488,487,matched,A unique odds row was assigned.,3,1,1,66.76190476190476,66.76190476190476,,471.0,471.0
8489,488,matched,A unique odds row was assigned.,1,1,1,66.76190476190476,66.76190476190476,,462.0,462.0
8490,489,matched,A unique odds row was assigned.,1,1,1,66.76190476190476,66.76190476190476,,465.0,465.0
8491,490,matched,A unique odds row was assigned.,1,1,1,66.76190476190476,66.76190476190476,,467.0,467.0
8492,491,matched,A unique odds row was assigned.,1,1,1,66.76190476190476,66.76190476190476,,464.0,464.0
8493,492,matched,A unique odds row was assigned.,2,1,1,65.33333333333333,65.33333333333333,,444.0,444.0
8494,493,matched,A unique odds row was assigned.,1,1,1,65.33333333333333,65.33333333333333,,436.0,436.0
8495,494,matched,A unique odds row was assigned.,2,1,1,67.0,67.0,,458.0,458.0
8496,495,matched,A unique odds row was assigned.,1,1,1,67.0,67.0,,459.0,459.0
8497,496,matched,A unique odds row was assigned.,1,1,1,67.0,67.0,,452.0,452.0
8498,497,matched,A unique odds row was assigned.,2,1,1,65.33333333333333,65.33333333333333,,439.0,439.0
8499,498,matched,A unique odds row was assigned.,2,1,1,65.33333333333333,65.33333333333333,,445.0,445.0
8500,499,no_pair_candidate,No valid odds row contains the same unordered player pair.,0,0,0,,,,,
8501,500,matched,A unique odds row was assigned.,1,1,1,65.33333333333333,65.33333333333333,,446.0,446.0
8502,501,no_pair_candidate,No valid odds row contains the same unordered player pair.,0,0,0,,,,,
8503,502,matched,A unique odds row was assigned.,1,1,1,67.0,67.0,,457.0,457.0
8504,503,matched,A unique odds row was assigned.,1,1,1,65.33333333333333,65.33333333333333,,442.0,442.0
8505,504,matched,A unique odds row was assigned.,3,2,1,65.33333333333333,65.33333333333333,,441.0,441.0
8506,505,matched,A unique odds row was assigned.,2,1,1,67.0,67.0,,448.0,448.0
8507,506,matched,A unique odds row was assigned.,1,1,1,65.33333333333333,65.33333333333333,,443.0,443.0
8508,507,matched,A unique odds row was assigned.,1,1,1,65.33333333333333,65.33333333333333,,438.0,438.0
8509,508,matched,A unique odds row was assigned.,1,1,1,67.0,67.0,,450.0,450.0
8510,509,matched,A unique odds row was assigned.,1,1,1,67.0,67.0,,449.0,449.0
8511,510,matched,A unique odds row was assigned.,2,1,1,65.33333333333333,65.33333333333333,,437.0,437.0
8512,511,matched,A unique odds row was assigned.,1,1,1,67.0,67.0,,453.0,453.0
8513,512,matched,A unique odds row was assigned.,1,1,1,67.0,67.0,,456.0,456.0
8514,513,matched,A unique odds row was assigned.,1,1,1,67.0,67.0,,455.0,455.0
8515,514,matched,A unique odds row was assigned.,1,1,1,65.33333333333333,65.33333333333333,,447.0,447.0
8516,515,no_pair_candidate,No valid odds row contains the same unordered player pair.,0,0,0,,,,,
8517,516,no_pair_candidate,No valid odds row contains the same unordered player pair.,0,0,0,,,,,
8518,517,no_pair_candidate,No valid odds row contains the same unordered player pair.,0,0,0,,,,,
8519,518,matched,A unique odds row was assigned.,1,1,1,63.12698412698413,63.12698412698413,,520.0,520.0
8520,519,matched,A unique odds row was assigned.,1,1,1,63.60317460317461,63.60317460317461,,515.0,515.0
8521,520,no_pair_candidate,No valid odds row contains the same unordered player pair.,0,0,0,,,,,
8522,521,matched,A unique odds row was assigned.,1,1,1,63.36507936507937,63.36507936507937,,518.0,518.0
8523,522,matched,A unique odds row was assigned.,1,1,1,63.36507936507937,63.36507936507937,,517.0,517.0
8524,523,no_pair_candidate,No valid odds row contains the same unordered player pair.,0,0,0,,,,,
8525,524,matched,A unique odds row was assigned.,2,1,1,63.84126984126984,63.84126984126984,,510.0,510.0
8526,525,matched,A unique odds row was assigned.,1,1,1,63.84126984126984,63.84126984126984,,512.0,512.0
8527,526,no_pair_candidate,No valid odds row contains the same unordered player pair.,0,0,0,,,,,
8528,527,matched,A unique odds row was assigned.,1,1,1,64.07936507936508,64.07936507936508,,508.0,508.0
8529,528,matched,A unique odds row was assigned.,1,1,1,64.07936507936508,64.07936507936508,,507.0,507.0
8530,529,matched,A unique odds row was assigned.,1,1,1,63.60317460317461,63.60317460317461,,514.0,514.0
8531,530,matched,A unique odds row was assigned.,1,1,1,63.60317460317461,63.60317460317461,,513.0,513.0
8532,531,matched,A unique odds row was assigned.,2,1,1,64.31746031746032,64.31746031746032,,501.0,501.0
8533,532,no_pair_candidate,No valid odds row contains the same unordered player pair.,0,0,0,,,,,
8534,533,matched,A unique odds row was assigned.,1,1,1,64.31746031746032,64.31746031746032,,496.0,496.0
8535,534,matched,A unique odds row was assigned.,1,1,1,64.55555555555556,64.55555555555556,,492.0,492.0
8536,535,matched,A unique odds row was assigned.,2,1,1,64.07936507936508,64.07936507936508,,506.0,506.0
8537,536,matched,A unique odds row was assigned.,1,1,1,64.31746031746032,64.31746031746032,,502.0,502.0
8538,537,matched,A unique odds row was assigned.,1,1,1,64.31746031746032,64.31746031746032,,497.0,497.0
8539,538,no_pair_candidate,No valid odds row contains the same unordered player pair.,0,0,0,,,,,
8540,539,no_pair_candidate,No valid odds row contains the same unordered player pair.,0,0,0,,,,,
8541,540,matched,A unique odds row was assigned.,1,1,1,64.31746031746032,64.31746031746032,,498.0,498.0
8542,541,matched,A unique odds row was assigned.,1,1,1,64.31746031746032,64.31746031746032,,495.0,495.0
8543,542,matched,A unique odds row was assigned.,1,1,1,64.55555555555556,64.55555555555556,,493.0,493.0
8544,543,matched,A unique odds row was assigned.,1,1,1,64.07936507936508,64.07936507936508,,505.0,505.0
8545,544,matched,A unique odds row was assigned.,1,1,1,64.31746031746032,64.31746031746032,,503.0,503.0
8546,545,matched,A unique odds row was assigned.,1,1,1,64.31746031746032,64.31746031746032,,504.0,504.0
8547,546,matched,A unique odds row was assigned.,1,1,1,64.31746031746032,64.31746031746032,,499.0,499.0
8548,547,matched,A unique odds row was assigned.,1,1,1,98.57142857142857,98.57142857142857,,548.0,548.0
8549,548,matched,A unique odds row was assigned.,1,1,1,98.57142857142857,98.57142857142857,,547.0,547.0
8550,549,matched,A unique odds row was assigned.,1,1,1,98.80952380952381,98.80952380952381,,546.0,546.0
8551,550,matched,A unique odds row was assigned.,2,2,1,98.80952380952381,98.80952380952381,,544.0,544.0
8552,551,matched,A unique odds row was assigned.,3,2,1,98.80952380952381,98.80952380952381,,545.0,545.0
8553,552,matched,A unique odds row was assigned.,1,1,1,99.04761904761905,99.04761904761905,,543.0,543.0
8554,553,matched,A unique odds row was assigned.,1,1,1,99.04761904761905,99.04761904761905,,542.0,542.0
8555,554,matched,A unique odds row was assigned.,1,1,1,99.28571428571429,99.28571428571429,,537.0,537.0
8556,555,matched,A unique odds row was assigned.,1,1,1,99.28571428571429,99.28571428571429,,538.0,538.0
8557,556,no_pair_candidate,No valid odds row contains the same unordered player pair.,0,0,0,,,,,
8558,557,matched,A unique odds row was assigned.,1,1,1,99.52380952380952,99.52380952380952,,534.0,534.0
8559,558,matched,A unique odds row was assigned.,1,1,1,99.52380952380952,99.52380952380952,,535.0,535.0
8560,559,matched,A unique odds row was assigned.,3,1,1,99.04761904761905,99.04761904761905,,540.0,540.0
8561,560,matched,A unique odds row was assigned.,1,1,1,99.28571428571429,99.28571428571429,,539.0,539.0
8562,561,matched,A unique odds row was assigned.,4,1,1,99.28571428571429,99.28571428571429,,536.0,536.0
8563,562,matched,A unique odds row was assigned.,1,1,1,100.0,100.0,,523.0,523.0
8564,563,matched,A unique odds row was assigned.,1,1,1,99.52380952380952,99.52380952380952,,533.0,533.0
8565,564,matched,A unique odds row was assigned.,1,1,1,99.76190476190476,99.76190476190476,,528.0,528.0
8566,565,no_pair_candidate,No valid odds row contains the same unordered player pair.,0,0,0,,,,,
8567,566,matched,A unique odds row was assigned.,1,1,1,99.76190476190476,99.76190476190476,,531.0,531.0
8568,567,matched,A unique odds row was assigned.,1,1,1,99.76190476190476,99.76190476190476,,527.0,527.0
8569,568,matched,A unique odds row was assigned.,1,1,1,99.76190476190476,99.76190476190476,,530.0,530.0
8570,569,matched,A unique odds row was assigned.,2,1,1,99.76190476190476,99.76190476190476,,524.0,524.0
8571,570,matched,A unique odds row was assigned.,1,1,1,99.76190476190476,99.76190476190476,,529.0,529.0
8572,571,matched,A unique odds row was assigned.,1,1,1,99.52380952380952,99.52380952380952,,532.0,532.0
8573,572,matched,A unique odds row was assigned.,1,1,1,99.76190476190476,99.76190476190476,,525.0,525.0
8574,573,matched,A unique odds row was assigned.,2,1,1,100.0,100.0,,522.0,522.0
8575,574,matched,A unique odds row was assigned.,1,1,1,53.8592132505176,53.8592132505176,,643.0,643.0
8576,575,matched,A unique odds row was assigned.,2,1,1,54.33540372670807,54.33540372670807,,641.0,641.0
8577,576,matched,A unique odds row was assigned.,1,1,1,54.09730848861284,54.09730848861284,,642.0,642.0
8578,577,matched,A unique odds row was assigned.,1,1,1,54.57349896480331,54.57349896480331,,638.0,638.0
8579,578,matched,A unique odds row was assigned.,1,1,1,54.57349896480331,54.57349896480331,,637.0,637.0
8580,579,matched,A unique odds row was assigned.,1,1,1,54.57349896480331,54.57349896480331,,639.0,639.0
8581,580,matched,A unique odds row was assigned.,2,1,1,54.33540372670807,54.33540372670807,,640.0,640.0
8582,581,matched,A unique odds row was assigned.,3,1,1,54.811594202898554,54.811594202898554,,632.0,632.0
8583,582,matched,A unique odds row was assigned.,1,1,1,54.811594202898554,54.811594202898554,,631.0,631.0
8584,583,matched,A unique odds row was assigned.,2,1,1,55.04968944099379,55.04968944099379,,629.0,629.0
8585,584,matched,A unique odds row was assigned.,3,1,1,55.04968944099379,55.04968944099379,,630.0,630.0
8586,585,matched,A unique odds row was assigned.,2,1,1,54.57349896480331,54.57349896480331,,636.0,636.0
8587,586,matched,A unique odds row was assigned.,1,1,1,54.811594202898554,54.811594202898554,,634.0,634.0
8588,587,matched,A unique odds row was assigned.,1,1,1,54.811594202898554,54.811594202898554,,635.0,635.0
8589,588,matched,A unique odds row was assigned.,3,1,1,54.811594202898554,54.811594202898554,,633.0,633.0
8590,589,matched,A unique odds row was assigned.,3,2,2,55.52587991718427,55.52587991718427,4.458653026427967,613.0,613.0
8591,590,matched,A unique odds row was assigned.,1,1,1,55.52587991718427,55.52587991718427,,614.0,614.0
8592,591,matched,A unique odds row was assigned.,2,1,1,55.52587991718427,55.52587991718427,,617.0,617.0
8593,592,matched,A unique odds row was assigned.,1,1,1,55.28778467908903,55.28778467908903,,618.0,618.0
8594,593,matched,A unique odds row was assigned.,1,1,1,55.52587991718427,55.52587991718427,,616.0,616.0
8595,594,matched,A unique odds row was assigned.,3,1,1,55.52587991718427,55.52587991718427,,615.0,615.0
8596,595,matched,A unique odds row was assigned.,3,1,1,55.28778467908903,55.28778467908903,,619.0,619.0
8597,596,matched,A unique odds row was assigned.,2,1,1,55.28778467908903,55.28778467908903,,620.0,620.0
8598,597,matched,A unique odds row was assigned.,1,1,1,55.28778467908903,55.28778467908903,,622.0,622.0
8599,598,matched,A unique odds row was assigned.,2,1,1,55.28778467908903,55.28778467908903,,624.0,624.0
8600,599,matched,A unique odds row was assigned.,3,1,1,55.28778467908903,55.28778467908903,,625.0,625.0
8601,600,matched,A unique odds row was assigned.,1,1,1,55.28778467908903,55.28778467908903,,621.0,621.0
8602,601,matched,A unique odds row was assigned.,2,1,1,55.28778467908903,55.28778467908903,,626.0,626.0
8603,602,matched,A unique odds row was assigned.,1,1,1,55.04968944099379,55.04968944099379,,627.0,627.0
8604,603,matched,A unique odds row was assigned.,1,1,1,55.04968944099379,55.04968944099379,,628.0,628.0
8605,604,matched,A unique odds row was assigned.,1,1,1,55.28778467908903,55.28778467908903,,623.0,623.0
8606,605,matched,A unique odds row was assigned.,2,1,1,56.002070393374744,56.002070393374744,,585.0,585.0
8607,606,matched,A unique odds row was assigned.,1,1,1,55.7639751552795,55.7639751552795,,594.0,594.0
8608,607,matched,A unique odds row was assigned.,1,1,1,55.7639751552795,55.7639751552795,,596.0,596.0
8609,608,matched,A unique odds row was assigned.,1,1,1,56.002070393374744,56.002070393374744,,583.0,583.0
8610,609,matched,A unique odds row was assigned.,1,1,1,56.002070393374744,56.002070393374744,,582.0,582.0
8611,610,matched,A unique odds row was assigned.,1,1,1,56.002070393374744,56.002070393374744,,586.0,586.0
8612,611,matched,A unique odds row was assigned.,1,1,1,56.002070393374744,56.002070393374744,,587.0,587.0
8613,612,matched,A unique odds row was assigned.,1,1,1,55.7639751552795,55.7639751552795,,592.0,592.0
8614,613,matched,A unique odds row was assigned.,1,1,1,55.7639751552795,55.7639751552795,,595.0,595.0
8615,614,matched,A unique odds row was assigned.,1,1,1,55.7639751552795,55.7639751552795,,590.0,590.0
8616,615,matched,A unique odds row was assigned.,1,1,1,55.7639751552795,55.7639751552795,,593.0,593.0
8617,616,matched,A unique odds row was assigned.,2,1,1,55.7639751552795,55.7639751552795,,589.0,589.0
8618,617,matched,A unique odds row was assigned.,1,1,1,55.7639751552795,55.7639751552795,,591.0,591.0
8619,618,matched,A unique odds row was assigned.,1,1,1,56.002070393374744,56.002070393374744,,581.0,581.0
8620,619,matched,A unique odds row was assigned.,1,1,1,56.002070393374744,56.002070393374744,,588.0,588.0
8621,620,matched,A unique odds row was assigned.,1,1,1,56.002070393374744,56.002070393374744,,584.0,584.0
8622,621,matched,A unique odds row was assigned.,1,1,1,55.52587991718427,55.52587991718427,,612.0,612.0
8623,622,matched,A unique odds row was assigned.,1,1,1,55.7639751552795,55.7639751552795,,607.0,607.0
8624,623,matched,A unique odds row was assigned.,3,2,2,55.7639751552795,55.7639751552795,4.458653026427967,606.0,606.0
8625,624,matched,A unique odds row was assigned.,1,1,1,55.7639751552795,55.7639751552795,,597.0,597.0
8626,625,matched,A unique odds row was assigned.,2,1,1,55.7639751552795,55.7639751552795,,608.0,608.0
8627,626,no_pair_candidate,No valid odds row contains the same unordered player pair.,0,0,0,,,,,
8628,627,matched,A unique odds row was assigned.,2,1,1,55.7639751552795,55.7639751552795,,598.0,598.0
8629,628,matched,A unique odds row was assigned.,2,1,1,55.7639751552795,55.7639751552795,,599.0,599.0
8630,629,matched,A unique odds row was assigned.,2,1,1,55.7639751552795,55.7639751552795,,605.0,605.0
8631,630,matched,A unique odds row was assigned.,1,1,1,55.7639751552795,55.7639751552795,,600.0,600.0
8632,631,matched,A unique odds row was assigned.,2,2,2,55.7639751552795,55.7639751552795,4.458653026427967,604.0,604.0
8633,632,matched,A unique odds row was assigned.,1,1,1,55.7639751552795,55.7639751552795,,602.0,602.0
8634,633,matched,A unique odds row was assigned.,1,1,1,55.52587991718427,55.52587991718427,,609.0,609.0
8635,634,matched,A unique odds row was assigned.,1,1,1,55.52587991718427,55.52587991718427,,611.0,611.0
8636,635,matched,A unique odds row was assigned.,1,1,1,55.7639751552795,55.7639751552795,,601.0,601.0
8637,636,matched,A unique odds row was assigned.,1,1,1,55.52587991718427,55.52587991718427,,610.0,610.0
8638,637,matched,A unique odds row was assigned.,2,1,1,56.24016563146998,56.24016563146998,,563.0,563.0
8639,638,matched,A unique odds row was assigned.,1,1,1,56.47826086956522,56.47826086956522,,555.0,555.0
8640,639,matched,A unique odds row was assigned.,1,1,1,56.24016563146998,56.24016563146998,,567.0,567.0
8641,640,matched,A unique odds row was assigned.,1,1,1,56.47826086956522,56.47826086956522,,557.0,557.0
8642,641,matched,A unique odds row was assigned.,1,1,1,56.47826086956522,56.47826086956522,,551.0,551.0
8643,642,matched,A unique odds row was assigned.,1,1,1,56.24016563146998,56.24016563146998,,566.0,566.0
8644,643,matched,A unique odds row was assigned.,1,1,1,56.24016563146998,56.24016563146998,,565.0,565.0
8645,644,matched,A unique odds row was assigned.,1,1,1,56.47826086956522,56.47826086956522,,554.0,554.0
8646,645,matched,A unique odds row was assigned.,2,2,2,56.24016563146998,56.24016563146998,4.2205577883327265,562.0,562.0
8647,646,matched,A unique odds row was assigned.,1,1,1,56.47826086956522,56.47826086956522,,550.0,550.0
8648,647,matched,A unique odds row was assigned.,1,1,1,56.24016563146998,56.24016563146998,,569.0,569.0
8649,648,matched,A unique odds row was assigned.,1,1,1,56.47826086956522,56.47826086956522,,549.0,549.0
8650,649,matched,A unique odds row was assigned.,1,1,1,56.47826086956522,56.47826086956522,,552.0,552.0
8651,650,matched,A unique odds row was assigned.,1,1,1,56.24016563146998,56.24016563146998,,564.0,564.0
8652,651,matched,A unique odds row was assigned.,1,1,1,56.47826086956522,56.47826086956522,,553.0,553.0
8653,652,matched,A unique odds row was assigned.,1,1,1,56.47826086956522,56.47826086956522,,556.0,556.0
8654,653,matched,A unique odds row was assigned.,2,1,1,56.002070393374744,56.002070393374744,,577.0,577.0
8655,654,matched,A unique odds row was assigned.,1,1,1,56.002070393374744,56.002070393374744,,575.0,575.0
8656,655,matched,A unique odds row was assigned.,1,1,1,56.002070393374744,56.002070393374744,,576.0,576.0
8657,656,matched,A unique odds row was assigned.,1,1,1,56.002070393374744,56.002070393374744,,573.0,573.0
8658,657,matched,A unique odds row was assigned.,1,1,1,56.24016563146998,56.24016563146998,,570.0,570.0
8659,658,no_pair_candidate,No valid odds row contains the same unordered player pair.,0,0,0,,,,,
8660,659,matched,A unique odds row was assigned.,2,1,1,56.24016563146998,56.24016563146998,,559.0,559.0
8661,660,no_pair_candidate,No valid odds row contains the same unordered player pair.,0,0,0,,,,,
8662,661,no_pair_candidate,No valid odds row contains the same unordered player pair.,0,0,0,,,,,
8663,662,matched,A unique odds row was assigned.,1,1,1,56.002070393374744,56.002070393374744,,571.0,571.0
8664,663,matched,A unique odds row was assigned.,1,1,1,56.002070393374744,56.002070393374744,,580.0,580.0
8665,664,matched,A unique odds row was assigned.,1,1,1,56.002070393374744,56.002070393374744,,579.0,579.0
8666,665,matched,A unique odds row was assigned.,1,1,1,56.24016563146998,56.24016563146998,,560.0,560.0
8667,666,matched,A unique odds row was assigned.,1,1,1,56.002070393374744,56.002070393374744,,574.0,574.0
8668,667,matched,A unique odds row was assigned.,1,1,1,56.24016563146998,56.24016563146998,,561.0,561.0
8669,668,matched,A unique odds row was assigned.,1,1,1,56.002070393374744,56.002070393374744,,578.0,578.0
8670,669,matched,A unique odds row was assigned.,1,1,1,97.38095238095238,97.38095238095238,,737.0,737.0
8671,670,matched,A unique odds row was assigned.,3,1,1,97.61904761904762,97.61904761904762,,736.0,736.0
8672,671,matched,A unique odds row was assigned.,1,1,1,97.85714285714286,97.85714285714286,,735.0,735.0
8673,672,matched,A unique odds row was assigned.,2,1,1,97.85714285714286,97.85714285714286,,734.0,734.0
8674,673,matched,A unique odds row was assigned.,1,1,1,97.85714285714286,97.85714285714286,,733.0,733.0
8675,674,matched,A unique odds row was assigned.,1,1,1,98.0952380952381,98.0952380952381,,732.0,732.0
8676,675,matched,A unique odds row was assigned.,2,1,1,98.0952380952381,98.0952380952381,,731.0,731.0
8677,676,matched,A unique odds row was assigned.,1,1,1,98.0952380952381,98.0952380952381,,730.0,730.0
8678,677,matched,A unique odds row was assigned.,1,1,1,98.33333333333333,98.33333333333333,,728.0,728.0
8679,678,matched,A unique odds row was assigned.,1,1,1,98.33333333333333,98.33333333333333,,729.0,729.0
8680,679,matched,A unique odds row was assigned.,1,1,1,98.33333333333333,98.33333333333333,,724.0,724.0
8681,680,matched,A unique odds row was assigned.,1,1,1,98.33333333333333,98.33333333333333,,726.0,726.0
8682,681,matched,A unique odds row was assigned.,1,1,1,98.33333333333333,98.33333333333333,,727.0,727.0
8683,682,matched,A unique odds row was assigned.,2,1,1,98.33333333333333,98.33333333333333,,725.0,725.0
8684,683,matched,A unique odds row was assigned.,3,1,1,98.57142857142857,98.57142857142857,,723.0,723.0
8685,684,matched,A unique odds row was assigned.,1,1,1,98.57142857142857,98.57142857142857,,719.0,719.0
8686,685,matched,A unique odds row was assigned.,3,1,1,98.57142857142857,98.57142857142857,,717.0,717.0
8687,686,matched,A unique odds row was assigned.,2,1,1,98.57142857142857,98.57142857142857,,720.0,720.0
8688,687,matched,A unique odds row was assigned.,1,1,1,98.57142857142857,98.57142857142857,,718.0,718.0
8689,688,matched,A unique odds row was assigned.,3,1,1,98.57142857142857,98.57142857142857,,721.0,721.0
8690,689,matched,A unique odds row was assigned.,2,1,1,98.57142857142857,98.57142857142857,,716.0,716.0
8691,690,matched,A unique odds row was assigned.,1,1,1,98.57142857142857,98.57142857142857,,722.0,722.0
8692,691,matched,A unique odds row was assigned.,1,1,1,98.80952380952381,98.80952380952381,,709.0,709.0
8693,692,matched,A unique odds row was assigned.,2,1,1,98.57142857142857,98.57142857142857,,714.0,714.0
8694,693,no_pair_candidate,No valid odds row contains the same unordered player pair.,0,0,0,,,,,
8695,694,matched,A unique odds row was assigned.,1,1,1,98.57142857142857,98.57142857142857,,711.0,711.0
8696,695,matched,A unique odds row was assigned.,1,1,1,98.80952380952381,98.80952380952381,,708.0,708.0
8697,696,matched,A unique odds row was assigned.,4,1,1,98.57142857142857,98.57142857142857,,715.0,715.0
8698,697,matched,A unique odds row was assigned.,1,1,1,98.57142857142857,98.57142857142857,,713.0,713.0
8699,698,matched,A unique odds row was assigned.,1,1,1,98.57142857142857,98.57142857142857,,712.0,712.0
8700,699,matched,A unique odds row was assigned.,1,1,1,98.80952380952381,98.80952380952381,,705.0,705.0
8701,700,matched,A unique odds row was assigned.,1,1,1,98.80952380952381,98.80952380952381,,702.0,702.0
8702,701,matched,A unique odds row was assigned.,1,1,1,99.04761904761905,99.04761904761905,,694.0,694.0
8703,702,matched,A unique odds row was assigned.,3,1,1,99.04761904761905,99.04761904761905,,693.0,693.0
8704,703,matched,A unique odds row was assigned.,1,1,1,98.80952380952381,98.80952380952381,,699.0,699.0
8705,704,matched,A unique odds row was assigned.,1,1,1,99.04761904761905,99.04761904761905,,695.0,695.0
8706,705,matched,A unique odds row was assigned.,1,1,1,98.80952380952381,98.80952380952381,,698.0,698.0
8707,706,matched,A unique odds row was assigned.,1,1,1,98.80952380952381,98.80952380952381,,697.0,697.0
8708,707,matched,A unique odds row was assigned.,1,1,1,99.04761904761905,99.04761904761905,,691.0,691.0
8709,708,matched,A unique odds row was assigned.,1,1,1,99.04761904761905,99.04761904761905,,696.0,696.0
8710,709,matched,A unique odds row was assigned.,2,1,1,98.80952380952381,98.80952380952381,,706.0,706.0
8711,710,matched,A unique odds row was assigned.,1,1,1,98.80952380952381,98.80952380952381,,704.0,704.0
8712,711,matched,A unique odds row was assigned.,2,1,1,98.80952380952381,98.80952380952381,,701.0,701.0
8713,712,matched,A unique odds row was assigned.,3,1,1,98.80952380952381,98.80952380952381,,703.0,703.0
8714,713,matched,A unique odds row was assigned.,1,1,1,98.80952380952381,98.80952380952381,,700.0,700.0
8715,714,matched,A unique odds row was assigned.,1,1,1,98.80952380952381,98.80952380952381,,707.0,707.0
8716,715,matched,A unique odds row was assigned.,1,1,1,99.28571428571429,99.28571428571429,,682.0,682.0
8717,716,matched,A unique odds row was assigned.,2,1,1,99.28571428571429,99.28571428571429,,684.0,684.0
8718,717,no_pair_candidate,No valid odds row contains the same unordered player pair.,0,0,0,,,,,
8719,718,matched,A unique odds row was assigned.,1,1,1,99.28571428571429,99.28571428571429,,686.0,686.0
8720,719,no_pair_candidate,No valid odds row contains the same unordered player pair.,0,0,0,,,,,
8721,720,matched,A unique odds row was assigned.,1,1,1,99.28571428571429,99.28571428571429,,685.0,685.0
8722,721,matched,A unique odds row was assigned.,1,1,1,99.28571428571429,99.28571428571429,,677.0,677.0
8723,722,matched,A unique odds row was assigned.,1,1,1,99.04761904761905,99.04761904761905,,689.0,689.0
8724,723,matched,A unique odds row was assigned.,2,1,1,99.28571428571429,99.28571428571429,,687.0,687.0
8725,724,matched,A unique odds row was assigned.,2,1,1,99.04761904761905,99.04761904761905,,688.0,688.0
8726,725,matched,A unique odds row was assigned.,1,1,1,99.28571428571429,99.28571428571429,,676.0,676.0
8727,726,matched,A unique odds row was assigned.,1,1,1,99.28571428571429,99.28571428571429,,678.0,678.0
8728,727,matched,A unique odds row was assigned.,1,1,1,99.28571428571429,99.28571428571429,,683.0,683.0
8729,728,matched,A unique odds row was assigned.,1,1,1,99.28571428571429,99.28571428571429,,679.0,679.0
8730,729,matched,A unique odds row was assigned.,3,2,1,99.28571428571429,99.28571428571429,,680.0,680.0
8731,730,matched,A unique odds row was assigned.,3,1,1,99.04761904761905,99.04761904761905,,692.0,692.0
8732,731,matched,A unique odds row was assigned.,1,1,1,99.52380952380952,99.52380952380952,,661.0,661.0
8733,732,matched,A unique odds row was assigned.,1,1,1,99.52380952380952,99.52380952380952,,663.0,663.0
8734,733,matched,A unique odds row was assigned.,1,1,1,99.52380952380952,99.52380952380952,,668.0,668.0
8735,734,no_pair_candidate,No valid odds row contains the same unordered player pair.,0,0,0,,,,,
8736,735,matched,A unique odds row was assigned.,2,1,1,99.52380952380952,99.52380952380952,,673.0,673.0
8737,736,matched,A unique odds row was assigned.,1,1,1,99.52380952380952,99.52380952380952,,674.0,674.0
8738,737,matched,A unique odds row was assigned.,2,1,1,99.52380952380952,99.52380952380952,,666.0,666.0
8739,738,matched,A unique odds row was assigned.,1,1,1,99.52380952380952,99.52380952380952,,660.0,660.0
8740,739,matched,A unique odds row was assigned.,2,1,1,99.52380952380952,99.52380952380952,,671.0,671.0
8741,740,matched,A unique odds row was assigned.,1,1,1,99.52380952380952,99.52380952380952,,669.0,669.0
8742,741,matched,A unique odds row was assigned.,1,1,1,99.52380952380952,99.52380952380952,,670.0,670.0
8743,742,matched,A unique odds row was assigned.,1,1,1,99.52380952380952,99.52380952380952,,675.0,675.0
8744,743,matched,A unique odds row was assigned.,1,1,1,99.52380952380952,99.52380952380952,,665.0,665.0
8745,744,matched,A unique odds row was assigned.,1,1,1,99.52380952380952,99.52380952380952,,664.0,664.0
8746,745,matched,A unique odds row was assigned.,1,1,1,99.52380952380952,99.52380952380952,,667.0,667.0
8747,746,matched,A unique odds row was assigned.,1,1,1,99.52380952380952,99.52380952380952,,662.0,662.0
8748,747,matched,A unique odds row was assigned.,1,1,1,99.76190476190476,99.76190476190476,,645.0,645.0
8749,748,matched,A unique odds row was assigned.,1,1,1,99.76190476190476,99.76190476190476,,647.0,647.0
8750,749,no_pair_candidate,No valid odds row contains the same unordered player pair.,0,0,0,,,,,
8751,750,matched,A unique odds row was assigned.,1,1,1,99.76190476190476,99.76190476190476,,650.0,650.0
8752,751,no_pair_candidate,No valid odds row contains the same unordered player pair.,0,0,0,,,,,
8753,752,matched,A unique odds row was assigned.,1,1,1,99.76190476190476,99.76190476190476,,649.0,649.0
8754,753,matched,A unique odds row was assigned.,1,1,1,99.76190476190476,99.76190476190476,,653.0,653.0
8755,754,matched,A unique odds row was assigned.,1,1,1,99.76190476190476,99.76190476190476,,648.0,648.0
8756,755,matched,A unique odds row was assigned.,1,1,1,99.76190476190476,99.76190476190476,,651.0,651.0
8757,756,matched,A unique odds row was assigned.,1,1,1,99.76190476190476,99.76190476190476,,646.0,646.0
8758,757,matched,A unique odds row was assigned.,1,1,1,99.76190476190476,99.76190476190476,,654.0,654.0
8759,758,matched,A unique odds row was assigned.,1,1,1,99.76190476190476,99.76190476190476,,659.0,659.0
8760,759,matched,A unique odds row was assigned.,1,1,1,99.76190476190476,99.76190476190476,,658.0,658.0
8761,760,matched,A unique odds row was assigned.,3,1,1,99.76190476190476,99.76190476190476,,657.0,657.0
8762,761,matched,A unique odds row was assigned.,1,1,1,99.76190476190476,99.76190476190476,,652.0,652.0
8763,762,matched,A unique odds row was assigned.,1,1,1,99.76190476190476,99.76190476190476,,656.0,656.0
8764,763,matched,A unique odds row was assigned.,2,1,1,97.14285714285714,97.14285714285714,,738.0,738.0
8765,764,no_pair_candidate,No valid odds row contains the same unordered player pair.,0,0,0,,,,,
8766,765,matched,A unique odds row was assigned.,2,1,1,60.57142857142857,60.57142857142857,,768.0,768.0
8767,766,no_pair_candidate,No valid odds row contains the same unordered player pair.,0,0,0,,,,,
8768,767,matched,A unique odds row was assigned.,1,1,1,60.80952380952381,60.80952380952381,,765.0,765.0
8769,768,matched,A unique odds row was assigned.,1,1,1,60.80952380952381,60.80952380952381,,764.0,764.0
8770,769,matched,A unique odds row was assigned.,1,1,1,60.80952380952381,60.80952380952381,,763.0,763.0
8771,770,no_pair_candidate,No valid odds row contains the same unordered player pair.,0,0,0,,,,,
8772,771,matched,A unique odds row was assigned.,1,1,1,60.80952380952381,60.80952380952381,,761.0,761.0
8773,772,matched,A unique odds row was assigned.,1,1,1,60.80952380952381,60.80952380952381,,762.0,762.0
8774,773,matched,A unique odds row was assigned.,1,1,1,61.047619047619044,61.047619047619044,,758.0,758.0
8775,774,matched,A unique odds row was assigned.,1,1,1,61.285714285714285,61.285714285714285,,756.0,756.0
8776,775,matched,A unique odds row was assigned.,1,1,1,61.285714285714285,61.285714285714285,,757.0,757.0
8777,776,matched,A unique odds row was assigned.,1,1,1,61.285714285714285,61.285714285714285,,755.0,755.0
8778,777,no_pair_candidate,No valid odds row contains the same unordered player pair.,0,0,0,,,,,
8779,778,matched,A unique odds row was assigned.,1,1,1,61.047619047619044,61.047619047619044,,760.0,760.0
8780,779,matched,A unique odds row was assigned.,1,1,1,61.285714285714285,61.285714285714285,,753.0,753.0
8781,780,matched,A unique odds row was assigned.,1,1,1,61.52380952380952,61.52380952380952,,747.0,747.0
8782,781,matched,A unique odds row was assigned.,1,1,1,61.285714285714285,61.285714285714285,,754.0,754.0
8783,782,matched,A unique odds row was assigned.,1,1,1,61.285714285714285,61.285714285714285,,752.0,752.0
8784,783,matched,A unique odds row was assigned.,1,1,1,61.52380952380952,61.52380952380952,,745.0,745.0
8785,784,matched,A unique odds row was assigned.,1,1,1,61.52380952380952,61.52380952380952,,742.0,742.0
8786,785,matched,A unique odds row was assigned.,1,1,1,61.76190476190476,61.76190476190476,,739.0,739.0
8787,786,matched,A unique odds row was assigned.,1,1,1,61.52380952380952,61.52380952380952,,743.0,743.0
8788,787,matched,A unique odds row was assigned.,1,1,1,61.52380952380952,61.52380952380952,,750.0,750.0
8789,788,matched,A unique odds row was assigned.,1,1,1,61.52380952380952,61.52380952380952,,744.0,744.0
8790,789,matched,A unique odds row was assigned.,1,1,1,61.52380952380952,61.52380952380952,,741.0,741.0
8791,790,matched,A unique odds row was assigned.,1,1,1,61.52380952380952,61.52380952380952,,740.0,740.0
8792,791,no_pair_candidate,No valid odds row contains the same unordered player pair.,0,0,0,,,,,
8793,792,matched,A unique odds row was assigned.,1,1,1,61.52380952380952,61.52380952380952,,748.0,748.0
8794,793,matched,A unique odds row was assigned.,1,1,1,61.52380952380952,61.52380952380952,,751.0,751.0
8795,794,matched,A unique odds row was assigned.,1,1,1,61.52380952380952,61.52380952380952,,749.0,749.0
8796,795,matched,A unique odds row was assigned.,1,1,1,98.57142857142857,98.57142857142857,,816.0,816.0
8797,796,matched,A unique odds row was assigned.,2,1,1,98.80952380952381,98.80952380952381,,814.0,814.0
8798,797,matched,A unique odds row was assigned.,1,1,1,98.80952380952381,98.80952380952381,,815.0,815.0
8799,798,matched,A unique odds row was assigned.,1,1,1,99.04761904761905,99.04761904761905,,811.0,811.0
8800,799,matched,A unique odds row was assigned.,2,1,1,99.04761904761905,99.04761904761905,,810.0,810.0
8801,800,matched,A unique odds row was assigned.,1,1,1,98.80952380952381,98.80952380952381,,813.0,813.0
8802,801,matched,A unique odds row was assigned.,2,1,1,99.04761904761905,99.04761904761905,,812.0,812.0
8803,802,matched,A unique odds row was assigned.,1,1,1,99.28571428571429,99.28571428571429,,802.0,802.0
8804,803,matched,A unique odds row was assigned.,1,1,1,99.28571428571429,99.28571428571429,,804.0,804.0
8805,804,matched,A unique odds row was assigned.,1,1,1,99.28571428571429,99.28571428571429,,805.0,805.0
8806,805,matched,A unique odds row was assigned.,2,1,1,99.28571428571429,99.28571428571429,,803.0,803.0
8807,806,matched,A unique odds row was assigned.,3,1,1,99.28571428571429,99.28571428571429,,806.0,806.0
8808,807,matched,A unique odds row was assigned.,1,1,1,99.04761904761905,99.04761904761905,,808.0,808.0
8809,808,matched,A unique odds row was assigned.,1,1,1,99.04761904761905,99.04761904761905,,809.0,809.0
8810,809,matched,A unique odds row was assigned.,1,1,1,99.28571428571429,99.28571428571429,,807.0,807.0
8811,810,matched,A unique odds row was assigned.,2,1,1,99.76190476190476,99.76190476190476,,788.0,788.0
8812,811,matched,A unique odds row was assigned.,1,1,1,99.76190476190476,99.76190476190476,,787.0,787.0
8813,812,matched,A unique odds row was assigned.,1,1,1,99.52380952380952,99.52380952380952,,791.0,791.0
8814,813,matched,A unique odds row was assigned.,1,1,1,99.28571428571429,99.28571428571429,,796.0,796.0
8815,814,matched,A unique odds row was assigned.,2,1,1,99.28571428571429,99.28571428571429,,793.0,793.0
8816,815,matched,A unique odds row was assigned.,3,1,1,99.52380952380952,99.52380952380952,,790.0,790.0
8817,816,matched,A unique odds row was assigned.,1,1,1,99.28571428571429,99.28571428571429,,794.0,794.0
8818,817,matched,A unique odds row was assigned.,1,1,1,99.52380952380952,99.52380952380952,,789.0,789.0
8819,818,matched,A unique odds row was assigned.,1,1,1,99.28571428571429,99.28571428571429,,797.0,797.0
8820,819,matched,A unique odds row was assigned.,1,1,1,99.28571428571429,99.28571428571429,,795.0,795.0
8821,820,matched,A unique odds row was assigned.,1,1,1,99.52380952380952,99.52380952380952,,792.0,792.0
8822,821,matched,A unique odds row was assigned.,1,1,1,99.76190476190476,99.76190476190476,,786.0,786.0
8823,822,matched,A unique odds row was assigned.,1,1,1,99.28571428571429,99.28571428571429,,801.0,801.0
8824,823,matched,A unique odds row was assigned.,1,1,1,99.28571428571429,99.28571428571429,,800.0,800.0
8825,824,matched,A unique odds row was assigned.,1,1,1,99.28571428571429,99.28571428571429,,799.0,799.0
8826,825,matched,A unique odds row was assigned.,1,1,1,99.28571428571429,99.28571428571429,,798.0,798.0
8827,826,matched,A unique odds row was assigned.,1,1,1,100.0,100.0,,775.0,775.0
8828,827,matched,A unique odds row was assigned.,1,1,1,100.0,100.0,,770.0,770.0
8829,828,matched,A unique odds row was assigned.,1,1,1,99.76190476190476,99.76190476190476,,783.0,783.0
8830,829,matched,A unique odds row was assigned.,1,1,1,99.76190476190476,99.76190476190476,,779.0,779.0
8831,830,matched,A unique odds row was assigned.,1,1,1,99.76190476190476,99.76190476190476,,785.0,785.0
8832,831,matched,A unique odds row was assigned.,1,1,1,100.0,100.0,,773.0,773.0
8833,832,matched,A unique odds row was assigned.,1,1,1,100.0,100.0,,776.0,776.0
8834,833,matched,A unique odds row was assigned.,1,1,1,100.0,100.0,,774.0,774.0
8835,834,matched,A unique odds row was assigned.,1,1,1,99.76190476190476,99.76190476190476,,784.0,784.0
8836,835,matched,A unique odds row was assigned.,1,1,1,100.0,100.0,,777.0,777.0
8837,836,no_pair_candidate,No valid odds row contains the same unordered player pair.,0,0,0,,,,,
8838,837,matched,A unique odds row was assigned.,1,1,1,100.0,100.0,,771.0,771.0
8839,838,matched,A unique odds row was assigned.,1,1,1,100.0,100.0,,772.0,772.0
8840,839,matched,A unique odds row was assigned.,1,1,1,99.76190476190476,99.76190476190476,,778.0,778.0
8841,840,matched,A unique odds row was assigned.,2,1,1,99.76190476190476,99.76190476190476,,781.0,781.0
8842,841,matched,A unique odds row was assigned.,1,1,1,99.76190476190476,99.76190476190476,,782.0,782.0
8843,842,matched,A unique odds row was assigned.,1,1,1,77.41758241758241,77.41758241758241,,847.0,847.0
8844,843,matched,A unique odds row was assigned.,1,1,1,77.65567765567765,77.65567765567765,,846.0,846.0
8845,844,matched,A unique odds row was assigned.,1,1,1,77.65567765567765,77.65567765567765,,845.0,845.0
8846,845,matched,A unique odds row was assigned.,1,1,1,77.89377289377289,77.89377289377289,,842.0,842.0
8847,846,matched,A unique odds row was assigned.,1,1,1,77.89377289377289,77.89377289377289,,844.0,844.0
8848,847,matched,A unique odds row was assigned.,3,1,1,77.89377289377289,77.89377289377289,,841.0,841.0
8849,848,matched,A unique odds row was assigned.,1,1,1,77.89377289377289,77.89377289377289,,843.0,843.0
8850,849,matched,A unique odds row was assigned.,1,1,1,78.13186813186813,78.13186813186813,,837.0,837.0
8851,850,matched,A unique odds row was assigned.,1,1,1,78.36996336996336,78.36996336996336,,833.0,833.0
8852,851,matched,A unique odds row was assigned.,1,1,1,78.13186813186813,78.13186813186813,,840.0,840.0
8853,852,matched,A unique odds row was assigned.,2,1,1,78.36996336996336,78.36996336996336,,834.0,834.0
8854,853,no_pair_candidate,No valid odds row contains the same unordered player pair.,0,0,0,,,,,
8855,854,matched,A unique odds row was assigned.,2,1,1,78.13186813186813,78.13186813186813,,836.0,836.0
8856,855,matched,A unique odds row was assigned.,1,1,1,78.13186813186813,78.13186813186813,,838.0,838.0
8857,856,matched,A unique odds row was assigned.,1,1,1,78.13186813186813,78.13186813186813,,839.0,839.0
8858,857,matched,A unique odds row was assigned.,1,1,1,78.6080586080586,78.6080586080586,,828.0,828.0
8859,858,matched,A unique odds row was assigned.,1,1,1,78.6080586080586,78.6080586080586,,824.0,824.0
8860,859,matched,A unique odds row was assigned.,1,1,1,78.84615384615384,78.84615384615384,,817.0,817.0
8861,860,matched,A unique odds row was assigned.,1,1,1,78.6080586080586,78.6080586080586,,821.0,821.0
8862,861,matched,A unique odds row was assigned.,1,1,1,78.6080586080586,78.6080586080586,,823.0,823.0
8863,862,matched,A unique odds row was assigned.,1,1,1,78.36996336996336,78.36996336996336,,831.0,831.0
8864,863,matched,A unique odds row was assigned.,1,1,1,78.6080586080586,78.6080586080586,,822.0,822.0
8865,864,matched,A unique odds row was assigned.,1,1,1,78.84615384615384,78.84615384615384,,818.0,818.0
8866,865,matched,A unique odds row was assigned.,1,1,1,78.84615384615384,78.84615384615384,,819.0,819.0
8867,866,no_pair_candidate,No valid odds row contains the same unordered player pair.,0,0,0,,,,,
8868,867,matched,A unique odds row was assigned.,1,1,1,78.36996336996336,78.36996336996336,,829.0,829.0
8869,868,matched,A unique odds row was assigned.,2,1,1,78.6080586080586,78.6080586080586,,826.0,826.0
8870,869,matched,A unique odds row was assigned.,1,1,1,78.6080586080586,78.6080586080586,,825.0,825.0
8871,870,matched,A unique odds row was assigned.,1,1,1,78.36996336996336,78.36996336996336,,830.0,830.0
8872,871,matched,A unique odds row was assigned.,1,1,1,78.36996336996336,78.36996336996336,,832.0,832.0
8873,872,matched,A unique odds row was assigned.,2,1,1,78.6080586080586,78.6080586080586,,827.0,827.0
8874,873,matched,A unique odds row was assigned.,1,1,1,56.60846560846561,56.60846560846561,,874.0,874.0
8875,874,matched,A unique odds row was assigned.,2,1,1,56.84656084656085,56.84656084656085,,872.0,872.0
8876,875,matched,A unique odds row was assigned.,2,1,1,56.84656084656085,56.84656084656085,,873.0,873.0
8877,876,matched,A unique odds row was assigned.,1,1,1,57.08465608465609,57.08465608465609,,870.0,870.0
8878,877,matched,A unique odds row was assigned.,4,1,1,57.08465608465609,57.08465608465609,,868.0,868.0
8879,878,matched,A unique odds row was assigned.,3,1,1,57.08465608465609,57.08465608465609,,871.0,871.0
8880,879,matched,A unique odds row was assigned.,1,1,1,57.08465608465609,57.08465608465609,,869.0,869.0
8881,880,matched,A unique odds row was assigned.,1,1,1,57.32275132275132,57.32275132275132,,865.0,865.0
8882,881,matched,A unique odds row was assigned.,1,1,1,57.32275132275132,57.32275132275132,,866.0,866.0
8883,882,matched,A unique odds row was assigned.,2,1,1,57.32275132275132,57.32275132275132,,862.0,862.0
8884,883,matched,A unique odds row was assigned.,1,1,1,57.32275132275132,57.32275132275132,,864.0,864.0
8885,884,matched,A unique odds row was assigned.,1,1,1,57.32275132275132,57.32275132275132,,867.0,867.0
8886,885,matched,A unique odds row was assigned.,1,1,1,57.560846560846564,57.560846560846564,,860.0,860.0
8887,886,matched,A unique odds row was assigned.,1,1,1,57.32275132275132,57.32275132275132,,863.0,863.0
8888,887,matched,A unique odds row was assigned.,3,1,1,57.560846560846564,57.560846560846564,,861.0,861.0
8889,888,matched,A unique odds row was assigned.,1,1,1,57.7989417989418,57.7989417989418,,854.0,854.0
8890,889,matched,A unique odds row was assigned.,1,1,1,57.560846560846564,57.560846560846564,,859.0,859.0
8891,890,matched,A unique odds row was assigned.,1,1,1,57.7989417989418,57.7989417989418,,855.0,855.0
8892,891,matched,A unique odds row was assigned.,2,1,1,58.03703703703704,58.03703703703704,,850.0,850.0
8893,892,matched,A unique odds row was assigned.,1,1,1,57.7989417989418,57.7989417989418,,851.0,851.0
8894,893,matched,A unique odds row was assigned.,1,1,1,57.560846560846564,57.560846560846564,,856.0,856.0
8895,894,matched,A unique odds row was assigned.,1,1,1,57.7989417989418,57.7989417989418,,852.0,852.0
8896,895,matched,A unique odds row was assigned.,1,1,1,57.560846560846564,57.560846560846564,,857.0,857.0
8897,896,matched,A unique odds row was assigned.,1,1,1,58.03703703703704,58.03703703703704,,848.0,848.0
8898,897,matched,A unique odds row was assigned.,1,1,1,57.7989417989418,57.7989417989418,,853.0,853.0
8899,898,matched,A unique odds row was assigned.,1,1,1,57.560846560846564,57.560846560846564,,858.0,858.0
8900,899,matched,A unique odds row was assigned.,5,1,1,58.03703703703704,58.03703703703704,,849.0,849.0
8901,900,matched,A unique odds row was assigned.,3,1,1,71.47619047619047,71.47619047619047,,969.0,969.0
8902,901,matched,A unique odds row was assigned.,2,1,1,71.95238095238095,71.95238095238095,,967.0,967.0
8903,902,matched,A unique odds row was assigned.,3,1,1,71.95238095238095,71.95238095238095,,968.0,968.0
8904,903,matched,A unique odds row was assigned.,1,1,1,72.42857142857143,72.42857142857143,,963.0,963.0
8905,904,matched,A unique odds row was assigned.,1,1,1,72.42857142857143,72.42857142857143,,964.0,964.0
8906,905,matched,A unique odds row was assigned.,1,1,1,72.19047619047619,72.19047619047619,,965.0,965.0
8907,906,matched,A unique odds row was assigned.,2,1,1,72.19047619047619,72.19047619047619,,966.0,966.0
8908,907,matched,A unique odds row was assigned.,1,1,1,72.66666666666666,72.66666666666666,,957.0,957.0
8909,908,matched,A unique odds row was assigned.,1,1,1,72.66666666666666,72.66666666666666,,956.0,956.0
8910,909,matched,A unique odds row was assigned.,1,1,1,72.66666666666666,72.66666666666666,,959.0,959.0
8911,910,matched,A unique odds row was assigned.,1,1,1,72.66666666666666,72.66666666666666,,955.0,955.0
8912,911,matched,A unique odds row was assigned.,2,1,1,72.66666666666666,72.66666666666666,,961.0,961.0
8913,912,matched,A unique odds row was assigned.,1,1,1,72.66666666666666,72.66666666666666,,960.0,960.0
8914,913,matched,A unique odds row was assigned.,3,1,1,72.66666666666666,72.66666666666666,,958.0,958.0
8915,914,matched,A unique odds row was assigned.,2,1,1,72.66666666666666,72.66666666666666,,962.0,962.0
8916,915,matched,A unique odds row was assigned.,2,1,1,73.14285714285714,73.14285714285714,,939.0,939.0
8917,916,matched,A unique odds row was assigned.,1,1,1,73.14285714285714,73.14285714285714,,940.0,940.0
8918,917,matched,A unique odds row was assigned.,2,1,1,73.14285714285714,73.14285714285714,,945.0,945.0
8919,918,matched,A unique odds row was assigned.,1,1,1,73.14285714285714,73.14285714285714,,941.0,941.0
8920,919,matched,A unique odds row was assigned.,2,1,1,73.14285714285714,73.14285714285714,,946.0,946.0
8921,920,matched,A unique odds row was assigned.,2,1,1,73.14285714285714,73.14285714285714,,944.0,944.0
8922,921,matched,A unique odds row was assigned.,1,1,1,73.14285714285714,73.14285714285714,,942.0,942.0
8923,922,matched,A unique odds row was assigned.,2,1,1,73.14285714285714,73.14285714285714,,943.0,943.0
8924,923,matched,A unique odds row was assigned.,3,1,1,72.9047619047619,72.9047619047619,,949.0,949.0
8925,924,matched,A unique odds row was assigned.,2,1,1,72.9047619047619,72.9047619047619,,950.0,950.0
8926,925,matched,A unique odds row was assigned.,1,1,1,72.9047619047619,72.9047619047619,,948.0,948.0
8927,926,matched,A unique odds row was assigned.,1,1,1,72.9047619047619,72.9047619047619,,947.0,947.0
8928,927,matched,A unique odds row was assigned.,1,1,1,72.9047619047619,72.9047619047619,,951.0,951.0
8929,928,matched,A unique odds row was assigned.,1,1,1,72.9047619047619,72.9047619047619,,952.0,952.0
8930,929,matched,A unique odds row was assigned.,1,1,1,72.9047619047619,72.9047619047619,,953.0,953.0
8931,930,matched,A unique odds row was assigned.,1,1,1,72.9047619047619,72.9047619047619,,954.0,954.0
8932,931,no_pair_candidate,No valid odds row contains the same unordered player pair.,0,0,0,,,,,
8933,932,matched,A unique odds row was assigned.,1,1,1,73.61904761904762,73.61904761904762,,916.0,916.0
8934,933,matched,A unique odds row was assigned.,1,1,1,73.61904761904762,73.61904761904762,,908.0,908.0
8935,934,matched,A unique odds row was assigned.,1,1,1,73.61904761904762,73.61904761904762,,910.0,910.0
8936,935,matched,A unique odds row was assigned.,1,1,1,73.61904761904762,73.61904761904762,,915.0,915.0
8937,936,matched,A unique odds row was assigned.,1,1,1,73.61904761904762,73.61904761904762,,912.0,912.0
8938,937,matched,A unique odds row was assigned.,2,1,1,73.61904761904762,73.61904761904762,,920.0,920.0
8939,938,matched,A unique odds row was assigned.,1,1,1,73.61904761904762,73.61904761904762,,909.0,909.0
8940,939,matched,A unique odds row was assigned.,1,1,1,73.61904761904762,73.61904761904762,,918.0,918.0
8941,940,matched,A unique odds row was assigned.,1,1,1,73.61904761904762,73.61904761904762,,911.0,911.0
8942,941,matched,A unique odds row was assigned.,1,1,1,73.61904761904762,73.61904761904762,,907.0,907.0
8943,942,matched,A unique odds row was assigned.,2,1,1,73.61904761904762,73.61904761904762,,914.0,914.0
8944,943,matched,A unique odds row was assigned.,1,1,1,73.61904761904762,73.61904761904762,,913.0,913.0
8945,944,matched,A unique odds row was assigned.,2,1,1,73.61904761904762,73.61904761904762,,917.0,917.0
8946,945,matched,A unique odds row was assigned.,3,1,1,73.61904761904762,73.61904761904762,,921.0,921.0
8947,946,matched,A unique odds row was assigned.,1,1,1,73.61904761904762,73.61904761904762,,919.0,919.0
8948,947,matched,A unique odds row was assigned.,1,1,1,73.38095238095238,73.38095238095238,,933.0,933.0
8949,948,matched,A unique odds row was assigned.,1,1,1,73.38095238095238,73.38095238095238,,931.0,931.0
8950,949,matched,A unique odds row was assigned.,1,1,1,73.38095238095238,73.38095238095238,,926.0,926.0
8951,950,matched,A unique odds row was assigned.,1,1,1,73.38095238095238,73.38095238095238,,929.0,929.0
8952,951,matched,A unique odds row was assigned.,1,1,1,73.38095238095238,73.38095238095238,,930.0,930.0
8953,952,matched,A unique odds row was assigned.,1,1,1,73.38095238095238,73.38095238095238,,935.0,935.0
8954,953,matched,A unique odds row was assigned.,1,1,1,73.38095238095238,73.38095238095238,,932.0,932.0
8955,954,matched,A unique odds row was assigned.,1,1,1,73.38095238095238,73.38095238095238,,924.0,924.0
8956,955,matched,A unique odds row was assigned.,1,1,1,73.38095238095238,73.38095238095238,,936.0,936.0
8957,956,matched,A unique odds row was assigned.,2,1,1,73.38095238095238,73.38095238095238,,925.0,925.0
8958,957,no_pair_candidate,No valid odds row contains the same unordered player pair.,0,0,0,,,,,
8959,958,matched,A unique odds row was assigned.,1,1,1,73.38095238095238,73.38095238095238,,927.0,927.0
8960,959,matched,A unique odds row was assigned.,2,1,1,73.38095238095238,73.38095238095238,,938.0,938.0
8961,960,matched,A unique odds row was assigned.,2,1,1,73.38095238095238,73.38095238095238,,934.0,934.0
8962,961,matched,A unique odds row was assigned.,1,1,1,73.38095238095238,73.38095238095238,,937.0,937.0
8963,962,matched,A unique odds row was assigned.,1,1,1,73.38095238095238,73.38095238095238,,928.0,928.0
8964,963,no_pair_candidate,No valid odds row contains the same unordered player pair.,0,0,0,,,,,
8965,964,matched,A unique odds row was assigned.,1,1,1,74.09523809523809,74.09523809523809,,875.0,875.0
8966,965,matched,A unique odds row was assigned.,1,1,1,74.09523809523809,74.09523809523809,,878.0,878.0
8967,966,matched,A unique odds row was assigned.,1,1,1,73.85714285714285,73.85714285714285,,888.0,888.0
8968,967,matched,A unique odds row was assigned.,1,1,1,73.85714285714285,73.85714285714285,,898.0,898.0
8969,968,matched,A unique odds row was assigned.,2,1,1,74.09523809523809,74.09523809523809,,877.0,877.0
8970,969,matched,A unique odds row was assigned.,1,1,1,73.85714285714285,73.85714285714285,,887.0,887.0
8971,970,matched,A unique odds row was assigned.,1,1,1,73.85714285714285,73.85714285714285,,889.0,889.0
8972,971,matched,A unique odds row was assigned.,1,1,1,74.09523809523809,74.09523809523809,,876.0,876.0
8973,972,matched,A unique odds row was assigned.,1,1,1,73.85714285714285,73.85714285714285,,891.0,891.0
8974,973,matched,A unique odds row was assigned.,1,1,1,74.09523809523809,74.09523809523809,,879.0,879.0
8975,974,matched,A unique odds row was assigned.,1,1,1,73.85714285714285,73.85714285714285,,890.0,890.0
8976,975,matched,A unique odds row was assigned.,1,1,1,73.85714285714285,73.85714285714285,,883.0,883.0
8977,976,matched,A unique odds row was assigned.,1,1,1,73.85714285714285,73.85714285714285,,895.0,895.0
8978,977,matched,A unique odds row was assigned.,1,1,1,74.09523809523809,74.09523809523809,,880.0,880.0
8979,978,matched,A unique odds row was assigned.,1,1,1,74.09523809523809,74.09523809523809,,882.0,882.0
8980,979,matched,A unique odds row was assigned.,2,1,1,73.85714285714285,73.85714285714285,,886.0,886.0
8981,980,matched,A unique odds row was assigned.,1,1,1,73.85714285714285,73.85714285714285,,897.0,897.0
8982,981,matched,A unique odds row was assigned.,1,1,1,73.85714285714285,73.85714285714285,,906.0,906.0
8983,982,matched,A unique odds row was assigned.,1,1,1,73.85714285714285,73.85714285714285,,893.0,893.0
8984,983,matched,A unique odds row was assigned.,1,1,1,73.85714285714285,73.85714285714285,,901.0,901.0
8985,984,matched,A unique odds row was assigned.,1,1,1,73.85714285714285,73.85714285714285,,903.0,903.0
8986,985,matched,A unique odds row was assigned.,1,1,1,73.85714285714285,73.85714285714285,,885.0,885.0
8987,986,matched,A unique odds row was assigned.,1,1,1,73.85714285714285,73.85714285714285,,899.0,899.0
8988,987,matched,A unique odds row was assigned.,1,1,1,73.85714285714285,73.85714285714285,,892.0,892.0
8989,988,matched,A unique odds row was assigned.,1,1,1,73.85714285714285,73.85714285714285,,902.0,902.0
8990,989,no_pair_candidate,No valid odds row contains the same unordered player pair.,0,0,0,,,,,
8991,990,matched,A unique odds row was assigned.,1,1,1,73.85714285714285,73.85714285714285,,884.0,884.0
8992,991,matched,A unique odds row was assigned.,1,1,1,73.85714285714285,73.85714285714285,,904.0,904.0
8993,992,matched,A unique odds row was assigned.,1,1,1,73.85714285714285,73.85714285714285,,900.0,900.0
8994,993,matched,A unique odds row was assigned.,1,1,1,73.85714285714285,73.85714285714285,,905.0,905.0
8995,994,matched,A unique odds row was assigned.,1,1,1,73.85714285714285,73.85714285714285,,896.0,896.0
8996,995,matched,A unique odds row was assigned.,3,2,2,97.14285714285714,97.14285714285714,49.976190476190474,1064.0,1064.0
8997,996,matched,A unique odds row was assigned.,3,1,1,97.61904761904762,97.61904761904762,,1062.0,1062.0
8998,997,matched,A unique odds row was assigned.,2,1,1,97.61904761904762,97.61904761904762,,1063.0,1063.0
8999,998,matched,A unique odds row was assigned.,2,1,1,98.0952380952381,98.0952380952381,,1058.0,1058.0
9000,999,matched,A unique odds row was assigned.,2,1,1,98.0952380952381,98.0952380952381,,1059.0,1059.0
9001,1000,matched,A unique odds row was assigned.,1,1,1,97.85714285714286,97.85714285714286,,1061.0,1061.0
9002,1001,matched,A unique odds row was assigned.,1,1,1,97.85714285714286,97.85714285714286,,1060.0,1060.0
9003,1002,matched,A unique odds row was assigned.,1,1,1,98.33333333333333,98.33333333333333,,1053.0,1053.0
9004,1003,matched,A unique odds row was assigned.,1,1,1,98.33333333333333,98.33333333333333,,1050.0,1050.0
9005,1004,matched,A unique odds row was assigned.,2,1,1,98.33333333333333,98.33333333333333,,1052.0,1052.0
9006,1005,matched,A unique odds row was assigned.,2,1,1,98.33333333333333,98.33333333333333,,1051.0,1051.0
9007,1006,matched,A unique odds row was assigned.,2,1,1,98.33333333333333,98.33333333333333,,1056.0,1056.0
9008,1007,matched,A unique odds row was assigned.,1,1,1,98.33333333333333,98.33333333333333,,1055.0,1055.0
9009,1008,matched,A unique odds row was assigned.,1,1,1,98.33333333333333,98.33333333333333,,1054.0,1054.0
9010,1009,matched,A unique odds row was assigned.,2,1,1,98.33333333333333,98.33333333333333,,1057.0,1057.0
9011,1010,matched,A unique odds row was assigned.,3,1,1,98.80952380952381,98.80952380952381,,1034.0,1034.0
9012,1011,matched,A unique odds row was assigned.,1,1,1,98.80952380952381,98.80952380952381,,1036.0,1036.0
9013,1012,matched,A unique odds row was assigned.,3,1,1,98.80952380952381,98.80952380952381,,1039.0,1039.0
9014,1013,matched,A unique odds row was assigned.,2,1,1,98.80952380952381,98.80952380952381,,1040.0,1040.0
9015,1014,matched,A unique odds row was assigned.,1,1,1,98.80952380952381,98.80952380952381,,1041.0,1041.0
9016,1015,matched,A unique odds row was assigned.,5,1,1,98.80952380952381,98.80952380952381,,1035.0,1035.0
9017,1016,matched,A unique odds row was assigned.,1,1,1,98.80952380952381,98.80952380952381,,1037.0,1037.0
9018,1017,matched,A unique odds row was assigned.,1,1,1,98.80952380952381,98.80952380952381,,1038.0,1038.0
9019,1018,matched,A unique odds row was assigned.,1,1,1,98.57142857142857,98.57142857142857,,1043.0,1043.0
9020,1019,matched,A unique odds row was assigned.,1,1,1,98.57142857142857,98.57142857142857,,1047.0,1047.0
9021,1020,matched,A unique odds row was assigned.,2,1,1,98.57142857142857,98.57142857142857,,1049.0,1049.0
9022,1021,matched,A unique odds row was assigned.,1,1,1,98.57142857142857,98.57142857142857,,1042.0,1042.0
9023,1022,matched,A unique odds row was assigned.,1,1,1,98.57142857142857,98.57142857142857,,1044.0,1044.0
9024,1023,matched,A unique odds row was assigned.,1,1,1,98.57142857142857,98.57142857142857,,1046.0,1046.0
9025,1024,matched,A unique odds row was assigned.,1,1,1,98.57142857142857,98.57142857142857,,1048.0,1048.0
9026,1025,matched,A unique odds row was assigned.,1,1,1,98.57142857142857,98.57142857142857,,1045.0,1045.0
9027,1026,matched,A unique odds row was assigned.,1,1,1,99.28571428571429,99.28571428571429,,1016.0,1016.0
9028,1027,matched,A unique odds row was assigned.,2,1,1,99.28571428571429,99.28571428571429,,1015.0,1015.0
9029,1028,matched,A unique odds row was assigned.,2,1,1,99.28571428571429,99.28571428571429,,1002.0,1002.0
9030,1029,matched,A unique odds row was assigned.,1,1,1,99.28571428571429,99.28571428571429,,1007.0,1007.0
9031,1030,no_pair_candidate,No valid odds row contains the same unordered player pair.,0,0,0,,,,,
9032,1031,no_pair_candidate,No valid odds row contains the same unordered player pair.,0,0,0,,,,,
9033,1032,matched,A unique odds row was assigned.,1,1,1,99.28571428571429,99.28571428571429,,1013.0,1013.0
9034,1033,matched,A unique odds row was assigned.,1,1,1,99.28571428571429,99.28571428571429,,1014.0,1014.0
9035,1034,matched,A unique odds row was assigned.,2,1,1,99.28571428571429,99.28571428571429,,1012.0,1012.0
9036,1035,matched,A unique odds row was assigned.,2,1,1,99.28571428571429,99.28571428571429,,1009.0,1009.0
9037,1036,matched,A unique odds row was assigned.,2,1,1,99.28571428571429,99.28571428571429,,1017.0,1017.0
9038,1037,matched,A unique odds row was assigned.,2,1,1,99.28571428571429,99.28571428571429,,1003.0,1003.0
9039,1038,matched,A unique odds row was assigned.,1,1,1,99.28571428571429,99.28571428571429,,1005.0,1005.0
9040,1039,matched,A unique odds row was assigned.,1,1,1,99.28571428571429,99.28571428571429,,1008.0,1008.0
9041,1040,matched,A unique odds row was assigned.,1,1,1,99.28571428571429,99.28571428571429,,1004.0,1004.0
9042,1041,matched,A unique odds row was assigned.,1,1,1,99.28571428571429,99.28571428571429,,1006.0,1006.0
9043,1042,matched,A unique odds row was assigned.,2,2,1,99.04761904761905,99.04761904761905,,1019.0,1019.0
9044,1043,matched,A unique odds row was assigned.,1,1,1,99.04761904761905,99.04761904761905,,1029.0,1029.0
9045,1044,matched,A unique odds row was assigned.,1,1,1,99.04761904761905,99.04761904761905,,1027.0,1027.0
9046,1045,matched,A unique odds row was assigned.,1,1,1,99.04761904761905,99.04761904761905,,1033.0,1033.0
9047,1046,matched,A unique odds row was assigned.,1,1,1,99.04761904761905,99.04761904761905,,1018.0,1018.0
9048,1047,matched,A unique odds row was assigned.,2,1,1,99.04761904761905,99.04761904761905,,1028.0,1028.0
9049,1048,matched,A unique odds row was assigned.,1,1,1,99.04761904761905,99.04761904761905,,1021.0,1021.0
9050,1049,matched,A unique odds row was assigned.,1,1,1,99.04761904761905,99.04761904761905,,1024.0,1024.0
9051,1050,matched,A unique odds row was assigned.,1,1,1,99.04761904761905,99.04761904761905,,1022.0,1022.0
9052,1051,matched,A unique odds row was assigned.,1,1,1,99.04761904761905,99.04761904761905,,1032.0,1032.0
9053,1052,matched,A unique odds row was assigned.,1,1,1,99.04761904761905,99.04761904761905,,1020.0,1020.0
9054,1053,matched,A unique odds row was assigned.,1,1,1,99.04761904761905,99.04761904761905,,1023.0,1023.0
9055,1054,matched,A unique odds row was assigned.,1,1,1,99.04761904761905,99.04761904761905,,1030.0,1030.0
9056,1055,matched,A unique odds row was assigned.,1,1,1,99.04761904761905,99.04761904761905,,1025.0,1025.0
9057,1056,matched,A unique odds row was assigned.,1,1,1,99.04761904761905,99.04761904761905,,1026.0,1026.0
9058,1057,matched,A unique odds row was assigned.,1,1,1,99.04761904761905,99.04761904761905,,1031.0,1031.0
9059,1058,matched,A unique odds row was assigned.,1,1,1,99.52380952380952,99.52380952380952,,985.0,985.0
9060,1059,matched,A unique odds row was assigned.,1,1,1,99.76190476190476,99.76190476190476,,972.0,972.0
9061,1060,matched,A unique odds row was assigned.,1,1,1,99.76190476190476,99.76190476190476,,977.0,977.0
9062,1061,matched,A unique odds row was assigned.,2,1,1,99.52380952380952,99.52380952380952,,984.0,984.0
9063,1062,no_pair_candidate,No valid odds row contains the same unordered player pair.,0,0,0,,,,,
9064,1063,no_pair_candidate,No valid odds row contains the same unordered player pair.,0,0,0,,,,,
9065,1064,matched,A unique odds row was assigned.,1,1,1,99.52380952380952,99.52380952380952,,986.0,986.0
9066,1065,matched,A unique odds row was assigned.,2,1,1,99.76190476190476,99.76190476190476,,975.0,975.0
9067,1066,matched,A unique odds row was assigned.,2,1,1,99.76190476190476,99.76190476190476,,978.0,978.0
9068,1067,matched,A unique odds row was assigned.,1,1,1,99.52380952380952,99.52380952380952,,980.0,980.0
9069,1068,matched,A unique odds row was assigned.,1,1,1,99.76190476190476,99.76190476190476,,971.0,971.0
9070,1069,matched,A unique odds row was assigned.,1,1,1,99.76190476190476,99.76190476190476,,979.0,979.0
9071,1070,matched,A unique odds row was assigned.,1,1,1,99.52380952380952,99.52380952380952,,981.0,981.0
9072,1071,matched,A unique odds row was assigned.,1,1,1,99.52380952380952,99.52380952380952,,988.0,988.0
9073,1072,matched,A unique odds row was assigned.,1,1,1,99.76190476190476,99.76190476190476,,976.0,976.0
9074,1073,matched,A unique odds row was assigned.,1,1,1,99.76190476190476,99.76190476190476,,970.0,970.0
9075,1074,matched,A unique odds row was assigned.,1,1,1,99.28571428571429,99.28571428571429,,992.0,992.0
9076,1075,matched,A unique odds row was assigned.,2,2,2,99.52380952380952,99.52380952380952,48.93277310924369,982.0,982.0
9077,1076,matched,A unique odds row was assigned.,1,1,1,99.52380952380952,99.52380952380952,,987.0,987.0
9078,1077,matched,A unique odds row was assigned.,1,1,1,99.52380952380952,99.52380952380952,,990.0,990.0
9079,1078,matched,A unique odds row was assigned.,2,1,1,99.52380952380952,99.52380952380952,,983.0,983.0
9080,1079,matched,A unique odds row was assigned.,1,1,1,99.28571428571429,99.28571428571429,,994.0,994.0
9081,1080,matched,A unique odds row was assigned.,1,1,1,99.52380952380952,99.52380952380952,,989.0,989.0
9082,1081,matched,A unique odds row was assigned.,1,1,1,99.28571428571429,99.28571428571429,,995.0,995.0
9083,1082,matched,A unique odds row was assigned.,1,1,1,99.52380952380952,99.52380952380952,,991.0,991.0
9084,1083,matched,A unique odds row was assigned.,1,1,1,99.28571428571429,99.28571428571429,,996.0,996.0
9085,1084,matched,A unique odds row was assigned.,2,2,1,99.28571428571429,99.28571428571429,,993.0,993.0
9086,1085,no_pair_candidate,No valid odds row contains the same unordered player pair.,0,0,0,,,,,
9087,1086,matched,A unique odds row was assigned.,1,1,1,99.28571428571429,99.28571428571429,,1000.0,1000.0
9088,1087,matched,A unique odds row was assigned.,1,1,1,99.28571428571429,99.28571428571429,,999.0,999.0
9089,1088,matched,A unique odds row was assigned.,1,1,1,99.28571428571429,99.28571428571429,,997.0,997.0
9090,1089,matched,A unique odds row was assigned.,2,1,1,99.28571428571429,99.28571428571429,,1001.0,1001.0
9091,1090,matched,A unique odds row was assigned.,1,1,1,51.142857142857146,51.142857142857146,,1095.0,1095.0
9092,1091,matched,A unique odds row was assigned.,1,1,1,51.38095238095238,51.38095238095238,,1094.0,1094.0
9093,1092,matched,A unique odds row was assigned.,1,1,1,51.38095238095238,51.38095238095238,,1093.0,1093.0
9094,1093,matched,A unique odds row was assigned.,1,1,1,51.61904761904762,51.61904761904762,,1092.0,1092.0
9095,1094,matched,A unique odds row was assigned.,1,1,1,51.61904761904762,51.61904761904762,,1091.0,1091.0
9096,1095,matched,A unique odds row was assigned.,1,1,1,51.61904761904762,51.61904761904762,,1090.0,1090.0
9097,1096,matched,A unique odds row was assigned.,1,1,1,51.61904761904762,51.61904761904762,,1089.0,1089.0
9098,1097,matched,A unique odds row was assigned.,1,1,1,51.85714285714286,51.85714285714286,,1088.0,1088.0
9099,1098,matched,A unique odds row was assigned.,1,1,1,52.095238095238095,52.095238095238095,,1082.0,1082.0
9100,1099,matched,A unique odds row was assigned.,2,1,1,52.095238095238095,52.095238095238095,,1081.0,1081.0
9101,1100,matched,A unique odds row was assigned.,1,1,1,51.85714285714286,51.85714285714286,,1087.0,1087.0
9102,1101,no_pair_candidate,No valid odds row contains the same unordered player pair.,0,0,0,,,,,
9103,1102,matched,A unique odds row was assigned.,1,1,1,51.85714285714286,51.85714285714286,,1084.0,1084.0
9104,1103,matched,A unique odds row was assigned.,1,1,1,51.85714285714286,51.85714285714286,,1083.0,1083.0
9105,1104,no_pair_candidate,No valid odds row contains the same unordered player pair.,0,0,0,,,,,
9106,1105,matched,A unique odds row was assigned.,1,1,1,52.333333333333336,52.333333333333336,,1073.0,1073.0
9107,1106,matched,A unique odds row was assigned.,1,1,1,50.66666666666667,50.66666666666667,,1066.0,1066.0
9108,1107,matched,A unique odds row was assigned.,1,1,1,52.333333333333336,52.333333333333336,,1068.0,1068.0
9109,1108,matched,A unique odds row was assigned.,1,1,1,52.333333333333336,52.333333333333336,,1070.0,1070.0
9110,1109,matched,A unique odds row was assigned.,1,1,1,50.66666666666667,50.66666666666667,,1065.0,1065.0
9111,1110,matched,A unique odds row was assigned.,2,1,1,52.333333333333336,52.333333333333336,,1069.0,1069.0
9112,1111,matched,A unique odds row was assigned.,1,1,1,52.095238095238095,52.095238095238095,,1078.0,1078.0
9113,1112,matched,A unique odds row was assigned.,1,1,1,52.095238095238095,52.095238095238095,,1076.0,1076.0
9114,1113,no_pair_candidate,No valid odds row contains the same unordered player pair.,0,0,0,,,,,
9115,1114,matched,A unique odds row was assigned.,1,1,1,52.333333333333336,52.333333333333336,,1071.0,1071.0
9116,1115,matched,A unique odds row was assigned.,1,1,1,52.095238095238095,52.095238095238095,,1079.0,1079.0
9117,1116,matched,A unique odds row was assigned.,1,1,1,52.095238095238095,52.095238095238095,,1075.0,1075.0
9118,1117,matched,A unique odds row was assigned.,2,1,1,52.095238095238095,52.095238095238095,,1077.0,1077.0
9119,1118,matched,A unique odds row was assigned.,1,1,1,52.095238095238095,52.095238095238095,,1080.0,1080.0
9120,1119,no_pair_candidate,No valid odds row contains the same unordered player pair.,0,0,0,,,,,
9121,1120,matched,A unique odds row was assigned.,1,1,1,52.333333333333336,52.333333333333336,,1074.0,1074.0
9122,1121,matched,A unique odds row was assigned.,1,1,1,66.9674185463659,66.9674185463659,,1122.0,1122.0
9123,1122,matched,A unique odds row was assigned.,1,1,1,67.20551378446115,67.20551378446115,,1121.0,1121.0
9124,1123,matched,A unique odds row was assigned.,2,1,1,67.20551378446115,67.20551378446115,,1120.0,1120.0
9125,1124,matched,A unique odds row was assigned.,1,1,1,67.20551378446115,67.20551378446115,,1119.0,1119.0
9126,1125,matched,A unique odds row was assigned.,1,1,1,67.44360902255639,67.44360902255639,,1118.0,1118.0
9127,1126,matched,A unique odds row was assigned.,1,1,1,67.44360902255639,67.44360902255639,,1117.0,1117.0
9128,1127,matched,A unique odds row was assigned.,1,1,1,67.44360902255639,67.44360902255639,,1116.0,1116.0
9129,1128,matched,A unique odds row was assigned.,1,1,1,67.68170426065163,67.68170426065163,,1112.0,1112.0
9130,1129,matched,A unique odds row was assigned.,1,1,1,67.68170426065163,67.68170426065163,,1113.0,1113.0
9131,1130,matched,A unique odds row was assigned.,2,1,1,67.68170426065163,67.68170426065163,,1115.0,1115.0
9132,1131,matched,A unique odds row was assigned.,1,1,1,67.68170426065163,67.68170426065163,,1114.0,1114.0
9133,1132,matched,A unique odds row was assigned.,2,1,1,67.68170426065163,67.68170426065163,,1111.0,1111.0
9134,1133,no_pair_candidate,No valid odds row contains the same unordered player pair.,0,0,0,,,,,
9135,1134,matched,A unique odds row was assigned.,2,1,1,67.91979949874687,67.91979949874687,,1108.0,1108.0
9136,1135,matched,A unique odds row was assigned.,2,1,1,67.68170426065163,67.68170426065163,,1110.0,1110.0
9137,1136,matched,A unique odds row was assigned.,2,1,1,68.15789473684211,68.15789473684211,,1105.0,1105.0
9138,1137,matched,A unique odds row was assigned.,1,1,1,68.15789473684211,68.15789473684211,,1106.0,1106.0
9139,1138,matched,A unique odds row was assigned.,1,1,1,66.49122807017544,66.49122807017544,,1097.0,1097.0
9140,1139,matched,A unique odds row was assigned.,2,1,1,68.15789473684211,68.15789473684211,,1102.0,1102.0
9141,1140,no_pair_candidate,No valid odds row contains the same unordered player pair.,0,0,0,,,,,
9142,1141,matched,A unique odds row was assigned.,2,2,1,68.15789473684211,68.15789473684211,,1104.0,1104.0
9143,1142,matched,A unique odds row was assigned.,1,1,1,68.15789473684211,68.15789473684211,,1103.0,1103.0
9144,1143,matched,A unique odds row was assigned.,1,1,1,68.15789473684211,68.15789473684211,,1099.0,1099.0
9145,1144,no_pair_candidate,No valid odds row contains the same unordered player pair.,0,0,0,,,,,
9146,1145,matched,A unique odds row was assigned.,2,1,1,68.15789473684211,68.15789473684211,,1101.0,1101.0
9147,1146,matched,A unique odds row was assigned.,3,1,1,66.49122807017544,66.49122807017544,,1096.0,1096.0
9148,1147,matched,A unique odds row was assigned.,1,1,1,68.15789473684211,68.15789473684211,,1107.0,1107.0
9149,1148,matched,A unique odds row was assigned.,1,1,1,100.0,100.0,,1149.0,1149.0
9150,1149,matched,A unique odds row was assigned.,2,1,1,98.33333333333333,98.33333333333333,,1127.0,1127.0
9151,1150,matched,A unique odds row was assigned.,2,1,1,98.33333333333333,98.33333333333333,,1129.0,1129.0
9152,1151,matched,A unique odds row was assigned.,2,1,1,98.33333333333333,98.33333333333333,,1123.0,1123.0
9153,1152,matched,A unique odds row was assigned.,1,1,1,98.33333333333333,98.33333333333333,,1139.0,1139.0
9154,1153,matched,A unique odds row was assigned.,1,1,1,100.0,100.0,,1144.0,1144.0
9155,1154,no_pair_candidate,No valid odds row contains the same unordered player pair.,0,0,0,,,,,
9156,1155,matched,A unique odds row was assigned.,3,1,1,100.0,100.0,,1150.0,1150.0
9157,1156,matched,A unique odds row was assigned.,2,1,1,100.0,100.0,,1153.0,1153.0
9158,1157,matched,A unique odds row was assigned.,1,1,1,98.33333333333333,98.33333333333333,,1140.0,1140.0
9159,1158,matched,A unique odds row was assigned.,2,1,1,98.33333333333333,98.33333333333333,,1124.0,1124.0
9160,1159,matched,A unique odds row was assigned.,1,1,1,98.33333333333333,98.33333333333333,,1128.0,1128.0
9161,1160,matched,A unique odds row was assigned.,1,1,1,98.33333333333333,98.33333333333333,,1132.0,1132.0
9162,1161,matched,A unique odds row was assigned.,1,1,1,98.33333333333333,98.33333333333333,,1136.0,1136.0
9163,1162,matched,A unique odds row was assigned.,1,1,1,98.33333333333333,98.33333333333333,,1142.0,1142.0
9164,1163,matched,A unique odds row was assigned.,2,2,1,100.0,100.0,,1145.0,1145.0
9165,1164,matched,A unique odds row was assigned.,1,1,1,100.0,100.0,,1152.0,1152.0
9166,1165,matched,A unique odds row was assigned.,1,1,1,98.33333333333333,98.33333333333333,,1138.0,1138.0
9167,1166,matched,A unique odds row was assigned.,1,1,1,98.33333333333333,98.33333333333333,,1125.0,1125.0
9168,1167,matched,A unique odds row was assigned.,1,1,1,98.33333333333333,98.33333333333333,,1126.0,1126.0
9169,1168,matched,A unique odds row was assigned.,3,1,1,100.0,100.0,,1146.0,1146.0
9170,1169,matched,A unique odds row was assigned.,1,1,1,98.33333333333333,98.33333333333333,,1134.0,1134.0
9171,1170,matched,A unique odds row was assigned.,1,1,1,100.0,100.0,,1162.0,1162.0
9172,1171,matched,A unique odds row was assigned.,1,1,1,100.0,100.0,,1166.0,1166.0
9173,1172,matched,A unique odds row was assigned.,1,1,1,98.33333333333333,98.33333333333333,,1130.0,1130.0
9174,1173,matched,A unique odds row was assigned.,1,1,1,98.33333333333333,98.33333333333333,,1137.0,1137.0
9175,1174,matched,A unique odds row was assigned.,1,1,1,98.33333333333333,98.33333333333333,,1131.0,1131.0
9176,1175,matched,A unique odds row was assigned.,1,1,1,98.33333333333333,98.33333333333333,,1133.0,1133.0
9177,1176,matched,A unique odds row was assigned.,1,1,1,100.0,100.0,,1151.0,1151.0
9178,1177,no_pair_candidate,No valid odds row contains the same unordered player pair.,0,0,0,,,,,
9179,1178,no_pair_candidate,No valid odds row contains the same unordered player pair.,0,0,0,,,,,
9180,1179,matched,A unique odds row was assigned.,1,1,1,100.0,100.0,,1148.0,1148.0
9181,1180,matched,A unique odds row was assigned.,1,1,1,99.76190476190476,99.76190476190476,,1168.0,1168.0
9182,1181,matched,A unique odds row was assigned.,1,1,1,99.76190476190476,99.76190476190476,,1170.0,1170.0
9183,1182,matched,A unique odds row was assigned.,1,1,1,99.76190476190476,99.76190476190476,,1173.0,1173.0
9184,1183,matched,A unique odds row was assigned.,1,1,1,99.76190476190476,99.76190476190476,,1169.0,1169.0
9185,1184,matched,A unique odds row was assigned.,1,1,1,100.0,100.0,,1155.0,1155.0
9186,1185,matched,A unique odds row was assigned.,1,1,1,100.0,100.0,,1158.0,1158.0
9187,1186,matched,A unique odds row was assigned.,1,1,1,100.0,100.0,,1147.0,1147.0
9188,1187,matched,A unique odds row was assigned.,1,1,1,100.0,100.0,,1143.0,1143.0
9189,1188,no_pair_candidate,No valid odds row contains the same unordered player pair.,0,0,0,,,,,
9190,1189,matched,A unique odds row was assigned.,1,1,1,100.0,100.0,,1161.0,1161.0
9191,1190,matched,A unique odds row was assigned.,1,1,1,100.0,100.0,,1164.0,1164.0
9192,1191,matched,A unique odds row was assigned.,1,1,1,100.0,100.0,,1154.0,1154.0
9193,1192,matched,A unique odds row was assigned.,1,1,1,99.76190476190476,99.76190476190476,,1171.0,1171.0
9194,1193,matched,A unique odds row was assigned.,1,1,1,99.76190476190476,99.76190476190476,,1172.0,1172.0
9195,1194,matched,A unique odds row was assigned.,1,1,1,99.76190476190476,99.76190476190476,,1174.0,1174.0
9196,1195,matched,A unique odds row was assigned.,1,1,1,99.76190476190476,99.76190476190476,,1167.0,1167.0
9197,1196,matched,A unique odds row was assigned.,2,1,1,100.0,100.0,,1159.0,1159.0
9198,1197,matched,A unique odds row was assigned.,1,1,1,100.0,100.0,,1165.0,1165.0
9199,1198,matched,A unique odds row was assigned.,1,1,1,100.0,100.0,,1163.0,1163.0
9200,1199,matched,A unique odds row was assigned.,1,1,1,100.0,100.0,,1160.0,1160.0
9201,1200,matched,A unique odds row was assigned.,1,1,1,99.76190476190476,99.76190476190476,,1184.0,1184.0
9202,1201,matched,A unique odds row was assigned.,1,1,1,99.76190476190476,99.76190476190476,,1179.0,1179.0
9203,1202,matched,A unique odds row was assigned.,1,1,1,99.76190476190476,99.76190476190476,,1176.0,1176.0
9204,1203,matched,A unique odds row was assigned.,1,1,1,99.76190476190476,99.76190476190476,,1177.0,1177.0
9205,1204,matched,A unique odds row was assigned.,1,1,1,99.76190476190476,99.76190476190476,,1178.0,1178.0
9206,1205,matched,A unique odds row was assigned.,2,1,1,99.76190476190476,99.76190476190476,,1182.0,1182.0
9207,1206,matched,A unique odds row was assigned.,1,1,1,99.76190476190476,99.76190476190476,,1183.0,1183.0
9208,1207,matched,A unique odds row was assigned.,1,1,1,99.76190476190476,99.76190476190476,,1180.0,1180.0
9209,1208,matched,A unique odds row was assigned.,1,1,1,99.76190476190476,99.76190476190476,,1186.0,1186.0
9210,1209,matched,A unique odds row was assigned.,2,1,1,99.76190476190476,99.76190476190476,,1185.0,1185.0
9211,1210,matched,A unique odds row was assigned.,1,1,1,99.76190476190476,99.76190476190476,,1181.0,1181.0
9212,1211,matched,A unique odds row was assigned.,1,1,1,99.76190476190476,99.76190476190476,,1175.0,1175.0
9213,1212,matched,A unique odds row was assigned.,1,1,1,99.52380952380952,99.52380952380952,,1189.0,1189.0
9214,1213,matched,A unique odds row was assigned.,1,1,1,99.28571428571429,99.28571428571429,,1208.0,1208.0
9215,1214,matched,A unique odds row was assigned.,1,1,1,99.28571428571429,99.28571428571429,,1193.0,1193.0
9216,1215,no_pair_candidate,No valid odds row contains the same unordered player pair.,0,0,0,,,,,
9217,1216,matched,A unique odds row was assigned.,2,1,1,99.28571428571429,99.28571428571429,,1199.0,1199.0
9218,1217,matched,A unique odds row was assigned.,1,1,1,99.28571428571429,99.28571428571429,,1191.0,1191.0
9219,1218,matched,A unique odds row was assigned.,1,1,1,99.28571428571429,99.28571428571429,,1194.0,1194.0
9220,1219,matched,A unique odds row was assigned.,1,1,1,99.28571428571429,99.28571428571429,,1203.0,1203.0
9221,1220,matched,A unique odds row was assigned.,1,1,1,99.52380952380952,99.52380952380952,,1190.0,1190.0
9222,1221,matched,A unique odds row was assigned.,1,1,1,99.28571428571429,99.28571428571429,,1195.0,1195.0
9223,1222,matched,A unique odds row was assigned.,2,1,1,99.28571428571429,99.28571428571429,,1201.0,1201.0
9224,1223,matched,A unique odds row was assigned.,1,1,1,99.28571428571429,99.28571428571429,,1207.0,1207.0
9225,1224,matched,A unique odds row was assigned.,2,1,1,99.28571428571429,99.28571428571429,,1202.0,1202.0
9226,1225,matched,A unique odds row was assigned.,1,1,1,99.52380952380952,99.52380952380952,,1187.0,1187.0
9227,1226,no_pair_candidate,No valid odds row contains the same unordered player pair.,0,0,0,,,,,
9228,1227,no_pair_candidate,No valid odds row contains the same unordered player pair.,0,0,0,,,,,
9229,1228,matched,A unique odds row was assigned.,1,1,1,99.28571428571429,99.28571428571429,,1212.0,1212.0
9230,1229,matched,A unique odds row was assigned.,1,1,1,99.28571428571429,99.28571428571429,,1209.0,1209.0
9231,1230,matched,A unique odds row was assigned.,1,1,1,99.28571428571429,99.28571428571429,,1215.0,1215.0
9232,1231,matched,A unique odds row was assigned.,1,1,1,99.28571428571429,99.28571428571429,,1214.0,1214.0
9233,1232,matched,A unique odds row was assigned.,2,1,1,99.28571428571429,99.28571428571429,,1200.0,1200.0
9234,1233,matched,A unique odds row was assigned.,1,1,1,99.28571428571429,99.28571428571429,,1217.0,1217.0
9235,1234,matched,A unique odds row was assigned.,1,1,1,99.28571428571429,99.28571428571429,,1206.0,1206.0
9236,1235,matched,A unique odds row was assigned.,1,1,1,99.28571428571429,99.28571428571429,,1198.0,1198.0
9237,1236,matched,A unique odds row was assigned.,1,1,1,99.28571428571429,99.28571428571429,,1216.0,1216.0
9238,1237,matched,A unique odds row was assigned.,1,1,1,99.28571428571429,99.28571428571429,,1211.0,1211.0
9239,1238,matched,A unique odds row was assigned.,1,1,1,99.28571428571429,99.28571428571429,,1218.0,1218.0
9240,1239,matched,A unique odds row was assigned.,3,1,1,99.28571428571429,99.28571428571429,,1213.0,1213.0
9241,1240,matched,A unique odds row was assigned.,1,1,1,99.28571428571429,99.28571428571429,,1205.0,1205.0
9242,1241,matched,A unique odds row was assigned.,1,1,1,99.28571428571429,99.28571428571429,,1210.0,1210.0
9243,1242,matched,A unique odds row was assigned.,2,1,1,99.28571428571429,99.28571428571429,,1192.0,1192.0
9244,1243,matched,A unique odds row was assigned.,1,1,1,99.28571428571429,99.28571428571429,,1197.0,1197.0
9245,1244,matched,A unique odds row was assigned.,1,1,1,99.04761904761905,99.04761904761905,,1226.0,1226.0
9246,1245,no_pair_candidate,No valid odds row contains the same unordered player pair.,0,0,0,,,,,
9247,1246,matched,A unique odds row was assigned.,1,1,1,99.04761904761905,99.04761904761905,,1219.0,1219.0
9248,1247,matched,A unique odds row was assigned.,1,1,1,99.04761904761905,99.04761904761905,,1223.0,1223.0
9249,1248,matched,A unique odds row was assigned.,2,1,1,99.04761904761905,99.04761904761905,,1221.0,1221.0
9250,1249,matched,A unique odds row was assigned.,1,1,1,99.04761904761905,99.04761904761905,,1220.0,1220.0
9251,1250,matched,A unique odds row was assigned.,2,1,1,99.04761904761905,99.04761904761905,,1224.0,1224.0
9252,1251,matched,A unique odds row was assigned.,2,1,1,99.04761904761905,99.04761904761905,,1225.0,1225.0
9253,1252,matched,A unique odds row was assigned.,1,1,1,98.80952380952381,98.80952380952381,,1227.0,1227.0
9254,1253,matched,A unique odds row was assigned.,3,1,1,98.80952380952381,98.80952380952381,,1232.0,1232.0
9255,1254,matched,A unique odds row was assigned.,1,1,1,98.80952380952381,98.80952380952381,,1233.0,1233.0
9256,1255,matched,A unique odds row was assigned.,2,1,1,98.80952380952381,98.80952380952381,,1229.0,1229.0
9257,1256,matched,A unique odds row was assigned.,1,1,1,98.80952380952381,98.80952380952381,,1228.0,1228.0
9258,1257,matched,A unique odds row was assigned.,2,1,1,98.80952380952381,98.80952380952381,,1231.0,1231.0
9259,1258,matched,A unique odds row was assigned.,1,1,1,98.80952380952381,98.80952380952381,,1234.0,1234.0
9260,1259,matched,A unique odds row was assigned.,3,1,1,98.80952380952381,98.80952380952381,,1230.0,1230.0
9261,1260,matched,A unique odds row was assigned.,1,1,1,98.57142857142857,98.57142857142857,,1235.0,1235.0
9262,1261,matched,A unique odds row was assigned.,1,1,1,98.57142857142857,98.57142857142857,,1236.0,1236.0
9263,1262,matched,A unique odds row was assigned.,2,1,1,98.57142857142857,98.57142857142857,,1237.0,1237.0
9264,1263,matched,A unique odds row was assigned.,1,1,1,98.57142857142857,98.57142857142857,,1238.0,1238.0
9265,1264,matched,A unique odds row was assigned.,1,1,1,98.33333333333333,98.33333333333333,,1240.0,1240.0
9266,1265,matched,A unique odds row was assigned.,2,1,1,98.33333333333333,98.33333333333333,,1239.0,1239.0
9267,1266,matched,A unique odds row was assigned.,1,1,1,98.33333333333333,98.33333333333333,,1242.0,1242.0
9268,1267,matched,A unique odds row was assigned.,3,1,1,98.33333333333333,98.33333333333333,,1241.0,1241.0
9269,1268,matched,A unique odds row was assigned.,1,1,1,98.0952380952381,98.0952380952381,,1244.0,1244.0
9270,1269,matched,A unique odds row was assigned.,2,1,1,98.0952380952381,98.0952380952381,,1243.0,1243.0
9271,1270,matched,A unique odds row was assigned.,4,1,1,97.85714285714286,97.85714285714286,,1245.0,1245.0
9272,1271,matched,A unique odds row was assigned.,2,1,1,97.85714285714286,97.85714285714286,,1246.0,1246.0
9273,1272,matched,A unique odds row was assigned.,3,1,1,97.61904761904762,97.61904761904762,,1247.0,1247.0
9274,1273,matched,A unique odds row was assigned.,3,1,1,97.61904761904762,97.61904761904762,,1248.0,1248.0
9275,1274,matched,A unique odds row was assigned.,1,1,1,97.14285714285714,97.14285714285714,,1249.0,1249.0
9276,1275,matched,A unique odds row was assigned.,1,1,1,53.628571428571426,53.628571428571426,,1280.0,1280.0
9277,1276,matched,A unique odds row was assigned.,1,1,1,53.86666666666667,53.86666666666667,,1278.0,1278.0
9278,1277,matched,A unique odds row was assigned.,1,1,1,53.628571428571426,53.628571428571426,,1279.0,1279.0
9279,1278,matched,A unique odds row was assigned.,1,1,1,54.1047619047619,54.1047619047619,,1274.0,1274.0
9280,1279,matched,A unique odds row was assigned.,1,1,1,54.1047619047619,54.1047619047619,,1276.0,1276.0
9281,1280,matched,A unique odds row was assigned.,1,1,1,53.86666666666667,53.86666666666667,,1277.0,1277.0
9282,1281,matched,A unique odds row was assigned.,1,1,1,54.1047619047619,54.1047619047619,,1275.0,1275.0
9283,1282,matched,A unique odds row was assigned.,1,1,1,54.34285714285714,54.34285714285714,,1271.0,1271.0
9284,1283,matched,A unique odds row was assigned.,1,1,1,54.34285714285714,54.34285714285714,,1269.0,1269.0
9285,1284,matched,A unique odds row was assigned.,1,1,1,54.58095238095238,54.58095238095238,,1268.0,1268.0
9286,1285,matched,A unique odds row was assigned.,1,1,1,54.58095238095238,54.58095238095238,,1266.0,1266.0
9287,1286,matched,A unique odds row was assigned.,1,1,1,54.34285714285714,54.34285714285714,,1273.0,1273.0
9288,1287,matched,A unique odds row was assigned.,1,1,1,54.34285714285714,54.34285714285714,,1270.0,1270.0
9289,1288,matched,A unique odds row was assigned.,2,1,1,54.58095238095238,54.58095238095238,,1267.0,1267.0
9290,1289,matched,A unique odds row was assigned.,1,1,1,54.34285714285714,54.34285714285714,,1272.0,1272.0
9291,1290,matched,A unique odds row was assigned.,1,1,1,54.819047619047616,54.819047619047616,,1253.0,1253.0
9292,1291,matched,A unique odds row was assigned.,1,1,1,54.819047619047616,54.819047619047616,,1252.0,1252.0
9293,1292,matched,A unique odds row was assigned.,1,1,1,54.819047619047616,54.819047619047616,,1261.0,1261.0
9294,1293,matched,A unique odds row was assigned.,1,1,1,54.58095238095238,54.58095238095238,,1264.0,1264.0
9295,1294,matched,A unique odds row was assigned.,3,1,1,54.819047619047616,54.819047619047616,,1255.0,1255.0
9296,1295,matched,A unique odds row was assigned.,1,1,1,54.819047619047616,54.819047619047616,,1260.0,1260.0
9297,1296,matched,A unique odds row was assigned.,1,1,1,54.819047619047616,54.819047619047616,,1256.0,1256.0
9298,1297,matched,A unique odds row was assigned.,1,1,1,54.819047619047616,54.819047619047616,,1254.0,1254.0
9299,1298,matched,A unique odds row was assigned.,1,1,1,54.58095238095238,54.58095238095238,,1265.0,1265.0
9300,1299,matched,A unique odds row was assigned.,1,1,1,54.58095238095238,54.58095238095238,,1262.0,1262.0
9301,1300,matched,A unique odds row was assigned.,1,1,1,54.819047619047616,54.819047619047616,,1257.0,1257.0
9302,1301,no_pair_candidate,No valid odds row contains the same unordered player pair.,0,0,0,,,,,
9303,1302,matched,A unique odds row was assigned.,1,1,1,55.05714285714286,55.05714285714286,,1250.0,1250.0
9304,1303,matched,A unique odds row was assigned.,1,1,1,55.05714285714286,55.05714285714286,,1251.0,1251.0
9305,1304,matched,A unique odds row was assigned.,1,1,1,54.819047619047616,54.819047619047616,,1258.0,1258.0
9306,1305,matched,A unique odds row was assigned.,1,1,1,54.58095238095238,54.58095238095238,,1263.0,1263.0
9307,1306,no_pair_candidate,No valid odds row contains the same unordered player pair.,0,0,0,,,,,
9308,1307,no_pair_candidate,No valid odds row contains the same unordered player pair.,0,0,0,,,,,
9309,1308,matched,A unique odds row was assigned.,1,1,1,98.57142857142857,98.57142857142857,,1310.0,1310.0
9310,1309,no_pair_candidate,No valid odds row contains the same unordered player pair.,0,0,0,,,,,
9311,1310,matched,A unique odds row was assigned.,1,1,1,98.80952380952381,98.80952380952381,,1308.0,1308.0
9312,1311,matched,A unique odds row was assigned.,1,1,1,99.04761904761905,99.04761904761905,,1305.0,1305.0
9313,1312,matched,A unique odds row was assigned.,1,1,1,98.80952380952381,98.80952380952381,,1306.0,1306.0
9314,1313,matched,A unique odds row was assigned.,1,1,1,99.04761904761905,99.04761904761905,,1304.0,1304.0
9315,1314,no_pair_candidate,No valid odds row contains the same unordered player pair.,0,0,0,,,,,
9316,1315,matched,A unique odds row was assigned.,1,1,1,99.52380952380952,99.52380952380952,,1298.0,1298.0
9317,1316,matched,A unique odds row was assigned.,1,1,1,99.52380952380952,99.52380952380952,,1297.0,1297.0
9318,1317,matched,A unique odds row was assigned.,1,1,1,99.28571428571429,99.28571428571429,,1301.0,1301.0
9319,1318,matched,A unique odds row was assigned.,1,1,1,99.52380952380952,99.52380952380952,,1299.0,1299.0
9320,1319,matched,A unique odds row was assigned.,1,1,1,99.04761904761905,99.04761904761905,,1303.0,1303.0
9321,1320,matched,A unique odds row was assigned.,1,1,1,99.28571428571429,99.28571428571429,,1302.0,1302.0
9322,1321,no_pair_candidate,No valid odds row contains the same unordered player pair.,0,0,0,,,,,
9323,1322,matched,A unique odds row was assigned.,1,1,1,100.0,100.0,,1287.0,1287.0
9324,1323,matched,A unique odds row was assigned.,1,1,1,100.0,100.0,,1282.0,1282.0
9325,1324,no_pair_candidate,No valid odds row contains the same unordered player pair.,0,0,0,,,,,
9326,1325,matched,A unique odds row was assigned.,1,1,1,100.0,100.0,,1281.0,1281.0
9327,1326,matched,A unique odds row was assigned.,1,1,1,100.0,100.0,,1283.0,1283.0
9328,1327,matched,A unique odds row was assigned.,1,1,1,100.0,100.0,,1288.0,1288.0
9329,1328,matched,A unique odds row was assigned.,1,1,1,100.0,100.0,,1284.0,1284.0
9330,1329,matched,A unique odds row was assigned.,1,1,1,99.76190476190476,99.76190476190476,,1290.0,1290.0
9331,1330,matched,A unique odds row was assigned.,2,1,1,99.76190476190476,99.76190476190476,,1289.0,1289.0
9332,1331,matched,A unique odds row was assigned.,1,1,1,99.76190476190476,99.76190476190476,,1292.0,1292.0
9333,1332,matched,A unique odds row was assigned.,2,1,1,100.0,100.0,,1285.0,1285.0
9334,1333,matched,A unique odds row was assigned.,1,1,1,99.76190476190476,99.76190476190476,,1296.0,1296.0
9335,1334,matched,A unique odds row was assigned.,2,1,1,99.76190476190476,99.76190476190476,,1293.0,1293.0
9336,1335,matched,A unique odds row was assigned.,1,1,1,99.76190476190476,99.76190476190476,,1294.0,1294.0
9337,1336,matched,A unique odds row was assigned.,1,1,1,99.76190476190476,99.76190476190476,,1291.0,1291.0
9338,1337,matched,A unique odds row was assigned.,1,1,1,65.57142857142857,65.57142857142857,,1338.0,1338.0
9339,1338,matched,A unique odds row was assigned.,2,1,1,65.57142857142857,65.57142857142857,,1337.0,1337.0
9340,1339,matched,A unique odds row was assigned.,2,1,1,65.80952380952381,65.80952380952381,,1336.0,1336.0
9341,1340,matched,A unique odds row was assigned.,2,1,1,65.80952380952381,65.80952380952381,,1334.0,1334.0
9342,1341,matched,A unique odds row was assigned.,1,1,1,65.80952380952381,65.80952380952381,,1335.0,1335.0
9343,1342,matched,A unique odds row was assigned.,3,1,1,66.04761904761905,66.04761904761905,,1332.0,1332.0
9344,1343,matched,A unique odds row was assigned.,1,1,1,65.80952380952381,65.80952380952381,,1333.0,1333.0
9345,1344,matched,A unique odds row was assigned.,1,1,1,66.28571428571429,66.28571428571429,,1328.0,1328.0
9346,1345,matched,A unique odds row was assigned.,1,1,1,66.28571428571429,66.28571428571429,,1330.0,1330.0
9347,1346,matched,A unique odds row was assigned.,1,1,1,66.28571428571429,66.28571428571429,,1329.0,1329.0
9348,1347,matched,A unique odds row was assigned.,2,1,1,66.28571428571429,66.28571428571429,,1327.0,1327.0
9349,1348,matched,A unique odds row was assigned.,1,1,1,66.52380952380952,66.52380952380952,,1324.0,1324.0
9350,1349,matched,A unique odds row was assigned.,2,1,1,66.28571428571429,66.28571428571429,,1326.0,1326.0
9351,1350,matched,A unique odds row was assigned.,1,1,1,66.28571428571429,66.28571428571429,,1325.0,1325.0
9352,1351,matched,A unique odds row was assigned.,2,1,1,66.28571428571429,66.28571428571429,,1331.0,1331.0
9353,1352,matched,A unique odds row was assigned.,1,1,1,66.76190476190476,66.76190476190476,,1319.0,1319.0
9354,1353,matched,A unique odds row was assigned.,1,1,1,66.76190476190476,66.76190476190476,,1320.0,1320.0
9355,1354,no_pair_candidate,No valid odds row contains the same unordered player pair.,0,0,0,,,,,
9356,1355,matched,A unique odds row was assigned.,1,1,1,66.76190476190476,66.76190476190476,,1317.0,1317.0
9357,1356,matched,A unique odds row was assigned.,3,1,1,67.0,67.0,,1316.0,1316.0
9358,1357,matched,A unique odds row was assigned.,2,1,1,66.76190476190476,66.76190476190476,,1318.0,1318.0
9359,1358,matched,A unique odds row was assigned.,2,1,1,66.76190476190476,66.76190476190476,,1322.0,1322.0
9360,1359,matched,A unique odds row was assigned.,1,1,1,67.0,67.0,,1312.0,1312.0
9361,1360,matched,A unique odds row was assigned.,2,1,1,66.76190476190476,66.76190476190476,,1321.0,1321.0
9362,1361,matched,A unique odds row was assigned.,2,1,1,67.0,67.0,,1315.0,1315.0
9363,1362,matched,A unique odds row was assigned.,1,1,1,67.0,67.0,,1314.0,1314.0
9364,1363,matched,A unique odds row was assigned.,2,1,1,67.0,67.0,,1313.0,1313.0
9365,1364,matched,A unique odds row was assigned.,1,1,1,46.956043956043956,46.956043956043956,,1369.0,1369.0
9366,1365,matched,A unique odds row was assigned.,2,1,1,47.1941391941392,47.1941391941392,,1367.0,1367.0
9367,1366,matched,A unique odds row was assigned.,1,1,1,47.1941391941392,47.1941391941392,,1368.0,1368.0
9368,1367,matched,A unique odds row was assigned.,1,1,1,47.43223443223444,47.43223443223444,,1363.0,1363.0
9369,1368,matched,A unique odds row was assigned.,3,1,1,47.43223443223444,47.43223443223444,,1365.0,1365.0
9370,1369,matched,A unique odds row was assigned.,1,1,1,47.43223443223444,47.43223443223444,,1366.0,1366.0
9371,1370,matched,A unique odds row was assigned.,1,1,1,47.43223443223444,47.43223443223444,,1364.0,1364.0
9372,1371,matched,A unique odds row was assigned.,1,1,1,47.90842490842491,47.90842490842491,,1356.0,1356.0
9373,1372,matched,A unique odds row was assigned.,1,1,1,47.67032967032967,47.67032967032967,,1360.0,1360.0
9374,1373,matched,A unique odds row was assigned.,2,1,1,47.67032967032967,47.67032967032967,,1359.0,1359.0
9375,1374,matched,A unique odds row was assigned.,1,1,1,47.67032967032967,47.67032967032967,,1362.0,1362.0
9376,1375,matched,A unique odds row was assigned.,1,1,1,47.90842490842491,47.90842490842491,,1357.0,1357.0
9377,1376,matched,A unique odds row was assigned.,1,1,1,47.90842490842491,47.90842490842491,,1355.0,1355.0
9378,1377,matched,A unique odds row was assigned.,2,1,1,47.90842490842491,47.90842490842491,,1358.0,1358.0
9379,1378,matched,A unique odds row was assigned.,1,1,1,47.67032967032967,47.67032967032967,,1361.0,1361.0
9380,1379,matched,A unique odds row was assigned.,1,1,1,48.38461538461539,48.38461538461539,,1341.0,1341.0
9381,1380,matched,A unique odds row was assigned.,3,1,1,48.38461538461539,48.38461538461539,,1340.0,1340.0
9382,1381,matched,A unique odds row was assigned.,1,1,1,48.146520146520146,48.146520146520146,,1351.0,1351.0
9383,1382,matched,A unique odds row was assigned.,1,1,1,48.146520146520146,48.146520146520146,,1349.0,1349.0
9384,1383,matched,A unique odds row was assigned.,1,1,1,48.146520146520146,48.146520146520146,,1354.0,1354.0
9385,1384,matched,A unique odds row was assigned.,1,1,1,48.146520146520146,48.146520146520146,,1353.0,1353.0
9386,1385,no_pair_candidate,No valid odds row contains the same unordered player pair.,0,0,0,,,,,
9387,1386,matched,A unique odds row was assigned.,1,1,1,48.146520146520146,48.146520146520146,,1347.0,1347.0
9388,1387,matched,A unique odds row was assigned.,1,1,1,48.38461538461539,48.38461538461539,,1346.0,1346.0
9389,1388,no_pair_candidate,No valid odds row contains the same unordered player pair.,0,0,0,,,,,
9390,1389,matched,A unique odds row was assigned.,1,1,1,48.38461538461539,48.38461538461539,,1344.0,1344.0
9391,1390,matched,A unique odds row was assigned.,1,1,1,48.38461538461539,48.38461538461539,,1343.0,1343.0
9392,1391,matched,A unique odds row was assigned.,1,1,1,48.38461538461539,48.38461538461539,,1342.0,1342.0
9393,1392,matched,A unique odds row was assigned.,2,1,1,48.38461538461539,48.38461538461539,,1339.0,1339.0
9394,1393,matched,A unique odds row was assigned.,1,1,1,48.146520146520146,48.146520146520146,,1350.0,1350.0
9395,1394,matched,A unique odds row was assigned.,1,1,1,48.146520146520146,48.146520146520146,,1348.0,1348.0
9396,1395,matched,A unique odds row was assigned.,1,1,1,98.80952380952381,98.80952380952381,,1400.0,1400.0
9397,1396,matched,A unique odds row was assigned.,2,2,1,99.04761904761905,99.04761904761905,,1398.0,1398.0
9398,1397,matched,A unique odds row was assigned.,1,1,1,99.04761904761905,99.04761904761905,,1399.0,1399.0
9399,1398,matched,A unique odds row was assigned.,5,1,1,99.28571428571429,99.28571428571429,,1394.0,1394.0
9400,1399,matched,A unique odds row was assigned.,1,1,1,99.28571428571429,99.28571428571429,,1396.0,1396.0
9401,1400,matched,A unique odds row was assigned.,1,1,1,99.28571428571429,99.28571428571429,,1397.0,1397.0
9402,1401,matched,A unique odds row was assigned.,2,1,1,99.28571428571429,99.28571428571429,,1395.0,1395.0
9403,1402,matched,A unique odds row was assigned.,1,1,1,99.76190476190476,99.76190476190476,,1388.0,1388.0
9404,1403,matched,A unique odds row was assigned.,1,1,1,99.52380952380952,99.52380952380952,,1389.0,1389.0
9405,1404,matched,A unique odds row was assigned.,1,1,1,99.52380952380952,99.52380952380952,,1391.0,1391.0
9406,1405,matched,A unique odds row was assigned.,1,1,1,99.52380952380952,99.52380952380952,,1392.0,1392.0
9407,1406,matched,A unique odds row was assigned.,1,1,1,99.76190476190476,99.76190476190476,,1386.0,1386.0
9408,1407,matched,A unique odds row was assigned.,1,1,1,99.28571428571429,99.28571428571429,,1393.0,1393.0
9409,1408,matched,A unique odds row was assigned.,3,1,1,99.76190476190476,99.76190476190476,,1387.0,1387.0
9410,1409,matched,A unique odds row was assigned.,2,1,1,99.52380952380952,99.52380952380952,,1390.0,1390.0
9411,1410,matched,A unique odds row was assigned.,1,1,1,100.0,100.0,,1376.0,1376.0
9412,1411,matched,A unique odds row was assigned.,1,1,1,98.33333333333333,98.33333333333333,,1372.0,1372.0
9413,1412,matched,A unique odds row was assigned.,1,1,1,100.0,100.0,,1382.0,1382.0
9414,1413,matched,A unique odds row was assigned.,1,1,1,98.33333333333333,98.33333333333333,,1371.0,1371.0
9415,1414,matched,A unique odds row was assigned.,2,1,1,98.33333333333333,98.33333333333333,,1375.0,1375.0
9416,1415,matched,A unique odds row was assigned.,1,1,1,99.76190476190476,99.76190476190476,,1383.0,1383.0
9417,1416,matched,A unique odds row was assigned.,1,1,1,99.76190476190476,99.76190476190476,,1384.0,1384.0
9418,1417,matched,A unique odds row was assigned.,2,1,1,99.76190476190476,99.76190476190476,,1385.0,1385.0
9419,1418,matched,A unique odds row was assigned.,1,1,1,100.0,100.0,,1378.0,1378.0
9420,1419,matched,A unique odds row was assigned.,3,1,1,98.33333333333333,98.33333333333333,,1373.0,1373.0
9421,1420,matched,A unique odds row was assigned.,1,1,1,100.0,100.0,,1381.0,1381.0
9422,1421,matched,A unique odds row was assigned.,1,1,1,100.0,100.0,,1380.0,1380.0
9423,1422,matched,A unique odds row was assigned.,1,1,1,98.33333333333333,98.33333333333333,,1370.0,1370.0
9424,1423,matched,A unique odds row was assigned.,1,1,1,98.33333333333333,98.33333333333333,,1374.0,1374.0
9425,1424,matched,A unique odds row was assigned.,2,1,1,100.0,100.0,,1379.0,1379.0
9426,1425,matched,A unique odds row was assigned.,1,1,1,100.0,100.0,,1377.0,1377.0
9427,1426,matched,A unique odds row was assigned.,1,1,1,53.58730158730159,53.58730158730159,,1427.0,1427.0
9428,1427,matched,A unique odds row was assigned.,1,1,1,53.82539682539682,53.82539682539682,,1425.0,1425.0
9429,1428,matched,A unique odds row was assigned.,1,1,1,53.82539682539682,53.82539682539682,,1426.0,1426.0
9430,1429,matched,A unique odds row was assigned.,1,1,1,54.06349206349206,54.06349206349206,,1421.0,1421.0
9431,1430,matched,A unique odds row was assigned.,1,1,1,54.06349206349206,54.06349206349206,,1424.0,1424.0
9432,1431,matched,A unique odds row was assigned.,2,1,1,54.06349206349206,54.06349206349206,,1422.0,1422.0
9433,1432,matched,A unique odds row was assigned.,2,1,1,54.06349206349206,54.06349206349206,,1423.0,1423.0
9434,1433,matched,A unique odds row was assigned.,1,1,1,54.301587301587304,54.301587301587304,,1417.0,1417.0
9435,1434,matched,A unique odds row was assigned.,2,1,1,54.301587301587304,54.301587301587304,,1416.0,1416.0
9436,1435,matched,A unique odds row was assigned.,1,1,1,54.301587301587304,54.301587301587304,,1413.0,1413.0
9437,1436,matched,A unique odds row was assigned.,1,1,1,54.301587301587304,54.301587301587304,,1414.0,1414.0
9438,1437,matched,A unique odds row was assigned.,1,1,1,54.301587301587304,54.301587301587304,,1415.0,1415.0
9439,1438,matched,A unique odds row was assigned.,1,1,1,54.301587301587304,54.301587301587304,,1420.0,1420.0
9440,1439,matched,A unique odds row was assigned.,2,1,1,54.301587301587304,54.301587301587304,,1419.0,1419.0
9441,1440,matched,A unique odds row was assigned.,1,1,1,54.301587301587304,54.301587301587304,,1418.0,1418.0
9442,1441,matched,A unique odds row was assigned.,1,1,1,54.77777777777778,54.77777777777778,,1403.0,1403.0
9443,1442,matched,A unique odds row was assigned.,1,1,1,54.53968253968254,54.53968253968254,,1407.0,1407.0
9444,1443,matched,A unique odds row was assigned.,1,1,1,54.77777777777778,54.77777777777778,,1406.0,1406.0
9445,1444,matched,A unique odds row was assigned.,1,1,1,54.77777777777778,54.77777777777778,,1401.0,1401.0
9446,1445,matched,A unique odds row was assigned.,1,1,1,54.53968253968254,54.53968253968254,,1410.0,1410.0
9447,1446,matched,A unique odds row was assigned.,1,1,1,54.77777777777778,54.77777777777778,,1402.0,1402.0
9448,1447,matched,A unique odds row was assigned.,1,1,1,54.77777777777778,54.77777777777778,,1404.0,1404.0
9449,1448,matched,A unique odds row was assigned.,1,1,1,54.53968253968254,54.53968253968254,,1411.0,1411.0
9450,1449,matched,A unique odds row was assigned.,1,1,1,54.53968253968254,54.53968253968254,,1408.0,1408.0
9451,1450,no_pair_candidate,No valid odds row contains the same unordered player pair.,0,0,0,,,,,
9452,1451,matched,A unique odds row was assigned.,1,1,1,54.77777777777778,54.77777777777778,,1405.0,1405.0
9453,1452,matched,A unique odds row was assigned.,1,1,1,54.53968253968254,54.53968253968254,,1409.0,1409.0
9454,1453,matched,A unique odds row was assigned.,2,1,1,99.76190476190476,99.76190476190476,,1474.0,1474.0
9455,1454,matched,A unique odds row was assigned.,1,1,1,99.76190476190476,99.76190476190476,,1478.0,1478.0
9456,1455,matched,A unique odds row was assigned.,1,1,1,99.76190476190476,99.76190476190476,,1479.0,1479.0
9457,1456,matched,A unique odds row was assigned.,1,1,1,99.76190476190476,99.76190476190476,,1483.0,1483.0
9458,1457,matched,A unique odds row was assigned.,1,1,1,99.76190476190476,99.76190476190476,,1476.0,1476.0
9459,1458,matched,A unique odds row was assigned.,1,1,1,99.76190476190476,99.76190476190476,,1468.0,1468.0
9460,1459,matched,A unique odds row was assigned.,1,1,1,99.76190476190476,99.76190476190476,,1482.0,1482.0
9461,1460,matched,A unique odds row was assigned.,2,1,1,99.76190476190476,99.76190476190476,,1472.0,1472.0
9462,1461,matched,A unique odds row was assigned.,1,1,1,99.52380952380952,99.52380952380952,,1491.0,1491.0
9463,1462,matched,A unique odds row was assigned.,1,1,1,99.76190476190476,99.76190476190476,,1480.0,1480.0
9464,1463,no_pair_candidate,No valid odds row contains the same unordered player pair.,0,0,0,,,,,
9465,1464,matched,A unique odds row was assigned.,2,1,1,99.52380952380952,99.52380952380952,,1488.0,1488.0
9466,1465,matched,A unique odds row was assigned.,2,1,1,99.52380952380952,99.52380952380952,,1487.0,1487.0
9467,1466,matched,A unique odds row was assigned.,1,1,1,99.52380952380952,99.52380952380952,,1490.0,1490.0
9468,1467,matched,A unique odds row was assigned.,1,1,1,99.76190476190476,99.76190476190476,,1462.0,1462.0
9469,1468,matched,A unique odds row was assigned.,1,1,1,99.76190476190476,99.76190476190476,,1466.0,1466.0
9470,1469,matched,A unique odds row was assigned.,1,1,1,99.76190476190476,99.76190476190476,,1465.0,1465.0
9471,1470,matched,A unique odds row was assigned.,1,1,1,99.76190476190476,99.76190476190476,,1464.0,1464.0
9472,1471,matched,A unique odds row was assigned.,1,1,1,99.76190476190476,99.76190476190476,,1481.0,1481.0
9473,1472,matched,A unique odds row was assigned.,1,1,1,99.76190476190476,99.76190476190476,,1475.0,1475.0
9474,1473,matched,A unique odds row was assigned.,1,1,1,99.76190476190476,99.76190476190476,,1470.0,1470.0
9475,1474,matched,A unique odds row was assigned.,1,1,1,99.76190476190476,99.76190476190476,,1471.0,1471.0
9476,1475,matched,A unique odds row was assigned.,1,1,1,99.76190476190476,99.76190476190476,,1473.0,1473.0
9477,1476,matched,A unique odds row was assigned.,1,1,1,99.76190476190476,99.76190476190476,,1467.0,1467.0
9478,1477,matched,A unique odds row was assigned.,1,1,1,99.76190476190476,99.76190476190476,,1484.0,1484.0
9479,1478,matched,A unique odds row was assigned.,1,1,1,99.76190476190476,99.76190476190476,,1477.0,1477.0
9480,1479,matched,A unique odds row was assigned.,1,1,1,99.52380952380952,99.52380952380952,,1486.0,1486.0
9481,1480,matched,A unique odds row was assigned.,1,1,1,99.52380952380952,99.52380952380952,,1485.0,1485.0
9482,1481,matched,A unique odds row was assigned.,1,1,1,99.76190476190476,99.76190476190476,,1469.0,1469.0
9483,1482,matched,A unique odds row was assigned.,1,1,1,99.76190476190476,99.76190476190476,,1461.0,1461.0
9484,1483,no_pair_candidate,No valid odds row contains the same unordered player pair.,0,0,0,,,,,
9485,1484,matched,A unique odds row was assigned.,2,1,1,99.76190476190476,99.76190476190476,,1463.0,1463.0
9486,1485,matched,A unique odds row was assigned.,1,1,1,100.0,100.0,,1446.0,1446.0
9487,1486,matched,A unique odds row was assigned.,1,1,1,100.0,100.0,,1451.0,1451.0
9488,1487,matched,A unique odds row was assigned.,1,1,1,100.0,100.0,,1430.0,1430.0
9489,1488,matched,A unique odds row was assigned.,1,1,1,100.0,100.0,,1429.0,1429.0
9490,1489,matched,A unique odds row was assigned.,1,1,1,100.0,100.0,,1449.0,1449.0
9491,1490,matched,A unique odds row was assigned.,1,1,1,100.0,100.0,,1437.0,1437.0
9492,1491,matched,A unique odds row was assigned.,1,1,1,100.0,100.0,,1438.0,1438.0
9493,1492,matched,A unique odds row was assigned.,1,1,1,100.0,100.0,,1428.0,1428.0
9494,1493,matched,A unique odds row was assigned.,1,1,1,100.0,100.0,,1436.0,1436.0
9495,1494,matched,A unique odds row was assigned.,1,1,1,100.0,100.0,,1452.0,1452.0
9496,1495,matched,A unique odds row was assigned.,1,1,1,100.0,100.0,,1458.0,1458.0
9497,1496,matched,A unique odds row was assigned.,1,1,1,100.0,100.0,,1454.0,1454.0
9498,1497,matched,A unique odds row was assigned.,2,1,1,100.0,100.0,,1433.0,1433.0
9499,1498,matched,A unique odds row was assigned.,1,1,1,100.0,100.0,,1432.0,1432.0
9500,1499,no_pair_candidate,No valid odds row contains the same unordered player pair.,0,0,0,,,,,
9501,1500,matched,A unique odds row was assigned.,1,1,1,100.0,100.0,,1448.0,1448.0
9502,1501,matched,A unique odds row was assigned.,1,1,1,100.0,100.0,,1439.0,1439.0
9503,1502,matched,A unique odds row was assigned.,1,1,1,100.0,100.0,,1431.0,1431.0
9504,1503,matched,A unique odds row was assigned.,1,1,1,100.0,100.0,,1455.0,1455.0
9505,1504,matched,A unique odds row was assigned.,1,1,1,100.0,100.0,,1459.0,1459.0
9506,1505,matched,A unique odds row was assigned.,1,1,1,100.0,100.0,,1435.0,1435.0
9507,1506,matched,A unique odds row was assigned.,1,1,1,100.0,100.0,,1444.0,1444.0
9508,1507,matched,A unique odds row was assigned.,2,1,1,100.0,100.0,,1440.0,1440.0
9509,1508,matched,A unique odds row was assigned.,1,1,1,100.0,100.0,,1442.0,1442.0
9510,1509,matched,A unique odds row was assigned.,1,1,1,100.0,100.0,,1450.0,1450.0
9511,1510,no_pair_candidate,No valid odds row contains the same unordered player pair.,0,0,0,,,,,
9512,1511,matched,A unique odds row was assigned.,1,1,1,100.0,100.0,,1443.0,1443.0
9513,1512,matched,A unique odds row was assigned.,1,1,1,100.0,100.0,,1457.0,1457.0
9514,1513,matched,A unique odds row was assigned.,1,1,1,100.0,100.0,,1453.0,1453.0
9515,1514,matched,A unique odds row was assigned.,1,1,1,100.0,100.0,,1445.0,1445.0
9516,1515,matched,A unique odds row was assigned.,2,1,1,100.0,100.0,,1434.0,1434.0
9517,1516,matched,A unique odds row was assigned.,2,1,1,100.0,100.0,,1456.0,1456.0
9518,1517,matched,A unique odds row was assigned.,1,1,1,99.28571428571429,99.28571428571429,,1521.0,1521.0
9519,1518,matched,A unique odds row was assigned.,2,1,1,99.28571428571429,99.28571428571429,,1510.0,1510.0
9520,1519,matched,A unique odds row was assigned.,1,1,1,99.28571428571429,99.28571428571429,,1519.0,1519.0
9521,1520,matched,A unique odds row was assigned.,1,1,1,99.28571428571429,99.28571428571429,,1516.0,1516.0
9522,1521,matched,A unique odds row was assigned.,1,1,1,99.28571428571429,99.28571428571429,,1517.0,1517.0
9523,1522,no_pair_candidate,No valid odds row contains the same unordered player pair.,0,0,0,,,,,
9524,1523,matched,A unique odds row was assigned.,1,1,1,99.28571428571429,99.28571428571429,,1508.0,1508.0
9525,1524,matched,A unique odds row was assigned.,1,1,1,99.28571428571429,99.28571428571429,,1509.0,1509.0
9526,1525,matched,A unique odds row was assigned.,1,1,1,99.28571428571429,99.28571428571429,,1520.0,1520.0
9527,1526,matched,A unique odds row was assigned.,1,1,1,99.28571428571429,99.28571428571429,,1523.0,1523.0
9528,1527,matched,A unique odds row was assigned.,1,1,1,99.28571428571429,99.28571428571429,,1514.0,1514.0
9529,1528,matched,A unique odds row was assigned.,2,1,1,99.28571428571429,99.28571428571429,,1522.0,1522.0
9530,1529,matched,A unique odds row was assigned.,2,1,1,99.28571428571429,99.28571428571429,,1515.0,1515.0
9531,1530,matched,A unique odds row was assigned.,1,1,1,99.28571428571429,99.28571428571429,,1518.0,1518.0
9532,1531,matched,A unique odds row was assigned.,2,1,1,99.28571428571429,99.28571428571429,,1512.0,1512.0
9533,1532,no_pair_candidate,No valid odds row contains the same unordered player pair.,0,0,0,,,,,
9534,1533,matched,A unique odds row was assigned.,1,1,1,99.52380952380952,99.52380952380952,,1502.0,1502.0
9535,1534,matched,A unique odds row was assigned.,1,1,1,99.52380952380952,99.52380952380952,,1499.0,1499.0
9536,1535,matched,A unique odds row was assigned.,2,1,1,99.52380952380952,99.52380952380952,,1496.0,1496.0
9537,1536,matched,A unique odds row was assigned.,1,1,1,99.52380952380952,99.52380952380952,,1498.0,1498.0
9538,1537,matched,A unique odds row was assigned.,1,1,1,99.28571428571429,99.28571428571429,,1506.0,1506.0
9539,1538,matched,A unique odds row was assigned.,1,1,1,99.28571428571429,99.28571428571429,,1507.0,1507.0
9540,1539,matched,A unique odds row was assigned.,2,1,1,99.52380952380952,99.52380952380952,,1501.0,1501.0
9541,1540,matched,A unique odds row was assigned.,1,1,1,99.52380952380952,99.52380952380952,,1500.0,1500.0
9542,1541,matched,A unique odds row was assigned.,1,1,1,99.52380952380952,99.52380952380952,,1503.0,1503.0
9543,1542,matched,A unique odds row was assigned.,1,1,1,99.52380952380952,99.52380952380952,,1494.0,1494.0
9544,1543,matched,A unique odds row was assigned.,1,1,1,99.28571428571429,99.28571428571429,,1505.0,1505.0
9545,1544,matched,A unique odds row was assigned.,1,1,1,99.28571428571429,99.28571428571429,,1504.0,1504.0
9546,1545,matched,A unique odds row was assigned.,1,1,1,99.52380952380952,99.52380952380952,,1495.0,1495.0
9547,1546,matched,A unique odds row was assigned.,1,1,1,99.52380952380952,99.52380952380952,,1497.0,1497.0
9548,1547,matched,A unique odds row was assigned.,1,1,1,99.52380952380952,99.52380952380952,,1493.0,1493.0
9549,1548,matched,A unique odds row was assigned.,1,1,1,99.52380952380952,99.52380952380952,,1492.0,1492.0
9550,1549,matched,A unique odds row was assigned.,3,1,1,98.80952380952381,98.80952380952381,,1536.0,1536.0
9551,1550,matched,A unique odds row was assigned.,1,1,1,98.80952380952381,98.80952380952381,,1533.0,1533.0
9552,1551,matched,A unique odds row was assigned.,1,1,1,98.80952380952381,98.80952380952381,,1538.0,1538.0
9553,1552,matched,A unique odds row was assigned.,1,1,1,98.80952380952381,98.80952380952381,,1532.0,1532.0
9554,1553,matched,A unique odds row was assigned.,1,1,1,98.80952380952381,98.80952380952381,,1539.0,1539.0
9555,1554,matched,A unique odds row was assigned.,1,1,1,98.80952380952381,98.80952380952381,,1535.0,1535.0
9556,1555,matched,A unique odds row was assigned.,1,1,1,98.80952380952381,98.80952380952381,,1537.0,1537.0
9557,1556,no_pair_candidate,No valid odds row contains the same unordered player pair.,0,0,0,,,,,
9558,1557,matched,A unique odds row was assigned.,1,1,1,99.04761904761905,99.04761904761905,,1525.0,1525.0
9559,1558,matched,A unique odds row was assigned.,1,1,1,99.04761904761905,99.04761904761905,,1530.0,1530.0
9560,1559,matched,A unique odds row was assigned.,2,1,1,99.04761904761905,99.04761904761905,,1526.0,1526.0
9561,1560,matched,A unique odds row was assigned.,2,1,1,99.04761904761905,99.04761904761905,,1531.0,1531.0
9562,1561,matched,A unique odds row was assigned.,3,1,1,99.04761904761905,99.04761904761905,,1524.0,1524.0
9563,1562,matched,A unique odds row was assigned.,1,1,1,99.04761904761905,99.04761904761905,,1528.0,1528.0
9564,1563,matched,A unique odds row was assigned.,2,2,1,99.04761904761905,99.04761904761905,,1527.0,1527.0
9565,1564,matched,A unique odds row was assigned.,1,1,1,99.04761904761905,99.04761904761905,,1529.0,1529.0
9566,1565,matched,A unique odds row was assigned.,1,1,1,98.33333333333333,98.33333333333333,,1546.0,1546.0
9567,1566,matched,A unique odds row was assigned.,1,1,1,98.33333333333333,98.33333333333333,,1547.0,1547.0
9568,1567,matched,A unique odds row was assigned.,1,1,1,98.33333333333333,98.33333333333333,,1544.0,1544.0
9569,1568,no_pair_candidate,No valid odds row contains the same unordered player pair.,0,0,0,,,,,
9570,1569,matched,A unique odds row was assigned.,1,1,1,98.57142857142857,98.57142857142857,,1542.0,1542.0
9571,1570,matched,A unique odds row was assigned.,1,1,1,98.57142857142857,98.57142857142857,,1540.0,1540.0
9572,1571,matched,A unique odds row was assigned.,1,1,1,98.57142857142857,98.57142857142857,,1541.0,1541.0
9573,1572,matched,A unique odds row was assigned.,3,1,1,98.57142857142857,98.57142857142857,,1543.0,1543.0
9574,1573,matched,A unique odds row was assigned.,1,1,1,97.85714285714286,97.85714285714286,,1550.0,1550.0
9575,1574,matched,A unique odds row was assigned.,2,1,1,97.85714285714286,97.85714285714286,,1551.0,1551.0
9576,1575,matched,A unique odds row was assigned.,1,1,1,98.0952380952381,98.0952380952381,,1548.0,1548.0
9577,1576,matched,A unique odds row was assigned.,3,1,1,98.0952380952381,98.0952380952381,,1549.0,1549.0
9578,1577,matched,A unique odds row was assigned.,1,1,1,97.61904761904762,97.61904761904762,,1553.0,1553.0
9579,1578,matched,A unique odds row was assigned.,1,1,1,97.61904761904762,97.61904761904762,,1552.0,1552.0
9580,1579,matched,A unique odds row was assigned.,1,1,1,97.14285714285714,97.14285714285714,,1554.0,1554.0
9581,1580,matched,A unique odds row was assigned.,1,1,1,98.57142857142857,98.57142857142857,,1585.0,1585.0
9582,1581,matched,A unique odds row was assigned.,1,1,1,98.80952380952381,98.80952380952381,,1584.0,1584.0
9583,1582,matched,A unique odds row was assigned.,2,1,1,98.80952380952381,98.80952380952381,,1583.0,1583.0
9584,1583,matched,A unique odds row was assigned.,1,1,1,99.04761904761905,99.04761904761905,,1581.0,1581.0
9585,1584,matched,A unique odds row was assigned.,1,1,1,99.04761904761905,99.04761904761905,,1582.0,1582.0
9586,1585,matched,A unique odds row was assigned.,1,1,1,99.04761904761905,99.04761904761905,,1580.0,1580.0
9587,1586,matched,A unique odds row was assigned.,1,1,1,99.04761904761905,99.04761904761905,,1579.0,1579.0
9588,1587,matched,A unique odds row was assigned.,1,1,1,99.28571428571429,99.28571428571429,,1577.0,1577.0
9589,1588,matched,A unique odds row was assigned.,1,1,1,99.28571428571429,99.28571428571429,,1578.0,1578.0
9590,1589,no_pair_candidate,No valid odds row contains the same unordered player pair.,0,0,0,,,,,
9591,1590,matched,A unique odds row was assigned.,1,1,1,99.28571428571429,99.28571428571429,,1575.0,1575.0
9592,1591,matched,A unique odds row was assigned.,1,1,1,99.52380952380952,99.52380952380952,,1573.0,1573.0
9593,1592,matched,A unique odds row was assigned.,1,1,1,99.52380952380952,99.52380952380952,,1574.0,1574.0
9594,1593,matched,A unique odds row was assigned.,1,1,1,99.52380952380952,99.52380952380952,,1572.0,1572.0
9595,1594,matched,A unique odds row was assigned.,1,1,1,99.52380952380952,99.52380952380952,,1571.0,1571.0
9596,1595,matched,A unique odds row was assigned.,1,1,1,99.76190476190476,99.76190476190476,,1567.0,1567.0
9597,1596,matched,A unique odds row was assigned.,1,1,1,99.76190476190476,99.76190476190476,,1563.0,1563.0
9598,1597,matched,A unique odds row was assigned.,2,2,1,99.76190476190476,99.76190476190476,,1570.0,1570.0
9599,1598,matched,A unique odds row was assigned.,1,1,1,99.76190476190476,99.76190476190476,,1568.0,1568.0
9600,1599,no_pair_candidate,No valid odds row contains the same unordered player pair.,0,0,0,,,,,
9601,1600,matched,A unique odds row was assigned.,1,1,1,99.76190476190476,99.76190476190476,,1565.0,1565.0
9602,1601,matched,A unique odds row was assigned.,1,1,1,99.76190476190476,99.76190476190476,,1566.0,1566.0
9603,1602,matched,A unique odds row was assigned.,1,1,1,99.76190476190476,99.76190476190476,,1564.0,1564.0
9604,1603,matched,A unique odds row was assigned.,1,1,1,100.0,100.0,,1556.0,1556.0
9605,1604,matched,A unique odds row was assigned.,1,1,1,100.0,100.0,,1558.0,1558.0
9606,1605,matched,A unique odds row was assigned.,1,1,1,100.0,100.0,,1559.0,1559.0
9607,1606,matched,A unique odds row was assigned.,1,1,1,100.0,100.0,,1560.0,1560.0
9608,1607,matched,A unique odds row was assigned.,1,1,1,100.0,100.0,,1555.0,1555.0
9609,1608,matched,A unique odds row was assigned.,1,1,1,100.0,100.0,,1557.0,1557.0
9610,1609,matched,A unique odds row was assigned.,1,1,1,100.0,100.0,,1561.0,1561.0
9611,1610,matched,A unique odds row was assigned.,1,1,1,100.0,100.0,,1562.0,1562.0
9612,1611,matched,A unique odds row was assigned.,2,1,1,58.238095238095234,58.238095238095234,,1616.0,1616.0
9613,1612,matched,A unique odds row was assigned.,1,1,1,58.476190476190474,58.476190476190474,,1614.0,1614.0
9614,1613,matched,A unique odds row was assigned.,1,1,1,58.476190476190474,58.476190476190474,,1615.0,1615.0
9615,1614,matched,A unique odds row was assigned.,2,1,1,58.71428571428571,58.71428571428571,,1612.0,1612.0
9616,1615,matched,A unique odds row was assigned.,1,1,1,58.71428571428571,58.71428571428571,,1610.0,1610.0
9617,1616,matched,A unique odds row was assigned.,1,1,1,58.71428571428571,58.71428571428571,,1611.0,1611.0
9618,1617,matched,A unique odds row was assigned.,1,1,1,58.71428571428571,58.71428571428571,,1613.0,1613.0
9619,1618,matched,A unique odds row was assigned.,1,1,1,58.95238095238095,58.95238095238095,,1609.0,1609.0
9620,1619,matched,A unique odds row was assigned.,2,1,1,58.95238095238095,58.95238095238095,,1608.0,1608.0
9621,1620,matched,A unique odds row was assigned.,1,1,1,59.19047619047619,59.19047619047619,,1603.0,1603.0
9622,1621,matched,A unique odds row was assigned.,2,2,1,58.95238095238095,58.95238095238095,,1607.0,1607.0
9623,1622,matched,A unique odds row was assigned.,1,1,1,59.19047619047619,59.19047619047619,,1602.0,1602.0
9624,1623,matched,A unique odds row was assigned.,1,1,1,58.95238095238095,58.95238095238095,,1606.0,1606.0
9625,1624,matched,A unique odds row was assigned.,1,1,1,59.19047619047619,59.19047619047619,,1605.0,1605.0
9626,1625,matched,A unique odds row was assigned.,1,1,1,59.19047619047619,59.19047619047619,,1604.0,1604.0
9627,1626,matched,A unique odds row was assigned.,1,1,1,59.42857142857142,59.42857142857142,,1597.0,1597.0
9628,1627,matched,A unique odds row was assigned.,1,1,1,59.42857142857142,59.42857142857142,,1596.0,1596.0
9629,1628,matched,A unique odds row was assigned.,1,1,1,59.42857142857142,59.42857142857142,,1599.0,1599.0
9630,1629,matched,A unique odds row was assigned.,1,1,1,59.42857142857142,59.42857142857142,,1600.0,1600.0
9631,1630,matched,A unique odds row was assigned.,1,1,1,59.42857142857142,59.42857142857142,,1594.0,1594.0
9632,1631,matched,A unique odds row was assigned.,1,1,1,59.666666666666664,59.666666666666664,,1588.0,1588.0
9633,1632,matched,A unique odds row was assigned.,1,1,1,59.42857142857142,59.42857142857142,,1592.0,1592.0
9634,1633,matched,A unique odds row was assigned.,1,1,1,59.42857142857142,59.42857142857142,,1591.0,1591.0
9635,1634,matched,A unique odds row was assigned.,1,1,1,59.42857142857142,59.42857142857142,,1593.0,1593.0
9636,1635,no_pair_candidate,No valid odds row contains the same unordered player pair.,0,0,0,,,,,
9637,1636,matched,A unique odds row was assigned.,1,1,1,59.19047619047619,59.19047619047619,,1601.0,1601.0
9638,1637,matched,A unique odds row was assigned.,1,1,1,59.42857142857142,59.42857142857142,,1598.0,1598.0
9639,1638,matched,A unique odds row was assigned.,1,1,1,59.666666666666664,59.666666666666664,,1587.0,1587.0
9640,1639,matched,A unique odds row was assigned.,1,1,1,59.42857142857142,59.42857142857142,,1595.0,1595.0
9641,1640,matched,A unique odds row was assigned.,1,1,1,59.666666666666664,59.666666666666664,,1586.0,1586.0
9642,1641,matched,A unique odds row was assigned.,1,1,1,59.666666666666664,59.666666666666664,,1589.0,1589.0
9643,1642,matched,A unique odds row was assigned.,2,1,1,99.04761904761905,99.04761904761905,,1646.0,1646.0
9644,1643,matched,A unique odds row was assigned.,1,1,1,99.28571428571429,99.28571428571429,,1644.0,1644.0
9645,1644,matched,A unique odds row was assigned.,1,1,1,99.28571428571429,99.28571428571429,,1645.0,1645.0
9646,1645,matched,A unique odds row was assigned.,1,1,1,99.52380952380952,99.52380952380952,,1640.0,1640.0
9647,1646,matched,A unique odds row was assigned.,2,1,1,99.52380952380952,99.52380952380952,,1641.0,1641.0
9648,1647,matched,A unique odds row was assigned.,2,1,1,99.28571428571429,99.28571428571429,,1643.0,1643.0
9649,1648,matched,A unique odds row was assigned.,1,1,1,99.52380952380952,99.52380952380952,,1642.0,1642.0
9650,1649,matched,A unique odds row was assigned.,1,1,1,99.76190476190476,99.76190476190476,,1638.0,1638.0
9651,1650,matched,A unique odds row was assigned.,1,1,1,99.76190476190476,99.76190476190476,,1637.0,1637.0
9652,1651,matched,A unique odds row was assigned.,2,1,1,99.76190476190476,99.76190476190476,,1636.0,1636.0
9653,1652,no_pair_candidate,No valid odds row contains the same unordered player pair.,0,0,0,,,,,
9654,1653,matched,A unique odds row was assigned.,1,1,1,99.76190476190476,99.76190476190476,,1635.0,1635.0
9655,1654,matched,A unique odds row was assigned.,1,1,1,99.76190476190476,99.76190476190476,,1639.0,1639.0
9656,1655,matched,A unique odds row was assigned.,1,1,1,99.76190476190476,99.76190476190476,,1633.0,1633.0
9657,1656,matched,A unique odds row was assigned.,1,1,1,99.76190476190476,99.76190476190476,,1632.0,1632.0
9658,1657,matched,A unique odds row was assigned.,1,1,1,98.33333333333333,98.33333333333333,,1621.0,1621.0
9659,1658,matched,A unique odds row was assigned.,1,1,1,100.0,100.0,,1629.0,1629.0
9660,1659,matched,A unique odds row was assigned.,1,1,1,100.0,100.0,,1630.0,1630.0
9661,1660,matched,A unique odds row was assigned.,1,1,1,98.33333333333333,98.33333333333333,,1619.0,1619.0
9662,1661,matched,A unique odds row was assigned.,1,1,1,100.0,100.0,,1626.0,1626.0
9663,1662,no_pair_candidate,No valid odds row contains the same unordered player pair.,0,0,0,,,,,
9664,1663,matched,A unique odds row was assigned.,1,1,1,100.0,100.0,,1628.0,1628.0
9665,1664,matched,A unique odds row was assigned.,1,1,1,100.0,100.0,,1622.0,1622.0
9666,1665,matched,A unique odds row was assigned.,1,1,1,100.0,100.0,,1624.0,1624.0
9667,1666,matched,A unique odds row was assigned.,1,1,1,98.33333333333333,98.33333333333333,,1617.0,1617.0
9668,1667,matched,A unique odds row was assigned.,1,1,1,100.0,100.0,,1631.0,1631.0
9669,1668,matched,A unique odds row was assigned.,2,1,1,100.0,100.0,,1623.0,1623.0
9670,1669,matched,A unique odds row was assigned.,1,1,1,100.0,100.0,,1625.0,1625.0
9671,1670,matched,A unique odds row was assigned.,1,1,1,100.0,100.0,,1627.0,1627.0
9672,1671,matched,A unique odds row was assigned.,1,1,1,98.33333333333333,98.33333333333333,,1620.0,1620.0
9673,1672,matched,A unique odds row was assigned.,1,1,1,99.04761904761905,99.04761904761905,,1677.0,1677.0
9674,1673,matched,A unique odds row was assigned.,1,1,1,99.28571428571429,99.28571428571429,,1676.0,1676.0
9675,1674,no_pair_candidate,No valid odds row contains the same unordered player pair.,0,0,0,,,,,
9676,1675,matched,A unique odds row was assigned.,1,1,1,99.52380952380952,99.52380952380952,,1674.0,1674.0
9677,1676,matched,A unique odds row was assigned.,1,1,1,99.52380952380952,99.52380952380952,,1672.0,1672.0
9678,1677,matched,A unique odds row was assigned.,1,1,1,99.52380952380952,99.52380952380952,,1671.0,1671.0
9679,1678,no_pair_candidate,No valid odds row contains the same unordered player pair.,0,0,0,,,,,
9680,1679,matched,A unique odds row was assigned.,1,1,1,99.76190476190476,99.76190476190476,,1670.0,1670.0
9681,1680,matched,A unique odds row was assigned.,1,1,1,99.76190476190476,99.76190476190476,,1669.0,1669.0
9682,1681,matched,A unique odds row was assigned.,1,1,1,99.76190476190476,99.76190476190476,,1663.0,1663.0
9683,1682,matched,A unique odds row was assigned.,1,1,1,99.76190476190476,99.76190476190476,,1667.0,1667.0
9684,1683,matched,A unique odds row was assigned.,1,1,1,99.76190476190476,99.76190476190476,,1666.0,1666.0
9685,1684,matched,A unique odds row was assigned.,1,1,1,99.76190476190476,99.76190476190476,,1664.0,1664.0
9686,1685,matched,A unique odds row was assigned.,1,1,1,99.76190476190476,99.76190476190476,,1665.0,1665.0
9687,1686,no_pair_candidate,No valid odds row contains the same unordered player pair.,0,0,0,,,,,
9688,1687,matched,A unique odds row was assigned.,1,1,1,100.0,100.0,,1661.0,1661.0
9689,1688,matched,A unique odds row was assigned.,1,1,1,100.0,100.0,,1662.0,1662.0
9690,1689,matched,A unique odds row was assigned.,1,1,1,100.0,100.0,,1656.0,1656.0
9691,1690,matched,A unique odds row was assigned.,1,1,1,98.33333333333333,98.33333333333333,,1648.0,1648.0
9692,1691,matched,A unique odds row was assigned.,1,1,1,100.0,100.0,,1653.0,1653.0
9693,1692,matched,A unique odds row was assigned.,1,1,1,98.33333333333333,98.33333333333333,,1651.0,1651.0
9694,1693,matched,A unique odds row was assigned.,1,1,1,100.0,100.0,,1654.0,1654.0
9695,1694,matched,A unique odds row was assigned.,1,1,1,98.33333333333333,98.33333333333333,,1649.0,1649.0
9696,1695,matched,A unique odds row was assigned.,1,1,1,100.0,100.0,,1660.0,1660.0
9697,1696,matched,A unique odds row was assigned.,1,1,1,100.0,100.0,,1659.0,1659.0
9698,1697,matched,A unique odds row was assigned.,1,1,1,98.33333333333333,98.33333333333333,,1647.0,1647.0
9699,1698,matched,A unique odds row was assigned.,2,1,1,98.33333333333333,98.33333333333333,,1650.0,1650.0
9700,1699,matched,A unique odds row was assigned.,1,1,1,100.0,100.0,,1658.0,1658.0
9701,1700,matched,A unique odds row was assigned.,1,1,1,100.0,100.0,,1652.0,1652.0
9702,1701,no_pair_candidate,No valid odds row contains the same unordered player pair.,0,0,0,,,,,
9703,1702,matched,A unique odds row was assigned.,1,1,1,100.0,100.0,,1655.0,1655.0
9704,1703,no_pair_candidate,No valid odds row contains the same unordered player pair.,0,0,0,,,,,
9705,1704,no_pair_candidate,No valid odds row contains the same unordered player pair.,0,0,0,,,,,
9706,1705,no_pair_candidate,No valid odds row contains the same unordered player pair.,0,0,0,,,,,
9707,1706,outside_date_window,"Pair candidates exist, but none fall in the allowed event window.",1,0,0,,,,,
9708,1707,no_pair_candidate,No valid odds row contains the same unordered player pair.,0,0,0,,,,,
9709,1708,no_pair_candidate,No valid odds row contains the same unordered player pair.,0,0,0,,,,,
9710,1709,no_pair_candidate,No valid odds row contains the same unordered player pair.,0,0,0,,,,,
9711,1710,no_pair_candidate,No valid odds row contains the same unordered player pair.,0,0,0,,,,,
9712,1711,no_pair_candidate,No valid odds row contains the same unordered player pair.,0,0,0,,,,,
9713,1712,no_pair_candidate,No valid odds row contains the same unordered player pair.,0,0,0,,,,,
9714,1713,no_pair_candidate,No valid odds row contains the same unordered player pair.,0,0,0,,,,,
9715,1714,no_pair_candidate,No valid odds row contains the same unordered player pair.,0,0,0,,,,,
9716,1715,no_pair_candidate,No valid odds row contains the same unordered player pair.,0,0,0,,,,,
9717,1716,no_pair_candidate,No valid odds row contains the same unordered player pair.,0,0,0,,,,,
9718,1717,no_pair_candidate,No valid odds row contains the same unordered player pair.,0,0,0,,,,,
9719,1718,outside_date_window,"Pair candidates exist, but none fall in the allowed event window.",1,0,0,,,,,
9720,1719,no_pair_candidate,No valid odds row contains the same unordered player pair.,0,0,0,,,,,
9721,1720,no_pair_candidate,No valid odds row contains the same unordered player pair.,0,0,0,,,,,
9722,1721,no_pair_candidate,No valid odds row contains the same unordered player pair.,0,0,0,,,,,
9723,1722,outside_date_window,"Pair candidates exist, but none fall in the allowed event window.",1,0,0,,,,,
9724,1723,no_pair_candidate,No valid odds row contains the same unordered player pair.,0,0,0,,,,,
9725,1724,no_pair_candidate,No valid odds row contains the same unordered player pair.,0,0,0,,,,,
9726,1725,outside_date_window,"Pair candidates exist, but none fall in the allowed event window.",1,0,0,,,,,
9727,1726,no_pair_candidate,No valid odds row contains the same unordered player pair.,0,0,0,,,,,
9728,1727,no_pair_candidate,No valid odds row contains the same unordered player pair.,0,0,0,,,,,
9729,1728,outside_date_window,"Pair candidates exist, but none fall in the allowed event window.",1,0,0,,,,,
9730,1729,outside_date_window,"Pair candidates exist, but none fall in the allowed event window.",2,0,0,,,,,
9731,1730,below_min_score,"Date-valid candidates exist, but contextual agreement is too weak.",1,1,0,22.44973544973545,,,,
9732,1731,outside_date_window,"Pair candidates exist, but none fall in the allowed event window.",1,0,0,,,,,
9733,1732,no_pair_candidate,No valid odds row contains the same unordered player pair.,0,0,0,,,,,
9734,1733,outside_date_window,"Pair candidates exist, but none fall in the allowed event window.",1,0,0,,,,,
9735,1734,no_pair_candidate,No valid odds row contains the same unordered player pair.,0,0,0,,,,,
9736,1735,no_pair_candidate,No valid odds row contains the same unordered player pair.,0,0,0,,,,,
9737,1736,no_pair_candidate,No valid odds row contains the same unordered player pair.,0,0,0,,,,,
9738,1737,no_pair_candidate,No valid odds row contains the same unordered player pair.,0,0,0,,,,,
9739,1738,no_pair_candidate,No valid odds row contains the same unordered player pair.,0,0,0,,,,,
9740,1739,no_pair_candidate,No valid odds row contains the same unordered player pair.,0,0,0,,,,,
9741,1740,no_pair_candidate,No valid odds row contains the same unordered player pair.,0,0,0,,,,,
9742,1741,outside_date_window,"Pair candidates exist, but none fall in the allowed event window.",1,0,0,,,,,
9743,1742,no_pair_candidate,No valid odds row contains the same unordered player pair.,0,0,0,,,,,
9744,1743,no_pair_candidate,No valid odds row contains the same unordered player pair.,0,0,0,,,,,
9745,1744,no_pair_candidate,No valid odds row contains the same unordered player pair.,0,0,0,,,,,
9746,1745,no_pair_candidate,No valid odds row contains the same unordered player pair.,0,0,0,,,,,
9747,1746,outside_date_window,"Pair candidates exist, but none fall in the allowed event window.",1,0,0,,,,,
9748,1747,outside_date_window,"Pair candidates exist, but none fall in the allowed event window.",1,0,0,,,,,
9749,1748,no_pair_candidate,No valid odds row contains the same unordered player pair.,0,0,0,,,,,
9750,1749,no_pair_candidate,No valid odds row contains the same unordered player pair.,0,0,0,,,,,
9751,1750,no_pair_candidate,No valid odds row contains the same unordered player pair.,0,0,0,,,,,
9752,1751,no_pair_candidate,No valid odds row contains the same unordered player pair.,0,0,0,,,,,
9753,1752,no_pair_candidate,No valid odds row contains the same unordered player pair.,0,0,0,,,,,
9754,1753,no_pair_candidate,No valid odds row contains the same unordered player pair.,0,0,0,,,,,
9755,1754,no_pair_candidate,No valid odds row contains the same unordered player pair.,0,0,0,,,,,
9756,1755,no_pair_candidate,No valid odds row contains the same unordered player pair.,0,0,0,,,,,
9757,1756,no_pair_candidate,No valid odds row contains the same unordered player pair.,0,0,0,,,,,
9758,1757,no_pair_candidate,No valid odds row contains the same unordered player pair.,0,0,0,,,,,
9759,1758,no_pair_candidate,No valid odds row contains the same unordered player pair.,0,0,0,,,,,
9760,1759,outside_date_window,"Pair candidates exist, but none fall in the allowed event window.",2,0,0,,,,,
9761,1760,no_pair_candidate,No valid odds row contains the same unordered player pair.,0,0,0,,,,,
9762,1761,no_pair_candidate,No valid odds row contains the same unordered player pair.,0,0,0,,,,,
9763,1762,outside_date_window,"Pair candidates exist, but none fall in the allowed event window.",1,0,0,,,,,
9764,1763,outside_date_window,"Pair candidates exist, but none fall in the allowed event window.",1,0,0,,,,,
9765,1764,no_pair_candidate,No valid odds row contains the same unordered player pair.,0,0,0,,,,,
9766,1765,outside_date_window,"Pair candidates exist, but none fall in the allowed event window.",1,0,0,,,,,
9767,1766,no_pair_candidate,No valid odds row contains the same unordered player pair.,0,0,0,,,,,
9768,1767,matched,A unique odds row was assigned.,1,1,1,56.14285714285714,56.14285714285714,,1704.0,1704.0
9769,1768,matched,A unique odds row was assigned.,1,1,1,56.38095238095238,56.38095238095238,,1703.0,1703.0
9770,1769,matched,A unique odds row was assigned.,1,1,1,56.38095238095238,56.38095238095238,,1702.0,1702.0
9771,1770,matched,A unique odds row was assigned.,2,1,1,56.38095238095238,56.38095238095238,,1701.0,1701.0
9772,1771,matched,A unique odds row was assigned.,1,1,1,56.61904761904762,56.61904761904762,,1700.0,1700.0
9773,1772,matched,A unique odds row was assigned.,1,1,1,56.61904761904762,56.61904761904762,,1699.0,1699.0
9774,1773,matched,A unique odds row was assigned.,2,2,1,56.61904761904762,56.61904761904762,,1698.0,1698.0
9775,1774,matched,A unique odds row was assigned.,1,1,1,56.857142857142854,56.857142857142854,,1692.0,1692.0
9776,1775,matched,A unique odds row was assigned.,2,1,1,56.857142857142854,56.857142857142854,,1694.0,1694.0
9777,1776,matched,A unique odds row was assigned.,2,1,1,56.61904761904762,56.61904761904762,,1697.0,1697.0
9778,1777,matched,A unique odds row was assigned.,1,1,1,56.857142857142854,56.857142857142854,,1696.0,1696.0
9779,1778,matched,A unique odds row was assigned.,2,1,1,57.095238095238095,57.095238095238095,,1691.0,1691.0
9780,1779,matched,A unique odds row was assigned.,1,1,1,56.857142857142854,56.857142857142854,,1695.0,1695.0
9781,1780,matched,A unique odds row was assigned.,2,1,1,57.095238095238095,57.095238095238095,,1690.0,1690.0
9782,1781,matched,A unique odds row was assigned.,1,1,1,56.857142857142854,56.857142857142854,,1693.0,1693.0
9783,1782,matched,A unique odds row was assigned.,1,1,1,57.33333333333333,57.33333333333333,,1684.0,1684.0
9784,1783,no_pair_candidate,No valid odds row contains the same unordered player pair.,0,0,0,,,,,
9785,1784,matched,A unique odds row was assigned.,1,1,1,57.33333333333333,57.33333333333333,,1687.0,1687.0
9786,1785,matched,A unique odds row was assigned.,1,1,1,57.57142857142857,57.57142857142857,,1681.0,1681.0
9787,1786,matched,A unique odds row was assigned.,1,1,1,57.33333333333333,57.33333333333333,,1686.0,1686.0
9788,1787,matched,A unique odds row was assigned.,1,1,1,57.33333333333333,57.33333333333333,,1685.0,1685.0
9789,1788,matched,A unique odds row was assigned.,2,1,1,57.33333333333333,57.33333333333333,,1682.0,1682.0
9790,1789,matched,A unique odds row was assigned.,1,1,1,57.33333333333333,57.33333333333333,,1688.0,1688.0
9791,1790,matched,A unique odds row was assigned.,1,1,1,57.095238095238095,57.095238095238095,,1689.0,1689.0
9792,1791,matched,A unique odds row was assigned.,1,1,1,57.57142857142857,57.57142857142857,,1679.0,1679.0
9793,1792,matched,A unique odds row was assigned.,1,1,1,57.33333333333333,57.33333333333333,,1683.0,1683.0
9794,1793,matched,A unique odds row was assigned.,1,1,1,57.57142857142857,57.57142857142857,,1678.0,1678.0
9795,1794,matched,A unique odds row was assigned.,2,1,1,49.2,49.2,,1759.0,1759.0
9796,1795,matched,A unique odds row was assigned.,2,1,1,49.43809523809524,49.43809523809524,,1758.0,1758.0
9797,1796,matched,A unique odds row was assigned.,1,1,1,49.43809523809524,49.43809523809524,,1757.0,1757.0
9798,1797,matched,A unique odds row was assigned.,2,1,1,49.43809523809524,49.43809523809524,,1756.0,1756.0
9799,1798,matched,A unique odds row was assigned.,1,1,1,49.43809523809524,49.43809523809524,,1755.0,1755.0
9800,1799,matched,A unique odds row was assigned.,1,1,1,49.67619047619048,49.67619047619048,,1753.0,1753.0
9801,1800,matched,A unique odds row was assigned.,2,1,1,49.67619047619048,49.67619047619048,,1754.0,1754.0
9802,1801,matched,A unique odds row was assigned.,1,1,1,49.67619047619048,49.67619047619048,,1751.0,1751.0
9803,1802,matched,A unique odds row was assigned.,1,1,1,49.91428571428571,49.91428571428571,,1750.0,1750.0
9804,1803,matched,A unique odds row was assigned.,2,1,1,49.91428571428571,49.91428571428571,,1747.0,1747.0
9805,1804,matched,A unique odds row was assigned.,2,1,1,49.91428571428571,49.91428571428571,,1749.0,1749.0
9806,1805,matched,A unique odds row was assigned.,2,1,1,49.91428571428571,49.91428571428571,,1746.0,1746.0
9807,1806,matched,A unique odds row was assigned.,1,1,1,49.91428571428571,49.91428571428571,,1745.0,1745.0
9808,1807,matched,A unique odds row was assigned.,1,1,1,49.91428571428571,49.91428571428571,,1748.0,1748.0
9809,1808,matched,A unique odds row was assigned.,1,1,1,49.67619047619048,49.67619047619048,,1752.0,1752.0
9810,1809,matched,A unique odds row was assigned.,1,1,1,50.15238095238095,50.15238095238095,,1734.0,1734.0
9811,1810,matched,A unique odds row was assigned.,2,1,1,50.15238095238095,50.15238095238095,,1732.0,1732.0
9812,1811,matched,A unique odds row was assigned.,3,1,1,49.91428571428571,49.91428571428571,,1744.0,1744.0
9813,1812,matched,A unique odds row was assigned.,1,1,1,50.15238095238095,50.15238095238095,,1733.0,1733.0
9814,1813,no_pair_candidate,No valid odds row contains the same unordered player pair.,0,0,0,,,,,
9815,1814,matched,A unique odds row was assigned.,2,1,1,50.15238095238095,50.15238095238095,,1738.0,1738.0
9816,1815,matched,A unique odds row was assigned.,1,1,1,49.91428571428571,49.91428571428571,,1743.0,1743.0
9817,1816,matched,A unique odds row was assigned.,1,1,1,50.15238095238095,50.15238095238095,,1737.0,1737.0
9818,1817,matched,A unique odds row was assigned.,1,1,1,50.15238095238095,50.15238095238095,,1736.0,1736.0
9819,1818,matched,A unique odds row was assigned.,1,1,1,50.15238095238095,50.15238095238095,,1731.0,1731.0
9820,1819,matched,A unique odds row was assigned.,1,1,1,50.15238095238095,50.15238095238095,,1735.0,1735.0
9821,1820,matched,A unique odds row was assigned.,1,1,1,50.15238095238095,50.15238095238095,,1741.0,1741.0
9822,1821,matched,A unique odds row was assigned.,2,1,1,50.15238095238095,50.15238095238095,,1740.0,1740.0
9823,1822,matched,A unique odds row was assigned.,1,1,1,50.15238095238095,50.15238095238095,,1730.0,1730.0
9824,1823,matched,A unique odds row was assigned.,4,1,1,50.15238095238095,50.15238095238095,,1739.0,1739.0
9825,1824,matched,A unique odds row was assigned.,1,1,1,49.91428571428571,49.91428571428571,,1742.0,1742.0
9826,1825,matched,A unique odds row was assigned.,1,1,1,50.628571428571426,50.628571428571426,,1709.0,1709.0
9827,1826,matched,A unique odds row was assigned.,1,1,1,50.628571428571426,50.628571428571426,,1706.0,1706.0
9828,1827,matched,A unique odds row was assigned.,1,1,1,50.39047619047619,50.39047619047619,,1720.0,1720.0
9829,1828,matched,A unique odds row was assigned.,1,1,1,50.39047619047619,50.39047619047619,,1724.0,1724.0
9830,1829,matched,A unique odds row was assigned.,1,1,1,50.39047619047619,50.39047619047619,,1716.0,1716.0
9831,1830,matched,A unique odds row was assigned.,1,1,1,50.628571428571426,50.628571428571426,,1707.0,1707.0
9832,1831,no_pair_candidate,No valid odds row contains the same unordered player pair.,0,0,0,,,,,
9833,1832,matched,A unique odds row was assigned.,1,1,1,50.39047619047619,50.39047619047619,,1725.0,1725.0
9834,1833,matched,A unique odds row was assigned.,1,1,1,50.15238095238095,50.15238095238095,,1728.0,1728.0
9835,1834,matched,A unique odds row was assigned.,1,1,1,50.628571428571426,50.628571428571426,,1710.0,1710.0
9836,1835,matched,A unique odds row was assigned.,1,1,1,50.39047619047619,50.39047619047619,,1715.0,1715.0
9837,1836,matched,A unique odds row was assigned.,1,1,1,50.39047619047619,50.39047619047619,,1721.0,1721.0
9838,1837,matched,A unique odds row was assigned.,1,1,1,50.39047619047619,50.39047619047619,,1723.0,1723.0
9839,1838,matched,A unique odds row was assigned.,1,1,1,50.628571428571426,50.628571428571426,,1708.0,1708.0
9840,1839,matched,A unique odds row was assigned.,1,1,1,50.628571428571426,50.628571428571426,,1705.0,1705.0
9841,1840,matched,A unique odds row was assigned.,1,1,1,50.628571428571426,50.628571428571426,,1712.0,1712.0
9842,1841,matched,A unique odds row was assigned.,1,1,1,50.39047619047619,50.39047619047619,,1719.0,1719.0
9843,1842,matched,A unique odds row was assigned.,1,1,1,50.39047619047619,50.39047619047619,,1718.0,1718.0
9844,1843,matched,A unique odds row was assigned.,2,2,1,50.39047619047619,50.39047619047619,,1722.0,1722.0
9845,1844,matched,A unique odds row was assigned.,1,1,1,50.39047619047619,50.39047619047619,,1713.0,1713.0
9846,1845,matched,A unique odds row was assigned.,1,1,1,50.39047619047619,50.39047619047619,,1714.0,1714.0
9847,1846,matched,A unique odds row was assigned.,1,1,1,50.39047619047619,50.39047619047619,,1717.0,1717.0
9848,1847,matched,A unique odds row was assigned.,1,1,1,50.39047619047619,50.39047619047619,,1726.0,1726.0
9849,1848,matched,A unique odds row was assigned.,1,1,1,50.39047619047619,50.39047619047619,,1727.0,1727.0
9850,1849,matched,A unique odds row was assigned.,3,1,1,52.371428571428574,52.371428571428574,,1812.0,1812.0
9851,1850,matched,A unique odds row was assigned.,2,1,1,52.371428571428574,52.371428571428574,,1813.0,1813.0
9852,1851,matched,A unique odds row was assigned.,1,1,1,52.609523809523814,52.609523809523814,,1808.0,1808.0
9853,1852,matched,A unique odds row was assigned.,1,1,1,52.609523809523814,52.609523809523814,,1809.0,1809.0
9854,1853,matched,A unique odds row was assigned.,2,1,1,52.609523809523814,52.609523809523814,,1810.0,1810.0
9855,1854,matched,A unique odds row was assigned.,2,1,1,52.371428571428574,52.371428571428574,,1811.0,1811.0
9856,1855,matched,A unique odds row was assigned.,2,1,1,52.84761904761905,52.84761904761905,,1801.0,1801.0
9857,1856,matched,A unique odds row was assigned.,3,1,1,52.84761904761905,52.84761904761905,,1802.0,1802.0
9858,1857,matched,A unique odds row was assigned.,2,1,1,52.84761904761905,52.84761904761905,,1803.0,1803.0
9859,1858,matched,A unique odds row was assigned.,2,1,1,52.84761904761905,52.84761904761905,,1800.0,1800.0
9860,1859,matched,A unique odds row was assigned.,1,1,1,52.609523809523814,52.609523809523814,,1806.0,1806.0
9861,1860,matched,A unique odds row was assigned.,3,1,1,52.84761904761905,52.84761904761905,,1804.0,1804.0
9862,1861,matched,A unique odds row was assigned.,1,1,1,52.609523809523814,52.609523809523814,,1807.0,1807.0
9863,1862,matched,A unique odds row was assigned.,2,1,1,52.84761904761905,52.84761904761905,,1805.0,1805.0
9864,1863,matched,A unique odds row was assigned.,1,1,1,53.08571428571429,53.08571428571429,,1785.0,1785.0
9865,1864,matched,A unique odds row was assigned.,1,1,1,53.32380952380953,53.32380952380953,,1784.0,1784.0
9866,1865,no_pair_candidate,No valid odds row contains the same unordered player pair.,0,0,0,,,,,
9867,1866,matched,A unique odds row was assigned.,2,1,1,53.08571428571429,53.08571428571429,,1796.0,1796.0
9868,1867,matched,A unique odds row was assigned.,1,1,1,53.08571428571429,53.08571428571429,,1790.0,1790.0
9869,1868,matched,A unique odds row was assigned.,1,1,1,53.08571428571429,53.08571428571429,,1786.0,1786.0
9870,1869,matched,A unique odds row was assigned.,3,1,1,53.08571428571429,53.08571428571429,,1791.0,1791.0
9871,1870,matched,A unique odds row was assigned.,1,1,1,53.08571428571429,53.08571428571429,,1788.0,1788.0
9872,1871,matched,A unique odds row was assigned.,2,1,1,52.84761904761905,52.84761904761905,,1797.0,1797.0
9873,1872,matched,A unique odds row was assigned.,1,1,1,53.08571428571429,53.08571428571429,,1792.0,1792.0
9874,1873,matched,A unique odds row was assigned.,1,1,1,53.08571428571429,53.08571428571429,,1789.0,1789.0
9875,1874,matched,A unique odds row was assigned.,2,1,1,53.08571428571429,53.08571428571429,,1787.0,1787.0
9876,1875,matched,A unique odds row was assigned.,1,1,1,52.84761904761905,52.84761904761905,,1799.0,1799.0
9877,1876,matched,A unique odds row was assigned.,1,1,1,52.84761904761905,52.84761904761905,,1798.0,1798.0
9878,1877,matched,A unique odds row was assigned.,1,1,1,53.08571428571429,53.08571428571429,,1794.0,1794.0
9879,1878,matched,A unique odds row was assigned.,1,1,1,53.08571428571429,53.08571428571429,,1793.0,1793.0
9880,1879,matched,A unique odds row was assigned.,1,1,1,53.56190476190476,53.56190476190476,,1760.0,1760.0
9881,1880,matched,A unique odds row was assigned.,2,2,1,53.56190476190476,53.56190476190476,,1763.0,1763.0
9882,1881,matched,A unique odds row was assigned.,2,1,1,53.56190476190476,53.56190476190476,,1762.0,1762.0
9883,1882,matched,A unique odds row was assigned.,1,1,1,53.32380952380953,53.32380952380953,,1779.0,1779.0
9884,1883,no_pair_candidate,No valid odds row contains the same unordered player pair.,0,0,0,,,,,
9885,1884,matched,A unique odds row was assigned.,1,1,1,53.32380952380953,53.32380952380953,,1769.0,1769.0
9886,1885,matched,A unique odds row was assigned.,1,1,1,53.56190476190476,53.56190476190476,,1766.0,1766.0
9887,1886,matched,A unique odds row was assigned.,1,1,1,53.32380952380953,53.32380952380953,,1767.0,1767.0
9888,1887,matched,A unique odds row was assigned.,1,1,1,53.32380952380953,53.32380952380953,,1777.0,1777.0
9889,1888,no_pair_candidate,No valid odds row contains the same unordered player pair.,0,0,0,,,,,
9890,1889,matched,A unique odds row was assigned.,1,1,1,53.32380952380953,53.32380952380953,,1768.0,1768.0
9891,1890,matched,A unique odds row was assigned.,1,1,1,53.32380952380953,53.32380952380953,,1771.0,1771.0
9892,1891,matched,A unique odds row was assigned.,1,1,1,53.32380952380953,53.32380952380953,,1780.0,1780.0
9893,1892,matched,A unique odds row was assigned.,1,1,1,53.32380952380953,53.32380952380953,,1776.0,1776.0
9894,1893,matched,A unique odds row was assigned.,1,1,1,53.56190476190476,53.56190476190476,,1765.0,1765.0
9895,1894,matched,A unique odds row was assigned.,1,1,1,53.56190476190476,53.56190476190476,,1764.0,1764.0
9896,1895,matched,A unique odds row was assigned.,1,1,1,53.32380952380953,53.32380952380953,,1772.0,1772.0
9897,1896,matched,A unique odds row was assigned.,1,1,1,53.32380952380953,53.32380952380953,,1775.0,1775.0
9898,1897,matched,A unique odds row was assigned.,2,1,1,53.08571428571429,53.08571428571429,,1782.0,1782.0
9899,1898,matched,A unique odds row was assigned.,3,1,1,53.08571428571429,53.08571428571429,,1783.0,1783.0
9900,1899,matched,A unique odds row was assigned.,3,1,1,53.32380952380953,53.32380952380953,,1781.0,1781.0
9901,1900,matched,A unique odds row was assigned.,1,1,1,53.32380952380953,53.32380952380953,,1774.0,1774.0
9902,1901,matched,A unique odds row was assigned.,1,1,1,53.32380952380953,53.32380952380953,,1773.0,1773.0
9903,1902,matched,A unique odds row was assigned.,1,1,1,53.32380952380953,53.32380952380953,,1770.0,1770.0
9904,1903,matched,A unique odds row was assigned.,2,1,1,52.13333333333334,52.13333333333334,,1814.0,1814.0
9905,1904,matched,A unique odds row was assigned.,1,1,1,65.80952380952381,65.80952380952381,,1845.0,1845.0
9906,1905,matched,A unique odds row was assigned.,1,1,1,65.80952380952381,65.80952380952381,,1844.0,1844.0
9907,1906,matched,A unique odds row was assigned.,1,1,1,66.04761904761905,66.04761904761905,,1843.0,1843.0
9908,1907,matched,A unique odds row was assigned.,1,1,1,66.28571428571429,66.28571428571429,,1841.0,1841.0
9909,1908,matched,A unique odds row was assigned.,1,1,1,66.28571428571429,66.28571428571429,,1842.0,1842.0
9910,1909,matched,A unique odds row was assigned.,1,1,1,66.28571428571429,66.28571428571429,,1840.0,1840.0
9911,1910,matched,A unique odds row was assigned.,1,1,1,66.28571428571429,66.28571428571429,,1839.0,1839.0
9912,1911,matched,A unique odds row was assigned.,1,1,1,66.52380952380952,66.52380952380952,,1835.0,1835.0
9913,1912,matched,A unique odds row was assigned.,1,1,1,66.52380952380952,66.52380952380952,,1837.0,1837.0
9914,1913,matched,A unique odds row was assigned.,1,1,1,66.52380952380952,66.52380952380952,,1836.0,1836.0
9915,1914,matched,A unique odds row was assigned.,1,1,1,66.28571428571429,66.28571428571429,,1838.0,1838.0
9916,1915,matched,A unique odds row was assigned.,1,1,1,66.52380952380952,66.52380952380952,,1831.0,1831.0
9917,1916,no_pair_candidate,No valid odds row contains the same unordered player pair.,0,0,0,,,,,
9918,1917,matched,A unique odds row was assigned.,1,1,1,66.52380952380952,66.52380952380952,,1834.0,1834.0
9919,1918,matched,A unique odds row was assigned.,1,1,1,66.52380952380952,66.52380952380952,,1833.0,1833.0
9920,1919,matched,A unique odds row was assigned.,1,1,1,66.76190476190476,66.76190476190476,,1830.0,1830.0
9921,1920,matched,A unique odds row was assigned.,1,1,1,67.0,67.0,,1821.0,1821.0
9922,1921,matched,A unique odds row was assigned.,1,1,1,67.0,67.0,,1818.0,1818.0
9923,1922,matched,A unique odds row was assigned.,2,1,1,66.76190476190476,66.76190476190476,,1823.0,1823.0
9924,1923,matched,A unique odds row was assigned.,1,1,1,66.76190476190476,66.76190476190476,,1824.0,1824.0
9925,1924,matched,A unique odds row was assigned.,1,1,1,66.76190476190476,66.76190476190476,,1825.0,1825.0
9926,1925,matched,A unique odds row was assigned.,1,1,1,66.76190476190476,66.76190476190476,,1826.0,1826.0
9927,1926,matched,A unique odds row was assigned.,1,1,1,66.76190476190476,66.76190476190476,,1827.0,1827.0
9928,1927,matched,A unique odds row was assigned.,1,1,1,67.0,67.0,,1822.0,1822.0
9929,1928,matched,A unique odds row was assigned.,1,1,1,67.0,67.0,,1817.0,1817.0
9930,1929,matched,A unique odds row was assigned.,1,1,1,67.0,67.0,,1819.0,1819.0
9931,1930,no_pair_candidate,No valid odds row contains the same unordered player pair.,0,0,0,,,,,
9932,1931,matched,A unique odds row was assigned.,1,1,1,67.0,67.0,,1816.0,1816.0
9933,1932,matched,A unique odds row was assigned.,2,2,1,67.0,67.0,,1820.0,1820.0
9934,1933,matched,A unique odds row was assigned.,1,1,1,66.76190476190476,66.76190476190476,,1828.0,1828.0
9935,1934,matched,A unique odds row was assigned.,2,1,1,66.76190476190476,66.76190476190476,,1829.0,1829.0
9936,1935,matched,A unique odds row was assigned.,2,1,1,98.57142857142857,98.57142857142857,,1872.0,1872.0
9937,1936,matched,A unique odds row was assigned.,1,1,1,98.80952380952381,98.80952380952381,,1870.0,1870.0
9938,1937,matched,A unique odds row was assigned.,1,1,1,98.80952380952381,98.80952380952381,,1871.0,1871.0
9939,1938,matched,A unique odds row was assigned.,1,1,1,99.28571428571429,99.28571428571429,,1866.0,1866.0
9940,1939,matched,A unique odds row was assigned.,1,1,1,99.04761904761905,99.04761904761905,,1867.0,1867.0
9941,1940,matched,A unique odds row was assigned.,2,1,1,99.04761904761905,99.04761904761905,,1869.0,1869.0
9942,1941,matched,A unique odds row was assigned.,3,1,1,99.04761904761905,99.04761904761905,,1868.0,1868.0
9943,1942,matched,A unique odds row was assigned.,2,1,1,99.52380952380952,99.52380952380952,,1858.0,1858.0
9944,1943,matched,A unique odds row was assigned.,1,1,1,99.52380952380952,99.52380952380952,,1859.0,1859.0
9945,1944,matched,A unique odds row was assigned.,1,1,1,99.28571428571429,99.28571428571429,,1864.0,1864.0
9946,1945,matched,A unique odds row was assigned.,2,1,1,99.52380952380952,99.52380952380952,,1860.0,1860.0
9947,1946,no_pair_candidate,No valid odds row contains the same unordered player pair.,0,0,0,,,,,
9948,1947,matched,A unique odds row was assigned.,1,1,1,99.28571428571429,99.28571428571429,,1862.0,1862.0
9949,1948,matched,A unique odds row was assigned.,1,1,1,99.28571428571429,99.28571428571429,,1863.0,1863.0
9950,1949,no_pair_candidate,No valid odds row contains the same unordered player pair.,0,0,0,,,,,
9951,1950,matched,A unique odds row was assigned.,1,1,1,100.0,100.0,,1846.0,1846.0
9952,1951,matched,A unique odds row was assigned.,1,1,1,99.76190476190476,99.76190476190476,,1849.0,1849.0
9953,1952,matched,A unique odds row was assigned.,2,1,1,100.0,100.0,,1847.0,1847.0
9954,1953,matched,A unique odds row was assigned.,1,1,1,99.76190476190476,99.76190476190476,,1854.0,1854.0
9955,1954,matched,A unique odds row was assigned.,1,1,1,99.76190476190476,99.76190476190476,,1852.0,1852.0
9956,1955,matched,A unique odds row was assigned.,1,1,1,99.52380952380952,99.52380952380952,,1855.0,1855.0
9957,1956,matched,A unique odds row was assigned.,1,1,1,99.76190476190476,99.76190476190476,,1853.0,1853.0
9958,1957,no_pair_candidate,No valid odds row contains the same unordered player pair.,0,0,0,,,,,
9959,1958,matched,A unique odds row was assigned.,1,1,1,99.76190476190476,99.76190476190476,,1851.0,1851.0
9960,1959,matched,A unique odds row was assigned.,1,1,1,99.52380952380952,99.52380952380952,,1856.0,1856.0
9961,1960,matched,A unique odds row was assigned.,1,1,1,99.76190476190476,99.76190476190476,,1848.0,1848.0
9962,1961,no_pair_candidate,No valid odds row contains the same unordered player pair.,0,0,0,,,,,
9963,1962,matched,A unique odds row was assigned.,1,1,1,99.76190476190476,99.76190476190476,,1913.0,1913.0
9964,1963,matched,A unique odds row was assigned.,1,1,1,99.76190476190476,99.76190476190476,,1912.0,1912.0
9965,1964,matched,A unique odds row was assigned.,1,1,1,99.76190476190476,99.76190476190476,,1914.0,1914.0
9966,1965,matched,A unique odds row was assigned.,1,1,1,99.76190476190476,99.76190476190476,,1906.0,1906.0
9967,1966,no_pair_candidate,No valid odds row contains the same unordered player pair.,0,0,0,,,,,
9968,1967,matched,A unique odds row was assigned.,1,1,1,99.76190476190476,99.76190476190476,,1909.0,1909.0
9969,1968,matched,A unique odds row was assigned.,1,1,1,99.76190476190476,99.76190476190476,,1931.0,1931.0
9970,1969,matched,A unique odds row was assigned.,1,1,1,99.76190476190476,99.76190476190476,,1930.0,1930.0
9971,1970,matched,A unique odds row was assigned.,2,1,1,99.76190476190476,99.76190476190476,,1907.0,1907.0
9972,1971,matched,A unique odds row was assigned.,1,1,1,99.76190476190476,99.76190476190476,,1908.0,1908.0
9973,1972,matched,A unique odds row was assigned.,2,1,1,99.76190476190476,99.76190476190476,,1924.0,1924.0
9974,1973,matched,A unique odds row was assigned.,1,1,1,99.76190476190476,99.76190476190476,,1929.0,1929.0
9975,1974,matched,A unique odds row was assigned.,1,1,1,99.76190476190476,99.76190476190476,,1911.0,1911.0
9976,1975,matched,A unique odds row was assigned.,1,1,1,99.76190476190476,99.76190476190476,,1920.0,1920.0
9977,1976,matched,A unique odds row was assigned.,1,1,1,99.52380952380952,99.52380952380952,,1935.0,1935.0
9978,1977,matched,A unique odds row was assigned.,1,1,1,99.52380952380952,99.52380952380952,,1936.0,1936.0
9979,1978,matched,A unique odds row was assigned.,1,1,1,99.76190476190476,99.76190476190476,,1922.0,1922.0
9980,1979,matched,A unique odds row was assigned.,1,1,1,99.76190476190476,99.76190476190476,,1910.0,1910.0
9981,1980,matched,A unique odds row was assigned.,1,1,1,99.76190476190476,99.76190476190476,,1916.0,1916.0
9982,1981,matched,A unique odds row was assigned.,1,1,1,99.76190476190476,99.76190476190476,,1918.0,1918.0
9983,1982,matched,A unique odds row was assigned.,1,1,1,99.76190476190476,99.76190476190476,,1932.0,1932.0
9984,1983,matched,A unique odds row was assigned.,1,1,1,99.76190476190476,99.76190476190476,,1928.0,1928.0
9985,1984,matched,A unique odds row was assigned.,1,1,1,99.76190476190476,99.76190476190476,,1921.0,1921.0
9986,1985,matched,A unique odds row was assigned.,1,1,1,99.76190476190476,99.76190476190476,,1919.0,1919.0
9987,1986,matched,A unique odds row was assigned.,1,1,1,99.76190476190476,99.76190476190476,,1917.0,1917.0
9988,1987,matched,A unique odds row was assigned.,1,1,1,99.76190476190476,99.76190476190476,,1905.0,1905.0
9989,1988,matched,A unique odds row was assigned.,1,1,1,99.76190476190476,99.76190476190476,,1927.0,1927.0
9990,1989,matched,A unique odds row was assigned.,3,1,1,99.76190476190476,99.76190476190476,,1926.0,1926.0
9991,1990,matched,A unique odds row was assigned.,1,1,1,99.52380952380952,99.52380952380952,,1933.0,1933.0
9992,1991,no_pair_candidate,No valid odds row contains the same unordered player pair.,0,0,0,,,,,
9993,1992,no_pair_candidate,No valid odds row contains the same unordered player pair.,0,0,0,,,,,
9994,1993,matched,A unique odds row was assigned.,3,1,1,99.52380952380952,99.52380952380952,,1934.0,1934.0
9995,1994,no_pair_candidate,No valid odds row contains the same unordered player pair.,0,0,0,,,,,
9996,1995,matched,A unique odds row was assigned.,1,1,1,99.76190476190476,99.76190476190476,,1901.0,1901.0
9997,1996,matched,A unique odds row was assigned.,2,1,1,100.0,100.0,,1889.0,1889.0
9998,1997,matched,A unique odds row was assigned.,1,1,1,100.0,100.0,,1884.0,1884.0
9999,1998,matched,A unique odds row was assigned.,1,1,1,99.76190476190476,99.76190476190476,,1898.0,1898.0
10000,1999,matched,A unique odds row was assigned.,2,1,1,99.76190476190476,99.76190476190476,,1900.0,1900.0
10001,2000,no_pair_candidate,No valid odds row contains the same unordered player pair.,0,0,0,,,,,
10002,2001,matched,A unique odds row was assigned.,1,1,1,100.0,100.0,,1879.0,1879.0
10003,2002,matched,A unique odds row was assigned.,1,1,1,100.0,100.0,,1896.0,1896.0
10004,2003,matched,A unique odds row was assigned.,2,1,1,100.0,100.0,,1893.0,1893.0
10005,2004,matched,A unique odds row was assigned.,1,1,1,99.76190476190476,99.76190476190476,,1899.0,1899.0
10006,2005,matched,A unique odds row was assigned.,1,1,1,100.0,100.0,,1894.0,1894.0
10007,2006,matched,A unique odds row was assigned.,1,1,1,100.0,100.0,,1876.0,1876.0
10008,2007,matched,A unique odds row was assigned.,1,1,1,100.0,100.0,,1882.0,1882.0
10009,2008,matched,A unique odds row was assigned.,1,1,1,100.0,100.0,,1883.0,1883.0
10010,2009,matched,A unique odds row was assigned.,2,1,1,100.0,100.0,,1885.0,1885.0
10011,2010,matched,A unique odds row was assigned.,2,1,1,100.0,100.0,,1877.0,1877.0
10012,2011,matched,A unique odds row was assigned.,1,1,1,100.0,100.0,,1875.0,1875.0
10013,2012,matched,A unique odds row was assigned.,1,1,1,100.0,100.0,,1887.0,1887.0
10014,2013,matched,A unique odds row was assigned.,1,1,1,100.0,100.0,,1873.0,1873.0
10015,2014,matched,A unique odds row was assigned.,1,1,1,100.0,100.0,,1878.0,1878.0
10016,2015,matched,A unique odds row was assigned.,1,1,1,100.0,100.0,,1881.0,1881.0
10017,2016,matched,A unique odds row was assigned.,1,1,1,100.0,100.0,,1888.0,1888.0
10018,2017,matched,A unique odds row was assigned.,2,1,1,100.0,100.0,,1874.0,1874.0
10019,2018,matched,A unique odds row was assigned.,1,1,1,100.0,100.0,,1891.0,1891.0
10020,2019,matched,A unique odds row was assigned.,1,1,1,100.0,100.0,,1886.0,1886.0
10021,2020,matched,A unique odds row was assigned.,1,1,1,100.0,100.0,,1892.0,1892.0
10022,2021,matched,A unique odds row was assigned.,1,1,1,100.0,100.0,,1890.0,1890.0
10023,2022,matched,A unique odds row was assigned.,3,1,1,99.76190476190476,99.76190476190476,,1902.0,1902.0
10024,2023,matched,A unique odds row was assigned.,1,1,1,100.0,100.0,,1895.0,1895.0
10025,2024,matched,A unique odds row was assigned.,1,1,1,99.76190476190476,99.76190476190476,,1903.0,1903.0
10026,2025,matched,A unique odds row was assigned.,1,1,1,99.76190476190476,99.76190476190476,,1904.0,1904.0
10027,2026,matched,A unique odds row was assigned.,1,1,1,99.28571428571429,99.28571428571429,,1963.0,1963.0
10028,2027,matched,A unique odds row was assigned.,1,1,1,99.28571428571429,99.28571428571429,,1965.0,1965.0
10029,2028,matched,A unique odds row was assigned.,1,1,1,99.28571428571429,99.28571428571429,,1960.0,1960.0
10030,2029,matched,A unique odds row was assigned.,1,1,1,99.28571428571429,99.28571428571429,,1958.0,1958.0
10031,2030,matched,A unique odds row was assigned.,1,1,1,99.28571428571429,99.28571428571429,,1957.0,1957.0
10032,2031,matched,A unique odds row was assigned.,1,1,1,99.28571428571429,99.28571428571429,,1954.0,1954.0
10033,2032,matched,A unique odds row was assigned.,1,1,1,99.28571428571429,99.28571428571429,,1956.0,1956.0
10034,2033,matched,A unique odds row was assigned.,1,1,1,99.28571428571429,99.28571428571429,,1964.0,1964.0
10035,2034,matched,A unique odds row was assigned.,1,1,1,99.28571428571429,99.28571428571429,,1966.0,1966.0
10036,2035,matched,A unique odds row was assigned.,1,1,1,99.04761904761905,99.04761904761905,,1968.0,1968.0
10037,2036,matched,A unique odds row was assigned.,1,1,1,99.28571428571429,99.28571428571429,,1961.0,1961.0
10038,2037,matched,A unique odds row was assigned.,2,1,1,99.28571428571429,99.28571428571429,,1953.0,1953.0
10039,2038,matched,A unique odds row was assigned.,1,1,1,99.04761904761905,99.04761904761905,,1967.0,1967.0
10040,2039,matched,A unique odds row was assigned.,1,1,1,99.28571428571429,99.28571428571429,,1962.0,1962.0
10041,2040,no_pair_candidate,No valid odds row contains the same unordered player pair.,0,0,0,,,,,
10042,2041,no_pair_candidate,No valid odds row contains the same unordered player pair.,0,0,0,,,,,
10043,2042,matched,A unique odds row was assigned.,1,1,1,99.52380952380952,99.52380952380952,,1940.0,1940.0
10044,2043,matched,A unique odds row was assigned.,2,1,1,99.52380952380952,99.52380952380952,,1937.0,1937.0
10045,2044,matched,A unique odds row was assigned.,2,1,1,99.28571428571429,99.28571428571429,,1949.0,1949.0
10046,2045,matched,A unique odds row was assigned.,1,1,1,99.52380952380952,99.52380952380952,,1943.0,1943.0
10047,2046,matched,A unique odds row was assigned.,1,1,1,99.52380952380952,99.52380952380952,,1947.0,1947.0
10048,2047,matched,A unique odds row was assigned.,1,1,1,99.52380952380952,99.52380952380952,,1944.0,1944.0
10049,2048,matched,A unique odds row was assigned.,2,1,1,99.28571428571429,99.28571428571429,,1951.0,1951.0
10050,2049,matched,A unique odds row was assigned.,1,1,1,99.28571428571429,99.28571428571429,,1950.0,1950.0
10051,2050,matched,A unique odds row was assigned.,1,1,1,99.52380952380952,99.52380952380952,,1942.0,1942.0
10052,2051,matched,A unique odds row was assigned.,1,1,1,99.52380952380952,99.52380952380952,,1939.0,1939.0
10053,2052,matched,A unique odds row was assigned.,2,1,1,99.52380952380952,99.52380952380952,,1948.0,1948.0
10054,2053,matched,A unique odds row was assigned.,3,1,1,99.28571428571429,99.28571428571429,,1952.0,1952.0
10055,2054,matched,A unique odds row was assigned.,1,1,1,99.52380952380952,99.52380952380952,,1941.0,1941.0
10056,2055,matched,A unique odds row was assigned.,1,1,1,99.52380952380952,99.52380952380952,,1938.0,1938.0
10057,2056,matched,A unique odds row was assigned.,1,1,1,99.52380952380952,99.52380952380952,,1945.0,1945.0
10058,2057,matched,A unique odds row was assigned.,2,1,1,99.52380952380952,99.52380952380952,,1946.0,1946.0
10059,2058,matched,A unique odds row was assigned.,1,1,1,98.57142857142857,98.57142857142857,,1983.0,1983.0
10060,2059,matched,A unique odds row was assigned.,1,1,1,98.80952380952381,98.80952380952381,,1981.0,1981.0
10061,2060,matched,A unique odds row was assigned.,1,1,1,98.80952380952381,98.80952380952381,,1980.0,1980.0
10062,2061,matched,A unique odds row was assigned.,1,1,1,98.80952380952381,98.80952380952381,,1979.0,1979.0
10063,2062,matched,A unique odds row was assigned.,1,1,1,98.80952380952381,98.80952380952381,,1982.0,1982.0
10064,2063,matched,A unique odds row was assigned.,1,1,1,98.57142857142857,98.57142857142857,,1984.0,1984.0
10065,2064,matched,A unique odds row was assigned.,1,1,1,98.80952380952381,98.80952380952381,,1977.0,1977.0
10066,2065,matched,A unique odds row was assigned.,1,1,1,98.80952380952381,98.80952380952381,,1978.0,1978.0
10067,2066,matched,A unique odds row was assigned.,1,1,1,99.04761904761905,99.04761904761905,,1969.0,1969.0
10068,2067,matched,A unique odds row was assigned.,2,1,1,99.04761904761905,99.04761904761905,,1972.0,1972.0
10069,2068,matched,A unique odds row was assigned.,2,1,1,99.04761904761905,99.04761904761905,,1973.0,1973.0
10070,2069,matched,A unique odds row was assigned.,2,1,1,99.04761904761905,99.04761904761905,,1971.0,1971.0
10071,2070,matched,A unique odds row was assigned.,1,1,1,99.04761904761905,99.04761904761905,,1970.0,1970.0
10072,2071,matched,A unique odds row was assigned.,1,1,1,99.04761904761905,99.04761904761905,,1974.0,1974.0
10073,2072,matched,A unique odds row was assigned.,1,1,1,98.80952380952381,98.80952380952381,,1975.0,1975.0
10074,2073,matched,A unique odds row was assigned.,1,1,1,98.80952380952381,98.80952380952381,,1976.0,1976.0
10075,2074,matched,A unique odds row was assigned.,1,1,1,98.0952380952381,98.0952380952381,,1992.0,1992.0
10076,2075,matched,A unique odds row was assigned.,2,1,1,98.33333333333333,98.33333333333333,,1990.0,1990.0
10077,2076,matched,A unique odds row was assigned.,1,1,1,98.33333333333333,98.33333333333333,,1991.0,1991.0
10078,2077,matched,A unique odds row was assigned.,1,1,1,98.33333333333333,98.33333333333333,,1989.0,1989.0
10079,2078,matched,A unique odds row was assigned.,1,1,1,98.57142857142857,98.57142857142857,,1985.0,1985.0
10080,2079,matched,A unique odds row was assigned.,3,1,1,98.57142857142857,98.57142857142857,,1986.0,1986.0
10081,2080,matched,A unique odds row was assigned.,1,1,1,98.33333333333333,98.33333333333333,,1988.0,1988.0
10082,2081,matched,A unique odds row was assigned.,1,1,1,98.33333333333333,98.33333333333333,,1987.0,1987.0
10083,2082,matched,A unique odds row was assigned.,1,1,1,97.61904761904762,97.61904761904762,,1996.0,1996.0
10084,2083,matched,A unique odds row was assigned.,1,1,1,97.85714285714286,97.85714285714286,,1995.0,1995.0
10085,2084,matched,A unique odds row was assigned.,2,1,1,98.0952380952381,98.0952380952381,,1993.0,1993.0
10086,2085,matched,A unique odds row was assigned.,4,1,1,97.85714285714286,97.85714285714286,,1994.0,1994.0
10087,2086,matched,A unique odds row was assigned.,2,1,1,97.38095238095238,97.38095238095238,,1998.0,1998.0
10088,2087,matched,A unique odds row was assigned.,3,1,1,97.38095238095238,97.38095238095238,,1997.0,1997.0
10089,2088,matched,A unique odds row was assigned.,2,1,1,97.14285714285714,97.14285714285714,,1999.0,1999.0
10090,2089,matched,A unique odds row was assigned.,1,1,1,98.33333333333333,98.33333333333333,,2026.0,2026.0
10091,2090,matched,A unique odds row was assigned.,2,1,1,98.57142857142857,98.57142857142857,,2025.0,2025.0
10092,2091,no_pair_candidate,No valid odds row contains the same unordered player pair.,0,0,0,,,,,
10093,2092,matched,A unique odds row was assigned.,1,1,1,98.80952380952381,98.80952380952381,,2023.0,2023.0
10094,2093,matched,A unique odds row was assigned.,1,1,1,98.80952380952381,98.80952380952381,,2022.0,2022.0
10095,2094,no_pair_candidate,No valid odds row contains the same unordered player pair.,0,0,0,,,,,
10096,2095,matched,A unique odds row was assigned.,1,1,1,99.04761904761905,99.04761904761905,,2020.0,2020.0
10097,2096,matched,A unique odds row was assigned.,1,1,1,99.04761904761905,99.04761904761905,,2018.0,2018.0
10098,2097,matched,A unique odds row was assigned.,2,1,1,99.04761904761905,99.04761904761905,,2019.0,2019.0
10099,2098,matched,A unique odds row was assigned.,1,1,1,99.28571428571429,99.28571428571429,,2017.0,2017.0
10100,2099,matched,A unique odds row was assigned.,1,1,1,99.28571428571429,99.28571428571429,,2016.0,2016.0
10101,2100,no_pair_candidate,No valid odds row contains the same unordered player pair.,0,0,0,,,,,
10102,2101,matched,A unique odds row was assigned.,1,1,1,99.52380952380952,99.52380952380952,,2012.0,2012.0
10103,2102,matched,A unique odds row was assigned.,2,1,1,99.28571428571429,99.28571428571429,,2015.0,2015.0
10104,2103,matched,A unique odds row was assigned.,2,1,1,99.28571428571429,99.28571428571429,,2014.0,2014.0
10105,2104,matched,A unique odds row was assigned.,1,1,1,99.52380952380952,99.52380952380952,,2010.0,2010.0
10106,2105,matched,A unique odds row was assigned.,1,1,1,99.76190476190476,99.76190476190476,,2005.0,2005.0
10107,2106,matched,A unique odds row was assigned.,1,1,1,99.52380952380952,99.52380952380952,,2011.0,2011.0
10108,2107,matched,A unique odds row was assigned.,1,1,1,99.76190476190476,99.76190476190476,,2006.0,2006.0
10109,2108,matched,A unique odds row was assigned.,1,1,1,99.76190476190476,99.76190476190476,,2007.0,2007.0
10110,2109,matched,A unique odds row was assigned.,2,1,1,99.52380952380952,99.52380952380952,,2009.0,2009.0
10111,2110,matched,A unique odds row was assigned.,1,1,1,100.0,100.0,,2000.0,2000.0
10112,2111,no_pair_candidate,No valid odds row contains the same unordered player pair.,0,0,0,,,,,
10113,2112,matched,A unique odds row was assigned.,1,1,1,100.0,100.0,,2002.0,2002.0
10114,2113,matched,A unique odds row was assigned.,1,1,1,99.76190476190476,99.76190476190476,,2008.0,2008.0
10115,2114,matched,A unique odds row was assigned.,1,1,1,99.76190476190476,99.76190476190476,,2003.0,2003.0
10116,2115,matched,A unique odds row was assigned.,2,1,1,100.0,100.0,,2001.0,2001.0
10117,2116,matched,A unique odds row was assigned.,1,1,1,62.42857142857143,62.42857142857143,,2057.0,2057.0
10118,2117,matched,A unique odds row was assigned.,1,1,1,62.66666666666667,62.66666666666667,,2056.0,2056.0
10119,2118,matched,A unique odds row was assigned.,1,1,1,62.66666666666667,62.66666666666667,,2055.0,2055.0
10120,2119,matched,A unique odds row was assigned.,1,1,1,62.90476190476191,62.90476190476191,,2053.0,2053.0
10121,2120,matched,A unique odds row was assigned.,1,1,1,62.90476190476191,62.90476190476191,,2054.0,2054.0
10122,2121,matched,A unique odds row was assigned.,1,1,1,62.90476190476191,62.90476190476191,,2052.0,2052.0
10123,2122,matched,A unique odds row was assigned.,1,1,1,62.90476190476191,62.90476190476191,,2051.0,2051.0
10124,2123,matched,A unique odds row was assigned.,1,1,1,63.142857142857146,63.142857142857146,,2049.0,2049.0
10125,2124,matched,A unique odds row was assigned.,1,1,1,63.142857142857146,63.142857142857146,,2050.0,2050.0
10126,2125,matched,A unique odds row was assigned.,1,1,1,63.38095238095239,63.38095238095239,,2045.0,2045.0
10127,2126,matched,A unique odds row was assigned.,1,1,1,63.38095238095239,63.38095238095239,,2043.0,2043.0
10128,2127,matched,A unique odds row was assigned.,1,1,1,63.142857142857146,63.142857142857146,,2047.0,2047.0
10129,2128,matched,A unique odds row was assigned.,1,1,1,63.142857142857146,63.142857142857146,,2048.0,2048.0
10130,2129,matched,A unique odds row was assigned.,1,1,1,63.38095238095239,63.38095238095239,,2044.0,2044.0
10131,2130,matched,A unique odds row was assigned.,1,1,1,63.38095238095239,63.38095238095239,,2046.0,2046.0
10132,2131,matched,A unique odds row was assigned.,1,1,1,63.61904761904762,63.61904761904762,,2036.0,2036.0
10133,2132,matched,A unique odds row was assigned.,1,1,1,63.85714285714286,63.85714285714286,,2031.0,2031.0
10134,2133,matched,A unique odds row was assigned.,1,1,1,63.61904761904762,63.61904761904762,,2041.0,2041.0
10135,2134,matched,A unique odds row was assigned.,1,1,1,63.61904761904762,63.61904761904762,,2038.0,2038.0
10136,2135,matched,A unique odds row was assigned.,1,1,1,63.85714285714286,63.85714285714286,,2029.0,2029.0
10137,2136,matched,A unique odds row was assigned.,1,1,1,63.61904761904762,63.61904761904762,,2035.0,2035.0
10138,2137,matched,A unique odds row was assigned.,1,1,1,63.85714285714286,63.85714285714286,,2028.0,2028.0
10139,2138,matched,A unique odds row was assigned.,1,1,1,63.61904761904762,63.61904761904762,,2034.0,2034.0
10140,2139,matched,A unique odds row was assigned.,1,1,1,63.61904761904762,63.61904761904762,,2040.0,2040.0
10141,2140,matched,A unique odds row was assigned.,1,1,1,63.61904761904762,63.61904761904762,,2042.0,2042.0
10142,2141,matched,A unique odds row was assigned.,1,1,1,63.85714285714286,63.85714285714286,,2027.0,2027.0
10143,2142,matched,A unique odds row was assigned.,1,1,1,63.61904761904762,63.61904761904762,,2033.0,2033.0
10144,2143,matched,A unique odds row was assigned.,1,1,1,63.85714285714286,63.85714285714286,,2032.0,2032.0
10145,2144,matched,A unique odds row was assigned.,1,1,1,63.61904761904762,63.61904761904762,,2039.0,2039.0
10146,2145,matched,A unique odds row was assigned.,1,1,1,63.61904761904762,63.61904761904762,,2037.0,2037.0
10147,2146,no_pair_candidate,No valid odds row contains the same unordered player pair.,0,0,0,,,,,
10148,2147,matched,A unique odds row was assigned.,1,1,1,67.27619047619048,67.27619047619048,,2087.0,2087.0
10149,2148,matched,A unique odds row was assigned.,1,1,1,67.27619047619048,67.27619047619048,,2086.0,2086.0
10150,2149,matched,A unique odds row was assigned.,1,1,1,67.51428571428572,67.51428571428572,,2084.0,2084.0
10151,2150,matched,A unique odds row was assigned.,1,1,1,67.51428571428572,67.51428571428572,,2085.0,2085.0
10152,2151,matched,A unique odds row was assigned.,1,1,1,67.51428571428572,67.51428571428572,,2083.0,2083.0
10153,2152,matched,A unique odds row was assigned.,2,1,1,67.51428571428572,67.51428571428572,,2082.0,2082.0
10154,2153,matched,A unique odds row was assigned.,1,1,1,67.75238095238096,67.75238095238096,,2075.0,2075.0
10155,2154,matched,A unique odds row was assigned.,1,1,1,67.75238095238096,67.75238095238096,,2081.0,2081.0
10156,2155,no_pair_candidate,No valid odds row contains the same unordered player pair.,0,0,0,,,,,
10157,2156,no_pair_candidate,No valid odds row contains the same unordered player pair.,0,0,0,,,,,
10158,2157,matched,A unique odds row was assigned.,1,1,1,67.75238095238096,67.75238095238096,,2076.0,2076.0
10159,2158,matched,A unique odds row was assigned.,1,1,1,67.75238095238096,67.75238095238096,,2079.0,2079.0
10160,2159,matched,A unique odds row was assigned.,2,1,1,67.75238095238096,67.75238095238096,,2080.0,2080.0
10161,2160,matched,A unique odds row was assigned.,2,1,1,67.75238095238096,67.75238095238096,,2078.0,2078.0
10162,2161,matched,A unique odds row was assigned.,1,1,1,68.22857142857143,68.22857142857143,,2068.0,2068.0
10163,2162,matched,A unique odds row was assigned.,1,1,1,68.46666666666667,68.46666666666667,,2063.0,2063.0
10164,2163,matched,A unique odds row was assigned.,1,1,1,68.22857142857143,68.22857142857143,,2065.0,2065.0
10165,2164,matched,A unique odds row was assigned.,1,1,1,68.22857142857143,68.22857142857143,,2067.0,2067.0
10166,2165,no_pair_candidate,No valid odds row contains the same unordered player pair.,0,0,0,,,,,
10167,2166,matched,A unique odds row was assigned.,1,1,1,68.22857142857143,68.22857142857143,,2069.0,2069.0
10168,2167,matched,A unique odds row was assigned.,1,1,1,68.46666666666667,68.46666666666667,,2060.0,2060.0
10169,2168,no_pair_candidate,No valid odds row contains the same unordered player pair.,0,0,0,,,,,
10170,2169,matched,A unique odds row was assigned.,1,1,1,68.46666666666667,68.46666666666667,,2058.0,2058.0
10171,2170,matched,A unique odds row was assigned.,2,1,1,68.22857142857143,68.22857142857143,,2070.0,2070.0
10172,2171,matched,A unique odds row was assigned.,1,1,1,68.22857142857143,68.22857142857143,,2073.0,2073.0
10173,2172,matched,A unique odds row was assigned.,3,1,1,68.22857142857143,68.22857142857143,,2071.0,2071.0
10174,2173,matched,A unique odds row was assigned.,2,1,1,68.46666666666667,68.46666666666667,,2062.0,2062.0
10175,2174,matched,A unique odds row was assigned.,1,1,1,68.46666666666667,68.46666666666667,,2061.0,2061.0
10176,2175,matched,A unique odds row was assigned.,1,1,1,68.22857142857143,68.22857142857143,,2066.0,2066.0
10177,2176,no_pair_candidate,No valid odds row contains the same unordered player pair.,0,0,0,,,,,
10178,2177,matched,A unique odds row was assigned.,2,1,1,67.03809523809524,67.03809523809524,,2088.0,2088.0
10179,2178,matched,A unique odds row was assigned.,2,1,1,52.371428571428574,52.371428571428574,,2115.0,2115.0
10180,2179,matched,A unique odds row was assigned.,1,1,1,52.609523809523814,52.609523809523814,,2114.0,2114.0
10181,2180,matched,A unique odds row was assigned.,3,1,1,52.609523809523814,52.609523809523814,,2113.0,2113.0
10182,2181,matched,A unique odds row was assigned.,2,1,1,52.609523809523814,52.609523809523814,,2111.0,2111.0
10183,2182,matched,A unique odds row was assigned.,1,1,1,52.609523809523814,52.609523809523814,,2112.0,2112.0
10184,2183,matched,A unique odds row was assigned.,1,1,1,52.609523809523814,52.609523809523814,,2109.0,2109.0
10185,2184,matched,A unique odds row was assigned.,2,1,1,52.609523809523814,52.609523809523814,,2110.0,2110.0
10186,2185,matched,A unique odds row was assigned.,1,1,1,53.08571428571429,53.08571428571429,,2108.0,2108.0
10187,2186,matched,A unique odds row was assigned.,1,1,1,53.08571428571429,53.08571428571429,,2107.0,2107.0
10188,2187,matched,A unique odds row was assigned.,1,1,1,53.32380952380953,53.32380952380953,,2102.0,2102.0
10189,2188,matched,A unique odds row was assigned.,1,1,1,53.32380952380953,53.32380952380953,,2103.0,2103.0
10190,2189,matched,A unique odds row was assigned.,1,1,1,53.32380952380953,53.32380952380953,,2101.0,2101.0
10191,2190,matched,A unique odds row was assigned.,1,1,1,53.08571428571429,53.08571428571429,,2106.0,2106.0
10192,2191,matched,A unique odds row was assigned.,1,1,1,53.08571428571429,53.08571428571429,,2105.0,2105.0
10193,2192,matched,A unique odds row was assigned.,2,1,1,53.32380952380953,53.32380952380953,,2104.0,2104.0
10194,2193,matched,A unique odds row was assigned.,1,1,1,53.56190476190476,53.56190476190476,,2097.0,2097.0
10195,2194,matched,A unique odds row was assigned.,2,1,1,53.56190476190476,53.56190476190476,,2099.0,2099.0
10196,2195,matched,A unique odds row was assigned.,1,1,1,53.800000000000004,53.800000000000004,,2089.0,2089.0
10197,2196,matched,A unique odds row was assigned.,1,1,1,53.800000000000004,53.800000000000004,,2092.0,2092.0
10198,2197,matched,A unique odds row was assigned.,1,1,1,53.800000000000004,53.800000000000004,,2091.0,2091.0
10199,2198,matched,A unique odds row was assigned.,1,1,1,53.800000000000004,53.800000000000004,,2094.0,2094.0
10200,2199,matched,A unique odds row was assigned.,1,1,1,53.800000000000004,53.800000000000004,,2093.0,2093.0
10201,2200,matched,A unique odds row was assigned.,1,1,1,53.56190476190476,53.56190476190476,,2096.0,2096.0
10202,2201,matched,A unique odds row was assigned.,1,1,1,53.56190476190476,53.56190476190476,,2100.0,2100.0
10203,2202,matched,A unique odds row was assigned.,1,1,1,53.56190476190476,53.56190476190476,,2095.0,2095.0
10204,2203,matched,A unique odds row was assigned.,3,1,1,53.56190476190476,53.56190476190476,,2098.0,2098.0
10205,2204,matched,A unique odds row was assigned.,1,1,1,53.800000000000004,53.800000000000004,,2090.0,2090.0
10206,2205,matched,A unique odds row was assigned.,2,1,1,57.285714285714285,57.285714285714285,,2209.0,2209.0
10207,2206,matched,A unique odds row was assigned.,2,1,1,57.285714285714285,57.285714285714285,,2208.0,2208.0
10208,2207,matched,A unique odds row was assigned.,1,1,1,57.52380952380952,57.52380952380952,,2206.0,2206.0
10209,2208,matched,A unique odds row was assigned.,1,1,1,57.52380952380952,57.52380952380952,,2207.0,2207.0
10210,2209,matched,A unique odds row was assigned.,1,1,1,57.76190476190476,57.76190476190476,,2205.0,2205.0
10211,2210,matched,A unique odds row was assigned.,1,1,1,57.76190476190476,57.76190476190476,,2204.0,2204.0
10212,2211,matched,A unique odds row was assigned.,1,1,1,58.0,58.0,,2200.0,2200.0
10213,2212,matched,A unique odds row was assigned.,1,1,1,58.0,58.0,,2201.0,2201.0
10214,2213,matched,A unique odds row was assigned.,1,1,1,58.0,58.0,,2202.0,2202.0
10215,2214,matched,A unique odds row was assigned.,2,1,1,58.0,58.0,,2203.0,2203.0
10216,2215,matched,A unique odds row was assigned.,1,1,1,58.238095238095234,58.238095238095234,,2198.0,2198.0
10217,2216,matched,A unique odds row was assigned.,1,1,1,58.238095238095234,58.238095238095234,,2199.0,2199.0
10218,2217,matched,A unique odds row was assigned.,1,1,1,58.238095238095234,58.238095238095234,,2197.0,2197.0
10219,2218,matched,A unique odds row was assigned.,2,1,1,58.238095238095234,58.238095238095234,,2196.0,2196.0
10220,2219,matched,A unique odds row was assigned.,1,1,1,58.476190476190474,58.476190476190474,,2189.0,2189.0
10221,2220,matched,A unique odds row was assigned.,3,2,1,58.476190476190474,58.476190476190474,,2186.0,2186.0
10222,2221,matched,A unique odds row was assigned.,1,1,1,58.476190476190474,58.476190476190474,,2190.0,2190.0
10223,2222,matched,A unique odds row was assigned.,2,1,1,58.476190476190474,58.476190476190474,,2191.0,2191.0
10224,2223,matched,A unique odds row was assigned.,1,1,1,58.476190476190474,58.476190476190474,,2192.0,2192.0
10225,2224,matched,A unique odds row was assigned.,1,1,1,58.476190476190474,58.476190476190474,,2193.0,2193.0
10226,2225,matched,A unique odds row was assigned.,2,1,1,58.476190476190474,58.476190476190474,,2194.0,2194.0
10227,2226,matched,A unique odds row was assigned.,1,1,1,58.476190476190474,58.476190476190474,,2195.0,2195.0
10228,2227,matched,A unique odds row was assigned.,1,1,1,58.71428571428571,58.71428571428571,,2183.0,2183.0
10229,2228,matched,A unique odds row was assigned.,1,1,1,58.476190476190474,58.476190476190474,,2187.0,2187.0
10230,2229,matched,A unique odds row was assigned.,1,1,1,58.476190476190474,58.476190476190474,,2188.0,2188.0
10231,2230,matched,A unique odds row was assigned.,1,1,1,58.71428571428571,58.71428571428571,,2185.0,2185.0
10232,2231,matched,A unique odds row was assigned.,1,1,1,58.71428571428571,58.71428571428571,,2184.0,2184.0
10233,2232,matched,A unique odds row was assigned.,2,1,1,58.71428571428571,58.71428571428571,,2180.0,2180.0
10234,2233,matched,A unique odds row was assigned.,1,1,1,58.71428571428571,58.71428571428571,,2181.0,2181.0
10235,2234,matched,A unique odds row was assigned.,1,1,1,58.71428571428571,58.71428571428571,,2182.0,2182.0
10236,2235,matched,A unique odds row was assigned.,1,1,1,58.95238095238095,58.95238095238095,,2170.0,2170.0
10237,2236,matched,A unique odds row was assigned.,1,1,1,58.95238095238095,58.95238095238095,,2174.0,2174.0
10238,2237,matched,A unique odds row was assigned.,1,1,1,58.95238095238095,58.95238095238095,,2175.0,2175.0
10239,2238,matched,A unique odds row was assigned.,1,1,1,58.95238095238095,58.95238095238095,,2171.0,2171.0
10240,2239,matched,A unique odds row was assigned.,1,1,1,58.95238095238095,58.95238095238095,,2164.0,2164.0
10241,2240,matched,A unique odds row was assigned.,2,1,1,58.95238095238095,58.95238095238095,,2168.0,2168.0
10242,2241,matched,A unique odds row was assigned.,1,1,1,58.95238095238095,58.95238095238095,,2173.0,2173.0
10243,2242,matched,A unique odds row was assigned.,2,1,1,58.95238095238095,58.95238095238095,,2172.0,2172.0
10244,2243,matched,A unique odds row was assigned.,1,1,1,58.95238095238095,58.95238095238095,,2165.0,2165.0
10245,2244,matched,A unique odds row was assigned.,1,1,1,58.95238095238095,58.95238095238095,,2166.0,2166.0
10246,2245,matched,A unique odds row was assigned.,1,1,1,58.95238095238095,58.95238095238095,,2177.0,2177.0
10247,2246,matched,A unique odds row was assigned.,1,1,1,58.95238095238095,58.95238095238095,,2178.0,2178.0
10248,2247,matched,A unique odds row was assigned.,1,1,1,58.95238095238095,58.95238095238095,,2167.0,2167.0
10249,2248,no_pair_candidate,No valid odds row contains the same unordered player pair.,0,0,0,,,,,
10250,2249,matched,A unique odds row was assigned.,2,1,1,58.95238095238095,58.95238095238095,,2176.0,2176.0
10251,2250,matched,A unique odds row was assigned.,1,1,1,58.95238095238095,58.95238095238095,,2179.0,2179.0
10252,2251,matched,A unique odds row was assigned.,1,1,1,59.19047619047619,59.19047619047619,,2156.0,2156.0
10253,2252,matched,A unique odds row was assigned.,1,1,1,59.19047619047619,59.19047619047619,,2149.0,2149.0
10254,2253,matched,A unique odds row was assigned.,1,1,1,59.19047619047619,59.19047619047619,,2157.0,2157.0
10255,2254,matched,A unique odds row was assigned.,1,1,1,59.19047619047619,59.19047619047619,,2154.0,2154.0
10256,2255,matched,A unique odds row was assigned.,1,1,1,59.19047619047619,59.19047619047619,,2158.0,2158.0
10257,2256,matched,A unique odds row was assigned.,1,1,1,59.19047619047619,59.19047619047619,,2160.0,2160.0
10258,2257,matched,A unique odds row was assigned.,1,1,1,59.19047619047619,59.19047619047619,,2152.0,2152.0
10259,2258,matched,A unique odds row was assigned.,2,1,1,59.19047619047619,59.19047619047619,,2163.0,2163.0
10260,2259,matched,A unique odds row was assigned.,1,1,1,59.19047619047619,59.19047619047619,,2148.0,2148.0
10261,2260,matched,A unique odds row was assigned.,1,1,1,59.19047619047619,59.19047619047619,,2150.0,2150.0
10262,2261,matched,A unique odds row was assigned.,1,1,1,59.19047619047619,59.19047619047619,,2162.0,2162.0
10263,2262,matched,A unique odds row was assigned.,1,1,1,59.19047619047619,59.19047619047619,,2151.0,2151.0
10264,2263,matched,A unique odds row was assigned.,1,1,1,59.19047619047619,59.19047619047619,,2155.0,2155.0
10265,2264,matched,A unique odds row was assigned.,1,1,1,59.19047619047619,59.19047619047619,,2161.0,2161.0
10266,2265,no_pair_candidate,No valid odds row contains the same unordered player pair.,0,0,0,,,,,
10267,2266,matched,A unique odds row was assigned.,1,1,1,59.19047619047619,59.19047619047619,,2159.0,2159.0
10268,2267,matched,A unique odds row was assigned.,1,1,1,59.42857142857142,59.42857142857142,,2145.0,2145.0
10269,2268,matched,A unique odds row was assigned.,2,1,1,59.42857142857142,59.42857142857142,,2147.0,2147.0
10270,2269,matched,A unique odds row was assigned.,1,1,1,59.42857142857142,59.42857142857142,,2138.0,2138.0
10271,2270,matched,A unique odds row was assigned.,1,1,1,59.42857142857142,59.42857142857142,,2143.0,2143.0
10272,2271,matched,A unique odds row was assigned.,1,1,1,59.42857142857142,59.42857142857142,,2136.0,2136.0
10273,2272,no_pair_candidate,No valid odds row contains the same unordered player pair.,0,0,0,,,,,
10274,2273,matched,A unique odds row was assigned.,1,1,1,59.42857142857142,59.42857142857142,,2146.0,2146.0
10275,2274,matched,A unique odds row was assigned.,1,1,1,59.42857142857142,59.42857142857142,,2144.0,2144.0
10276,2275,matched,A unique odds row was assigned.,2,2,1,59.42857142857142,59.42857142857142,,2137.0,2137.0
10277,2276,matched,A unique odds row was assigned.,1,1,1,59.42857142857142,59.42857142857142,,2135.0,2135.0
10278,2277,matched,A unique odds row was assigned.,1,1,1,59.42857142857142,59.42857142857142,,2142.0,2142.0
10279,2278,no_pair_candidate,No valid odds row contains the same unordered player pair.,0,0,0,,,,,
10280,2279,matched,A unique odds row was assigned.,1,1,1,59.42857142857142,59.42857142857142,,2134.0,2134.0
10281,2280,no_pair_candidate,No valid odds row contains the same unordered player pair.,0,0,0,,,,,
10282,2281,matched,A unique odds row was assigned.,1,1,1,59.42857142857142,59.42857142857142,,2140.0,2140.0
10283,2282,matched,A unique odds row was assigned.,1,1,1,59.42857142857142,59.42857142857142,,2132.0,2132.0
10284,2283,matched,A unique odds row was assigned.,1,1,1,59.666666666666664,59.666666666666664,,2127.0,2127.0
10285,2284,matched,A unique odds row was assigned.,1,1,1,59.666666666666664,59.666666666666664,,2120.0,2120.0
10286,2285,matched,A unique odds row was assigned.,1,1,1,59.666666666666664,59.666666666666664,,2128.0,2128.0
10287,2286,matched,A unique odds row was assigned.,1,1,1,59.666666666666664,59.666666666666664,,2130.0,2130.0
10288,2287,matched,A unique odds row was assigned.,1,1,1,59.666666666666664,59.666666666666664,,2124.0,2124.0
10289,2288,matched,A unique odds row was assigned.,2,1,1,59.666666666666664,59.666666666666664,,2122.0,2122.0
10290,2289,matched,A unique odds row was assigned.,2,1,1,59.666666666666664,59.666666666666664,,2121.0,2121.0
10291,2290,matched,A unique odds row was assigned.,1,1,1,59.666666666666664,59.666666666666664,,2123.0,2123.0
10292,2291,matched,A unique odds row was assigned.,1,1,1,59.666666666666664,59.666666666666664,,2125.0,2125.0
10293,2292,matched,A unique odds row was assigned.,1,1,1,59.666666666666664,59.666666666666664,,2116.0,2116.0
10294,2293,matched,A unique odds row was assigned.,1,1,1,59.666666666666664,59.666666666666664,,2129.0,2129.0
10295,2294,matched,A unique odds row was assigned.,1,1,1,59.666666666666664,59.666666666666664,,2118.0,2118.0
10296,2295,matched,A unique odds row was assigned.,1,1,1,59.666666666666664,59.666666666666664,,2117.0,2117.0
10297,2296,matched,A unique odds row was assigned.,1,1,1,59.666666666666664,59.666666666666664,,2131.0,2131.0
10298,2297,no_pair_candidate,No valid odds row contains the same unordered player pair.,0,0,0,,,,,
10299,2298,matched,A unique odds row was assigned.,1,1,1,59.666666666666664,59.666666666666664,,2126.0,2126.0
10300,2299,matched,A unique odds row was assigned.,1,1,1,57.047619047619044,57.047619047619044,,2210.0,2210.0
10301,2300,matched,A unique odds row was assigned.,4,1,1,98.57142857142857,98.57142857142857,,2265.0,2265.0
10302,2301,matched,A unique odds row was assigned.,3,1,1,98.80952380952381,98.80952380952381,,2263.0,2263.0
10303,2302,no_pair_candidate,No valid odds row contains the same unordered player pair.,0,0,0,,,,,
10304,2303,matched,A unique odds row was assigned.,1,1,1,99.04761904761905,99.04761904761905,,2261.0,2261.0
10305,2304,matched,A unique odds row was assigned.,1,1,1,99.04761904761905,99.04761904761905,,2259.0,2259.0
10306,2305,matched,A unique odds row was assigned.,2,1,1,99.04761904761905,99.04761904761905,,2262.0,2262.0
10307,2306,no_pair_candidate,No valid odds row contains the same unordered player pair.,0,0,0,,,,,
10308,2307,matched,A unique odds row was assigned.,1,1,1,99.28571428571429,99.28571428571429,,2257.0,2257.0
10309,2308,matched,A unique odds row was assigned.,2,1,1,99.28571428571429,99.28571428571429,,2258.0,2258.0
10310,2309,matched,A unique odds row was assigned.,3,1,1,99.28571428571429,99.28571428571429,,2251.0,2251.0
10311,2310,matched,A unique odds row was assigned.,2,1,1,99.28571428571429,99.28571428571429,,2252.0,2252.0
10312,2311,matched,A unique odds row was assigned.,3,2,1,99.28571428571429,99.28571428571429,,2256.0,2256.0
10313,2312,matched,A unique odds row was assigned.,1,1,1,99.28571428571429,99.28571428571429,,2255.0,2255.0
10314,2313,matched,A unique odds row was assigned.,1,1,1,99.28571428571429,99.28571428571429,,2253.0,2253.0
10315,2314,no_pair_candidate,No valid odds row contains the same unordered player pair.,0,0,0,,,,,
10316,2315,matched,A unique odds row was assigned.,1,1,1,99.52380952380952,99.52380952380952,,2239.0,2239.0
10317,2316,matched,A unique odds row was assigned.,1,1,1,99.52380952380952,99.52380952380952,,2237.0,2237.0
10318,2317,matched,A unique odds row was assigned.,3,1,1,99.52380952380952,99.52380952380952,,2244.0,2244.0
10319,2318,matched,A unique odds row was assigned.,3,1,1,99.52380952380952,99.52380952380952,,2241.0,2241.0
10320,2319,matched,A unique odds row was assigned.,1,1,1,99.52380952380952,99.52380952380952,,2243.0,2243.0
10321,2320,matched,A unique odds row was assigned.,1,1,1,99.52380952380952,99.52380952380952,,2246.0,2246.0
10322,2321,matched,A unique odds row was assigned.,3,1,1,99.52380952380952,99.52380952380952,,2238.0,2238.0
10323,2322,matched,A unique odds row was assigned.,1,1,1,99.52380952380952,99.52380952380952,,2235.0,2235.0
10324,2323,matched,A unique odds row was assigned.,2,1,1,99.52380952380952,99.52380952380952,,2248.0,2248.0
10325,2324,matched,A unique odds row was assigned.,1,1,1,99.52380952380952,99.52380952380952,,2242.0,2242.0
10326,2325,matched,A unique odds row was assigned.,1,1,1,99.52380952380952,99.52380952380952,,2249.0,2249.0
10327,2326,matched,A unique odds row was assigned.,1,1,1,99.52380952380952,99.52380952380952,,2250.0,2250.0
10328,2327,matched,A unique odds row was assigned.,1,1,1,99.52380952380952,99.52380952380952,,2236.0,2236.0
10329,2328,matched,A unique odds row was assigned.,1,1,1,99.52380952380952,99.52380952380952,,2240.0,2240.0
10330,2329,no_pair_candidate,No valid odds row contains the same unordered player pair.,0,0,0,,,,,
10331,2330,matched,A unique odds row was assigned.,1,1,1,99.52380952380952,99.52380952380952,,2247.0,2247.0
10332,2331,matched,A unique odds row was assigned.,1,1,1,99.76190476190476,99.76190476190476,,2225.0,2225.0
10333,2332,matched,A unique odds row was assigned.,1,1,1,99.76190476190476,99.76190476190476,,2229.0,2229.0
10334,2333,matched,A unique odds row was assigned.,1,1,1,100.0,100.0,,2219.0,2219.0
10335,2334,matched,A unique odds row was assigned.,3,1,1,100.0,100.0,,2211.0,2211.0
10336,2335,matched,A unique odds row was assigned.,2,1,1,99.76190476190476,99.76190476190476,,2231.0,2231.0
10337,2336,matched,A unique odds row was assigned.,1,1,1,100.0,100.0,,2221.0,2221.0
10338,2337,matched,A unique odds row was assigned.,1,1,1,99.76190476190476,99.76190476190476,,2227.0,2227.0
10339,2338,matched,A unique odds row was assigned.,1,1,1,99.76190476190476,99.76190476190476,,2226.0,2226.0
10340,2339,matched,A unique odds row was assigned.,2,1,1,99.76190476190476,99.76190476190476,,2234.0,2234.0
10341,2340,matched,A unique odds row was assigned.,3,1,1,99.76190476190476,99.76190476190476,,2223.0,2223.0
10342,2341,matched,A unique odds row was assigned.,2,1,1,99.76190476190476,99.76190476190476,,2228.0,2228.0
10343,2342,matched,A unique odds row was assigned.,1,1,1,100.0,100.0,,2216.0,2216.0
10344,2343,no_pair_candidate,No valid odds row contains the same unordered player pair.,0,0,0,,,,,
10345,2344,matched,A unique odds row was assigned.,1,1,1,99.76190476190476,99.76190476190476,,2230.0,2230.0
10346,2345,matched,A unique odds row was assigned.,3,1,1,100.0,100.0,,2213.0,2213.0
10347,2346,no_pair_candidate,No valid odds row contains the same unordered player pair.,0,0,0,,,,,
10348,2347,matched,A unique odds row was assigned.,2,1,1,100.0,100.0,,2215.0,2215.0
10349,2348,matched,A unique odds row was assigned.,1,1,1,100.0,100.0,,2214.0,2214.0
10350,2349,matched,A unique odds row was assigned.,1,1,1,100.0,100.0,,2217.0,2217.0
10351,2350,matched,A unique odds row was assigned.,1,1,1,99.76190476190476,99.76190476190476,,2222.0,2222.0
10352,2351,matched,A unique odds row was assigned.,2,1,1,100.0,100.0,,2220.0,2220.0
10353,2352,matched,A unique odds row was assigned.,1,1,1,99.76190476190476,99.76190476190476,,2233.0,2233.0
10354,2353,no_pair_candidate,No valid odds row contains the same unordered player pair.,0,0,0,,,,,
10355,2354,matched,A unique odds row was assigned.,1,1,1,100.0,100.0,,2212.0,2212.0
10356,2355,matched,A unique odds row was assigned.,1,1,1,98.57142857142857,98.57142857142857,,2292.0,2292.0
10357,2356,matched,A unique odds row was assigned.,2,1,1,98.80952380952381,98.80952380952381,,2290.0,2290.0
10358,2357,matched,A unique odds row was assigned.,1,1,1,98.80952380952381,98.80952380952381,,2291.0,2291.0
10359,2358,matched,A unique odds row was assigned.,1,1,1,99.04761904761905,99.04761904761905,,2288.0,2288.0
10360,2359,matched,A unique odds row was assigned.,2,1,1,99.04761904761905,99.04761904761905,,2286.0,2286.0
10361,2360,matched,A unique odds row was assigned.,2,1,1,99.04761904761905,99.04761904761905,,2287.0,2287.0
10362,2361,matched,A unique odds row was assigned.,1,1,1,99.04761904761905,99.04761904761905,,2289.0,2289.0
10363,2362,matched,A unique odds row was assigned.,4,1,1,99.28571428571429,99.28571428571429,,2282.0,2282.0
10364,2363,no_pair_candidate,No valid odds row contains the same unordered player pair.,0,0,0,,,,,
10365,2364,matched,A unique odds row was assigned.,1,1,1,99.52380952380952,99.52380952380952,,2279.0,2279.0
10366,2365,matched,A unique odds row was assigned.,1,1,1,99.52380952380952,99.52380952380952,,2278.0,2278.0
10367,2366,matched,A unique odds row was assigned.,1,1,1,99.52380952380952,99.52380952380952,,2280.0,2280.0
10368,2367,matched,A unique odds row was assigned.,1,1,1,99.28571428571429,99.28571428571429,,2283.0,2283.0
10369,2368,matched,A unique odds row was assigned.,1,1,1,99.28571428571429,99.28571428571429,,2284.0,2284.0
10370,2369,matched,A unique odds row was assigned.,2,1,1,99.28571428571429,99.28571428571429,,2285.0,2285.0
10371,2370,matched,A unique odds row was assigned.,1,1,1,99.76190476190476,99.76190476190476,,2275.0,2275.0
10372,2371,no_pair_candidate,No valid odds row contains the same unordered player pair.,0,0,0,,,,,
10373,2372,matched,A unique odds row was assigned.,5,1,1,100.0,100.0,,2270.0,2270.0
10374,2373,matched,A unique odds row was assigned.,1,1,1,99.76190476190476,99.76190476190476,,2272.0,2272.0
10375,2374,matched,A unique odds row was assigned.,3,1,1,100.0,100.0,,2266.0,2266.0
10376,2375,matched,A unique odds row was assigned.,1,1,1,99.76190476190476,99.76190476190476,,2271.0,2271.0
10377,2376,matched,A unique odds row was assigned.,1,1,1,100.0,100.0,,2267.0,2267.0
10378,2377,matched,A unique odds row was assigned.,1,1,1,100.0,100.0,,2269.0,2269.0
10379,2378,matched,A unique odds row was assigned.,1,1,1,99.76190476190476,99.76190476190476,,2274.0,2274.0
10380,2379,matched,A unique odds row was assigned.,1,1,1,99.76190476190476,99.76190476190476,,2273.0,2273.0
10381,2380,matched,A unique odds row was assigned.,1,1,1,99.52380952380952,99.52380952380952,,2277.0,2277.0
10382,2381,matched,A unique odds row was assigned.,1,1,1,99.52380952380952,99.52380952380952,,2276.0,2276.0
10383,2382,matched,A unique odds row was assigned.,1,1,1,61.17142857142858,61.17142857142858,,2323.0,2323.0
10384,2383,matched,A unique odds row was assigned.,1,1,1,61.17142857142858,61.17142857142858,,2322.0,2322.0
10385,2384,matched,A unique odds row was assigned.,1,1,1,61.17142857142858,61.17142857142858,,2321.0,2321.0
10386,2385,matched,A unique odds row was assigned.,1,1,1,61.64761904761906,61.64761904761906,,2318.0,2318.0
10387,2386,matched,A unique odds row was assigned.,1,1,1,61.64761904761906,61.64761904761906,,2320.0,2320.0
10388,2387,matched,A unique odds row was assigned.,1,1,1,61.64761904761906,61.64761904761906,,2317.0,2317.0
10389,2388,matched,A unique odds row was assigned.,1,1,1,61.64761904761906,61.64761904761906,,2319.0,2319.0
10390,2389,matched,A unique odds row was assigned.,1,1,1,62.123809523809534,62.123809523809534,,2310.0,2310.0
10391,2390,matched,A unique odds row was assigned.,1,1,1,62.123809523809534,62.123809523809534,,2312.0,2312.0
10392,2391,matched,A unique odds row was assigned.,1,1,1,61.88571428571429,61.88571428571429,,2315.0,2315.0
10393,2392,matched,A unique odds row was assigned.,1,1,1,61.88571428571429,61.88571428571429,,2316.0,2316.0
10394,2393,matched,A unique odds row was assigned.,1,1,1,62.123809523809534,62.123809523809534,,2309.0,2309.0
10395,2394,matched,A unique odds row was assigned.,1,1,1,61.88571428571429,61.88571428571429,,2313.0,2313.0
10396,2395,matched,A unique odds row was assigned.,1,1,1,61.88571428571429,61.88571428571429,,2314.0,2314.0
10397,2396,matched,A unique odds row was assigned.,2,1,1,62.123809523809534,62.123809523809534,,2311.0,2311.0
10398,2397,no_pair_candidate,No valid odds row contains the same unordered player pair.,0,0,0,,,,,
10399,2398,matched,A unique odds row was assigned.,1,1,1,62.60000000000001,62.60000000000001,,2296.0,2296.0
10400,2399,matched,A unique odds row was assigned.,1,1,1,62.60000000000001,62.60000000000001,,2298.0,2298.0
10401,2400,matched,A unique odds row was assigned.,1,1,1,62.60000000000001,62.60000000000001,,2297.0,2297.0
10402,2401,matched,A unique odds row was assigned.,1,1,1,62.36190476190477,62.36190476190477,,2306.0,2306.0
10403,2402,matched,A unique odds row was assigned.,1,1,1,62.36190476190477,62.36190476190477,,2308.0,2308.0
10404,2403,matched,A unique odds row was assigned.,1,1,1,62.36190476190477,62.36190476190477,,2307.0,2307.0
10405,2404,matched,A unique odds row was assigned.,1,1,1,62.36190476190477,62.36190476190477,,2305.0,2305.0
10406,2405,matched,A unique odds row was assigned.,1,1,1,62.60000000000001,62.60000000000001,,2293.0,2293.0
10407,2406,matched,A unique odds row was assigned.,1,1,1,62.60000000000001,62.60000000000001,,2295.0,2295.0
10408,2407,matched,A unique odds row was assigned.,1,1,1,62.36190476190477,62.36190476190477,,2304.0,2304.0
10409,2408,matched,A unique odds row was assigned.,1,1,1,62.36190476190477,62.36190476190477,,2302.0,2302.0
10410,2409,matched,A unique odds row was assigned.,1,1,1,62.36190476190477,62.36190476190477,,2303.0,2303.0
10411,2410,matched,A unique odds row was assigned.,1,1,1,62.36190476190477,62.36190476190477,,2301.0,2301.0
10412,2411,matched,A unique odds row was assigned.,1,1,1,62.36190476190477,62.36190476190477,,2300.0,2300.0
10413,2412,matched,A unique odds row was assigned.,2,1,1,62.60000000000001,62.60000000000001,,2294.0,2294.0
10414,2413,matched,A unique odds row was assigned.,1,1,1,98.57142857142857,98.57142857142857,,2354.0,2354.0
10415,2414,matched,A unique odds row was assigned.,1,1,1,98.80952380952381,98.80952380952381,,2352.0,2352.0
10416,2415,matched,A unique odds row was assigned.,1,1,1,98.80952380952381,98.80952380952381,,2353.0,2353.0
10417,2416,matched,A unique odds row was assigned.,1,1,1,99.04761904761905,99.04761904761905,,2348.0,2348.0
10418,2417,matched,A unique odds row was assigned.,1,1,1,99.04761904761905,99.04761904761905,,2349.0,2349.0
10419,2418,no_pair_candidate,No valid odds row contains the same unordered player pair.,0,0,0,,,,,
10420,2419,matched,A unique odds row was assigned.,1,1,1,99.04761904761905,99.04761904761905,,2350.0,2350.0
10421,2420,matched,A unique odds row was assigned.,1,1,1,99.28571428571429,99.28571428571429,,2344.0,2344.0
10422,2421,matched,A unique odds row was assigned.,1,1,1,99.28571428571429,99.28571428571429,,2346.0,2346.0
10423,2422,matched,A unique odds row was assigned.,1,1,1,99.28571428571429,99.28571428571429,,2347.0,2347.0
10424,2423,matched,A unique odds row was assigned.,1,1,1,99.52380952380952,99.52380952380952,,2341.0,2341.0
10425,2424,no_pair_candidate,No valid odds row contains the same unordered player pair.,0,0,0,,,,,
10426,2425,matched,A unique odds row was assigned.,2,1,1,99.52380952380952,99.52380952380952,,2340.0,2340.0
10427,2426,matched,A unique odds row was assigned.,1,1,1,99.52380952380952,99.52380952380952,,2342.0,2342.0
10428,2427,matched,A unique odds row was assigned.,1,1,1,99.28571428571429,99.28571428571429,,2345.0,2345.0
10429,2428,matched,A unique odds row was assigned.,2,1,1,99.76190476190476,99.76190476190476,,2336.0,2336.0
10430,2429,matched,A unique odds row was assigned.,1,1,1,99.76190476190476,99.76190476190476,,2334.0,2334.0
10431,2430,matched,A unique odds row was assigned.,1,1,1,99.76190476190476,99.76190476190476,,2333.0,2333.0
10432,2431,matched,A unique odds row was assigned.,1,1,1,99.76190476190476,99.76190476190476,,2339.0,2339.0
10433,2432,matched,A unique odds row was assigned.,1,1,1,99.76190476190476,99.76190476190476,,2338.0,2338.0
10434,2433,matched,A unique odds row was assigned.,1,1,1,99.76190476190476,99.76190476190476,,2330.0,2330.0
10435,2434,matched,A unique odds row was assigned.,1,1,1,100.0,100.0,,2325.0,2325.0
10436,2435,matched,A unique odds row was assigned.,2,1,1,99.76190476190476,99.76190476190476,,2327.0,2327.0
10437,2436,matched,A unique odds row was assigned.,2,2,2,100.0,100.0,52.88095238095238,2324.0,2324.0
10438,2437,no_pair_candidate,No valid odds row contains the same unordered player pair.,0,0,0,,,,,
10439,2438,matched,A unique odds row was assigned.,1,1,1,100.0,100.0,,2326.0,2326.0
10440,2439,matched,A unique odds row was assigned.,1,1,1,99.76190476190476,99.76190476190476,,2328.0,2328.0
10441,2440,matched,A unique odds row was assigned.,2,1,1,99.76190476190476,99.76190476190476,,2331.0,2331.0
10442,2441,matched,A unique odds row was assigned.,1,1,1,99.76190476190476,99.76190476190476,,2329.0,2329.0
10443,2442,matched,A unique odds row was assigned.,1,1,1,99.76190476190476,99.76190476190476,,2335.0,2335.0
10444,2443,matched,A unique odds row was assigned.,1,1,1,99.76190476190476,99.76190476190476,,2337.0,2337.0
10445,2444,matched,A unique odds row was assigned.,1,1,1,55.57142857142857,55.57142857142857,,2381.0,2381.0
10446,2445,matched,A unique odds row was assigned.,1,1,1,55.80952380952381,55.80952380952381,,2380.0,2380.0
10447,2446,matched,A unique odds row was assigned.,1,1,1,55.80952380952381,55.80952380952381,,2379.0,2379.0
10448,2447,matched,A unique odds row was assigned.,3,1,1,56.04761904761905,56.04761904761905,,2378.0,2378.0
10449,2448,matched,A unique odds row was assigned.,1,1,1,56.04761904761905,56.04761904761905,,2377.0,2377.0
10450,2449,matched,A unique odds row was assigned.,1,1,1,56.04761904761905,56.04761904761905,,2376.0,2376.0
10451,2450,matched,A unique odds row was assigned.,1,1,1,56.04761904761905,56.04761904761905,,2375.0,2375.0
10452,2451,matched,A unique odds row was assigned.,1,1,1,56.285714285714285,56.285714285714285,,2374.0,2374.0
10453,2452,matched,A unique odds row was assigned.,1,1,1,56.523809523809526,56.523809523809526,,2367.0,2367.0
10454,2453,matched,A unique odds row was assigned.,1,1,1,56.523809523809526,56.523809523809526,,2368.0,2368.0
10455,2454,matched,A unique odds row was assigned.,1,1,1,56.523809523809526,56.523809523809526,,2369.0,2369.0
10456,2455,matched,A unique odds row was assigned.,2,1,1,56.285714285714285,56.285714285714285,,2371.0,2371.0
10457,2456,matched,A unique odds row was assigned.,1,1,1,56.285714285714285,56.285714285714285,,2372.0,2372.0
10458,2457,matched,A unique odds row was assigned.,1,1,1,56.285714285714285,56.285714285714285,,2373.0,2373.0
10459,2458,matched,A unique odds row was assigned.,1,1,1,56.523809523809526,56.523809523809526,,2370.0,2370.0
10460,2459,matched,A unique odds row was assigned.,1,1,1,56.76190476190476,56.76190476190476,,2365.0,2365.0
10461,2460,matched,A unique odds row was assigned.,1,1,1,57.0,57.0,,2356.0,2356.0
10462,2461,matched,A unique odds row was assigned.,1,1,1,57.0,57.0,,2358.0,2358.0
10463,2462,matched,A unique odds row was assigned.,2,1,1,57.0,57.0,,2355.0,2355.0
10464,2463,matched,A unique odds row was assigned.,1,1,1,56.76190476190476,56.76190476190476,,2362.0,2362.0
10465,2464,matched,A unique odds row was assigned.,1,1,1,57.0,57.0,,2357.0,2357.0
10466,2465,no_pair_candidate,No valid odds row contains the same unordered player pair.,0,0,0,,,,,
10467,2466,matched,A unique odds row was assigned.,1,1,1,56.76190476190476,56.76190476190476,,2364.0,2364.0
10468,2467,matched,A unique odds row was assigned.,1,1,1,56.76190476190476,56.76190476190476,,2361.0,2361.0
10469,2468,matched,A unique odds row was assigned.,1,1,1,56.76190476190476,56.76190476190476,,2366.0,2366.0
10470,2469,matched,A unique odds row was assigned.,1,1,1,56.76190476190476,56.76190476190476,,2363.0,2363.0
10471,2470,matched,A unique odds row was assigned.,1,1,1,57.0,57.0,,2359.0,2359.0
10472,2471,matched,A unique odds row was assigned.,3,1,1,98.80952380952381,98.80952380952381,,2411.0,2411.0
10473,2472,matched,A unique odds row was assigned.,2,1,1,98.80952380952381,98.80952380952381,,2410.0,2410.0
10474,2473,matched,A unique odds row was assigned.,1,1,1,99.04761904761905,99.04761904761905,,2408.0,2408.0
10475,2474,matched,A unique odds row was assigned.,2,1,1,99.04761904761905,99.04761904761905,,2409.0,2409.0
10476,2475,matched,A unique odds row was assigned.,1,1,1,99.04761904761905,99.04761904761905,,2406.0,2406.0
10477,2476,matched,A unique odds row was assigned.,1,1,1,99.04761904761905,99.04761904761905,,2407.0,2407.0
10478,2477,matched,A unique odds row was assigned.,1,1,1,99.52380952380952,99.52380952380952,,2401.0,2401.0
10479,2478,matched,A unique odds row was assigned.,1,1,1,99.28571428571429,99.28571428571429,,2403.0,2403.0
10480,2479,matched,A unique odds row was assigned.,1,1,1,99.28571428571429,99.28571428571429,,2405.0,2405.0
10481,2480,matched,A unique odds row was assigned.,1,1,1,99.52380952380952,99.52380952380952,,2398.0,2398.0
10482,2481,matched,A unique odds row was assigned.,1,1,1,99.52380952380952,99.52380952380952,,2399.0,2399.0
10483,2482,matched,A unique odds row was assigned.,1,1,1,99.28571428571429,99.28571428571429,,2404.0,2404.0
10484,2483,matched,A unique odds row was assigned.,1,1,1,99.28571428571429,99.28571428571429,,2402.0,2402.0
10485,2484,no_pair_candidate,No valid odds row contains the same unordered player pair.,0,0,0,,,,,
10486,2485,matched,A unique odds row was assigned.,1,1,1,99.76190476190476,99.76190476190476,,2392.0,2392.0
10487,2486,matched,A unique odds row was assigned.,1,1,1,100.0,100.0,,2383.0,2383.0
10488,2487,matched,A unique odds row was assigned.,1,1,1,99.76190476190476,99.76190476190476,,2390.0,2390.0
10489,2488,no_pair_candidate,No valid odds row contains the same unordered player pair.,0,0,0,,,,,
10490,2489,matched,A unique odds row was assigned.,1,1,1,99.76190476190476,99.76190476190476,,2397.0,2397.0
10491,2490,matched,A unique odds row was assigned.,1,1,1,99.76190476190476,99.76190476190476,,2394.0,2394.0
10492,2491,no_pair_candidate,No valid odds row contains the same unordered player pair.,0,0,0,,,,,
10493,2492,matched,A unique odds row was assigned.,1,1,1,100.0,100.0,,2382.0,2382.0
10494,2493,matched,A unique odds row was assigned.,1,1,1,100.0,100.0,,2386.0,2386.0
10495,2494,matched,A unique odds row was assigned.,1,1,1,99.76190476190476,99.76190476190476,,2388.0,2388.0
10496,2495,matched,A unique odds row was assigned.,1,1,1,99.76190476190476,99.76190476190476,,2395.0,2395.0
10497,2496,no_pair_candidate,No valid odds row contains the same unordered player pair.,0,0,0,,,,,
10498,2497,matched,A unique odds row was assigned.,1,1,1,99.76190476190476,99.76190476190476,,2393.0,2393.0
10499,2498,matched,A unique odds row was assigned.,1,1,1,99.76190476190476,99.76190476190476,,2396.0,2396.0
10500,2499,no_pair_candidate,No valid odds row contains the same unordered player pair.,0,0,0,,,,,
10501,2500,matched,A unique odds row was assigned.,1,1,1,99.76190476190476,99.76190476190476,,2389.0,2389.0
10502,2501,matched,A unique odds row was assigned.,1,1,1,98.57142857142857,98.57142857142857,,2412.0,2412.0
10503,2502,matched,A unique odds row was assigned.,1,1,1,72.9047619047619,72.9047619047619,,2443.0,2443.0
10504,2503,matched,A unique odds row was assigned.,2,1,1,73.14285714285714,73.14285714285714,,2441.0,2441.0
10505,2504,matched,A unique odds row was assigned.,2,1,1,73.14285714285714,73.14285714285714,,2442.0,2442.0
10506,2505,matched,A unique odds row was assigned.,2,1,1,73.38095238095238,73.38095238095238,,2439.0,2439.0
10507,2506,matched,A unique odds row was assigned.,1,1,1,73.38095238095238,73.38095238095238,,2437.0,2437.0
10508,2507,matched,A unique odds row was assigned.,1,1,1,73.38095238095238,73.38095238095238,,2440.0,2440.0
10509,2508,matched,A unique odds row was assigned.,1,1,1,73.38095238095238,73.38095238095238,,2438.0,2438.0
10510,2509,matched,A unique odds row was assigned.,1,1,1,73.85714285714285,73.85714285714285,,2429.0,2429.0
10511,2510,matched,A unique odds row was assigned.,1,1,1,73.85714285714285,73.85714285714285,,2431.0,2431.0
10512,2511,matched,A unique odds row was assigned.,1,1,1,73.61904761904762,73.61904761904762,,2433.0,2433.0
10513,2512,matched,A unique odds row was assigned.,2,1,1,73.61904761904762,73.61904761904762,,2434.0,2434.0
10514,2513,matched,A unique odds row was assigned.,1,1,1,73.85714285714285,73.85714285714285,,2432.0,2432.0
10515,2514,matched,A unique odds row was assigned.,1,1,1,73.85714285714285,73.85714285714285,,2430.0,2430.0
10516,2515,matched,A unique odds row was assigned.,1,1,1,73.61904761904762,73.61904761904762,,2436.0,2436.0
10517,2516,matched,A unique odds row was assigned.,2,1,1,73.61904761904762,73.61904761904762,,2435.0,2435.0
10518,2517,matched,A unique odds row was assigned.,2,1,1,74.33333333333333,74.33333333333333,,2419.0,2419.0
10519,2518,matched,A unique odds row was assigned.,1,1,1,74.09523809523809,74.09523809523809,,2420.0,2420.0
10520,2519,matched,A unique odds row was assigned.,1,1,1,74.33333333333333,74.33333333333333,,2417.0,2417.0
10521,2520,matched,A unique odds row was assigned.,1,1,1,74.33333333333333,74.33333333333333,,2416.0,2416.0
10522,2521,matched,A unique odds row was assigned.,1,1,1,74.33333333333333,74.33333333333333,,2418.0,2418.0
10523,2522,matched,A unique odds row was assigned.,1,1,1,74.09523809523809,74.09523809523809,,2421.0,2421.0
10524,2523,matched,A unique odds row was assigned.,1,1,1,74.33333333333333,74.33333333333333,,2415.0,2415.0
10525,2524,matched,A unique odds row was assigned.,1,1,1,74.33333333333333,74.33333333333333,,2414.0,2414.0
10526,2525,matched,A unique odds row was assigned.,1,1,1,74.09523809523809,74.09523809523809,,2423.0,2423.0
10527,2526,matched,A unique odds row was assigned.,2,1,1,74.09523809523809,74.09523809523809,,2422.0,2422.0
10528,2527,matched,A unique odds row was assigned.,1,1,1,74.33333333333333,74.33333333333333,,2413.0,2413.0
10529,2528,matched,A unique odds row was assigned.,1,1,1,74.09523809523809,74.09523809523809,,2426.0,2426.0
10530,2529,matched,A unique odds row was assigned.,1,1,1,74.09523809523809,74.09523809523809,,2424.0,2424.0
10531,2530,matched,A unique odds row was assigned.,1,1,1,74.09523809523809,74.09523809523809,,2425.0,2425.0
10532,2531,matched,A unique odds row was assigned.,1,1,1,74.09523809523809,74.09523809523809,,2427.0,2427.0
10533,2532,matched,A unique odds row was assigned.,1,1,1,74.09523809523809,74.09523809523809,,2428.0,2428.0
10534,2533,matched,A unique odds row was assigned.,1,1,1,98.33333333333333,98.33333333333333,,2474.0,2474.0
10535,2534,matched,A unique odds row was assigned.,1,1,1,98.57142857142857,98.57142857142857,,2472.0,2472.0
10536,2535,matched,A unique odds row was assigned.,1,1,1,98.57142857142857,98.57142857142857,,2473.0,2473.0
10537,2536,matched,A unique odds row was assigned.,1,1,1,99.04761904761905,99.04761904761905,,2469.0,2469.0
10538,2537,matched,A unique odds row was assigned.,2,1,1,98.80952380952381,98.80952380952381,,2471.0,2471.0
10539,2538,matched,A unique odds row was assigned.,1,1,1,99.04761904761905,99.04761904761905,,2468.0,2468.0
10540,2539,matched,A unique odds row was assigned.,1,1,1,98.80952380952381,98.80952380952381,,2470.0,2470.0
10541,2540,matched,A unique odds row was assigned.,1,1,1,99.04761904761905,99.04761904761905,,2466.0,2466.0
10542,2541,matched,A unique odds row was assigned.,1,1,1,99.04761904761905,99.04761904761905,,2464.0,2464.0
10543,2542,matched,A unique odds row was assigned.,1,1,1,99.04761904761905,99.04761904761905,,2465.0,2465.0
10544,2543,matched,A unique odds row was assigned.,1,1,1,99.04761904761905,99.04761904761905,,2467.0,2467.0
10545,2544,matched,A unique odds row was assigned.,1,1,1,99.52380952380952,99.52380952380952,,2460.0,2460.0
10546,2545,matched,A unique odds row was assigned.,1,1,1,99.28571428571429,99.28571428571429,,2461.0,2461.0
10547,2546,matched,A unique odds row was assigned.,1,1,1,99.28571428571429,99.28571428571429,,2463.0,2463.0
10548,2547,matched,A unique odds row was assigned.,1,1,1,99.28571428571429,99.28571428571429,,2462.0,2462.0
10549,2548,matched,A unique odds row was assigned.,1,1,1,99.52380952380952,99.52380952380952,,2458.0,2458.0
10550,2549,matched,A unique odds row was assigned.,1,1,1,100.0,100.0,,2448.0,2448.0
10551,2550,matched,A unique odds row was assigned.,1,1,1,100.0,100.0,,2444.0,2444.0
10552,2551,matched,A unique odds row was assigned.,1,1,1,99.76190476190476,99.76190476190476,,2454.0,2454.0
10553,2552,matched,A unique odds row was assigned.,1,1,1,99.76190476190476,99.76190476190476,,2453.0,2453.0
10554,2553,matched,A unique odds row was assigned.,1,1,1,99.52380952380952,99.52380952380952,,2457.0,2457.0
10555,2554,matched,A unique odds row was assigned.,1,1,1,100.0,100.0,,2447.0,2447.0
10556,2555,matched,A unique odds row was assigned.,1,1,1,99.52380952380952,99.52380952380952,,2459.0,2459.0
10557,2556,matched,A unique odds row was assigned.,1,1,1,100.0,100.0,,2445.0,2445.0
10558,2557,no_pair_candidate,No valid odds row contains the same unordered player pair.,0,0,0,,,,,
10559,2558,matched,A unique odds row was assigned.,1,1,1,99.76190476190476,99.76190476190476,,2450.0,2450.0
10560,2559,matched,A unique odds row was assigned.,1,1,1,99.76190476190476,99.76190476190476,,2449.0,2449.0
10561,2560,matched,A unique odds row was assigned.,1,1,1,100.0,100.0,,2446.0,2446.0
10562,2561,matched,A unique odds row was assigned.,1,1,1,99.52380952380952,99.52380952380952,,2455.0,2455.0
10563,2562,matched,A unique odds row was assigned.,1,1,1,99.76190476190476,99.76190476190476,,2452.0,2452.0
10564,2563,matched,A unique odds row was assigned.,1,1,1,99.52380952380952,99.52380952380952,,2456.0,2456.0
10565,2564,matched,A unique odds row was assigned.,1,1,1,72.78947368421052,72.78947368421052,,2480.0,2480.0
10566,2565,matched,A unique odds row was assigned.,3,1,1,72.31328320802004,72.31328320802004,,2484.0,2484.0
10567,2566,matched,A unique odds row was assigned.,4,1,1,69.45614035087719,69.45614035087719,,2475.0,2475.0
10568,2567,matched,A unique odds row was assigned.,4,1,1,69.45614035087719,69.45614035087719,,2476.0,2476.0
10569,2568,matched,A unique odds row was assigned.,2,1,1,72.31328320802004,72.31328320802004,,2483.0,2483.0
10570,2569,matched,A unique odds row was assigned.,1,1,1,72.78947368421052,72.78947368421052,,2479.0,2479.0
10571,2570,matched,A unique odds row was assigned.,3,1,1,72.55137844611528,72.55137844611528,,2482.0,2482.0
10572,2571,matched,A unique odds row was assigned.,1,1,1,72.07518796992481,72.07518796992481,,2485.0,2485.0
10573,2572,matched,A unique odds row was assigned.,1,1,1,71.12280701754385,71.12280701754385,,2477.0,2477.0
10574,2573,matched,A unique odds row was assigned.,2,1,1,71.12280701754385,71.12280701754385,,2478.0,2478.0
10575,2574,matched,A unique odds row was assigned.,1,1,1,72.07518796992481,72.07518796992481,,2486.0,2486.0
10576,2575,matched,A unique odds row was assigned.,1,1,1,72.55137844611528,72.55137844611528,,2481.0,2481.0
10577,2576,matched,A unique odds row was assigned.,1,1,1,71.83709273182957,71.83709273182957,,2487.0,2487.0
10578,2577,matched,A unique odds row was assigned.,3,1,1,59.83709273182957,59.83709273182957,,2488.0,2488.0
10579,2578,matched,A unique odds row was assigned.,2,1,1,71.59899749373433,71.59899749373433,,2489.0,2489.0
10580,2579,no_pair_candidate,No valid odds row contains the same unordered player pair.,0,0,0,,,,,
10581,2580,no_pair_candidate,No valid odds row contains the same unordered player pair.,0,0,0,,,,,
10582,2581,no_pair_candidate,No valid odds row contains the same unordered player pair.,0,0,0,,,,,
10583,2582,no_pair_candidate,No valid odds row contains the same unordered player pair.,0,0,0,,,,,
10584,2583,no_pair_candidate,No valid odds row contains the same unordered player pair.,0,0,0,,,,,
10585,2584,no_pair_candidate,No valid odds row contains the same unordered player pair.,0,0,0,,,,,
10586,2585,no_pair_candidate,No valid odds row contains the same unordered player pair.,0,0,0,,,,,
10587,2586,no_pair_candidate,No valid odds row contains the same unordered player pair.,0,0,0,,,,,
10588,2587,no_pair_candidate,No valid odds row contains the same unordered player pair.,0,0,0,,,,,
10589,2588,no_pair_candidate,No valid odds row contains the same unordered player pair.,0,0,0,,,,,
10590,2589,no_pair_candidate,No valid odds row contains the same unordered player pair.,0,0,0,,,,,
10591,2590,no_pair_candidate,No valid odds row contains the same unordered player pair.,0,0,0,,,,,
10592,2591,no_pair_candidate,No valid odds row contains the same unordered player pair.,0,0,0,,,,,
10593,2592,no_pair_candidate,No valid odds row contains the same unordered player pair.,0,0,0,,,,,
10594,2593,no_pair_candidate,No valid odds row contains the same unordered player pair.,0,0,0,,,,,
10595,2594,no_pair_candidate,No valid odds row contains the same unordered player pair.,0,0,0,,,,,
10596,2595,no_pair_candidate,No valid odds row contains the same unordered player pair.,0,0,0,,,,,
10597,2596,no_pair_candidate,No valid odds row contains the same unordered player pair.,0,0,0,,,,,
10598,2597,no_pair_candidate,No valid odds row contains the same unordered player pair.,0,0,0,,,,,
10599,2598,no_pair_candidate,No valid odds row contains the same unordered player pair.,0,0,0,,,,,
10600,2599,no_pair_candidate,No valid odds row contains the same unordered player pair.,0,0,0,,,,,
10601,2600,no_pair_candidate,No valid odds row contains the same unordered player pair.,0,0,0,,,,,
10602,2601,no_pair_candidate,No valid odds row contains the same unordered player pair.,0,0,0,,,,,
10603,2602,no_pair_candidate,No valid odds row contains the same unordered player pair.,0,0,0,,,,,
10604,2603,no_pair_candidate,No valid odds row contains the same unordered player pair.,0,0,0,,,,,
10605,2604,no_pair_candidate,No valid odds row contains the same unordered player pair.,0,0,0,,,,,
10606,2605,no_pair_candidate,No valid odds row contains the same unordered player pair.,0,0,0,,,,,
10607,2606,no_pair_candidate,No valid odds row contains the same unordered player pair.,0,0,0,,,,,
10608,2607,no_pair_candidate,No valid odds row contains the same unordered player pair.,0,0,0,,,,,
10609,2608,no_pair_candidate,No valid odds row contains the same unordered player pair.,0,0,0,,,,,
10610,2609,no_pair_candidate,No valid odds row contains the same unordered player pair.,0,0,0,,,,,
10611,2610,no_pair_candidate,No valid odds row contains the same unordered player pair.,0,0,0,,,,,
10612,2611,no_pair_candidate,No valid odds row contains the same unordered player pair.,0,0,0,,,,,
10613,2612,no_pair_candidate,No valid odds row contains the same unordered player pair.,0,0,0,,,,,
10614,2613,no_pair_candidate,No valid odds row contains the same unordered player pair.,0,0,0,,,,,
10615,2614,no_pair_candidate,No valid odds row contains the same unordered player pair.,0,0,0,,,,,
10616,2615,no_pair_candidate,No valid odds row contains the same unordered player pair.,0,0,0,,,,,
10617,2616,no_pair_candidate,No valid odds row contains the same unordered player pair.,0,0,0,,,,,
10618,2617,no_pair_candidate,No valid odds row contains the same unordered player pair.,0,0,0,,,,,
10619,2618,no_pair_candidate,No valid odds row contains the same unordered player pair.,0,0,0,,,,,
10620,2619,outside_date_window,"Pair candidates exist, but none fall in the allowed event window.",1,0,0,,,,,
10621,2620,no_pair_candidate,No valid odds row contains the same unordered player pair.,0,0,0,,,,,
10622,2621,no_pair_candidate,No valid odds row contains the same unordered player pair.,0,0,0,,,,,
10623,2622,no_pair_candidate,No valid odds row contains the same unordered player pair.,0,0,0,,,,,
10624,2623,no_pair_candidate,No valid odds row contains the same unordered player pair.,0,0,0,,,,,
10625,2624,outside_date_window,"Pair candidates exist, but none fall in the allowed event window.",1,0,0,,,,,
10626,2625,no_pair_candidate,No valid odds row contains the same unordered player pair.,0,0,0,,,,,
10627,2626,no_pair_candidate,No valid odds row contains the same unordered player pair.,0,0,0,,,,,
10628,2627,no_pair_candidate,No valid odds row contains the same unordered player pair.,0,0,0,,,,,
10629,2628,no_pair_candidate,No valid odds row contains the same unordered player pair.,0,0,0,,,,,
10630,2629,no_pair_candidate,No valid odds row contains the same unordered player pair.,0,0,0,,,,,
10631,2630,no_pair_candidate,No valid odds row contains the same unordered player pair.,0,0,0,,,,,
10632,2631,no_pair_candidate,No valid odds row contains the same unordered player pair.,0,0,0,,,,,
10633,2632,no_pair_candidate,No valid odds row contains the same unordered player pair.,0,0,0,,,,,
10634,2633,no_pair_candidate,No valid odds row contains the same unordered player pair.,0,0,0,,,,,
10635,2634,no_pair_candidate,No valid odds row contains the same unordered player pair.,0,0,0,,,,,
10636,2635,no_pair_candidate,No valid odds row contains the same unordered player pair.,0,0,0,,,,,
10637,2636,no_pair_candidate,No valid odds row contains the same unordered player pair.,0,0,0,,,,,
10638,2637,no_pair_candidate,No valid odds row contains the same unordered player pair.,0,0,0,,,,,
10639,2638,no_pair_candidate,No valid odds row contains the same unordered player pair.,0,0,0,,,,,
10640,2639,no_pair_candidate,No valid odds row contains the same unordered player pair.,0,0,0,,,,,
10641,2640,no_pair_candidate,No valid odds row contains the same unordered player pair.,0,0,0,,,,,
10642,2641,no_pair_candidate,No valid odds row contains the same unordered player pair.,0,0,0,,,,,
10643,2642,no_pair_candidate,No valid odds row contains the same unordered player pair.,0,0,0,,,,,
10644,2643,no_pair_candidate,No valid odds row contains the same unordered player pair.,0,0,0,,,,,
10645,2644,no_pair_candidate,No valid odds row contains the same unordered player pair.,0,0,0,,,,,
10646,2645,no_pair_candidate,No valid odds row contains the same unordered player pair.,0,0,0,,,,,
10647,2646,no_pair_candidate,No valid odds row contains the same unordered player pair.,0,0,0,,,,,
10648,2647,outside_date_window,"Pair candidates exist, but none fall in the allowed event window.",2,0,0,,,,,
10649,2648,outside_date_window,"Pair candidates exist, but none fall in the allowed event window.",3,0,0,,,,,
10650,2649,no_pair_candidate,No valid odds row contains the same unordered player pair.,0,0,0,,,,,
10651,2650,no_pair_candidate,No valid odds row contains the same unordered player pair.,0,0,0,,,,,
10652,2651,no_pair_candidate,No valid odds row contains the same unordered player pair.,0,0,0,,,,,
10653,2652,no_pair_candidate,No valid odds row contains the same unordered player pair.,0,0,0,,,,,
10654,2653,no_pair_candidate,No valid odds row contains the same unordered player pair.,0,0,0,,,,,
10655,2654,outside_date_window,"Pair candidates exist, but none fall in the allowed event window.",1,0,0,,,,,
10656,2655,no_pair_candidate,No valid odds row contains the same unordered player pair.,0,0,0,,,,,
10657,2656,outside_date_window,"Pair candidates exist, but none fall in the allowed event window.",1,0,0,,,,,
10658,2657,no_pair_candidate,No valid odds row contains the same unordered player pair.,0,0,0,,,,,
10659,2658,no_pair_candidate,No valid odds row contains the same unordered player pair.,0,0,0,,,,,
10660,2659,no_pair_candidate,No valid odds row contains the same unordered player pair.,0,0,0,,,,,
10661,2660,no_pair_candidate,No valid odds row contains the same unordered player pair.,0,0,0,,,,,
10662,2661,no_pair_candidate,No valid odds row contains the same unordered player pair.,0,0,0,,,,,
10663,2662,no_pair_candidate,No valid odds row contains the same unordered player pair.,0,0,0,,,,,
10664,2663,no_pair_candidate,No valid odds row contains the same unordered player pair.,0,0,0,,,,,
10665,2664,no_pair_candidate,No valid odds row contains the same unordered player pair.,0,0,0,,,,,
10666,2665,no_pair_candidate,No valid odds row contains the same unordered player pair.,0,0,0,,,,,
10667,2666,no_pair_candidate,No valid odds row contains the same unordered player pair.,0,0,0,,,,,
10668,2667,no_pair_candidate,No valid odds row contains the same unordered player pair.,0,0,0,,,,,
10669,2668,no_pair_candidate,No valid odds row contains the same unordered player pair.,0,0,0,,,,,
10670,2669,no_pair_candidate,No valid odds row contains the same unordered player pair.,0,0,0,,,,,
10671,2670,no_pair_candidate,No valid odds row contains the same unordered player pair.,0,0,0,,,,,
10672,2671,no_pair_candidate,No valid odds row contains the same unordered player pair.,0,0,0,,,,,
10673,2672,no_pair_candidate,No valid odds row contains the same unordered player pair.,0,0,0,,,,,
10674,2673,no_pair_candidate,No valid odds row contains the same unordered player pair.,0,0,0,,,,,
10675,2674,no_pair_candidate,No valid odds row contains the same unordered player pair.,0,0,0,,,,,
10676,2675,no_pair_candidate,No valid odds row contains the same unordered player pair.,0,0,0,,,,,
10677,2676,no_pair_candidate,No valid odds row contains the same unordered player pair.,0,0,0,,,,,
10678,2677,no_pair_candidate,No valid odds row contains the same unordered player pair.,0,0,0,,,,,
10679,2678,no_pair_candidate,No valid odds row contains the same unordered player pair.,0,0,0,,,,,
10680,2679,no_pair_candidate,No valid odds row contains the same unordered player pair.,0,0,0,,,,,
10681,2680,no_pair_candidate,No valid odds row contains the same unordered player pair.,0,0,0,,,,,
10682,2681,no_pair_candidate,No valid odds row contains the same unordered player pair.,0,0,0,,,,,
10683,2682,no_pair_candidate,No valid odds row contains the same unordered player pair.,0,0,0,,,,,
10684,2683,no_pair_candidate,No valid odds row contains the same unordered player pair.,0,0,0,,,,,
10685,2684,no_pair_candidate,No valid odds row contains the same unordered player pair.,0,0,0,,,,,
10686,2685,no_pair_candidate,No valid odds row contains the same unordered player pair.,0,0,0,,,,,
10687,2686,no_pair_candidate,No valid odds row contains the same unordered player pair.,0,0,0,,,,,
10688,2687,no_pair_candidate,No valid odds row contains the same unordered player pair.,0,0,0,,,,,
10689,2688,no_pair_candidate,No valid odds row contains the same unordered player pair.,0,0,0,,,,,
