sackmann_index,sackmann_position,odds_index,odds_position,tournament_start_date,actual_match_date,date_offset_days,player_pair_key,sackmann_tournament,odds_tournament,sackmann_round,odds_round,tournament_similarity,round_similarity,surface_similarity,date_similarity,link_score,odds_wta,odds_location,odds_source_tournament,odds_date,odds_tier,odds_court,odds_surface,odds_source_round,odds_best_of,odds_winner,odds_loser,odds_wrank,odds_lrank,odds_wpts,odds_lpts,odds_w1,odds_l1,odds_w2,odds_l2,odds_w3,odds_l3,odds_wsets,odds_lsets,odds_comment,odds_b365w,odds_b365l,odds_psw,odds_psl,odds_maxw,odds_maxl,odds_avgw,odds_avgl,sackmann_source_row,chronology_order
8059,58,38,38,2024-01-01,2023-12-31,-1,bucsa|c / minnen|g,Brisbane,Brisbane International,R64,R64,1.0,1.0,1.0,0.6666666666666667,98.33333333333333,2,Brisbane,Brisbane International,2023-12-31,WTA500,Outdoor,Hard,1st Round,3,Bucsa C.,Minnen G.,61.0,64.0,1023.0,999.0,5.0,7.0,6.0,3.0,6.0,1.0,2.0,1.0,Completed,1.73,2.1,1.71,2.22,1.8,2.22,1.72,2.11,8059,0
8060,59,37,37,2024-01-01,2023-12-31,-1,bogdan|a / kostyuk|m,Brisbane,Brisbane International,R64,R64,1.0,1.0,1.0,0.6666666666666667,98.33333333333333,2,Brisbane,Brisbane International,2023-12-31,WTA500,Outdoor,Hard,1st Round,3,Kostyuk M.,Bogdan A.,38.0,66.0,1316.0,956.0,4.0,6.0,6.0,3.0,6.0,3.0,2.0,1.0,Completed,1.5,2.63,1.48,2.79,1.5,2.88,1.47,2.68,8060,1
8061,60,35,35,2024-01-01,2023-12-31,-1,giorgi|c / stearns|p,Brisbane,Brisbane International,R64,R64,1.0,1.0,1.0,0.6666666666666667,98.33333333333333,2,Brisbane,Brisbane International,2023-12-31,WTA500,Outdoor,Hard,1st Round,3,Giorgi C.,Stearns P.,55.0,49.0,1089.0,1168.0,5.0,7.0,6.0,2.0,6.0,3.0,2.0,1.0,Completed,1.73,2.1,1.88,1.99,1.88,2.2,1.79,2.01,8061,2
8064,63,33,33,2024-01-01,2023-12-31,-1,kalinskaya|a / pera|b,Brisbane,Brisbane International,R64,R64,1.0,1.0,1.0,0.6666666666666667,98.33333333333333,2,Brisbane,Brisbane International,2023-12-31,WTA500,Outdoor,Hard,1st Round,3,Kalinskaya A.,Pera B.,80.0,69.0,887.0,943.0,6.0,2.0,6.0,1.0,,,2.0,0.0,Completed,1.44,2.75,1.39,3.19,1.49,3.19,1.4,2.92,8064,3
8068,67,31,31,2024-01-01,2023-12-31,-1,andreeva|m / shnaider|d,Brisbane,Brisbane International,R64,R64,1.0,1.0,1.0,0.6666666666666667,98.33333333333333,2,Brisbane,Brisbane International,2023-12-31,WTA500,Outdoor,Hard,1st Round,3,Andreeva M.,Shnaider D.,58.0,97.0,1060.0,785.0,6.0,2.0,6.0,3.0,,,2.0,0.0,Completed,1.22,4.33,1.25,4.26,1.25,4.41,1.22,4.21,8068,4
8069,68,34,34,2024-01-01,2023-12-31,-1,dolehide|c / schmiedlova|a,Brisbane,Brisbane International,R64,R64,1.0,1.0,1.0,0.6666666666666667,98.33333333333333,2,Brisbane,Brisbane International,2023-12-31,WTA500,Outdoor,Hard,1st Round,3,Schmiedlova A.,Dolehide C.,73.0,45.0,918.0,1193.0,3.0,6.0,6.0,4.0,6.0,2.0,2.0,1.0,Completed,2.38,1.57,2.39,1.63,2.52,1.65,2.35,1.59,8069,5
8071,70,36,36,2024-01-01,2023-12-31,-1,siniakova|k / stephens|s,Brisbane,Brisbane International,R64,R64,1.0,1.0,1.0,0.6666666666666667,98.33333333333333,2,Brisbane,Brisbane International,2023-12-31,WTA500,Outdoor,Hard,1st Round,3,Stephens S.,Siniakova K.,44.0,50.0,1200.0,1162.0,7.0,5.0,6.0,3.0,,,2.0,0.0,Completed,2.1,1.73,2.29,1.68,2.29,1.75,2.18,1.68,8071,6
8062,61,39,39,2024-01-01,2024-01-01,0,korpatsch|t / osaka|n,Brisbane,Brisbane International,R64,R64,1.0,1.0,1.0,1.0,100.0,2,Brisbane,Brisbane International,2024-01-01,WTA500,Outdoor,Hard,1st Round,3,Osaka N.,Korpatsch T.,,83.0,,847.0,6.0,3.0,7.0,6.0,,,2.0,0.0,Completed,1.29,3.75,1.3,3.79,1.35,3.79,1.31,3.42,8062,7
8070,69,40,40,2024-01-01,2024-01-01,0,saville|d / yastremska|d,Brisbane,Brisbane International,R64,R64,1.0,1.0,1.0,1.0,100.0,2,Brisbane,Brisbane International,2024-01-01,WTA500,Outdoor,Hard,1st Round,3,Saville D.,Yastremska D.,209.0,98.0,366.0,767.0,6.0,0.0,6.0,4.0,,,2.0,0.0,Completed,3.0,1.4,2.81,1.48,3,1.49,2.79,1.43,8070,8
8090,89,8,8,2024-01-01,2024-01-01,0,kessler|m / sun|l,Auckland,ASB Classic,R32,R32,0.3368421052631579,1.0,1.0,1.0,63.526315789473685,1,Auckland,ASB Classic,2024-01-01,WTA250,Outdoor,Hard,1st Round,3,Sun L.,Kessler M.,214.0,217.0,362.0,359.0,6.0,4.0,6.0,3.0,,,2.0,0.0,Completed,2.0,1.8,2.14,1.76,2.14,1.82,2.04,1.76,8090,9
8092,91,2,2,2024-01-01,2024-01-01,0,fruhvirtova|l / navarro|e,Auckland,ASB Classic,R32,R32,0.3368421052631579,1.0,1.0,1.0,63.526315789473685,1,Auckland,ASB Classic,2024-01-01,WTA250,Outdoor,Hard,1st Round,3,Navarro E.,Fruhvirtova L.,31.0,88.0,1480.0,829.0,2.0,6.0,6.0,4.0,6.0,2.0,2.0,1.0,Completed,1.36,3.2,1.45,2.9,1.45,3.2,1.39,2.96,8092,10
8093,92,1,1,2024-01-01,2024-01-01,0,avanesyan|e / barry|m,Auckland,ASB Classic,R32,R32,0.3368421052631579,1.0,1.0,1.0,63.526315789473685,1,Auckland,ASB Classic,2024-01-01,WTA250,Outdoor,Hard,1st Round,3,Avanesyan E.,Barry M.,74.0,649.0,917.0,62.0,7.0,6.0,6.0,2.0,,,2.0,0.0,Completed,1.05,11.0,1.05,14.08,1.05,16.43,1.04,11.37,8093,11
8098,97,4,4,2024-01-01,2024-01-01,0,bektas|e / parry|d,Auckland,ASB Classic,R32,R32,0.3368421052631579,1.0,1.0,1.0,63.526315789473685,1,Auckland,ASB Classic,2024-01-01,WTA250,Outdoor,Hard,1st Round,3,Parry D.,Bektas E.,76.0,91.0,904.0,820.0,6.0,7.0,7.0,5.0,6.0,3.0,2.0,1.0,Completed,2.3,1.62,2.26,1.69,2.36,1.69,2.24,1.64,8098,12
8099,98,3,3,2024-01-01,2024-01-01,0,tsurenko|l / vickery|s,Auckland,ASB Classic,R32,R32,0.3368421052631579,1.0,1.0,1.0,63.526315789473685,1,Auckland,ASB Classic,2024-01-01,WTA250,Outdoor,Hard,1st Round,3,Tsurenko L.,Vickery S.,32.0,143.0,1451.0,537.0,7.0,5.0,6.0,4.0,,,2.0,0.0,Completed,1.5,2.63,1.48,2.79,1.5,2.96,1.47,2.67,8099,13
8100,99,5,5,2024-01-01,2024-01-01,0,bouzkova|m / frech|m,Auckland,ASB Classic,R32,R32,0.3368421052631579,1.0,1.0,1.0,63.526315789473685,1,Auckland,ASB Classic,2024-01-01,WTA250,Outdoor,Hard,1st Round,3,Bouzkova M.,Frech M.,36.0,70.0,1353.0,937.0,6.0,0.0,3.0,6.0,6.0,4.0,2.0,1.0,Completed,1.25,4.0,1.29,3.82,1.31,4.01,1.28,3.63,8100,14
8101,100,7,7,2024-01-01,2024-01-01,0,anisimova|a / pavlyuchenkova|a,Auckland,ASB Classic,R32,R32,0.3368421052631579,1.0,1.0,1.0,63.526315789473685,1,Auckland,ASB Classic,2024-01-01,WTA250,Outdoor,Hard,1st Round,3,Anisimova A.,Pavlyuchenkova A.,373.0,60.0,169.0,1045.0,7.0,5.0,6.0,4.0,,,2.0,0.0,Completed,2.5,1.53,2.61,1.54,2.75,1.54,2.59,1.49,8101,15
8048,47,48,48,2024-01-01,2024-01-02,1,azarenka|v / kalinskaya|a,Brisbane,Brisbane International,R32,R32,1.0,1.0,1.0,0.9523809523809523,99.76190476190476,2,Brisbane,Brisbane International,2024-01-02,WTA500,Outdoor,Hard,2nd Round,3,Azarenka V.,Kalinskaya A.,23.0,80.0,1916.0,887.0,6.0,1.0,7.0,6.0,,,2.0,0.0,Completed,1.91,1.91,2.03,1.85,2.03,2.0,1.93,1.87,8048,16
8057,56,42,42,2024-01-01,2024-01-02,1,bronzetti|l / krueger|a,Brisbane,Brisbane International,R64,R64,1.0,1.0,1.0,0.9523809523809523,99.76190476190476,2,Brisbane,Brisbane International,2024-01-02,WTA500,Outdoor,Hard,1st Round,3,Bronzetti L.,Krueger A.,52.0,78.0,1137.0,896.0,6.0,4.0,7.0,5.0,,,2.0,0.0,Completed,2.2,1.67,2.15,1.76,2.2,1.76,2.18,1.67,8057,17
8058,57,46,46,2024-01-01,2024-01-02,1,baptiste|h / collins|d,Brisbane,Brisbane International,R64,R64,1.0,1.0,1.0,0.9523809523809523,99.76190476190476,2,Brisbane,Brisbane International,2024-01-02,WTA500,Outdoor,Hard,1st Round,3,Collins D.,Baptiste H.,54.0,129.0,1090.0,583.0,6.0,1.0,4.0,6.0,6.0,3.0,2.0,1.0,Completed,1.25,4.0,1.28,3.98,1.29,4.0,1.26,3.82,8058,18
8063,62,44,44,2024-01-01,2024-01-02,1,burel|c / sonmez|z,Brisbane,Brisbane International,R64,R64,1.0,1.0,1.0,0.9523809523809523,99.76190476190476,2,Brisbane,Brisbane International,2024-01-02,WTA500,Outdoor,Hard,1st Round,3,Burel C.,Sonmez Z.,56.0,163.0,1081.0,478.0,6.0,4.0,6.0,2.0,,,2.0,0.0,Completed,1.33,3.4,1.39,3.18,1.39,3.4,1.36,3.17,8063,19
8065,64,45,45,2024-01-01,2024-01-02,1,riera|j / tomova|v,Brisbane,Brisbane International,R64,R64,1.0,1.0,1.0,0.9523809523809523,99.76190476190476,2,Brisbane,Brisbane International,2024-01-02,WTA500,Outdoor,Hard,1st Round,3,Riera J.,Tomova V.,137.0,75.0,563.0,906.0,6.0,2.0,6.0,4.0,,,2.0,0.0,Completed,2.5,1.53,2.58,1.55,2.6,1.6,2.47,1.54,8065,20
8066,65,41,41,2024-01-01,2024-01-02,1,babos|t / noskova|l,Brisbane,Brisbane International,R64,R64,1.0,1.0,1.0,0.9523809523809523,99.76190476190476,2,Brisbane,Brisbane International,2024-01-02,WTA500,Outdoor,Hard,1st Round,3,Noskova L.,Babos T.,40.0,192.0,1278.0,404.0,5.0,7.0,7.0,6.0,7.0,6.0,2.0,1.0,Completed,1.2,4.5,1.24,4.35,1.24,4.66,1.21,4.33,8066,21
8072,71,43,43,2024-01-01,2024-01-02,1,birrell|k / gadecki|o,Brisbane,Brisbane International,R64,R64,1.0,1.0,1.0,0.9523809523809523,99.76190476190476,2,Brisbane,Brisbane International,2024-01-02,WTA500,Outdoor,Hard,1st Round,3,Gadecki O.,Birrell K.,124.0,115.0,607.0,671.0,4.0,6.0,6.0,0.0,6.0,4.0,2.0,1.0,Completed,1.53,2.5,1.54,2.6,1.55,2.75,1.52,2.51,8072,22
8088,87,12,12,2024-01-01,2024-01-02,1,gauff|c / liu|c,Auckland,ASB Classic,R32,R32,0.3368421052631579,1.0,1.0,0.9523809523809523,63.288220551378444,1,Auckland,ASB Classic,2024-01-02,WTA250,Outdoor,Hard,1st Round,3,Gauff C.,Liu C.,3.0,95.0,6690.0,797.0,6.0,4.0,6.0,2.0,,,2.0,0.0,Completed,1.08,8.0,1.06,11.34,1.08,11.34,1.06,8.88,8088,23
8089,88,10,10,2024-01-01,2024-01-02,1,blinkova|a / fruhvirtova|b,Auckland,ASB Classic,R32,R32,0.3368421052631579,1.0,1.0,0.9523809523809523,63.288220551378444,1,Auckland,ASB Classic,2024-01-02,WTA250,Outdoor,Hard,1st Round,3,Fruhvirtova B.,Blinkova A.,117.0,48.0,657.0,1170.0,7.0,5.0,6.0,4.0,,,2.0,0.0,Completed,1.62,2.3,1.61,2.42,1.8,2.42,1.63,2.28,8089,24
8091,90,11,11,2024-01-01,2024-01-02,1,gracheva|v / martincova|t,Auckland,ASB Classic,R32,R32,0.3368421052631579,1.0,1.0,0.9523809523809523,63.288220551378444,1,Auckland,ASB Classic,2024-01-02,WTA250,Outdoor,Hard,1st Round,3,Gracheva V.,Martincova T.,42.0,156.0,1248.0,495.0,6.0,7.0,7.0,5.0,6.0,2.0,2.0,1.0,Completed,2.0,1.8,2.11,1.79,2.11,1.83,2.02,1.78,8091,25
8094,93,14,14,2024-01-01,2024-01-02,1,day|k / yuan|y,Auckland,ASB Classic,R32,R32,0.3368421052631579,1.0,1.0,0.9523809523809523,63.288220551378444,1,Auckland,ASB Classic,2024-01-02,WTA250,Outdoor,Hard,1st Round,3,Yuan Y.,Day K.,77.0,89.0,903.0,825.0,7.0,6.0,6.0,7.0,6.0,1.0,2.0,1.0,Completed,1.57,2.38,1.57,2.52,1.65,2.52,1.56,2.38,8094,26
8095,94,9,9,2024-01-01,2024-01-02,1,martic|p / masarova|r,Auckland,ASB Classic,R32,R32,0.3368421052631579,1.0,1.0,0.9523809523809523,63.288220551378444,1,Auckland,ASB Classic,2024-01-02,WTA250,Outdoor,Hard,1st Round,3,Martic P.,Masarova R.,41.0,65.0,1264.0,982.0,3.0,6.0,6.0,3.0,6.0,3.0,2.0,1.0,Completed,1.73,2.1,1.67,2.29,1.74,2.29,1.67,2.2,8095,27
8102,101,15,15,2024-01-01,2024-01-02,1,raducanu|e / ruse|e,Auckland,ASB Classic,R32,R32,0.3368421052631579,1.0,1.0,0.9523809523809523,63.288220551378444,1,Auckland,ASB Classic,2024-01-02,WTA250,Outdoor,Hard,1st Round,3,Raducanu E.,Ruse E.G.,301.0,134.0,231.0,575.0,6.0,3.0,4.0,6.0,7.0,5.0,2.0,1.0,Completed,1.91,1.91,1.76,2.15,1.91,2.15,1.82,1.98,8102,28
8103,102,13,13,2024-01-01,2024-01-02,1,svitolina|e / wozniacki|c,Auckland,ASB Classic,R32,R32,0.3368421052631579,1.0,1.0,0.9523809523809523,63.288220551378444,1,Auckland,ASB Classic,2024-01-02,WTA250,Outdoor,Hard,1st Round,3,Svitolina E.,Wozniacki C.,25.0,256.0,1809.0,301.0,6.0,4.0,6.0,3.0,,,2.0,0.0,Completed,1.62,2.3,1.73,2.19,1.77,2.32,1.66,2.2,8103,29
8041,40,53,53,2024-01-01,2024-01-03,2,bronzetti|l / sabalenka|a,Brisbane,Brisbane International,R32,R32,1.0,1.0,1.0,0.9047619047619048,99.52380952380952,2,Brisbane,Brisbane International,2024-01-03,WTA500,Outdoor,Hard,2nd Round,3,Sabalenka A.,Bronzetti L.,2.0,52.0,9050.0,1137.0,6.0,3.0,6.0,0.0,,,2.0,0.0,Completed,1.05,11.0,1.05,14.42,1.05,14.42,1.04,11.27,8041,30
8042,41,62,62,2024-01-01,2024-01-03,2,collins|d / zhu|l,Brisbane,Brisbane International,R32,R32,1.0,1.0,1.0,0.9047619047619048,99.52380952380952,2,Brisbane,Brisbane International,2024-01-03,WTA500,Outdoor,Hard,2nd Round,3,Zhu L.,Collins D.,33.0,54.0,1420.0,1090.0,1.0,6.0,6.0,3.0,7.0,6.0,2.0,1.0,Completed,3.5,1.3,3.9,1.29,3.9,1.3,3.68,1.28,8042,31
8043,42,59,59,2024-01-01,2024-01-03,2,bucsa|c / linette|m,Brisbane,Brisbane International,R32,R32,1.0,1.0,1.0,0.9047619047619048,99.52380952380952,2,Brisbane,Brisbane International,2024-01-03,WTA500,Outdoor,Hard,2nd Round,3,Linette M.,Bucsa C.,22.0,61.0,1921.0,1023.0,6.0,3.0,7.0,5.0,,,2.0,0.0,Completed,2.0,1.8,2.01,1.86,2.1,1.89,1.99,1.8,8043,32
8044,43,54,54,2024-01-01,2024-01-03,2,kasatkina|d / kostyuk|m,Brisbane,Brisbane International,R32,R32,1.0,1.0,1.0,0.9047619047619048,99.52380952380952,2,Brisbane,Brisbane International,2024-01-03,WTA500,Outdoor,Hard,2nd Round,3,Kasatkina D.,Kostyuk M.,18.0,38.0,2715.0,1316.0,6.0,3.0,6.0,4.0,,,2.0,0.0,Completed,1.91,1.91,1.98,1.89,2,1.96,1.92,1.87,8044,33
8045,44,56,56,2024-01-01,2024-01-03,2,giorgi|c / ostapenko|j,Brisbane,Brisbane International,R32,R32,1.0,1.0,1.0,0.9047619047619048,99.52380952380952,2,Brisbane,Brisbane International,2024-01-03,WTA500,Outdoor,Hard,2nd Round,3,Ostapenko J.,Giorgi C.,12.0,55.0,2830.0,1089.0,6.0,1.0,6.0,4.0,,,2.0,0.0,Completed,1.62,2.3,1.65,2.34,1.65,2.38,1.62,2.28,8045,34
8047,46,57,57,2024-01-01,2024-01-03,2,burel|c / kalinina|a,Brisbane,Brisbane International,R32,R32,1.0,1.0,1.0,0.9047619047619048,99.52380952380952,2,Brisbane,Brisbane International,2024-01-03,WTA500,Outdoor,Hard,2nd Round,3,Burel C.,Kalinina A.,56.0,27.0,1081.0,1630.0,6.0,4.0,6.0,1.0,,,2.0,0.0,Completed,2.0,1.8,2.04,1.84,2.04,1.95,1.96,1.84,8047,35
8049,48,55,55,2024-01-01,2024-01-03,2,alexandrova|e / riera|j,Brisbane,Brisbane International,R32,R32,1.0,1.0,1.0,0.9047619047619048,99.52380952380952,2,Brisbane,Brisbane International,2024-01-03,WTA500,Outdoor,Hard,2nd Round,3,Riera J.,Alexandrova E.,137.0,21.0,563.0,2075.0,6.0,3.0,6.0,4.0,,,2.0,0.0,Completed,4.33,1.22,4.02,1.27,5.16,1.27,4.1,1.23,8049,36
8050,49,52,52,2024-01-01,2024-01-03,2,cirstea|s / noskova|l,Brisbane,Brisbane International,R32,R32,1.0,1.0,1.0,0.9047619047619048,99.52380952380952,2,Brisbane,Brisbane International,2024-01-03,WTA500,Outdoor,Hard,2nd Round,3,Noskova L.,Cirstea S.,40.0,26.0,1278.0,1800.0,6.0,4.0,4.0,6.0,6.0,4.0,2.0,1.0,Completed,1.8,2.0,1.83,2.05,1.83,2.05,1.79,2.0,8050,37
8052,51,58,58,2024-01-01,2024-01-03,2,andreeva|m / samsonova|l,Brisbane,Brisbane International,R32,R32,1.0,1.0,1.0,0.9047619047619048,99.52380952380952,2,Brisbane,Brisbane International,2024-01-03,WTA500,Outdoor,Hard,2nd Round,3,Andreeva M.,Samsonova L.,58.0,15.0,1060.0,2760.0,6.0,2.0,6.0,1.0,,,2.0,0.0,Completed,1.8,2.0,1.84,2.04,1.98,2.05,1.82,1.99,8052,38
8053,52,49,49,2024-01-01,2024-01-03,2,kudermetova|v / schmiedlova|a,Brisbane,Brisbane International,R32,R32,1.0,1.0,1.0,0.9047619047619048,99.52380952380952,2,Brisbane,Brisbane International,2024-01-03,WTA500,Outdoor,Hard,2nd Round,3,Kudermetova V.,Schmiedlova A.,16.0,73.0,2720.0,918.0,6.0,2.0,6.0,3.0,,,2.0,0.0,Completed,1.2,4.5,1.2,5.03,1.21,5.16,1.19,4.58,8053,39
8054,53,50,50,2024-01-01,2024-01-03,2,potapova|a / saville|d,Brisbane,Brisbane International,R32,R32,1.0,1.0,1.0,0.9047619047619048,99.52380952380952,2,Brisbane,Brisbane International,2024-01-03,WTA500,Outdoor,Hard,2nd Round,3,Potapova A.,Saville D.,28.0,209.0,1611.0,366.0,6.0,4.0,3.0,6.0,6.0,4.0,2.0,1.0,Completed,1.5,2.63,1.58,2.49,1.58,2.63,1.53,2.49,8054,40
8055,54,60,60,2024-01-01,2024-01-03,2,mertens|e / stephens|s,Brisbane,Brisbane International,R32,R32,1.0,1.0,1.0,0.9047619047619048,99.52380952380952,2,Brisbane,Brisbane International,2024-01-03,WTA500,Outdoor,Hard,2nd Round,3,Mertens E.,Stephens S.,30.0,44.0,1506.0,1200.0,2.0,6.0,6.0,1.0,6.0,3.0,2.0,1.0,Completed,1.67,2.2,1.68,2.28,1.68,2.33,1.64,2.23,8055,41
8056,55,61,61,2024-01-01,2024-01-03,2,gadecki|o / rybakina|e,Brisbane,Brisbane International,R32,R32,1.0,1.0,1.0,0.9047619047619048,99.52380952380952,2,Brisbane,Brisbane International,2024-01-03,WTA500,Outdoor,Hard,2nd Round,3,Rybakina E.,Gadecki O.,4.0,124.0,6366.0,607.0,6.0,4.0,6.0,1.0,,,2.0,0.0,Completed,1.08,8.0,1.1,8.46,1.1,9.3,1.08,7.89,8056,42
8082,81,17,17,2024-01-01,2024-01-03,2,avanesyan|e / navarro|e,Auckland,ASB Classic,R16,R16,0.3368421052631579,1.0,1.0,0.9047619047619048,63.05012531328321,1,Auckland,ASB Classic,2024-01-03,WTA250,Outdoor,Hard,2nd Round,3,Navarro E.,Avanesyan E.,31.0,74.0,1480.0,917.0,6.0,1.0,6.0,2.0,,,2.0,0.0,Completed,1.22,4.33,1.24,4.44,1.25,4.81,1.22,4.18,8082,43
8083,82,20,20,2024-01-01,2024-01-03,2,martic|p / yuan|y,Auckland,ASB Classic,R16,R16,0.3368421052631579,1.0,1.0,0.9047619047619048,63.05012531328321,1,Auckland,ASB Classic,2024-01-03,WTA250,Outdoor,Hard,2nd Round,3,Martic P.,Yuan Y.,41.0,77.0,1264.0,903.0,6.0,2.0,6.0,2.0,,,2.0,0.0,Completed,1.73,2.1,1.77,2.14,1.77,2.32,1.7,2.14,8083,44
8085,84,19,19,2024-01-01,2024-01-03,2,parry|d / tsurenko|l,Auckland,ASB Classic,R16,R16,0.3368421052631579,1.0,1.0,0.9047619047619048,63.05012531328321,1,Auckland,ASB Classic,2024-01-03,WTA250,Outdoor,Hard,2nd Round,3,Parry D.,Tsurenko L.,76.0,32.0,904.0,1451.0,2.0,6.0,6.0,4.0,6.0,1.0,2.0,1.0,Completed,3.2,1.36,3.28,1.37,3.3,1.37,3.17,1.35,8085,45
8086,85,18,18,2024-01-01,2024-01-03,2,anisimova|a / bouzkova|m,Auckland,ASB Classic,R16,R16,0.3368421052631579,1.0,1.0,0.9047619047619048,63.05012531328321,1,Auckland,ASB Classic,2024-01-03,WTA250,Outdoor,Hard,2nd Round,3,Bouzkova M.,Anisimova A.,36.0,373.0,1353.0,169.0,6.0,0.0,6.0,1.0,,,2.0,0.0,Completed,1.57,2.38,1.67,2.3,1.67,2.4,1.61,2.29,8086,46
8033,32,70,70,2024-01-01,2024-01-04,3,sabalenka|a / zhu|l,Brisbane,Brisbane International,R16,R16,1.0,1.0,1.0,0.8571428571428572,99.28571428571429,2,Brisbane,Brisbane International,2024-01-04,WTA500,Outdoor,Hard,3rd Round,3,Sabalenka A.,Zhu L.,2.0,33.0,9050.0,1420.0,6.0,1.0,6.0,0.0,,,2.0,0.0,Completed,1.05,11.0,1.05,13.83,1.06,14.01,1.04,10.54,8033,47
8034,33,66,66,2024-01-01,2024-01-04,3,kasatkina|d / linette|m,Brisbane,Brisbane International,R16,R16,1.0,1.0,1.0,0.8571428571428572,99.28571428571429,2,Brisbane,Brisbane International,2024-01-04,WTA500,Outdoor,Hard,3rd Round,3,Kasatkina D.,Linette M.,18.0,22.0,2715.0,1921.0,6.0,4.0,6.0,2.0,,,2.0,0.0,Completed,1.4,3.0,1.45,2.93,1.47,3.25,1.41,2.86,8034,48
8036,35,63,63,2024-01-01,2024-01-04,3,azarenka|v / burel|c,Brisbane,Brisbane International,R16,R16,1.0,1.0,1.0,0.8571428571428572,99.28571428571429,2,Brisbane,Brisbane International,2024-01-04,WTA500,Outdoor,Hard,3rd Round,3,Azarenka V.,Burel C.,23.0,56.0,1916.0,1081.0,7.0,5.0,6.0,2.0,,,2.0,0.0,Completed,1.44,2.75,1.43,3.03,1.49,3.04,1.44,2.77,8036,49
8037,36,64,64,2024-01-01,2024-01-04,3,noskova|l / riera|j,Brisbane,Brisbane International,R16,R16,1.0,1.0,1.0,0.8571428571428572,99.28571428571429,2,Brisbane,Brisbane International,2024-01-04,WTA500,Outdoor,Hard,3rd Round,3,Noskova L.,Riera J.,40.0,137.0,1278.0,563.0,6.0,1.0,6.0,7.0,6.0,3.0,2.0,1.0,Completed,1.4,3.0,1.41,3.13,1.42,3.14,1.4,2.93,8037,50
8039,38,68,68,2024-01-01,2024-01-04,3,kudermetova|v / potapova|a,Brisbane,Brisbane International,R16,R16,1.0,1.0,1.0,0.8571428571428572,99.28571428571429,2,Brisbane,Brisbane International,2024-01-04,WTA500,Outdoor,Hard,3rd Round,3,Potapova A.,Kudermetova V.,28.0,16.0,1611.0,2720.0,7.0,5.0,6.0,7.0,6.0,4.0,2.0,1.0,Completed,3.0,1.4,3.11,1.41,3.11,1.46,2.91,1.4,8039,51
8040,39,69,69,2024-01-01,2024-01-04,3,mertens|e / rybakina|e,Brisbane,Brisbane International,R16,R16,1.0,1.0,1.0,0.8571428571428572,99.28571428571429,2,Brisbane,Brisbane International,2024-01-04,WTA500,Outdoor,Hard,3rd Round,3,Rybakina E.,Mertens E.,4.0,30.0,6366.0,1506.0,6.0,1.0,6.0,0.0,,,2.0,0.0,Completed,1.29,3.75,1.3,3.87,1.3,4.0,1.27,3.72,8040,52
8077,76,24,24,2024-01-01,2024-01-04,3,martic|p / navarro|e,Auckland,ASB Classic,QF,QF,0.3368421052631579,1.0,1.0,0.8571428571428572,62.81203007518797,1,Auckland,ASB Classic,2024-01-04,WTA250,Outdoor,Hard,Quarterfinals,3,Navarro E.,Martic P.,31.0,41.0,1480.0,1264.0,6.0,4.0,6.0,3.0,,,2.0,0.0,Completed,1.8,2.0,1.8,2.13,1.88,2.13,1.77,2.04,8077,53
8080,79,21,21,2024-01-01,2024-01-04,3,fruhvirtova|b / gauff|c,Auckland,ASB Classic,R16,R16,0.3368421052631579,1.0,1.0,0.8571428571428572,62.81203007518797,1,Auckland,ASB Classic,2024-01-04,WTA250,Outdoor,Hard,2nd Round,3,Gauff C.,Fruhvirtova B.,3.0,117.0,6690.0,657.0,6.0,3.0,6.0,0.0,,,2.0,0.0,Completed,1.06,10.0,1.08,9.36,1.09,10.0,1.07,8.31,8080,54
8081,80,22,22,2024-01-01,2024-01-04,3,gracheva|v / sun|l,Auckland,ASB Classic,R16,R16,0.3368421052631579,1.0,1.0,0.8571428571428572,62.81203007518797,1,Auckland,ASB Classic,2024-01-04,WTA250,Outdoor,Hard,2nd Round,3,Gracheva V.,Sun L.,42.0,214.0,1248.0,362.0,6.0,3.0,6.0,4.0,,,2.0,0.0,Completed,1.67,2.2,1.74,2.19,1.75,2.21,1.7,2.13,8081,55
8087,86,23,23,2024-01-01,2024-01-04,3,raducanu|e / svitolina|e,Auckland,ASB Classic,R16,R16,0.3368421052631579,1.0,1.0,0.8571428571428572,62.81203007518797,1,Auckland,ASB Classic,2024-01-04,WTA250,Outdoor,Hard,2nd Round,3,Svitolina E.,Raducanu E.,25.0,301.0,1809.0,231.0,6.0,7.0,7.0,6.0,6.0,1.0,2.0,1.0,Completed,1.44,2.75,1.47,2.85,1.54,2.85,1.46,2.69,8087,56
8029,28,74,74,2024-01-01,2024-01-05,4,kasatkina|d / sabalenka|a,Brisbane,Brisbane International,QF,QF,1.0,1.0,1.0,0.8095238095238095,99.04761904761905,2,Brisbane,Brisbane International,2024-01-05,WTA500,Outdoor,Hard,Quarterfinals,3,Sabalenka A.,Kasatkina D.,2.0,18.0,9050.0,2715.0,6.0,1.0,6.0,4.0,,,2.0,0.0,Completed,1.11,6.5,1.14,6.8,1.14,8.5,1.12,6.38,8029,57
8030,29,71,71,2024-01-01,2024-01-05,4,azarenka|v / ostapenko|j,Brisbane,Brisbane International,QF,QF,1.0,1.0,1.0,0.8095238095238095,99.04761904761905,2,Brisbane,Brisbane International,2024-01-05,WTA500,Outdoor,Hard,Quarterfinals,3,Azarenka V.,Ostapenko J.,23.0,12.0,1916.0,2830.0,6.0,3.0,3.0,6.0,7.0,5.0,2.0,1.0,Completed,1.91,1.91,2.02,1.89,2.02,1.99,1.91,1.89,8030,58
8031,30,73,73,2024-01-01,2024-01-05,4,andreeva|m / noskova|l,Brisbane,Brisbane International,QF,QF,1.0,1.0,1.0,0.8095238095238095,99.04761904761905,2,Brisbane,Brisbane International,2024-01-05,WTA500,Outdoor,Hard,Quarterfinals,3,Noskova L.,Andreeva M.,40.0,58.0,1278.0,1060.0,7.0,5.0,6.0,3.0,,,2.0,0.0,Completed,4.0,1.25,4.24,1.27,4.65,1.27,4.02,1.24,8031,59
8032,31,72,72,2024-01-01,2024-01-05,4,potapova|a / rybakina|e,Brisbane,Brisbane International,QF,QF,1.0,1.0,1.0,0.8095238095238095,99.04761904761905,2,Brisbane,Brisbane International,2024-01-05,WTA500,Outdoor,Hard,Quarterfinals,3,Rybakina E.,Potapova A.,4.0,28.0,6366.0,1611.0,6.0,1.0,,,,,1.0,0.0,Retired,1.11,6.5,1.14,6.98,1.15,7.09,1.12,6.16,8032,60
8076,75,25,25,2024-01-01,2024-01-05,4,gauff|c / gracheva|v,Auckland,ASB Classic,QF,QF,0.3368421052631579,1.0,1.0,0.8095238095238095,62.573934837092736,1,Auckland,ASB Classic,2024-01-05,WTA250,Outdoor,Hard,Quarterfinals,3,Gauff C.,Gracheva V.,3.0,42.0,6690.0,1248.0,6.0,1.0,6.0,1.0,,,2.0,0.0,Completed,1.04,13.0,1.05,14.7,1.09,14.96,1.05,10.58,8076,61
8079,78,27,27,2024-01-01,2024-01-05,4,bouzkova|m / svitolina|e,Auckland,ASB Classic,QF,QF,0.3368421052631579,1.0,1.0,0.8095238095238095,62.573934837092736,1,Auckland,ASB Classic,2024-01-05,WTA250,Outdoor,Hard,Quarterfinals,3,Svitolina E.,Bouzkova M.,25.0,36.0,1809.0,1353.0,6.0,0.0,6.0,3.0,,,2.0,0.0,Completed,1.8,2.0,1.98,1.93,1.98,2.0,1.88,1.91,8079,62
8027,26,76,76,2024-01-01,2024-01-06,5,azarenka|v / sabalenka|a,Brisbane,Brisbane International,SF,SF,1.0,1.0,1.0,0.7619047619047619,98.80952380952381,2,Brisbane,Brisbane International,2024-01-06,WTA500,Outdoor,Hard,Semifinals,3,Sabalenka A.,Azarenka V.,2.0,23.0,9050.0,1916.0,6.0,2.0,6.0,4.0,,,2.0,0.0,Completed,1.13,6.0,1.17,5.96,1.18,6.19,1.15,5.5,8027,63
8028,27,75,75,2024-01-01,2024-01-06,5,noskova|l / rybakina|e,Brisbane,Brisbane International,SF,SF,1.0,1.0,1.0,0.7619047619047619,98.80952380952381,2,Brisbane,Brisbane International,2024-01-06,WTA500,Outdoor,Hard,Semifinals,3,Rybakina E.,Noskova L.,4.0,40.0,6366.0,1278.0,6.0,3.0,6.0,2.0,,,2.0,0.0,Completed,1.14,5.5,1.2,5.31,1.2,5.58,1.17,5.01,8028,64
8074,73,28,28,2024-01-01,2024-01-06,5,gauff|c / navarro|e,Auckland,ASB Classic,SF,SF,0.3368421052631579,1.0,1.0,0.7619047619047619,62.335839598997495,1,Auckland,ASB Classic,2024-01-06,WTA250,Outdoor,Hard,Semifinals,3,Gauff C.,Navarro E.,3.0,31.0,6690.0,1480.0,6.0,3.0,6.0,1.0,,,2.0,0.0,Completed,1.08,8.0,1.13,7.12,1.13,8.2,1.1,6.99,8074,65
8026,25,77,77,2024-01-01,2024-01-07,6,rybakina|e / sabalenka|a,Brisbane,Brisbane International,F,F,1.0,1.0,1.0,0.7142857142857143,98.57142857142857,2,Brisbane,Brisbane International,2024-01-07,WTA500,Outdoor,Hard,The Final,3,Rybakina E.,Sabalenka A.,4.0,2.0,6366.0,9050.0,6.0,0.0,6.0,3.0,,,2.0,0.0,Completed,1.91,1.91,2.03,1.88,5,1.4,5.0,1.4,8026,66
8073,72,30,30,2024-01-01,2024-01-07,6,gauff|c / svitolina|e,Auckland,ASB Classic,F,F,0.3368421052631579,1.0,1.0,0.7142857142857143,62.097744360902254,1,Auckland,ASB Classic,2024-01-07,WTA250,Outdoor,Hard,The Final,3,Gauff C.,Svitolina E.,3.0,25.0,6690.0,1809.0,6.0,7.0,6.0,3.0,6.0,3.0,2.0,1.0,Completed,1.17,5.0,1.2,5.24,1.22,5.25,1.18,4.86,8073,67
8119,118,80,80,2024-01-08,2024-01-08,0,bucsa|c / paolini|j,Adelaide,Adelaide International,R32,R32,1.0,1.0,1.0,1.0,100.0,3,Adelaide,Adelaide International,2024-01-08,WTA500,Outdoor,Hard,1st Round,3,Bucsa C.,Paolini J.,61.0,30.0,1035.0,1530.0,6.0,3.0,6.0,3.0,,,2.0,0.0,Completed,3.4,1.33,3.43,1.35,3.45,1.4,3.26,1.33,8119,68
8123,122,78,78,2024-01-08,2024-01-08,0,kalinina|a / kostyuk|m,Adelaide,Adelaide International,R32,R32,1.0,1.0,1.0,1.0,100.0,3,Adelaide,Adelaide International,2024-01-08,WTA500,Outdoor,Hard,1st Round,3,Kostyuk M.,Kalinina A.,41.0,28.0,1223.0,1630.0,7.0,6.0,6.0,1.0,,,2.0,0.0,Completed,1.67,2.2,1.69,2.26,1.7,2.27,1.66,2.2,8123,69
8126,125,84,84,2024-01-08,2024-01-08,0,samsonova|l / siegemund|l,Adelaide,Adelaide International,R32,R32,1.0,1.0,1.0,1.0,100.0,3,Adelaide,Adelaide International,2024-01-08,WTA500,Outdoor,Hard,1st Round,3,Siegemund L.,Samsonova L.,89.0,14.0,814.0,2760.0,6.0,7.0,6.0,4.0,6.0,4.0,2.0,1.0,Completed,4.33,1.22,3.93,1.28,4.34,1.3,3.85,1.26,8126,70
8127,126,82,82,2024-01-08,2024-01-08,0,bogdan|a / boulter|k,Adelaide,Adelaide International,R32,R32,1.0,1.0,1.0,1.0,100.0,3,Adelaide,Adelaide International,2024-01-08,WTA500,Outdoor,Hard,1st Round,3,Bogdan A.,Boulter K.,66.0,57.0,956.0,1085.0,,3.0,6.0,4.0,,,2.0,0.0,Completed,2.5,1.53,3.46,1.33,4.4,1.53,3.35,1.37,8127,71
8129,128,81,81,2024-01-08,2024-01-08,0,kalinskaya|a / krejcikova|b,Adelaide,Adelaide International,R32,R32,1.0,1.0,1.0,1.0,100.0,3,Adelaide,Adelaide International,2024-01-08,WTA500,Outdoor,Hard,1st Round,3,Kalinskaya A.,Krejcikova B.,75.0,10.0,918.0,2945.0,7.0,5.0,3.0,6.0,7.0,5.0,2.0,1.0,Completed,2.0,1.8,2.09,1.8,2.25,1.8,2.08,1.75,8129,72
8130,129,79,79,2024-01-08,2024-01-08,0,haddad maia|b / pavlyuchenkova|a <> maia|b / pavlyuchenkova|a,Adelaide,Adelaide International,R32,R32,1.0,1.0,1.0,1.0,100.0,3,Adelaide,Adelaide International,2024-01-08,WTA500,Outdoor,Hard,1st Round,3,Pavlyuchenkova A.,Haddad Maia B.,59.0,11.0,1046.0,2920.0,6.0,3.0,6.0,4.0,,,2.0,0.0,Completed,2.2,1.67,2.28,1.68,2.34,1.71,2.2,1.66,8130,73
8132,131,83,83,2024-01-08,2024-01-08,0,badosa|p / pera|b,Adelaide,Adelaide International,R32,R32,1.0,1.0,1.0,1.0,100.0,3,Adelaide,Adelaide International,2024-01-08,WTA500,Outdoor,Hard,1st Round,3,Pera B.,Badosa P.,69.0,74.0,943.0,922.0,3.0,6.0,6.0,2.0,6.0,3.0,2.0,1.0,Completed,2.63,1.5,3.29,1.37,3.29,1.52,2.85,1.42,8132,74
8148,147,110,110,2024-01-08,2024-01-08,0,collins|d / mertens|e,Hobart,Hobart International,R32,R32,1.0,1.0,1.0,1.0,100.0,4,Hobart,Hobart International,2024-01-08,WTA250,Outdoor,Hard,1st Round,3,Mertens E.,Collins D.,29.0,54.0,1551.0,1121.0,6.0,2.0,6.0,3.0,,,2.0,0.0,Completed,2.1,1.73,2.15,1.76,2.2,1.78,2.11,1.72,8148,75
8150,149,108,108,2024-01-08,2024-01-08,0,fruhvirtova|l / rus|a,Hobart,Hobart International,R32,R32,1.0,1.0,1.0,1.0,100.0,4,Hobart,Hobart International,2024-01-08,WTA250,Outdoor,Hard,1st Round,3,Rus A.,Fruhvirtova L.,50.0,85.0,1149.0,829.0,6.0,3.0,5.0,7.0,6.0,3.0,2.0,1.0,Completed,2.38,1.57,2.41,1.62,2.43,1.62,2.32,1.6,8150,76
8151,150,107,107,2024-01-08,2024-01-08,0,gracheva|v / stearns|p,Hobart,Hobart International,R32,R32,1.0,1.0,1.0,1.0,100.0,4,Hobart,Hobart International,2024-01-08,WTA250,Outdoor,Hard,1st Round,3,Gracheva V.,Stearns P.,39.0,48.0,1290.0,1168.0,7.0,6.0,3.0,6.0,7.0,5.0,2.0,1.0,Completed,2.1,1.73,2.08,1.81,2.14,1.81,2.07,1.74,8151,77
8152,151,112,112,2024-01-08,2024-01-08,0,bronzetti|l / zhu|l,Hobart,Hobart International,R32,R32,1.0,1.0,1.0,1.0,100.0,4,Hobart,Hobart International,2024-01-08,WTA250,Outdoor,Hard,1st Round,3,Zhu L.,Bronzetti L.,33.0,56.0,1420.0,1099.0,7.0,5.0,6.0,1.0,,,2.0,0.0,Completed,1.67,2.2,1.73,2.2,1.73,2.25,1.68,2.18,8152,78
8154,153,111,111,2024-01-08,2024-01-08,0,blinkova|a / saville|d,Hobart,Hobart International,R32,R32,1.0,1.0,1.0,1.0,100.0,4,Hobart,Hobart International,2024-01-08,WTA250,Outdoor,Hard,1st Round,3,Saville D.,Blinkova A.,195.0,46.0,398.0,1170.0,3.0,6.0,6.0,4.0,6.0,4.0,2.0,1.0,Completed,1.8,2.0,1.85,2.03,1.91,2.05,1.81,1.98,8154,79
8120,119,90,90,2024-01-08,2024-01-09,1,alexandrova|e / linette|m,Adelaide,Adelaide International,R32,R32,1.0,1.0,1.0,0.9523809523809523,99.76190476190476,3,Adelaide,Adelaide International,2024-01-09,WTA500,Outdoor,Hard,1st Round,3,Alexandrova E.,Linette M.,21.0,24.0,2075.0,1896.0,3.0,6.0,7.0,6.0,7.0,5.0,2.0,1.0,Completed,1.62,2.3,1.67,2.45,1.67,2.45,1.61,2.3,8120,80
8121,120,87,87,2024-01-08,2024-01-09,1,krueger|a / kudermetova|v,Adelaide,Adelaide International,R32,R32,1.0,1.0,1.0,0.9523809523809523,99.76190476190476,3,Adelaide,Adelaide International,2024-01-09,WTA500,Outdoor,Hard,1st Round,3,Kudermetova V.,Krueger A.,16.0,78.0,2680.0,896.0,6.0,2.0,7.0,5.0,,,2.0,0.0,Completed,1.3,3.5,1.33,3.53,1.33,3.59,1.31,3.44,8121,81
8122,121,91,91,2024-01-08,2024-01-09,1,sasnovich|a / townsend|t,Adelaide,Adelaide International,R32,R32,1.0,1.0,1.0,0.9523809523809523,99.76190476190476,3,Adelaide,Adelaide International,2024-01-09,WTA500,Outdoor,Hard,1st Round,3,Townsend T.,Sasnovich A.,80.0,83.0,870.0,831.0,6.0,3.0,7.0,6.0,,,2.0,0.0,Completed,2.2,1.67,2.2,1.71,2.22,1.71,2.21,1.68,8122,82
8124,123,86,86,2024-01-08,2024-01-09,1,garcia|c / preston|t,Adelaide,Adelaide International,R32,R32,1.0,1.0,1.0,0.9523809523809523,99.76190476190476,3,Adelaide,Adelaide International,2024-01-09,WTA500,Outdoor,Hard,1st Round,3,Garcia C.,Preston T.,20.0,203.0,2330.0,382.0,6.0,4.0,1.0,6.0,6.0,3.0,2.0,1.0,Completed,1.14,5.5,1.16,5.71,1.18,5.92,1.15,5.38,8124,83
8125,124,85,85,2024-01-08,2024-01-09,1,cirstea|s / ostapenko|j,Adelaide,Adelaide International,R32,R32,1.0,1.0,1.0,0.9523809523809523,99.76190476190476,3,Adelaide,Adelaide International,2024-01-09,WTA500,Outdoor,Hard,1st Round,3,Ostapenko J.,Cirstea S.,12.0,26.0,2883.0,1746.0,2.0,6.0,6.0,2.0,6.0,4.0,2.0,1.0,Completed,1.5,2.63,1.56,2.56,1.57,2.63,1.53,2.48,8125,84
8128,127,89,89,2024-01-08,2024-01-09,1,kasatkina|d / liu|c,Adelaide,Adelaide International,R32,R32,1.0,1.0,1.0,0.9523809523809523,99.76190476190476,3,Adelaide,Adelaide International,2024-01-09,WTA500,Outdoor,Hard,1st Round,3,Kasatkina D.,Liu C.,15.0,104.0,2758.0,730.0,6.0,4.0,6.0,3.0,,,2.0,0.0,Completed,1.33,3.4,1.43,2.98,1.44,3.4,1.41,2.88,8128,85
8153,152,113,113,2024-01-08,2024-01-09,1,dolehide|c / sherif|m,Hobart,Hobart International,R32,R32,1.0,1.0,1.0,0.9523809523809523,99.76190476190476,4,Hobart,Hobart International,2024-01-09,WTA250,Outdoor,Hard,1st Round,3,Dolehide C.,Sherif M.,44.0,58.0,1193.0,1053.0,6.0,1.0,6.0,4.0,,,2.0,0.0,Completed,1.53,2.5,1.59,2.47,1.59,2.66,1.55,2.44,8153,86
8155,154,115,115,2024-01-08,2024-01-09,1,kenin|s / minnen|g,Hobart,Hobart International,R32,R32,1.0,1.0,1.0,0.9523809523809523,99.76190476190476,4,Hobart,Hobart International,2024-01-09,WTA250,Outdoor,Hard,1st Round,3,Kenin S.,Minnen G.,38.0,65.0,1305.0,999.0,6.0,3.0,6.0,3.0,,,2.0,0.0,Completed,1.44,2.75,1.45,2.89,1.46,3.01,1.43,2.78,8155,87
8156,155,119,119,2024-01-08,2024-01-09,1,bouzkova|m / golubic|v,Hobart,Hobart International,R32,R32,1.0,1.0,1.0,0.9523809523809523,99.76190476190476,4,Hobart,Hobart International,2024-01-09,WTA250,Outdoor,Hard,1st Round,3,Bouzkova M.,Golubic V.,35.0,90.0,1382.0,812.0,6.0,2.0,6.0,4.0,,,2.0,0.0,Completed,1.33,3.4,1.37,3.27,1.38,3.55,1.33,3.26,8156,88
8157,156,116,116,2024-01-08,2024-01-09,1,cocciaretto|e / putintseva|y,Hobart,Hobart International,R32,R32,1.0,1.0,1.0,0.9523809523809523,99.76190476190476,4,Hobart,Hobart International,2024-01-09,WTA250,Outdoor,Hard,1st Round,3,Putintseva Y.,Cocciaretto E.,64.0,45.0,1002.0,1179.0,0.0,6.0,7.0,5.0,7.0,6.0,2.0,1.0,Completed,1.57,2.38,1.58,2.48,1.59,2.64,1.55,2.44,8157,89
8158,157,118,118,2024-01-08,2024-01-09,1,stephens|s / yuan|y,Hobart,Hobart International,R32,R32,1.0,1.0,1.0,0.9523809523809523,99.76190476190476,4,Hobart,Hobart International,2024-01-09,WTA250,Outdoor,Hard,1st Round,3,Yuan Y.,Stephens S.,73.0,43.0,925.0,1202.0,6.0,4.0,3.0,6.0,7.0,6.0,2.0,1.0,Completed,2.63,1.5,2.49,1.58,2.63,1.58,2.47,1.53,8158,90
8160,159,117,117,2024-01-08,2024-01-09,1,maria|t / podoroska|n,Hobart,Hobart International,R32,R32,1.0,1.0,1.0,0.9523809523809523,99.76190476190476,4,Hobart,Hobart International,2024-01-09,WTA250,Outdoor,Hard,1st Round,3,Maria T.,Podoroska N.,42.0,63.0,1215.0,1009.0,6.0,1.0,4.0,3.0,,,1.0,0.0,Retired,1.8,2.0,1.94,1.93,1.94,2.05,1.86,1.93,8160,91
8161,160,114,114,2024-01-08,2024-01-09,1,tomova|v / trevisan|m,Hobart,Hobart International,R32,R32,1.0,1.0,1.0,0.9523809523809523,99.76190476190476,4,Hobart,Hobart International,2024-01-09,WTA250,Outdoor,Hard,1st Round,3,Tomova V.,Trevisan M.,77.0,60.0,906.0,1045.0,6.0,3.0,6.0,3.0,,,2.0,0.0,Completed,2.2,1.67,2.09,1.8,2.36,1.82,2.1,1.73,8161,92
8162,161,120,120,2024-01-08,2024-01-09,1,frech|m / sorribes tormo|s <> frech|m / tormo|s,Hobart,Hobart International,R32,R32,1.0,1.0,1.0,0.9523809523809523,99.76190476190476,4,Hobart,Hobart International,2024-01-09,WTA250,Outdoor,Hard,1st Round,3,Frech M.,Sorribes Tormo S.,72.0,53.0,937.0,1126.0,0.0,6.0,6.0,1.0,6.0,4.0,2.0,1.0,Completed,2.2,1.67,1.96,1.9,2.22,1.9,2.16,1.69,8162,93
8163,162,122,122,2024-01-08,2024-01-09,1,burel|c / navarro|e,Hobart,Hobart International,R32,R32,1.0,1.0,1.0,0.9523809523809523,99.76190476190476,4,Hobart,Hobart International,2024-01-09,WTA250,Outdoor,Hard,1st Round,3,Navarro E.,Burel C.,31.0,52.0,1530.0,1140.0,4.0,6.0,6.0,3.0,6.0,3.0,2.0,1.0,Completed,1.67,2.2,1.75,2.16,1.75,2.3,1.69,2.16,8163,94
8111,110,98,98,2024-01-08,2024-01-10,2,bucsa|c / rybakina|e,Adelaide,Adelaide International,R16,R16,1.0,1.0,1.0,0.9047619047619048,99.52380952380952,3,Adelaide,Adelaide International,2024-01-10,WTA500,Outdoor,Hard,2nd Round,3,Rybakina E.,Bucsa C.,3.0,61.0,6811.0,1035.0,6.0,3.0,7.0,5.0,,,2.0,0.0,Completed,1.07,9.0,1.07,11.73,1.07,11.73,1.06,9.37,8111,95
8112,111,99,99,2024-01-08,2024-01-10,2,alexandrova|e / kudermetova|v,Adelaide,Adelaide International,R16,R16,1.0,1.0,1.0,0.9047619047619048,99.52380952380952,3,Adelaide,Adelaide International,2024-01-10,WTA500,Outdoor,Hard,2nd Round,3,Alexandrova E.,Kudermetova V.,21.0,16.0,2075.0,2680.0,6.0,4.0,6.0,4.0,,,2.0,0.0,Completed,2.5,1.53,2.53,1.58,2.6,1.62,2.47,1.53,8112,96
8113,112,95,95,2024-01-08,2024-01-10,2,kostyuk|m / townsend|t,Adelaide,Adelaide International,R16,R16,1.0,1.0,1.0,0.9047619047619048,99.52380952380952,3,Adelaide,Adelaide International,2024-01-10,WTA500,Outdoor,Hard,2nd Round,3,Kostyuk M.,Townsend T.,41.0,80.0,1223.0,870.0,6.0,3.0,2.0,6.0,6.0,4.0,2.0,1.0,Completed,1.5,2.63,1.53,2.65,1.57,2.75,1.52,2.52,8113,97
8114,113,96,96,2024-01-08,2024-01-10,2,garcia|c / ostapenko|j,Adelaide,Adelaide International,R16,R16,1.0,1.0,1.0,0.9047619047619048,99.52380952380952,3,Adelaide,Adelaide International,2024-01-10,WTA500,Outdoor,Hard,2nd Round,3,Ostapenko J.,Garcia C.,12.0,20.0,2883.0,2330.0,6.0,4.0,5.0,7.0,6.0,4.0,2.0,1.0,Completed,1.62,2.3,1.6,2.48,1.64,2.5,1.59,2.34,8114,98
8115,114,93,93,2024-01-08,2024-01-10,2,bogdan|a / siegemund|l,Adelaide,Adelaide International,R16,R16,1.0,1.0,1.0,0.9047619047619048,99.52380952380952,3,Adelaide,Adelaide International,2024-01-10,WTA500,Outdoor,Hard,2nd Round,3,Siegemund L.,Bogdan A.,89.0,66.0,814.0,956.0,6.0,4.0,7.0,5.0,,,2.0,0.0,Completed,2.1,1.73,2.01,1.88,2.15,1.88,2.02,1.78,8115,99
8116,115,97,97,2024-01-08,2024-01-10,2,kalinskaya|a / kasatkina|d,Adelaide,Adelaide International,R16,R16,1.0,1.0,1.0,0.9047619047619048,99.52380952380952,3,Adelaide,Adelaide International,2024-01-10,WTA500,Outdoor,Hard,2nd Round,3,Kasatkina D.,Kalinskaya A.,15.0,75.0,2758.0,918.0,5.0,7.0,6.0,4.0,7.0,5.0,2.0,1.0,Completed,1.62,2.3,1.81,2.1,1.81,2.3,1.67,2.19,8116,100
8117,116,94,94,2024-01-08,2024-01-10,2,pavlyuchenkova|a / siniakova|k,Adelaide,Adelaide International,R16,R16,1.0,1.0,1.0,0.9047619047619048,99.52380952380952,3,Adelaide,Adelaide International,2024-01-10,WTA500,Outdoor,Hard,2nd Round,3,Pavlyuchenkova A.,Siniakova K.,59.0,49.0,1046.0,1150.0,2.0,6.0,6.0,3.0,6.0,2.0,2.0,1.0,Completed,1.73,2.1,1.79,2.12,1.87,2.12,1.79,2.01,8117,101
8118,117,92,92,2024-01-08,2024-01-10,2,pegula|j / pera|b,Adelaide,Adelaide International,R16,R16,1.0,1.0,1.0,0.9047619047619048,99.52380952380952,3,Adelaide,Adelaide International,2024-01-10,WTA500,Outdoor,Hard,2nd Round,3,Pegula J.,Pera B.,5.0,69.0,5905.0,943.0,4.0,6.0,6.0,2.0,6.0,3.0,2.0,1.0,Completed,1.08,8.0,1.11,7.77,1.13,8.0,1.1,6.87,8118,102
8140,139,125,125,2024-01-08,2024-01-10,2,mertens|e / schmiedlova|a,Hobart,Hobart International,R16,R16,1.0,1.0,1.0,0.9047619047619048,99.52380952380952,4,Hobart,Hobart International,2024-01-10,WTA250,Outdoor,Hard,2nd Round,3,Mertens E.,Schmiedlova A.,29.0,67.0,1551.0,949.0,6.0,2.0,6.0,3.0,,,2.0,0.0,Completed,1.17,5.0,1.22,4.85,1.22,5.05,1.19,4.6,8140,103
8141,140,123,123,2024-01-08,2024-01-10,2,gracheva|v / rus|a,Hobart,Hobart International,R16,R16,1.0,1.0,1.0,0.9047619047619048,99.52380952380952,4,Hobart,Hobart International,2024-01-10,WTA250,Outdoor,Hard,2nd Round,3,Rus A.,Gracheva V.,50.0,39.0,1149.0,1290.0,6.0,2.0,6.0,3.0,,,2.0,0.0,Completed,2.1,1.73,2.22,1.72,2.22,1.8,2.12,1.71,8141,104
8142,141,126,126,2024-01-08,2024-01-10,2,dolehide|c / zhu|l,Hobart,Hobart International,R16,R16,1.0,1.0,1.0,0.9047619047619048,99.52380952380952,4,Hobart,Hobart International,2024-01-10,WTA250,Outdoor,Hard,2nd Round,3,Zhu L.,Dolehide C.,33.0,44.0,1420.0,1193.0,5.0,7.0,6.0,3.0,6.0,4.0,2.0,1.0,Completed,1.53,2.5,1.58,2.52,1.58,2.52,1.55,2.42,8142,105
8143,142,129,129,2024-01-08,2024-01-10,2,kenin|s / saville|d,Hobart,Hobart International,R16,R16,1.0,1.0,1.0,0.9047619047619048,99.52380952380952,4,Hobart,Hobart International,2024-01-10,WTA250,Outdoor,Hard,2nd Round,3,Saville D.,Kenin S.,195.0,38.0,398.0,1305.0,7.0,6.0,6.0,1.0,,,2.0,0.0,Completed,2.5,1.53,2.6,1.55,2.6,1.57,2.47,1.53,8143,106
8144,143,130,130,2024-01-08,2024-01-10,2,bouzkova|m / putintseva|y,Hobart,Hobart International,R16,R16,1.0,1.0,1.0,0.9047619047619048,99.52380952380952,4,Hobart,Hobart International,2024-01-10,WTA250,Outdoor,Hard,2nd Round,3,Putintseva Y.,Bouzkova M.,64.0,35.0,1002.0,1382.0,6.0,4.0,1.0,6.0,6.0,3.0,2.0,1.0,Completed,3.0,1.4,3.01,1.43,3.37,1.44,2.91,1.4,8144,107
8146,145,124,124,2024-01-08,2024-01-10,2,maria|t / tomova|v,Hobart,Hobart International,R16,R16,1.0,1.0,1.0,0.9047619047619048,99.52380952380952,4,Hobart,Hobart International,2024-01-10,WTA250,Outdoor,Hard,2nd Round,3,Tomova V.,Maria T.,77.0,42.0,906.0,1215.0,6.0,0.0,6.0,1.0,,,2.0,0.0,Completed,2.0,1.8,2.02,1.88,2.13,1.88,1.97,1.82,8146,108
8147,146,128,128,2024-01-08,2024-01-10,2,frech|m / navarro|e,Hobart,Hobart International,R16,R16,1.0,1.0,1.0,0.9047619047619048,99.52380952380952,4,Hobart,Hobart International,2024-01-10,WTA250,Outdoor,Hard,2nd Round,3,Navarro E.,Frech M.,31.0,72.0,1530.0,937.0,6.0,3.0,6.0,3.0,,,2.0,0.0,Completed,1.44,2.75,1.49,2.8,1.53,2.8,1.47,2.65,8147,109
8107,106,103,103,2024-01-08,2024-01-11,3,alexandrova|e / rybakina|e,Adelaide,Adelaide International,QF,QF,1.0,1.0,1.0,0.8571428571428572,99.28571428571429,3,Adelaide,Adelaide International,2024-01-11,WTA500,Outdoor,Hard,Quarterfinals,3,Alexandrova E.,Rybakina E.,21.0,3.0,2075.0,6811.0,6.0,3.0,6.0,3.0,,,2.0,0.0,Completed,4.5,1.2,4.49,1.25,4.6,1.25,4.31,1.21,8107,110
8108,107,100,100,2024-01-08,2024-01-11,3,kostyuk|m / ostapenko|j,Adelaide,Adelaide International,QF,QF,1.0,1.0,1.0,0.8571428571428572,99.28571428571429,3,Adelaide,Adelaide International,2024-01-11,WTA500,Outdoor,Hard,Quarterfinals,3,Ostapenko J.,Kostyuk M.,12.0,41.0,2883.0,1223.0,7.0,5.0,6.0,3.0,,,2.0,0.0,Completed,1.53,2.5,1.57,2.57,1.57,2.68,1.52,2.52,8108,111
8109,108,101,101,2024-01-08,2024-01-11,3,kasatkina|d / siegemund|l,Adelaide,Adelaide International,QF,QF,1.0,1.0,1.0,0.8571428571428572,99.28571428571429,3,Adelaide,Adelaide International,2024-01-11,WTA500,Outdoor,Hard,Quarterfinals,3,Kasatkina D.,Siegemund L.,15.0,89.0,2758.0,814.0,,,,,,,,,Walkover,1.36,3.2,1.4,3.23,1.45,3.5,1.37,3.1,8109,112
8110,109,102,102,2024-01-08,2024-01-11,3,pavlyuchenkova|a / pegula|j,Adelaide,Adelaide International,QF,QF,1.0,1.0,1.0,0.8571428571428572,99.28571428571429,3,Adelaide,Adelaide International,2024-01-11,WTA500,Outdoor,Hard,Quarterfinals,3,Pegula J.,Pavlyuchenkova A.,5.0,59.0,5905.0,1046.0,6.0,7.0,7.0,5.0,6.0,4.0,2.0,1.0,Completed,1.3,3.5,1.4,3.24,1.4,3.54,1.33,3.29,8110,113
8136,135,131,131,2024-01-08,2024-01-11,3,mertens|e / rus|a,Hobart,Hobart International,QF,QF,1.0,1.0,1.0,0.8571428571428572,99.28571428571429,4,Hobart,Hobart International,2024-01-11,WTA250,Outdoor,Hard,Quarterfinals,3,Mertens E.,Rus A.,29.0,50.0,1551.0,1149.0,7.0,5.0,6.0,0.0,,,2.0,0.0,Completed,1.2,4.5,1.23,4.78,1.23,4.78,1.21,4.35,8136,114
8137,136,133,133,2024-01-08,2024-01-11,3,saville|d / zhu|l,Hobart,Hobart International,QF,QF,1.0,1.0,1.0,0.8571428571428572,99.28571428571429,4,Hobart,Hobart International,2024-01-11,WTA250,Outdoor,Hard,Quarterfinals,3,Saville D.,Zhu L.,195.0,33.0,398.0,1420.0,3.0,6.0,6.0,1.0,6.0,4.0,2.0,1.0,Completed,1.8,2.0,1.85,2.07,1.9,2.12,1.79,2.02,8137,115
8138,137,134,134,2024-01-08,2024-01-11,3,putintseva|y / yuan|y,Hobart,Hobart International,QF,QF,1.0,1.0,1.0,0.8571428571428572,99.28571428571429,4,Hobart,Hobart International,2024-01-11,WTA250,Outdoor,Hard,Quarterfinals,3,Yuan Y.,Putintseva Y.,73.0,64.0,925.0,1002.0,7.0,5.0,7.0,6.0,,,2.0,0.0,Completed,2.3,1.62,2.36,1.67,2.37,1.67,2.27,1.63,8138,116
8139,138,132,132,2024-01-08,2024-01-11,3,navarro|e / tomova|v,Hobart,Hobart International,QF,QF,1.0,1.0,1.0,0.8571428571428572,99.28571428571429,4,Hobart,Hobart International,2024-01-11,WTA250,Outdoor,Hard,Quarterfinals,3,Navarro E.,Tomova V.,31.0,77.0,1530.0,906.0,4.0,6.0,6.0,3.0,6.0,2.0,2.0,1.0,Completed,1.29,3.75,1.28,4.09,1.3,4.09,1.26,3.78,8139,117
8105,104,104,104,2024-01-08,2024-01-12,4,alexandrova|e / ostapenko|j,Adelaide,Adelaide International,SF,SF,1.0,1.0,1.0,0.8095238095238095,99.04761904761905,3,Adelaide,Adelaide International,2024-01-12,WTA500,Outdoor,Hard,Semifinals,3,Ostapenko J.,Alexandrova E.,12.0,21.0,2883.0,2075.0,6.0,2.0,7.0,6.0,,,2.0,0.0,Completed,1.8,2.0,1.93,1.98,1.93,2.08,1.84,1.97,8105,118
8106,105,105,105,2024-01-08,2024-01-12,4,kasatkina|d / pegula|j,Adelaide,Adelaide International,SF,SF,1.0,1.0,1.0,0.8095238095238095,99.04761904761905,3,Adelaide,Adelaide International,2024-01-12,WTA500,Outdoor,Hard,Semifinals,3,Kasatkina D.,Pegula J.,15.0,5.0,2758.0,5905.0,,,,,,,,,Walkover,3.4,1.33,3.44,1.36,3.44,1.37,3.25,1.34,8106,119
8134,133,135,135,2024-01-08,2024-01-12,4,mertens|e / saville|d,Hobart,Hobart International,SF,SF,1.0,1.0,1.0,0.8095238095238095,99.04761904761905,4,Hobart,Hobart International,2024-01-12,WTA250,Outdoor,Hard,Semifinals,3,Mertens E.,Saville D.,29.0,195.0,1551.0,398.0,6.0,4.0,4.0,6.0,7.0,5.0,2.0,1.0,Completed,1.33,3.4,1.33,3.66,1.36,3.66,1.33,3.33,8134,120
8135,134,136,136,2024-01-08,2024-01-12,4,navarro|e / yuan|y,Hobart,Hobart International,SF,SF,1.0,1.0,1.0,0.8095238095238095,99.04761904761905,4,Hobart,Hobart International,2024-01-12,WTA250,Outdoor,Hard,Semifinals,3,Navarro E.,Yuan Y.,31.0,73.0,1530.0,925.0,6.0,4.0,6.0,3.0,,,2.0,0.0,Completed,1.33,3.4,1.37,3.4,1.4,3.4,1.37,3.1,8135,121
8104,103,106,106,2024-01-08,2024-01-13,5,kasatkina|d / ostapenko|j,Adelaide,Adelaide International,F,F,1.0,1.0,1.0,0.7619047619047619,98.80952380952381,3,Adelaide,Adelaide International,2024-01-13,WTA500,Outdoor,Hard,The Final,3,Ostapenko J.,Kasatkina D.,12.0,15.0,2883.0,2758.0,6.0,3.0,6.0,2.0,,,2.0,0.0,Completed,1.57,2.38,1.59,2.54,1.62,2.6,1.57,2.4,8104,122
8133,132,137,137,2024-01-08,2024-01-13,5,mertens|e / navarro|e,Hobart,Hobart International,F,F,1.0,1.0,1.0,0.7619047619047619,98.80952380952381,4,Hobart,Hobart International,2024-01-13,WTA250,Outdoor,Hard,The Final,3,Navarro E.,Mertens E.,31.0,29.0,1530.0,1551.0,6.0,1.0,4.0,6.0,7.0,5.0,2.0,1.0,Completed,2.1,1.73,2.15,1.79,2.16,1.79,2.09,1.74,8133,123
8196,195,147,147,2024-01-15,2024-01-14,-1,hibino|n / sakkari|m,Australian Open,Australian Open,R128,R128,1.0,1.0,1.0,0.6666666666666667,98.33333333333333,5,Melbourne,Australian Open,2024-01-14,Grand Slam,Outdoor,Hard,1st Round,3,Sakkari M.,Hibino N.,8.0,88.0,3770.0,808.0,6.0,4.0,6.0,1.0,,,2.0,0.0,Completed,1.06,10.0,1.07,11.07,1.08,11.07,1.07,9.12,8196,124
8197,196,142,142,2024-01-15,2024-01-14,-1,avanesyan|e / bai|z,Australian Open,Australian Open,R128,R128,1.0,1.0,1.0,0.6666666666666667,98.33333333333333,5,Melbourne,Australian Open,2024-01-14,Grand Slam,Outdoor,Hard,1st Round,3,Avanesyan E.,Bai Z.,74.0,87.0,939.0,825.0,4.0,6.0,7.0,5.0,6.0,2.0,2.0,1.0,Completed,2.38,1.57,2.67,1.53,2.67,1.62,2.47,1.55,8197,125
8200,199,152,152,2024-01-15,2024-01-14,-1,linette|m / wozniacki|c,Australian Open,Australian Open,R128,R128,1.0,1.0,1.0,0.6666666666666667,98.33333333333333,5,Melbourne,Australian Open,2024-01-14,Grand Slam,Outdoor,Hard,1st Round,3,Wozniacki C.,Linette M.,252.0,24.0,302.0,1896.0,6.0,2.0,2.0,0.0,,,1.0,0.0,Retired,1.53,2.5,1.52,2.69,1.6,2.69,1.53,2.52,8200,126
8201,200,145,145,2024-01-15,2024-01-14,-1,cornet|a / timofeeva|m,Australian Open,Australian Open,R128,R128,1.0,1.0,1.0,0.6666666666666667,98.33333333333333,5,Melbourne,Australian Open,2024-01-14,Grand Slam,Outdoor,Hard,1st Round,3,Timofeeva M.,Cornet A.,170.0,110.0,451.0,690.0,6.0,2.0,6.0,4.0,,,2.0,0.0,Completed,1.8,2.0,1.72,2.23,1.85,2.23,1.74,2.11,8201,127
8202,201,150,150,2024-01-15,2024-01-14,-1,korneeva|a / sorribes tormo|s <> korneeva|a / tormo|s,Australian Open,Australian Open,R128,R128,1.0,1.0,1.0,0.6666666666666667,98.33333333333333,5,Melbourne,Australian Open,2024-01-14,Grand Slam,Outdoor,Hard,1st Round,3,Korneeva A.,Sorribes Tormo S.,179.0,52.0,427.0,1127.0,4.0,6.0,6.0,3.0,6.0,2.0,2.0,1.0,Completed,2.2,1.67,2.36,1.65,2.4,1.71,2.26,1.65,8202,128
8208,207,140,140,2024-01-15,2024-01-14,-1,bejlek|s / fernandez|l,Australian Open,Australian Open,R128,R128,1.0,1.0,1.0,0.6666666666666667,98.33333333333333,5,Melbourne,Australian Open,2024-01-14,Grand Slam,Outdoor,Hard,1st Round,3,Fernandez L.A.,Bejlek S.,35.0,133.0,1355.0,574.0,7.0,6.0,6.0,2.0,,,2.0,0.0,Completed,1.25,4.0,1.28,4.0,1.31,4.01,1.27,3.82,8208,129
8209,208,144,144,2024-01-15,2024-01-14,-1,parks|a / snigur|d,Australian Open,Australian Open,R128,R128,1.0,1.0,1.0,0.6666666666666667,98.33333333333333,5,Melbourne,Australian Open,2024-01-14,Grand Slam,Outdoor,Hard,1st Round,3,Parks A.,Snigur D.,82.0,134.0,838.0,566.0,2.0,6.0,6.0,2.0,6.0,4.0,2.0,1.0,Completed,2.0,1.8,2.19,1.75,2.19,1.88,2.06,1.78,8209,130
8210,209,151,151,2024-01-15,2024-01-14,-1,dolehide|c / jeanjean|l,Australian Open,Australian Open,R128,R128,1.0,1.0,1.0,0.6666666666666667,98.33333333333333,5,Melbourne,Australian Open,2024-01-14,Grand Slam,Outdoor,Hard,1st Round,3,Dolehide C.,Jeanjean L.,43.0,143.0,1208.0,523.0,6.0,2.0,6.0,4.0,,,2.0,0.0,Completed,1.36,3.2,1.47,2.87,1.47,3.2,1.42,2.9,8210,131
8214,213,138,138,2024-01-15,2024-01-14,-1,bektas|e / rakhimova|k,Australian Open,Australian Open,R128,R128,1.0,1.0,1.0,0.6666666666666667,98.33333333333333,5,Melbourne,Australian Open,2024-01-14,Grand Slam,Outdoor,Hard,1st Round,3,Rakhimova K.,Bektas E.,90.0,89.0,793.0,804.0,6.0,4.0,6.0,4.0,,,2.0,0.0,Completed,1.91,1.91,1.85,2.05,1.94,2.06,1.86,1.95,8214,132
8218,217,143,143,2024-01-15,2024-01-14,-1,burrage|j / korpatsch|t,Australian Open,Australian Open,R128,R128,1.0,1.0,1.0,0.6666666666666667,98.33333333333333,5,Melbourne,Australian Open,2024-01-14,Grand Slam,Outdoor,Hard,1st Round,3,Korpatsch T.,Burrage J.,80.0,102.0,847.0,733.0,2.0,6.0,6.0,3.0,6.0,0.0,2.0,1.0,Completed,1.67,2.2,1.79,2.12,1.8,2.25,1.75,2.1,8218,133
8219,218,141,141,2024-01-15,2024-01-14,-1,hontama|m / krejcikova|b,Australian Open,Australian Open,R128,R128,1.0,1.0,1.0,0.6666666666666667,98.33333333333333,5,Melbourne,Australian Open,2024-01-14,Grand Slam,Outdoor,Hard,1st Round,3,Krejcikova B.,Hontama M.,11.0,121.0,2891.0,645.0,2.0,6.0,6.0,4.0,6.0,3.0,2.0,1.0,Completed,1.17,5.0,1.17,5.87,1.2,5.87,1.17,5.23,8219,134
8220,219,149,149,2024-01-15,2024-01-14,-1,anisimova|a / samsonova|l,Australian Open,Australian Open,R128,R128,1.0,1.0,1.0,0.6666666666666667,98.33333333333333,5,Melbourne,Australian Open,2024-01-14,Grand Slam,Outdoor,Hard,1st Round,3,Anisimova A.,Samsonova L.,442.0,14.0,130.0,2760.0,6.0,3.0,6.0,4.0,,,2.0,0.0,Completed,3.0,1.4,3.0,1.44,3.01,1.44,2.93,1.41,8220,135
8224,223,139,139,2024-01-15,2024-01-14,-1,bronzetti|l / tsurenko|l,Australian Open,Australian Open,R128,R128,1.0,1.0,1.0,0.6666666666666667,98.33333333333333,5,Melbourne,Australian Open,2024-01-14,Grand Slam,Outdoor,Hard,1st Round,3,Tsurenko L.,Bronzetti L.,33.0,55.0,1452.0,1099.0,3.0,6.0,7.0,5.0,6.0,3.0,2.0,1.0,Completed,1.5,2.63,1.44,2.97,1.55,2.97,1.5,2.61,8224,136
8226,225,146,146,2024-01-15,2024-01-14,-1,bogdan|a / fruhvirtova|b,Australian Open,Australian Open,R128,R128,1.0,1.0,1.0,0.6666666666666667,98.33333333333333,5,Melbourne,Australian Open,2024-01-14,Grand Slam,Outdoor,Hard,1st Round,3,Fruhvirtova B.,Bogdan A.,107.0,63.0,704.0,1016.0,2.0,6.0,6.0,4.0,6.0,3.0,2.0,1.0,Completed,1.67,2.2,1.65,2.38,1.72,2.38,1.65,2.26,8226,137
8227,226,153,153,2024-01-15,2024-01-14,-1,sabalenka|a / seidel|e,Australian Open,Australian Open,R128,R128,1.0,1.0,1.0,0.6666666666666667,98.33333333333333,5,Melbourne,Australian Open,2024-01-14,Grand Slam,Outdoor,Hard,1st Round,3,Sabalenka A.,Seidel E.,2.0,173.0,8905.0,439.0,6.0,0.0,6.0,1.0,,,2.0,0.0,Completed,1.03,17.0,1.05,13.06,1.05,17.0,1.03,13.59,8227,138
8166,165,165,165,2024-01-15,2024-01-15,0,ferro|f / kessler|m,Australian Open,Australian Open,R128,R128,1.0,1.0,1.0,1.0,100.0,5,Melbourne,Australian Open,2024-01-15,Grand Slam,Outdoor,Hard,1st Round,3,Kessler M.,Ferro F.,206.0,153.0,371.0,496.0,3.0,6.0,6.0,3.0,6.0,2.0,2.0,1.0,Completed,2.5,1.53,2.56,1.56,2.68,1.62,2.49,1.54,8166,139
8167,166,154,154,2024-01-15,2024-01-15,0,bouzkova|m / noskova|l,Australian Open,Australian Open,R128,R128,1.0,1.0,1.0,1.0,100.0,5,Melbourne,Australian Open,2024-01-15,Grand Slam,Outdoor,Hard,1st Round,3,Noskova L.,Bouzkova M.,50.0,34.0,1143.0,1382.0,6.0,1.0,7.0,5.0,,,2.0,0.0,Completed,2.3,1.62,2.39,1.64,2.5,1.67,2.29,1.63,8167,140
8168,167,158,158,2024-01-15,2024-01-15,0,preston|t / svitolina|e,Australian Open,Australian Open,R128,R128,1.0,1.0,1.0,1.0,100.0,5,Melbourne,Australian Open,2024-01-15,Grand Slam,Outdoor,Hard,1st Round,3,Svitolina E.,Preston T.,23.0,201.0,1972.0,383.0,6.0,2.0,6.0,2.0,,,2.0,0.0,Completed,1.07,9.0,1.08,9.7,1.11,9.73,1.07,8.41,8168,141
8169,168,159,159,2024-01-15,2024-01-15,0,day|k / tomova|v,Australian Open,Australian Open,R128,R128,1.0,1.0,1.0,1.0,100.0,5,Melbourne,Australian Open,2024-01-15,Grand Slam,Outdoor,Hard,1st Round,3,Tomova V.,Day K.,70.0,86.0,957.0,825.0,6.0,4.0,6.0,2.0,,,2.0,0.0,Completed,1.44,2.75,1.53,2.67,1.58,2.78,1.49,2.66,8169,142
8170,169,172,172,2024-01-15,2024-01-15,0,cristian|j / siniakova|k,Australian Open,Australian Open,R128,R128,1.0,1.0,1.0,1.0,100.0,5,Melbourne,Australian Open,2024-01-15,Grand Slam,Outdoor,Hard,1st Round,3,Siniakova K.,Cristian J.,49.0,83.0,1155.0,831.0,6.0,2.0,7.0,5.0,,,2.0,0.0,Completed,1.33,3.4,1.34,3.5,1.35,3.5,1.33,3.35,8170,143
8171,170,174,174,2024-01-15,2024-01-15,0,golubic|v / kudermetova|v,Australian Open,Australian Open,R128,R128,1.0,1.0,1.0,1.0,100.0,5,Melbourne,Australian Open,2024-01-15,Grand Slam,Outdoor,Hard,1st Round,3,Golubic V.,Kudermetova V.,85.0,17.0,829.0,2555.0,7.0,6.0,1.0,6.0,6.0,1.0,2.0,1.0,Completed,3.4,1.33,3.78,1.31,3.78,1.33,3.49,1.31,8171,144
8178,177,157,157,2024-01-15,2024-01-15,0,gracheva|v / wickmayer|y,Australian Open,Australian Open,R128,R128,1.0,1.0,1.0,1.0,100.0,5,Melbourne,Australian Open,2024-01-15,Grand Slam,Outdoor,Hard,1st Round,3,Gracheva V.,Wickmayer Y.,39.0,79.0,1290.0,880.0,6.0,3.0,6.0,4.0,,,2.0,0.0,Completed,1.57,2.38,1.69,2.28,1.69,2.45,1.63,2.28,8178,145
8179,178,160,160,2024-01-15,2024-01-15,0,vondrousova|m / yastremska|d,Australian Open,Australian Open,R128,R128,1.0,1.0,1.0,1.0,100.0,5,Melbourne,Australian Open,2024-01-15,Grand Slam,Outdoor,Hard,1st Round,3,Yastremska D.,Vondrousova M.,93.0,7.0,777.0,3966.0,6.0,1.0,6.0,2.0,,,2.0,0.0,Completed,5.0,1.17,5.16,1.2,5.25,1.24,4.92,1.18,8179,146
8183,182,169,169,2024-01-15,2024-01-15,0,paolini|j / shnaider|d,Australian Open,Australian Open,R128,R128,1.0,1.0,1.0,1.0,100.0,5,Melbourne,Australian Open,2024-01-15,Grand Slam,Outdoor,Hard,1st Round,3,Paolini J.,Shnaider D.,31.0,92.0,1530.0,785.0,6.0,3.0,6.0,4.0,,,2.0,0.0,Completed,1.5,2.63,1.56,2.58,1.56,2.73,1.51,2.57,8183,147
8184,183,178,178,2024-01-15,2024-01-15,0,kalinina|a / rus|a,Australian Open,Australian Open,R128,R128,1.0,1.0,1.0,1.0,100.0,5,Melbourne,Australian Open,2024-01-15,Grand Slam,Outdoor,Hard,1st Round,3,Rus A.,Kalinina A.,45.0,30.0,1188.0,1600.0,6.0,1.0,6.0,0.0,,,2.0,0.0,Completed,2.38,1.57,2.33,1.67,2.46,1.67,2.36,1.59,8184,148
8185,184,180,180,2024-01-15,2024-01-15,0,kalinskaya|a / volynets|k,Australian Open,Australian Open,R128,R128,1.0,1.0,1.0,1.0,100.0,5,Melbourne,Australian Open,2024-01-15,Grand Slam,Outdoor,Hard,1st Round,3,Kalinskaya A.,Volynets K.,75.0,103.0,923.0,732.0,6.0,3.0,3.0,6.0,6.0,2.0,2.0,1.0,Completed,1.36,3.2,1.36,3.42,1.41,3.5,1.35,3.22,8185,149
8198,197,167,167,2024-01-15,2024-01-15,0,kostyuk|m / liu|c,Australian Open,Australian Open,R128,R128,1.0,1.0,1.0,1.0,100.0,5,Melbourne,Australian Open,2024-01-15,Grand Slam,Outdoor,Hard,1st Round,3,Kostyuk M.,Liu C.,37.0,99.0,1330.0,742.0,6.0,3.0,4.0,6.0,6.0,1.0,2.0,1.0,Completed,1.44,2.75,1.41,3.11,1.46,3.11,1.41,2.9,8198,150
8199,198,170,170,2024-01-15,2024-01-15,0,mertens|e / sherif|m,Australian Open,Australian Open,R128,R128,1.0,1.0,1.0,1.0,100.0,5,Melbourne,Australian Open,2024-01-15,Grand Slam,Outdoor,Hard,1st Round,3,Mertens E.,Sherif M.,28.0,58.0,1713.0,1053.0,6.0,2.0,2.0,0.0,,,1.0,0.0,Retired,1.14,5.5,1.15,6.32,1.17,6.32,1.14,5.69,8199,151
8203,202,177,177,2024-01-15,2024-01-15,0,fruhvirtova|l / haddad maia|b <> fruhvirtova|l / maia|b,Australian Open,Australian Open,R128,R128,1.0,1.0,1.0,1.0,100.0,5,Melbourne,Australian Open,2024-01-15,Grand Slam,Outdoor,Hard,1st Round,3,Haddad Maia B.,Fruhvirtova L.,12.0,84.0,2830.0,829.0,6.0,2.0,3.0,6.0,6.0,2.0,2.0,1.0,Completed,1.22,4.33,1.3,3.85,1.3,4.34,1.26,3.94,8203,152
8204,203,181,181,2024-01-15,2024-01-15,0,garcia|c / osaka|n,Australian Open,Australian Open,R128,R128,1.0,1.0,1.0,1.0,100.0,5,Melbourne,Australian Open,2024-01-15,Grand Slam,Outdoor,Hard,1st Round,3,Garcia C.,Osaka N.,19.0,831.0,2330.0,32.0,6.0,4.0,7.0,6.0,,,2.0,0.0,Completed,2.2,1.67,2.21,1.74,2.22,1.77,2.16,1.7,8204,153
8205,204,171,171,2024-01-15,2024-01-15,0,frech|m / saville|d,Australian Open,Australian Open,R128,R128,1.0,1.0,1.0,1.0,100.0,5,Melbourne,Australian Open,2024-01-15,Grand Slam,Outdoor,Hard,1st Round,3,Frech M.,Saville D.,69.0,152.0,965.0,496.0,6.0,7.0,6.0,3.0,7.0,5.0,2.0,1.0,Completed,2.2,1.67,2.19,1.75,2.25,1.75,2.16,1.7,8205,154
8206,205,173,173,2024-01-15,2024-01-15,0,putintseva|y / zakharova|a,Australian Open,Australian Open,R128,R128,1.0,1.0,1.0,1.0,100.0,5,Melbourne,Australian Open,2024-01-15,Grand Slam,Outdoor,Hard,1st Round,3,Zakharova A.,Putintseva Y.,190.0,64.0,404.0,1014.0,2.0,6.0,6.0,0.0,6.0,3.0,2.0,1.0,Completed,4.0,1.25,3.81,1.3,4.01,1.32,3.79,1.27,8206,155
8207,206,162,162,2024-01-15,2024-01-15,0,juvan|k / potapova|a,Australian Open,Australian Open,R128,R128,1.0,1.0,1.0,1.0,100.0,5,Melbourne,Australian Open,2024-01-15,Grand Slam,Outdoor,Hard,1st Round,3,Juvan K.,Potapova A.,109.0,29.0,696.0,1694.0,6.0,1.0,6.0,4.0,,,2.0,0.0,Completed,3.2,1.36,3.42,1.36,3.42,1.39,3.26,1.34,8207,156
8211,210,161,161,2024-01-15,2024-01-15,0,gauff|c / schmiedlova|a,Australian Open,Australian Open,R128,R128,1.0,1.0,1.0,1.0,100.0,5,Melbourne,Australian Open,2024-01-15,Grand Slam,Outdoor,Hard,1st Round,3,Gauff C.,Schmiedlova A.,4.0,68.0,6660.0,996.0,6.0,3.0,6.0,0.0,,,2.0,0.0,Completed,1.02,21.0,1.02,25.47,1.03,26.39,1.02,17.12,8211,157
8212,211,175,175,2024-01-15,2024-01-15,0,jabeur|o / starodubtseva|y,Australian Open,Australian Open,R128,R128,1.0,1.0,1.0,1.0,100.0,5,Melbourne,Australian Open,2024-01-15,Grand Slam,Outdoor,Hard,1st Round,3,Jabeur O.,Starodubtseva Y.,6.0,150.0,4076.0,504.0,6.0,3.0,6.0,1.0,,,2.0,0.0,Completed,1.17,5.0,1.22,4.79,1.22,6.05,1.17,5.1,8212,158
8213,212,179,179,2024-01-15,2024-01-15,0,andreeva|m / pera|b,Australian Open,Australian Open,R128,R128,1.0,1.0,1.0,1.0,100.0,5,Melbourne,Australian Open,2024-01-15,Grand Slam,Outdoor,Hard,1st Round,3,Andreeva M.,Pera B.,47.0,71.0,1168.0,956.0,7.0,5.0,6.0,2.0,,,2.0,0.0,Completed,1.17,5.0,1.18,5.28,1.21,5.45,1.17,5.04,8213,159
8216,215,163,163,2024-01-15,2024-01-15,0,alexandrova|e / siegemund|l,Australian Open,Australian Open,R128,R128,1.0,1.0,1.0,1.0,100.0,5,Melbourne,Australian Open,2024-01-15,Grand Slam,Outdoor,Hard,1st Round,3,Siegemund L.,Alexandrova E.,78.0,20.0,892.0,2215.0,6.0,2.0,3.0,6.0,7.0,6.0,2.0,1.0,Completed,3.2,1.36,3.01,1.43,3.2,1.45,3.01,1.39,8216,160
8217,216,155,155,2024-01-15,2024-01-15,0,errani|s / hunter|s,Australian Open,Australian Open,R128,R128,1.0,1.0,1.0,1.0,100.0,5,Melbourne,Australian Open,2024-01-15,Grand Slam,Outdoor,Hard,1st Round,3,Hunter S.,Errani S.,180.0,101.0,426.0,738.0,6.0,4.0,6.0,3.0,,,2.0,0.0,Completed,1.29,3.75,1.31,3.77,1.35,3.87,1.3,3.58,8217,161
8221,220,156,156,2024-01-15,2024-01-15,0,podoroska|n / zidansek|t,Australian Open,Australian Open,R128,R128,1.0,1.0,1.0,1.0,100.0,5,Melbourne,Australian Open,2024-01-15,Grand Slam,Outdoor,Hard,1st Round,3,Podoroska N.,Zidansek T.,65.0,98.0,1009.0,745.0,6.0,1.0,6.0,0.0,,,2.0,0.0,Completed,1.8,2.0,1.85,2.05,1.96,2.05,1.84,1.97,8221,162
8222,221,176,176,2024-01-15,2024-01-15,0,badosa|p / townsend|t,Australian Open,Australian Open,R128,R128,1.0,1.0,1.0,1.0,100.0,5,Melbourne,Australian Open,2024-01-15,Grand Slam,Outdoor,Hard,1st Round,3,Badosa P.,Townsend T.,100.0,73.0,738.0,942.0,6.0,1.0,6.0,3.0,,,2.0,0.0,Completed,1.62,2.3,1.75,2.18,1.75,2.55,1.63,2.29,8222,163
8223,222,168,168,2024-01-15,2024-01-15,0,pavlyuchenkova|a / vekic|d,Australian Open,Australian Open,R128,R128,1.0,1.0,1.0,1.0,100.0,5,Melbourne,Australian Open,2024-01-15,Grand Slam,Outdoor,Hard,1st Round,3,Pavlyuchenkova A.,Vekic D.,46.0,25.0,1178.0,1865.0,6.0,4.0,6.0,4.0,,,2.0,0.0,Completed,1.44,2.75,1.39,3.23,1.46,3.23,1.4,2.97,8223,164
8225,224,166,166,2024-01-15,2024-01-15,0,masarova|r / sasnovich|a,Australian Open,Australian Open,R128,R128,1.0,1.0,1.0,1.0,100.0,5,Melbourne,Australian Open,2024-01-15,Grand Slam,Outdoor,Hard,1st Round,3,Masarova R.,Sasnovich A.,91.0,81.0,786.0,843.0,6.0,3.0,6.0,4.0,,,2.0,0.0,Completed,2.3,1.62,2.42,1.63,2.42,1.66,2.34,1.6,8225,165
8164,163,186,186,2024-01-15,2024-01-16,1,kenin|s / swiatek|i,Australian Open,Australian Open,R128,R128,1.0,1.0,1.0,0.9523809523809523,99.76190476190476,5,Melbourne,Australian Open,2024-01-16,Grand Slam,Outdoor,Hard,1st Round,3,Swiatek I.,Kenin S.,1.0,41.0,9880.0,1225.0,7.0,6.0,6.0,2.0,,,2.0,0.0,Completed,1.04,13.0,1.03,19.73,1.05,19.73,1.03,12.99,8164,166
8165,164,187,187,2024-01-15,2024-01-16,1,collins|d / kerber|a,Australian Open,Australian Open,R128,R128,1.0,1.0,1.0,0.9523809523809523,99.76190476190476,5,Melbourne,Australian Open,2024-01-16,Grand Slam,Outdoor,Hard,1st Round,3,Collins D.,Kerber A.,62.0,655.0,1022.0,60.0,6.0,2.0,3.0,6.0,6.0,1.0,2.0,1.0,Completed,1.4,3.0,1.36,3.41,1.42,3.45,1.37,3.15,8165,167
8172,171,196,196,2024-01-15,2024-01-16,1,birrell|k / ostapenko|j,Australian Open,Australian Open,R128,R128,1.0,1.0,1.0,0.9523809523809523,99.76190476190476,5,Melbourne,Australian Open,2024-01-16,Grand Slam,Outdoor,Hard,1st Round,3,Ostapenko J.,Birrell K.,10.0,116.0,3328.0,671.0,7.0,6.0,6.0,1.0,,,2.0,0.0,Completed,1.11,6.5,1.12,7.34,1.15,7.34,1.13,6.07,8172,168
8173,172,200,200,2024-01-15,2024-01-16,1,martic|p / tomljanovic|a,Australian Open,Australian Open,R128,R128,1.0,1.0,1.0,0.9523809523809523,99.76190476190476,5,Melbourne,Australian Open,2024-01-16,Grand Slam,Outdoor,Hard,1st Round,3,Tomljanovic A.,Martic P.,271.0,40.0,271.0,1283.0,7.0,6.0,4.0,6.0,6.0,4.0,2.0,1.0,Completed,2.1,1.73,2.11,1.8,2.3,1.88,2.02,1.81,8173,169
8174,173,190,190,2024-01-15,2024-01-16,1,minnen|g / tauson|c,Australian Open,Australian Open,R128,R128,1.0,1.0,1.0,0.9523809523809523,99.76190476190476,5,Melbourne,Australian Open,2024-01-16,Grand Slam,Outdoor,Hard,1st Round,3,Tauson C.,Minnen G.,96.0,67.0,749.0,999.0,7.0,5.0,7.0,5.0,,,2.0,0.0,Completed,1.4,3.0,1.35,3.49,1.42,3.49,1.36,3.19,8174,170
8175,174,189,189,2024-01-15,2024-01-16,1,azarenka|v / giorgi|c,Australian Open,Australian Open,R128,R128,1.0,1.0,1.0,0.9523809523809523,99.76190476190476,5,Melbourne,Australian Open,2024-01-16,Grand Slam,Outdoor,Hard,1st Round,3,Azarenka V.,Giorgi C.,22.0,53.0,2011.0,1120.0,6.0,1.0,4.0,6.0,6.0,3.0,2.0,1.0,Completed,1.3,3.5,1.3,3.88,1.33,3.88,1.3,3.59,8175,171
8177,176,184,184,2024-01-15,2024-01-16,1,cocciaretto|e / sun|l,Australian Open,Australian Open,R128,R128,1.0,1.0,1.0,0.9523809523809523,99.76190476190476,5,Melbourne,Australian Open,2024-01-16,Grand Slam,Outdoor,Hard,1st Round,3,Cocciaretto E.,Sun L.,66.0,193.0,1000.0,401.0,6.0,1.0,7.0,5.0,,,2.0,0.0,Completed,1.8,2.0,1.83,2.08,1.83,2.2,1.77,2.06,8177,172
8181,180,194,194,2024-01-15,2024-01-16,1,blinkova|a / bucsa|c,Australian Open,Australian Open,R128,R128,1.0,1.0,1.0,0.9523809523809523,99.76190476190476,5,Melbourne,Australian Open,2024-01-16,Grand Slam,Outdoor,Hard,1st Round,3,Blinkova A.,Bucsa C.,57.0,56.0,1072.0,1088.0,6.0,2.0,6.0,4.0,,,2.0,0.0,Completed,2.2,1.67,2.22,1.73,2.31,1.73,2.18,1.69,8181,173
8186,185,185,185,2024-01-15,2024-01-16,1,gadecki|o / stephens|s,Australian Open,Australian Open,R128,R128,1.0,1.0,1.0,0.9523809523809523,99.76190476190476,5,Melbourne,Australian Open,2024-01-16,Grand Slam,Outdoor,Hard,1st Round,3,Stephens S.,Gadecki O.,44.0,120.0,1202.0,655.0,6.0,3.0,6.0,1.0,,,2.0,0.0,Completed,1.44,2.75,1.56,2.56,1.57,2.81,1.5,2.62,8186,174
8187,186,182,182,2024-01-15,2024-01-16,1,kasatkina|d / stearns|p,Australian Open,Australian Open,R128,R128,1.0,1.0,1.0,0.9523809523809523,99.76190476190476,5,Melbourne,Australian Open,2024-01-16,Grand Slam,Outdoor,Hard,1st Round,3,Kasatkina D.,Stearns P.,13.0,48.0,2778.0,1168.0,6.0,2.0,3.0,6.0,6.0,2.0,2.0,1.0,Completed,1.3,3.5,1.27,4.15,1.39,4.15,1.28,3.72,8187,175
8188,187,197,197,2024-01-15,2024-01-16,1,krueger|a / zheng|q,Australian Open,Australian Open,R128,R128,1.0,1.0,1.0,0.9523809523809523,99.76190476190476,5,Melbourne,Australian Open,2024-01-16,Grand Slam,Outdoor,Hard,1st Round,3,Zheng Q.,Krueger A.,15.0,76.0,2720.0,896.0,3.0,6.0,6.0,2.0,6.0,3.0,2.0,1.0,Completed,1.17,5.0,1.18,5.45,1.21,5.67,1.17,5.06,8188,176
8189,188,195,195,2024-01-15,2024-01-16,1,boulter|k / yuan|y,Australian Open,Australian Open,R128,R128,1.0,1.0,1.0,0.9523809523809523,99.76190476190476,5,Melbourne,Australian Open,2024-01-16,Grand Slam,Outdoor,Hard,1st Round,3,Boulter K.,Yuan Y.,54.0,61.0,1109.0,1028.0,7.0,5.0,7.0,6.0,,,2.0,0.0,Completed,1.67,2.2,1.67,2.32,1.72,2.33,1.64,2.26,8189,177
8190,189,199,199,2024-01-15,2024-01-16,1,raducanu|e / rogers|s,Australian Open,Australian Open,R128,R128,1.0,1.0,1.0,0.9523809523809523,99.76190476190476,5,Melbourne,Australian Open,2024-01-16,Grand Slam,Outdoor,Hard,1st Round,3,Raducanu E.,Rogers S.,296.0,161.0,231.0,476.0,6.0,3.0,6.0,2.0,,,2.0,0.0,Completed,1.3,3.5,1.35,3.45,1.38,3.66,1.32,3.4,8190,178
8191,190,193,193,2024-01-15,2024-01-16,1,cirstea|s / wang|y,Australian Open,Australian Open,R128,R128,1.0,1.0,1.0,0.9523809523809523,99.76190476190476,5,Melbourne,Australian Open,2024-01-16,Grand Slam,Outdoor,Hard,1st Round,3,Wang Y.,Cirstea S.,94.0,27.0,771.0,1722.0,0.0,6.0,7.0,5.0,6.0,2.0,2.0,1.0,Completed,3.4,1.33,3.61,1.33,3.61,1.36,3.36,1.33,8191,179
8192,191,191,191,2024-01-15,2024-01-16,1,dodin|o / zhu|l,Australian Open,Australian Open,R128,R128,1.0,1.0,1.0,0.9523809523809523,99.76190476190476,5,Melbourne,Australian Open,2024-01-16,Grand Slam,Outdoor,Hard,1st Round,3,Dodin O.,Zhu L.,95.0,32.0,765.0,1464.0,6.0,4.0,6.0,3.0,,,2.0,0.0,Completed,3.5,1.3,3.85,1.3,3.85,1.31,3.61,1.29,8192,180
8193,192,183,183,2024-01-15,2024-01-16,1,trevisan|m / zarazua|r,Australian Open,Australian Open,R128,R128,1.0,1.0,1.0,0.9523809523809523,99.76190476190476,5,Melbourne,Australian Open,2024-01-16,Grand Slam,Outdoor,Hard,1st Round,3,Trevisan M.,Zarazua R.,59.0,97.0,1045.0,749.0,4.0,6.0,6.0,4.0,6.0,2.0,2.0,1.0,Completed,1.62,2.3,1.74,2.2,1.74,2.42,1.66,2.23,8193,181
8194,193,192,192,2024-01-15,2024-01-16,1,burel|c / krunic|a,Australian Open,Australian Open,R128,R128,1.0,1.0,1.0,0.9523809523809523,99.76190476190476,5,Melbourne,Australian Open,2024-01-16,Grand Slam,Outdoor,Hard,1st Round,3,Burel C.,Krunic A.,51.0,687.0,1140.0,53.0,6.0,4.0,6.0,1.0,,,2.0,0.0,Completed,1.08,8.0,1.11,7.96,1.11,10.26,1.09,7.76,8194,182
8195,194,201,201,2024-01-15,2024-01-16,1,marino|r / pegula|j,Australian Open,Australian Open,R128,R128,1.0,1.0,1.0,0.9523809523809523,99.76190476190476,5,Melbourne,Australian Open,2024-01-16,Grand Slam,Outdoor,Hard,1st Round,3,Pegula J.,Marino R.,5.0,182.0,6065.0,425.0,6.0,2.0,6.0,4.0,,,2.0,0.0,Completed,1.08,8.0,1.08,9.87,1.09,9.87,1.07,8.79,8195,183
8244,243,217,217,2024-01-15,2024-01-17,2,avanesyan|e / sakkari|m,Australian Open,Australian Open,R64,R64,1.0,1.0,1.0,0.9047619047619048,99.52380952380952,5,Melbourne,Australian Open,2024-01-17,Grand Slam,Outdoor,Hard,2nd Round,3,Avanesyan E.,Sakkari M.,74.0,8.0,939.0,3770.0,6.0,4.0,6.0,4.0,,,2.0,0.0,Completed,9.0,1.07,10.48,1.08,10.48,1.09,8.88,1.07,8244,184
8245,244,216,216,2024-01-15,2024-01-17,2,kostyuk|m / mertens|e,Australian Open,Australian Open,R64,R64,1.0,1.0,1.0,0.9047619047619048,99.52380952380952,5,Melbourne,Australian Open,2024-01-17,Grand Slam,Outdoor,Hard,2nd Round,3,Kostyuk M.,Mertens E.,37.0,28.0,1330.0,1713.0,5.0,7.0,6.0,1.0,7.0,6.0,2.0,1.0,Completed,2.3,1.62,2.44,1.63,2.44,1.67,2.34,1.61,8245,185
8246,245,202,202,2024-01-15,2024-01-17,2,timofeeva|m / wozniacki|c,Australian Open,Australian Open,R64,R64,1.0,1.0,1.0,0.9047619047619048,99.52380952380952,5,Melbourne,Australian Open,2024-01-17,Grand Slam,Outdoor,Hard,2nd Round,3,Timofeeva M.,Wozniacki C.,170.0,252.0,451.0,302.0,1.0,6.0,6.0,4.0,6.0,1.0,2.0,1.0,Completed,3.75,1.29,4.18,1.27,4.33,1.37,3.79,1.27,8246,186
8247,246,210,210,2024-01-15,2024-01-17,2,haddad maia|b / korneeva|a <> korneeva|a / maia|b,Australian Open,Australian Open,R64,R64,1.0,1.0,1.0,0.9047619047619048,99.52380952380952,5,Melbourne,Australian Open,2024-01-17,Grand Slam,Outdoor,Hard,2nd Round,3,Haddad Maia B.,Korneeva A.,12.0,179.0,2830.0,427.0,6.0,1.0,6.0,2.0,,,2.0,0.0,Completed,1.33,3.4,1.4,3.2,1.4,3.66,1.35,3.24,8247,187
8248,247,212,212,2024-01-15,2024-01-17,2,frech|m / garcia|c,Australian Open,Australian Open,R64,R64,1.0,1.0,1.0,0.9047619047619048,99.52380952380952,5,Melbourne,Australian Open,2024-01-17,Grand Slam,Outdoor,Hard,2nd Round,3,Frech M.,Garcia C.,69.0,19.0,965.0,2330.0,6.0,4.0,7.0,6.0,,,2.0,0.0,Completed,3.5,1.3,3.38,1.37,3.74,1.37,3.49,1.31,8248,188
8249,248,211,211,2024-01-15,2024-01-17,2,juvan|k / zakharova|a,Australian Open,Australian Open,R64,R64,1.0,1.0,1.0,0.9047619047619048,99.52380952380952,5,Melbourne,Australian Open,2024-01-17,Grand Slam,Outdoor,Hard,2nd Round,3,Zakharova A.,Juvan K.,190.0,109.0,404.0,696.0,6.0,1.0,6.0,1.0,,,2.0,0.0,Completed,2.38,1.57,2.62,1.56,2.62,1.69,2.43,1.56,8249,189
8250,249,205,205,2024-01-15,2024-01-17,2,fernandez|l / parks|a,Australian Open,Australian Open,R64,R64,1.0,1.0,1.0,0.9047619047619048,99.52380952380952,5,Melbourne,Australian Open,2024-01-17,Grand Slam,Outdoor,Hard,2nd Round,3,Parks A.,Fernandez L.A.,82.0,35.0,838.0,1355.0,7.0,5.0,6.0,4.0,,,2.0,0.0,Completed,5.5,1.14,5.85,1.17,5.85,1.2,5.23,1.16,8250,190
8251,250,207,207,2024-01-15,2024-01-17,2,dolehide|c / gauff|c,Australian Open,Australian Open,R64,R64,1.0,1.0,1.0,0.9047619047619048,99.52380952380952,5,Melbourne,Australian Open,2024-01-17,Grand Slam,Outdoor,Hard,2nd Round,3,Gauff C.,Dolehide C.,4.0,43.0,6660.0,1208.0,7.0,6.0,6.0,2.0,,,2.0,0.0,Completed,1.03,15.0,1.03,22.11,1.03,22.15,1.02,15.4,8251,191
8252,251,203,203,2024-01-15,2024-01-17,2,andreeva|m / jabeur|o,Australian Open,Australian Open,R64,R64,1.0,1.0,1.0,0.9047619047619048,99.52380952380952,5,Melbourne,Australian Open,2024-01-17,Grand Slam,Outdoor,Hard,2nd Round,3,Andreeva M.,Jabeur O.,47.0,6.0,1168.0,4076.0,6.0,0.0,6.0,2.0,,,2.0,0.0,Completed,1.8,2.0,1.83,2.1,1.83,2.18,1.78,2.05,8252,192
8253,252,208,208,2024-01-15,2024-01-17,2,parry|d / rakhimova|k,Australian Open,Australian Open,R64,R64,1.0,1.0,1.0,0.9047619047619048,99.52380952380952,5,Melbourne,Australian Open,2024-01-17,Grand Slam,Outdoor,Hard,2nd Round,3,Parry D.,Rakhimova K.,72.0,90.0,943.0,793.0,7.0,5.0,6.0,2.0,,,2.0,0.0,Completed,2.0,1.8,2.13,1.81,2.13,1.89,2.01,1.8,8253,193
8254,253,204,204,2024-01-15,2024-01-17,2,hunter|s / siegemund|l,Australian Open,Australian Open,R64,R64,1.0,1.0,1.0,0.9047619047619048,99.52380952380952,5,Melbourne,Australian Open,2024-01-17,Grand Slam,Outdoor,Hard,2nd Round,3,Hunter S.,Siegemund L.,180.0,78.0,426.0,892.0,6.0,4.0,3.0,6.0,6.0,3.0,2.0,1.0,Completed,2.38,1.57,2.31,1.69,2.44,1.73,2.28,1.63,8254,194
8255,254,206,206,2024-01-15,2024-01-17,2,korpatsch|t / krejcikova|b,Australian Open,Australian Open,R64,R64,1.0,1.0,1.0,0.9047619047619048,99.52380952380952,5,Melbourne,Australian Open,2024-01-17,Grand Slam,Outdoor,Hard,2nd Round,3,Krejcikova B.,Korpatsch T.,11.0,80.0,2891.0,847.0,6.0,2.0,6.0,2.0,,,2.0,0.0,Completed,1.14,5.5,1.14,6.77,1.14,6.77,1.14,5.89,8255,195
8256,255,209,209,2024-01-15,2024-01-17,2,anisimova|a / podoroska|n,Australian Open,Australian Open,R64,R64,1.0,1.0,1.0,0.9047619047619048,99.52380952380952,5,Melbourne,Australian Open,2024-01-17,Grand Slam,Outdoor,Hard,2nd Round,3,Anisimova A.,Podoroska N.,442.0,65.0,130.0,1009.0,6.0,2.0,6.0,3.0,,,2.0,0.0,Completed,1.3,3.5,1.34,3.61,1.34,3.82,1.31,3.49,8256,196
8257,256,213,213,2024-01-15,2024-01-17,2,badosa|p / pavlyuchenkova|a,Australian Open,Australian Open,R64,R64,1.0,1.0,1.0,0.9047619047619048,99.52380952380952,5,Melbourne,Australian Open,2024-01-17,Grand Slam,Outdoor,Hard,2nd Round,3,Badosa P.,Pavlyuchenkova A.,100.0,46.0,738.0,1178.0,6.0,2.0,6.0,3.0,,,2.0,0.0,Completed,2.2,1.67,2.35,1.67,2.35,1.73,2.22,1.67,8257,197
8258,257,215,215,2024-01-15,2024-01-17,2,masarova|r / tsurenko|l,Australian Open,Australian Open,R64,R64,1.0,1.0,1.0,0.9047619047619048,99.52380952380952,5,Melbourne,Australian Open,2024-01-17,Grand Slam,Outdoor,Hard,2nd Round,3,Tsurenko L.,Masarova R.,33.0,91.0,1452.0,786.0,6.0,3.0,6.0,4.0,,,2.0,0.0,Completed,1.5,2.63,1.52,2.73,1.56,2.73,1.51,2.61,8258,198
8259,258,214,214,2024-01-15,2024-01-17,2,fruhvirtova|b / sabalenka|a,Australian Open,Australian Open,R64,R64,1.0,1.0,1.0,0.9047619047619048,99.52380952380952,5,Melbourne,Australian Open,2024-01-17,Grand Slam,Outdoor,Hard,2nd Round,3,Sabalenka A.,Fruhvirtova B.,2.0,107.0,8905.0,704.0,6.0,3.0,6.0,2.0,,,2.0,0.0,Completed,1.04,13.0,1.04,17.6,1.05,17.6,1.03,13.13,8259,199
8228,227,220,220,2024-01-15,2024-01-18,3,collins|d / swiatek|i,Australian Open,Australian Open,R64,R64,1.0,1.0,1.0,0.8571428571428572,99.28571428571429,5,Melbourne,Australian Open,2024-01-18,Grand Slam,Outdoor,Hard,2nd Round,3,Swiatek I.,Collins D.,1.0,62.0,9880.0,1022.0,6.0,4.0,3.0,6.0,6.0,4.0,2.0,1.0,Completed,1.05,11.0,1.07,11.86,1.08,12.0,1.06,10.09,8228,200
8229,228,219,219,2024-01-15,2024-01-18,3,kessler|m / noskova|l,Australian Open,Australian Open,R64,R64,1.0,1.0,1.0,0.8571428571428572,99.28571428571429,5,Melbourne,Australian Open,2024-01-18,Grand Slam,Outdoor,Hard,2nd Round,3,Noskova L.,Kessler M.,50.0,206.0,1143.0,371.0,6.0,3.0,1.0,6.0,6.0,4.0,2.0,1.0,Completed,1.1,7.0,1.18,5.73,1.18,7.03,1.13,5.91,8229,201
8230,229,227,227,2024-01-15,2024-01-18,3,svitolina|e / tomova|v,Australian Open,Australian Open,R64,R64,1.0,1.0,1.0,0.8571428571428572,99.28571428571429,5,Melbourne,Australian Open,2024-01-18,Grand Slam,Outdoor,Hard,2nd Round,3,Svitolina E.,Tomova V.,23.0,70.0,1972.0,957.0,6.0,1.0,6.0,3.0,,,2.0,0.0,Completed,1.17,5.0,1.19,5.52,1.19,5.7,1.16,5.18,8230,202
8231,230,229,229,2024-01-15,2024-01-18,3,golubic|v / siniakova|k,Australian Open,Australian Open,R64,R64,1.0,1.0,1.0,0.8571428571428572,99.28571428571429,5,Melbourne,Australian Open,2024-01-18,Grand Slam,Outdoor,Hard,2nd Round,3,Golubic V.,Siniakova K.,85.0,49.0,829.0,1155.0,6.0,3.0,2.0,6.0,6.0,4.0,2.0,1.0,Completed,3.0,1.4,2.85,1.49,3,1.52,2.79,1.44,8231,203
8232,231,232,232,2024-01-15,2024-01-18,3,ostapenko|j / tomljanovic|a,Australian Open,Australian Open,R64,R64,1.0,1.0,1.0,0.8571428571428572,99.28571428571429,5,Melbourne,Australian Open,2024-01-18,Grand Slam,Outdoor,Hard,2nd Round,3,Ostapenko J.,Tomljanovic A.,10.0,271.0,3328.0,271.0,6.0,0.0,3.0,6.0,6.0,4.0,2.0,1.0,Completed,1.25,4.0,1.3,3.92,1.31,4.25,1.26,3.86,8232,204
8233,232,233,233,2024-01-15,2024-01-18,3,azarenka|v / tauson|c,Australian Open,Australian Open,R64,R64,1.0,1.0,1.0,0.8571428571428572,99.28571428571429,5,Melbourne,Australian Open,2024-01-18,Grand Slam,Outdoor,Hard,2nd Round,3,Azarenka V.,Tauson C.,22.0,96.0,2011.0,749.0,6.0,4.0,3.0,6.0,6.0,2.0,2.0,1.0,Completed,1.44,2.75,1.48,2.87,1.48,3.23,1.42,2.87,8233,205
8234,233,226,226,2024-01-15,2024-01-18,3,cocciaretto|e / navarro|e,Australian Open,Australian Open,R64,R64,1.0,1.0,1.0,0.8571428571428572,99.28571428571429,5,Melbourne,Australian Open,2024-01-18,Grand Slam,Outdoor,Hard,2nd Round,3,Navarro E.,Cocciaretto E.,26.0,66.0,1730.0,1000.0,4.0,6.0,6.0,3.0,6.0,3.0,2.0,1.0,Completed,1.33,3.4,1.36,3.48,1.44,3.5,1.34,3.26,8234,206
8235,234,231,231,2024-01-15,2024-01-18,3,gracheva|v / yastremska|d,Australian Open,Australian Open,R64,R64,1.0,1.0,1.0,0.8571428571428572,99.28571428571429,5,Melbourne,Australian Open,2024-01-18,Grand Slam,Outdoor,Hard,2nd Round,3,Yastremska D.,Gracheva V.,93.0,39.0,777.0,1290.0,6.0,3.0,6.0,2.0,,,2.0,0.0,Completed,1.73,2.1,1.76,2.2,1.77,2.2,1.73,2.11,8235,207
8236,235,230,230,2024-01-15,2024-01-18,3,blinkova|a / rybakina|e,Australian Open,Australian Open,R64,R64,1.0,1.0,1.0,0.8571428571428572,99.28571428571429,5,Melbourne,Australian Open,2024-01-18,Grand Slam,Outdoor,Hard,2nd Round,3,Blinkova A.,Rybakina E.,57.0,3.0,1072.0,6918.0,6.0,4.0,4.0,6.0,7.0,6.0,2.0,1.0,Completed,11.0,1.05,14.07,1.06,14.07,1.08,11.03,1.05,8236,208
8237,236,222,222,2024-01-15,2024-01-18,3,maria|t / paolini|j,Australian Open,Australian Open,R64,R64,1.0,1.0,1.0,0.8571428571428572,99.28571428571429,5,Melbourne,Australian Open,2024-01-18,Grand Slam,Outdoor,Hard,2nd Round,3,Paolini J.,Maria T.,31.0,42.0,1530.0,1215.0,6.0,2.0,6.0,3.0,,,2.0,0.0,Completed,1.36,3.2,1.45,3.0,1.45,3.2,1.39,3.0,8237,209
8238,237,218,218,2024-01-15,2024-01-18,3,kalinskaya|a / rus|a,Australian Open,Australian Open,R64,R64,1.0,1.0,1.0,0.8571428571428572,99.28571428571429,5,Melbourne,Australian Open,2024-01-18,Grand Slam,Outdoor,Hard,2nd Round,3,Kalinskaya A.,Rus A.,75.0,45.0,923.0,1188.0,6.0,1.0,7.0,5.0,,,2.0,0.0,Completed,1.4,3.0,1.38,3.32,1.49,3.32,1.41,2.94,8238,210
8239,238,223,223,2024-01-15,2024-01-18,3,kasatkina|d / stephens|s,Australian Open,Australian Open,R64,R64,1.0,1.0,1.0,0.8571428571428572,99.28571428571429,5,Melbourne,Australian Open,2024-01-18,Grand Slam,Outdoor,Hard,2nd Round,3,Stephens S.,Kasatkina D.,44.0,13.0,1202.0,2778.0,4.0,6.0,6.0,3.0,6.0,3.0,2.0,1.0,Completed,2.5,1.53,2.65,1.55,2.65,1.6,2.51,1.53,8239,211
8240,239,225,225,2024-01-15,2024-01-18,3,boulter|k / zheng|q,Australian Open,Australian Open,R64,R64,1.0,1.0,1.0,0.8571428571428572,99.28571428571429,5,Melbourne,Australian Open,2024-01-18,Grand Slam,Outdoor,Hard,2nd Round,3,Zheng Q.,Boulter K.,15.0,54.0,2720.0,1109.0,6.0,3.0,6.0,3.0,,,2.0,0.0,Completed,1.36,3.2,1.42,3.13,1.42,3.2,1.38,3.07,8240,212
8241,240,228,228,2024-01-15,2024-01-18,3,raducanu|e / wang|y,Australian Open,Australian Open,R64,R64,1.0,1.0,1.0,0.8571428571428572,99.28571428571429,5,Melbourne,Australian Open,2024-01-18,Grand Slam,Outdoor,Hard,2nd Round,3,Wang Y.,Raducanu E.,94.0,296.0,771.0,231.0,6.0,4.0,4.0,6.0,6.0,4.0,2.0,1.0,Completed,4.0,1.25,4.15,1.28,4.2,1.31,3.92,1.25,8241,213
8242,241,221,221,2024-01-15,2024-01-18,3,dodin|o / trevisan|m,Australian Open,Australian Open,R64,R64,1.0,1.0,1.0,0.8571428571428572,99.28571428571429,5,Melbourne,Australian Open,2024-01-18,Grand Slam,Outdoor,Hard,2nd Round,3,Dodin O.,Trevisan M.,95.0,59.0,765.0,1045.0,6.0,4.0,6.0,4.0,,,2.0,0.0,Completed,2.38,1.57,2.35,1.67,2.45,1.68,2.35,1.6,8242,214
8243,242,224,224,2024-01-15,2024-01-18,3,burel|c / pegula|j,Australian Open,Australian Open,R64,R64,1.0,1.0,1.0,0.8571428571428572,99.28571428571429,5,Melbourne,Australian Open,2024-01-18,Grand Slam,Outdoor,Hard,2nd Round,3,Burel C.,Pegula J.,51.0,5.0,1140.0,6065.0,6.0,4.0,6.0,2.0,,,2.0,0.0,Completed,6.0,1.13,6.08,1.16,6.25,1.2,5.57,1.15,8243,215
8268,267,237,237,2024-01-15,2024-01-19,4,avanesyan|e / kostyuk|m,Australian Open,Australian Open,R32,R32,1.0,1.0,1.0,0.8095238095238095,99.04761904761905,5,Melbourne,Australian Open,2024-01-19,Grand Slam,Outdoor,Hard,3rd Round,3,Kostyuk M.,Avanesyan E.,37.0,74.0,1330.0,939.0,2.0,6.0,6.0,4.0,6.0,4.0,2.0,1.0,Completed,1.25,4.0,1.28,4.07,1.31,4.07,1.26,3.9,8268,216
8269,268,240,240,2024-01-15,2024-01-19,4,haddad maia|b / timofeeva|m <> maia|b / timofeeva|m,Australian Open,Australian Open,R32,R32,1.0,1.0,1.0,0.8095238095238095,99.04761904761905,5,Melbourne,Australian Open,2024-01-19,Grand Slam,Outdoor,Hard,3rd Round,3,Timofeeva M.,Haddad Maia B.,170.0,12.0,451.0,2830.0,7.0,6.0,6.0,3.0,,,2.0,0.0,Completed,4.0,1.25,4.4,1.25,4.4,1.29,4.01,1.25,8269,217
8270,269,239,239,2024-01-15,2024-01-19,4,frech|m / zakharova|a,Australian Open,Australian Open,R32,R32,1.0,1.0,1.0,0.8095238095238095,99.04761904761905,5,Melbourne,Australian Open,2024-01-19,Grand Slam,Outdoor,Hard,3rd Round,3,Frech M.,Zakharova A.,69.0,190.0,965.0,404.0,4.0,6.0,7.0,5.0,6.0,4.0,2.0,1.0,Completed,1.53,2.5,1.63,2.45,1.63,2.71,1.54,2.49,8270,218
8271,270,238,238,2024-01-15,2024-01-19,4,gauff|c / parks|a,Australian Open,Australian Open,R32,R32,1.0,1.0,1.0,0.8095238095238095,99.04761904761905,5,Melbourne,Australian Open,2024-01-19,Grand Slam,Outdoor,Hard,3rd Round,3,Gauff C.,Parks A.,4.0,82.0,6660.0,838.0,6.0,0.0,6.0,2.0,,,2.0,0.0,Completed,1.05,11.0,1.06,13.09,1.07,13.09,1.05,10.57,8271,219
8272,271,236,236,2024-01-15,2024-01-19,4,andreeva|m / parry|d,Australian Open,Australian Open,R32,R32,1.0,1.0,1.0,0.8095238095238095,99.04761904761905,5,Melbourne,Australian Open,2024-01-19,Grand Slam,Outdoor,Hard,3rd Round,3,Andreeva M.,Parry D.,47.0,72.0,1168.0,943.0,1.0,6.0,6.0,1.0,7.0,6.0,2.0,1.0,Completed,1.08,8.0,1.12,7.92,1.14,8.01,1.1,7.18,8272,220
8273,272,241,241,2024-01-15,2024-01-19,4,hunter|s / krejcikova|b,Australian Open,Australian Open,R32,R32,1.0,1.0,1.0,0.8095238095238095,99.04761904761905,5,Melbourne,Australian Open,2024-01-19,Grand Slam,Outdoor,Hard,3rd Round,3,Krejcikova B.,Hunter S.,11.0,180.0,2891.0,426.0,4.0,6.0,7.0,5.0,6.0,3.0,2.0,1.0,Completed,1.22,4.33,1.24,4.63,1.29,4.63,1.23,4.19,8273,221
8274,273,234,234,2024-01-15,2024-01-19,4,anisimova|a / badosa|p,Australian Open,Australian Open,R32,R32,1.0,1.0,1.0,0.8095238095238095,99.04761904761905,5,Melbourne,Australian Open,2024-01-19,Grand Slam,Outdoor,Hard,3rd Round,3,Anisimova A.,Badosa P.,442.0,100.0,130.0,738.0,7.0,5.0,6.0,4.0,,,2.0,0.0,Completed,2.38,1.57,2.48,1.61,2.51,1.65,2.38,1.59,8274,222
8275,274,235,235,2024-01-15,2024-01-19,4,sabalenka|a / tsurenko|l,Australian Open,Australian Open,R32,R32,1.0,1.0,1.0,0.8095238095238095,99.04761904761905,5,Melbourne,Australian Open,2024-01-19,Grand Slam,Outdoor,Hard,3rd Round,3,Sabalenka A.,Tsurenko L.,2.0,33.0,8905.0,1452.0,6.0,0.0,6.0,0.0,,,2.0,0.0,Completed,1.05,11.0,1.08,11.81,1.09,12.0,1.06,9.63,8275,223
8260,259,248,248,2024-01-15,2024-01-20,5,noskova|l / swiatek|i,Australian Open,Australian Open,R32,R32,1.0,1.0,1.0,0.7619047619047619,98.80952380952381,5,Melbourne,Australian Open,2024-01-20,Grand Slam,Outdoor,Hard,3rd Round,3,Noskova L.,Swiatek I.,50.0,1.0,1143.0,9880.0,3.0,6.0,6.0,3.0,6.0,4.0,2.0,1.0,Completed,10.0,1.06,12.06,1.07,13,1.08,9.79,1.06,8260,224
8261,260,249,249,2024-01-15,2024-01-20,5,golubic|v / svitolina|e,Australian Open,Australian Open,R32,R32,1.0,1.0,1.0,0.7619047619047619,98.80952380952381,5,Melbourne,Australian Open,2024-01-20,Grand Slam,Outdoor,Hard,3rd Round,3,Svitolina E.,Golubic V.,23.0,85.0,1972.0,829.0,6.0,2.0,6.0,3.0,,,2.0,0.0,Completed,1.14,5.5,1.18,5.7,1.19,5.7,1.17,5.2,8261,225
8262,261,247,247,2024-01-15,2024-01-20,5,azarenka|v / ostapenko|j,Australian Open,Australian Open,R32,R32,1.0,1.0,1.0,0.7619047619047619,98.80952380952381,5,Melbourne,Australian Open,2024-01-20,Grand Slam,Outdoor,Hard,3rd Round,3,Azarenka V.,Ostapenko J.,22.0,10.0,2011.0,3328.0,6.0,1.0,7.0,5.0,,,2.0,0.0,Completed,2.1,1.73,2.0,1.91,2.18,1.91,2.03,1.79,8262,226
8263,262,243,243,2024-01-15,2024-01-20,5,navarro|e / yastremska|d,Australian Open,Australian Open,R32,R32,1.0,1.0,1.0,0.7619047619047619,98.80952380952381,5,Melbourne,Australian Open,2024-01-20,Grand Slam,Outdoor,Hard,3rd Round,3,Yastremska D.,Navarro E.,93.0,26.0,777.0,1730.0,6.0,2.0,2.0,6.0,6.0,1.0,2.0,1.0,Completed,2.75,1.44,2.93,1.46,2.93,1.5,2.73,1.46,8263,227
8264,263,246,246,2024-01-15,2024-01-20,5,blinkova|a / paolini|j,Australian Open,Australian Open,R32,R32,1.0,1.0,1.0,0.7619047619047619,98.80952380952381,5,Melbourne,Australian Open,2024-01-20,Grand Slam,Outdoor,Hard,3rd Round,3,Paolini J.,Blinkova A.,31.0,57.0,1530.0,1072.0,7.0,6.0,6.0,4.0,,,2.0,0.0,Completed,1.67,2.2,1.56,2.6,1.68,2.6,1.61,2.33,8264,228
8265,264,242,242,2024-01-15,2024-01-20,5,kalinskaya|a / stephens|s,Australian Open,Australian Open,R32,R32,1.0,1.0,1.0,0.7619047619047619,98.80952380952381,5,Melbourne,Australian Open,2024-01-20,Grand Slam,Outdoor,Hard,3rd Round,3,Kalinskaya A.,Stephens S.,75.0,44.0,923.0,1202.0,6.0,7.0,6.0,1.0,6.0,4.0,2.0,1.0,Completed,1.73,2.1,1.68,2.33,1.79,2.33,1.72,2.14,8265,229
8266,265,244,244,2024-01-15,2024-01-20,5,wang|y / zheng|q,Australian Open,Australian Open,R32,R32,1.0,1.0,1.0,0.7619047619047619,98.80952380952381,5,Melbourne,Australian Open,2024-01-20,Grand Slam,Outdoor,Hard,3rd Round,3,Zheng Q.,Wang Y.,15.0,94.0,2720.0,771.0,6.0,4.0,2.0,6.0,7.0,6.0,2.0,1.0,Completed,1.17,5.0,1.19,5.5,1.21,5.5,1.17,5.06,8266,230
8267,266,245,245,2024-01-15,2024-01-20,5,burel|c / dodin|o,Australian Open,Australian Open,R32,R32,1.0,1.0,1.0,0.7619047619047619,98.80952380952381,5,Melbourne,Australian Open,2024-01-20,Grand Slam,Outdoor,Hard,3rd Round,3,Dodin O.,Burel C.,95.0,51.0,765.0,1140.0,6.0,2.0,6.0,4.0,,,2.0,0.0,Completed,3.4,1.33,3.5,1.35,3.5,1.35,3.34,1.33,8267,231
8280,279,252,252,2024-01-15,2024-01-21,6,kostyuk|m / timofeeva|m,Australian Open,Australian Open,R16,R16,1.0,1.0,1.0,0.7142857142857143,98.57142857142857,5,Melbourne,Australian Open,2024-01-21,Grand Slam,Outdoor,Hard,4th Round,3,Kostyuk M.,Timofeeva M.,37.0,170.0,1330.0,451.0,6.0,2.0,6.0,1.0,,,2.0,0.0,Completed,1.5,2.63,1.52,2.73,1.54,2.75,1.5,2.61,8280,232
8281,280,250,250,2024-01-15,2024-01-21,6,frech|m / gauff|c,Australian Open,Australian Open,R16,R16,1.0,1.0,1.0,0.7142857142857143,98.57142857142857,5,Melbourne,Australian Open,2024-01-21,Grand Slam,Outdoor,Hard,4th Round,3,Gauff C.,Frech M.,4.0,69.0,6660.0,965.0,6.0,1.0,6.0,2.0,,,2.0,0.0,Completed,1.04,13.0,1.06,12.99,1.06,13.0,1.04,11.13,8281,233
8282,281,253,253,2024-01-15,2024-01-21,6,andreeva|m / krejcikova|b,Australian Open,Australian Open,R16,R16,1.0,1.0,1.0,0.7142857142857143,98.57142857142857,5,Melbourne,Australian Open,2024-01-21,Grand Slam,Outdoor,Hard,4th Round,3,Krejcikova B.,Andreeva M.,11.0,47.0,2891.0,1168.0,4.0,6.0,6.0,3.0,6.0,2.0,2.0,1.0,Completed,2.5,1.53,2.48,1.61,2.74,1.61,2.47,1.55,8282,234
8283,282,251,251,2024-01-15,2024-01-21,6,anisimova|a / sabalenka|a,Australian Open,Australian Open,R16,R16,1.0,1.0,1.0,0.7142857142857143,98.57142857142857,5,Melbourne,Australian Open,2024-01-21,Grand Slam,Outdoor,Hard,4th Round,3,Sabalenka A.,Anisimova A.,2.0,442.0,8905.0,130.0,6.0,3.0,6.0,2.0,,,2.0,0.0,Completed,1.2,4.5,1.21,5.14,1.21,5.14,1.2,4.6,8283,235
8276,275,255,255,2024-01-15,2024-01-22,7,noskova|l / svitolina|e,Australian Open,Australian Open,R16,R16,1.0,1.0,1.0,0.6666666666666667,98.33333333333333,5,Melbourne,Australian Open,2024-01-22,Grand Slam,Outdoor,Hard,4th Round,3,Noskova L.,Svitolina E.,50.0,23.0,1143.0,1972.0,3.0,0.0,,,,,0.0,0.0,Retired,2.63,1.5,2.79,1.5,2.79,1.58,2.6,1.51,8276,236
8277,276,254,254,2024-01-15,2024-01-22,7,azarenka|v / yastremska|d,Australian Open,Australian Open,R16,R16,1.0,1.0,1.0,0.6666666666666667,98.33333333333333,5,Melbourne,Australian Open,2024-01-22,Grand Slam,Outdoor,Hard,4th Round,3,Yastremska D.,Azarenka V.,93.0,22.0,777.0,2011.0,7.0,6.0,6.0,4.0,,,2.0,0.0,Completed,3.4,1.33,3.9,1.3,3.9,1.37,3.32,1.33,8277,237
8278,277,256,256,2024-01-15,2024-01-22,7,kalinskaya|a / paolini|j,Australian Open,Australian Open,R16,R16,1.0,1.0,1.0,0.6666666666666667,98.33333333333333,5,Melbourne,Australian Open,2024-01-22,Grand Slam,Outdoor,Hard,4th Round,3,Kalinskaya A.,Paolini J.,75.0,31.0,923.0,1530.0,6.0,4.0,6.0,2.0,,,2.0,0.0,Completed,1.57,2.38,1.64,2.42,1.68,2.42,1.61,2.33,8278,238
8279,278,257,257,2024-01-15,2024-01-22,7,dodin|o / zheng|q,Australian Open,Australian Open,R16,R16,1.0,1.0,1.0,0.6666666666666667,98.33333333333333,5,Melbourne,Australian Open,2024-01-22,Grand Slam,Outdoor,Hard,4th Round,3,Zheng Q.,Dodin O.,15.0,95.0,2720.0,765.0,6.0,0.0,6.0,3.0,,,2.0,0.0,Completed,1.2,4.5,1.23,4.71,1.24,5.24,1.2,4.55,8279,239
8286,285,258,258,2024-01-15,2024-01-23,8,gauff|c / kostyuk|m,Australian Open,Australian Open,QF,QF,1.0,1.0,1.0,0.6190476190476191,98.0952380952381,5,Melbourne,Australian Open,2024-01-23,Grand Slam,Outdoor,Hard,Quarterfinals,3,Gauff C.,Kostyuk M.,4.0,37.0,6660.0,1330.0,7.0,6.0,6.0,7.0,6.0,2.0,2.0,1.0,Completed,1.11,6.5,1.15,6.54,1.15,6.68,1.13,6.03,8286,240
8287,286,259,259,2024-01-15,2024-01-23,8,krejcikova|b / sabalenka|a,Australian Open,Australian Open,QF,QF,1.0,1.0,1.0,0.6190476190476191,98.0952380952381,5,Melbourne,Australian Open,2024-01-23,Grand Slam,Outdoor,Hard,Quarterfinals,3,Sabalenka A.,Krejcikova B.,2.0,11.0,8905.0,2891.0,6.0,2.0,6.0,3.0,,,2.0,0.0,Completed,1.14,5.5,1.18,5.59,1.2,6.21,1.16,5.35,8287,241
8284,283,260,260,2024-01-15,2024-01-24,9,noskova|l / yastremska|d,Australian Open,Australian Open,QF,QF,1.0,1.0,1.0,0.5714285714285714,97.85714285714286,5,Melbourne,Australian Open,2024-01-24,Grand Slam,Outdoor,Hard,Quarterfinals,3,Yastremska D.,Noskova L.,93.0,50.0,777.0,1143.0,6.0,3.0,6.0,4.0,,,2.0,0.0,Completed,2.5,1.53,2.47,1.61,2.63,1.61,2.47,1.55,8284,242
8285,284,261,261,2024-01-15,2024-01-24,9,kalinskaya|a / zheng|q,Australian Open,Australian Open,QF,QF,1.0,1.0,1.0,0.5714285714285714,97.85714285714286,5,Melbourne,Australian Open,2024-01-24,Grand Slam,Outdoor,Hard,Quarterfinals,3,Zheng Q.,Kalinskaya A.,15.0,75.0,2720.0,923.0,6.0,7.0,6.0,3.0,6.0,1.0,2.0,1.0,Completed,1.62,2.3,1.64,2.41,1.7,2.41,1.62,2.31,8285,243
8288,287,263,263,2024-01-15,2024-01-25,10,yastremska|d / zheng|q,Australian Open,Australian Open,SF,SF,1.0,1.0,1.0,0.5238095238095238,97.61904761904762,5,Melbourne,Australian Open,2024-01-25,Grand Slam,Outdoor,Hard,Semifinals,3,Zheng Q.,Yastremska D.,15.0,93.0,2720.0,777.0,6.0,4.0,6.0,4.0,,,2.0,0.0,Completed,1.44,2.75,1.51,2.77,1.53,3.0,1.46,2.73,8288,244
8289,288,262,262,2024-01-15,2024-01-25,10,gauff|c / sabalenka|a,Australian Open,Australian Open,SF,SF,1.0,1.0,1.0,0.5238095238095238,97.61904761904762,5,Melbourne,Australian Open,2024-01-25,Grand Slam,Outdoor,Hard,Semifinals,3,Sabalenka A.,Gauff C.,2.0,4.0,8905.0,6660.0,7.0,6.0,6.0,4.0,,,2.0,0.0,Completed,1.44,2.75,1.51,2.78,1.55,2.87,1.46,2.72,8289,245
8290,289,264,264,2024-01-15,2024-01-27,12,sabalenka|a / zheng|q,Australian Open,Australian Open,F,F,1.0,1.0,1.0,0.4285714285714286,97.14285714285714,5,Melbourne,Australian Open,2024-01-27,Grand Slam,Outdoor,Hard,The Final,3,Sabalenka A.,Zheng Q.,2.0,15.0,8905.0,2720.0,6.0,3.0,6.0,2.0,,,2.0,0.0,Completed,1.15,6.0,1.17,5.88,1.19,6.0,1.16,5.37,8290,246
8306,305,269,269,2024-01-29,2024-01-29,0,linette|m / shnaider|d,Hua Hin,Thailand Open,R32,R32,0.4266666666666667,1.0,1.0,1.0,68.46666666666667,6,Hua Hin,Thailand Open,2024-01-29,WTA250,Outdoor,Hard,1st Round,3,Shnaider D.,Linette M.,108.0,56.0,685.0,1126.0,6.0,4.0,1.0,6.0,6.0,1.0,2.0,1.0,Completed,2.0,1.8,2.01,1.86,2.02,1.95,1.94,1.84,8306,247
8307,306,271,271,2024-01-29,2024-01-29,0,badosa|p / tararudee|l,Hua Hin,Thailand Open,R32,R32,0.4266666666666667,1.0,1.0,1.0,68.46666666666667,6,Hua Hin,Thailand Open,2024-01-29,WTA250,Outdoor,Hard,1st Round,3,Badosa P.,Tararudee L.,83.0,298.0,868.0,231.0,3.0,6.0,6.0,4.0,6.0,1.0,2.0,1.0,Completed,1.02,19.0,1.03,20.95,1.05,20.95,1.02,15.14,8307,248
8308,307,267,267,2024-01-29,2024-01-29,0,galfi|d / tomljanovic|a,Hua Hin,Thailand Open,R32,R32,0.4266666666666667,1.0,1.0,1.0,68.46666666666667,6,Hua Hin,Thailand Open,2024-01-29,WTA250,Outdoor,Hard,1st Round,3,Galfi D.,Tomljanovic A.,137.0,227.0,556.0,341.0,6.0,3.0,6.0,0.0,,,2.0,0.0,Completed,3.4,1.33,3.63,1.32,3.63,1.34,3.34,1.32,8308,249
8311,310,266,266,2024-01-29,2024-01-29,0,hibino|n / rakhimova|k,Hua Hin,Thailand Open,R32,R32,0.4266666666666667,1.0,1.0,1.0,68.46666666666667,6,Hua Hin,Thailand Open,2024-01-29,WTA250,Outdoor,Hard,1st Round,3,Hibino N.,Rakhimova K.,94.0,84.0,788.0,853.0,7.0,6.0,6.0,0.0,,,2.0,0.0,Completed,2.38,1.57,2.23,1.71,2.44,1.71,2.25,1.63,8311,250
8312,311,270,270,2024-01-29,2024-01-29,0,golubic|v / pigossi|l,Hua Hin,Thailand Open,R32,R32,0.4266666666666667,1.0,1.0,1.0,68.46666666666667,6,Hua Hin,Thailand Open,2024-01-29,WTA250,Outdoor,Hard,1st Round,3,Golubic V.,Pigossi L.,71.0,114.0,949.0,641.0,6.0,1.0,6.0,2.0,,,2.0,0.0,Completed,1.14,5.5,1.16,5.81,1.17,5.81,1.15,5.4,8312,251
8341,340,296,296,2024-01-29,2024-01-29,0,pavlyuchenkova|a / trevisan|m,Linz,Ladies Linz Open,R32,R32,0.5,1.0,1.0,1.0,72.5,7,Linz,Ladies Linz Open,2024-01-29,WTA500,Indoor,Hard,1st Round,3,Pavlyuchenkova A.,Trevisan M.,42.0,57.0,1238.0,1105.0,6.0,4.0,6.0,0.0,,,2.0,0.0,Completed,1.25,4.0,1.27,4.01,1.3,4.75,1.21,4.39,8341,252
8342,341,297,297,2024-01-29,2024-01-29,0,boulter|k / paolini|j,Linz,Ladies Linz Open,R32,R32,0.5,1.0,1.0,1.0,72.5,7,Linz,Ladies Linz Open,2024-01-29,WTA500,Indoor,Hard,1st Round,3,Boulter K.,Paolini J.,53.0,24.0,1159.0,1760.0,6.0,2.0,6.0,2.0,,,2.0,0.0,Completed,2.0,1.8,1.99,1.88,2.02,1.92,1.94,1.85,8342,253
8313,312,279,279,2024-01-29,2024-01-30,1,naklo|t / putintseva|y,Hua Hin,Thailand Open,R32,R32,0.4266666666666667,1.0,1.0,0.9523809523809523,68.22857142857143,6,Hua Hin,Thailand Open,2024-01-30,WTA250,Outdoor,Hard,1st Round,3,Putintseva Y.,Naklo T.,70.0,406.0,954.0,148.0,5.0,7.0,6.0,3.0,6.0,2.0,2.0,1.0,Completed,1.06,10.0,1.06,12.19,1.09,12.19,1.05,10.0,8313,254
8314,313,278,278,2024-01-29,2024-01-30,1,hontama|m / schmiedlova|a,Hua Hin,Thailand Open,R32,R32,0.4266666666666667,1.0,1.0,0.9523809523809523,68.22857142857143,6,Hua Hin,Thailand Open,2024-01-30,WTA250,Outdoor,Hard,1st Round,3,Schmiedlova A.,Hontama M.,79.0,117.0,896.0,635.0,7.0,6.0,7.0,6.0,,,2.0,0.0,Completed,2.3,1.62,2.45,1.6,2.45,1.7,2.3,1.61,8314,255
8315,314,280,280,2024-01-29,2024-01-30,1,korneeva|a / wang|y,Hua Hin,Thailand Open,R32,R32,0.4266666666666667,1.0,1.0,0.9523809523809523,68.22857142857143,6,Hua Hin,Thailand Open,2024-01-30,WTA250,Outdoor,Hard,1st Round,3,Wang Y.,Korneeva A.,78.0,141.0,900.0,537.0,6.0,2.0,6.0,4.0,,,2.0,0.0,Completed,2.38,1.57,2.35,1.65,2.4,1.67,2.3,1.61,8315,256
8316,315,273,273,2024-01-29,2024-01-30,1,volynets|k / zidansek|t,Hua Hin,Thailand Open,R32,R32,0.4266666666666667,1.0,1.0,0.9523809523809523,68.22857142857143,6,Hua Hin,Thailand Open,2024-01-30,WTA250,Outdoor,Hard,1st Round,3,Volynets K.,Zidansek T.,125.0,97.0,602.0,745.0,6.0,2.0,6.0,2.0,,,2.0,0.0,Completed,1.3,3.5,1.39,3.2,1.39,3.53,1.34,3.22,8316,257
8317,316,274,274,2024-01-29,2024-01-30,1,hartono|a / maria|t,Hua Hin,Thailand Open,R32,R32,0.4266666666666667,1.0,1.0,0.9523809523809523,68.22857142857143,6,Hua Hin,Thailand Open,2024-01-30,WTA250,Outdoor,Hard,1st Round,3,Maria T.,Hartono A.,44.0,156.0,1235.0,487.0,6.0,3.0,6.0,1.0,,,2.0,0.0,Completed,1.73,2.1,1.7,2.25,1.75,2.75,1.68,2.16,8317,258
8319,318,276,276,2024-01-29,2024-01-30,1,bai|z / paquet|c,Hua Hin,Thailand Open,R32,R32,0.4266666666666667,1.0,1.0,0.9523809523809523,68.22857142857143,6,Hua Hin,Thailand Open,2024-01-30,WTA250,Outdoor,Hard,1st Round,3,Bai Z.,Paquet C.,90.0,152.0,829.0,494.0,7.0,6.0,6.0,3.0,,,2.0,0.0,Completed,1.67,2.2,1.68,2.27,1.73,2.35,1.66,2.2,8319,259
8320,319,275,275,2024-01-29,2024-01-30,1,fruhvirtova|l / tikhonova|a,Hua Hin,Thailand Open,R32,R32,0.4266666666666667,1.0,1.0,0.9523809523809523,68.22857142857143,6,Hua Hin,Thailand Open,2024-01-30,WTA250,Outdoor,Hard,1st Round,3,Fruhvirtova L.,Tikhonova A.,126.0,194.0,599.0,411.0,6.0,3.0,6.0,1.0,,,2.0,0.0,Completed,1.5,2.63,,,1.5,2.75,1.47,2.66,8320,260
8321,320,277,277,2024-01-29,2024-01-30,1,preston|t / zhu|l,Hua Hin,Thailand Open,R32,R32,0.4266666666666667,1.0,1.0,0.9523809523809523,68.22857142857143,6,Hua Hin,Thailand Open,2024-01-30,WTA250,Outdoor,Hard,1st Round,3,Zhu L.,Preston T.,45.0,199.0,1234.0,392.0,6.0,4.0,7.0,5.0,,,2.0,0.0,Completed,1.4,3.0,1.48,2.8,1.48,3.2,1.4,2.89,8321,261
8337,336,300,300,2024-01-29,2024-01-30,1,giorgi|c / tauson|c,Linz,Ladies Linz Open,R32,R32,0.5,1.0,1.0,0.9523809523809523,72.26190476190476,7,Linz,Ladies Linz Open,2024-01-30,WTA500,Indoor,Hard,1st Round,3,Tauson C.,Giorgi C.,91.0,68.0,818.0,1000.0,3.0,6.0,6.0,3.0,6.0,3.0,2.0,1.0,Completed,1.44,2.75,1.44,2.96,1.53,3.0,1.43,2.78,8337,262
8338,337,299,299,2024-01-29,2024-01-30,1,cristian|j / podoroska|n,Linz,Ladies Linz Open,R32,R32,0.5,1.0,1.0,0.9523809523809523,72.26190476190476,7,Linz,Ladies Linz Open,2024-01-30,WTA500,Indoor,Hard,1st Round,3,Cristian J.,Podoroska N.,89.0,67.0,831.0,1009.0,6.0,3.0,6.0,4.0,,,2.0,0.0,Completed,1.67,2.2,1.67,2.3,1.67,2.43,1.61,2.29,8338,263
8339,338,298,298,2024-01-29,2024-01-30,1,burrage|j / gracheva|v,Linz,Ladies Linz Open,R32,R32,0.5,1.0,1.0,0.9523809523809523,72.26190476190476,7,Linz,Ladies Linz Open,2024-01-30,WTA500,Indoor,Hard,1st Round,3,Burrage J.,Gracheva V.,102.0,46.0,713.0,1230.0,6.0,4.0,6.0,0.0,,,2.0,0.0,Completed,2.38,1.57,2.28,1.7,2.4,1.7,2.26,1.63,8339,264
8340,339,303,303,2024-01-29,2024-01-30,1,bronzetti|l / kerber|a,Linz,Ladies Linz Open,R32,R32,0.5,1.0,1.0,0.9523809523809523,72.26190476190476,7,Linz,Ladies Linz Open,2024-01-30,WTA500,Indoor,Hard,1st Round,3,Bronzetti L.,Kerber A.,58.0,607.0,1099.0,70.0,6.0,1.0,6.0,3.0,,,2.0,0.0,Completed,2.2,1.67,2.36,1.71,2.36,1.73,2.21,1.66,8340,265
8344,343,304,304,2024-01-29,2024-01-30,1,burel|c / kraus|s,Linz,Ladies Linz Open,R32,R32,0.5,1.0,1.0,0.9523809523809523,72.26190476190476,7,Linz,Ladies Linz Open,2024-01-30,WTA500,Indoor,Hard,1st Round,3,Burel C.,Kraus S.,52.0,185.0,1160.0,418.0,6.0,1.0,6.0,4.0,,,2.0,0.0,Completed,1.14,5.5,1.17,5.57,1.18,6.0,1.15,5.44,8344,266
8347,346,301,301,2024-01-29,2024-01-30,1,cocciaretto|e / stefanini|l,Linz,Ladies Linz Open,R32,R32,0.5,1.0,1.0,0.9523809523809523,72.26190476190476,7,Linz,Ladies Linz Open,2024-01-30,WTA500,Indoor,Hard,1st Round,3,Cocciaretto E.,Stefanini L.,60.0,153.0,1060.0,493.0,6.0,2.0,6.0,0.0,,,2.0,0.0,Completed,1.53,2.5,1.56,2.55,1.6,2.55,1.54,2.46,8347,267
8348,347,302,302,2024-01-29,2024-01-30,1,blinkova|a / niemeier|j,Linz,Ladies Linz Open,R32,R32,0.5,1.0,1.0,0.9523809523809523,72.26190476190476,7,Linz,Ladies Linz Open,2024-01-30,WTA500,Indoor,Hard,1st Round,3,Niemeier J.,Blinkova A.,159.0,50.0,481.0,1192.0,6.0,3.0,6.0,4.0,,,2.0,0.0,Completed,2.38,1.57,2.56,1.56,2.6,1.69,2.43,1.55,8348,268
8298,297,282,282,2024-01-29,2024-01-31,2,badosa|p / shnaider|d,Hua Hin,Thailand Open,R16,R16,0.4266666666666667,1.0,1.0,0.9047619047619048,67.99047619047619,6,Hua Hin,Thailand Open,2024-01-31,WTA250,Outdoor,Hard,2nd Round,3,Shnaider D.,Badosa P.,108.0,83.0,685.0,868.0,6.0,2.0,3.0,4.0,,,1.0,0.0,Retired,2.75,1.44,2.76,1.49,2.88,1.87,2.68,1.47,8298,269
8301,300,284,284,2024-01-29,2024-01-31,2,golubic|v / putintseva|y,Hua Hin,Thailand Open,R16,R16,0.4266666666666667,1.0,1.0,0.9047619047619048,67.99047619047619,6,Hua Hin,Thailand Open,2024-01-31,WTA250,Outdoor,Hard,2nd Round,3,Putintseva Y.,Golubic V.,70.0,71.0,954.0,949.0,7.0,6.0,7.0,6.0,,,2.0,0.0,Completed,2.2,1.67,2.28,1.68,2.28,1.73,2.18,1.66,8301,270
8330,329,308,308,2024-01-29,2024-01-31,2,burrage|j / cristian|j,Linz,Ladies Linz Open,R16,R16,0.5,1.0,1.0,0.9047619047619048,72.02380952380952,7,Linz,Ladies Linz Open,2024-01-31,WTA500,Indoor,Hard,2nd Round,3,Burrage J.,Cristian J.,102.0,89.0,713.0,831.0,6.0,3.0,7.0,6.0,,,2.0,0.0,Completed,1.8,2.0,1.9,1.97,1.9,2.06,1.81,1.98,8330,271
8332,331,310,310,2024-01-29,2024-01-31,2,boulter|k / pavlyuchenkova|a,Linz,Ladies Linz Open,R16,R16,0.5,1.0,1.0,0.9047619047619048,72.02380952380952,7,Linz,Ladies Linz Open,2024-01-31,WTA500,Indoor,Hard,2nd Round,3,Pavlyuchenkova A.,Boulter K.,42.0,53.0,1238.0,1159.0,7.0,6.0,6.0,4.0,,,2.0,0.0,Completed,1.62,2.3,1.67,2.3,1.73,2.38,1.62,2.28,8332,272
8336,335,309,309,2024-01-29,2024-01-31,2,alexandrova|e / niemeier|j,Linz,Ladies Linz Open,R16,R16,0.5,1.0,1.0,0.9047619047619048,72.02380952380952,7,Linz,Ladies Linz Open,2024-01-31,WTA500,Indoor,Hard,2nd Round,3,Alexandrova E.,Niemeier J.,21.0,159.0,2095.0,481.0,6.0,3.0,6.0,0.0,,,2.0,0.0,Completed,1.36,3.2,1.31,3.71,1.37,3.71,1.33,3.3,8336,273
8343,342,307,307,2024-01-29,2024-01-31,2,martic|p / siniakova|k,Linz,Ladies Linz Open,R32,R32,0.5,1.0,1.0,0.9047619047619048,72.02380952380952,7,Linz,Ladies Linz Open,2024-01-31,WTA500,Indoor,Hard,1st Round,3,Siniakova K.,Martic P.,49.0,48.0,1215.0,1223.0,4.0,6.0,6.0,3.0,7.0,5.0,2.0,1.0,Completed,1.73,2.1,1.71,2.22,1.74,2.27,1.71,2.12,8343,274
8345,344,306,306,2024-01-29,2024-01-31,2,andreeva|e / yastremska|d,Linz,Ladies Linz Open,R32,R32,0.5,1.0,1.0,0.9047619047619048,72.02380952380952,7,Linz,Ladies Linz Open,2024-01-31,WTA500,Indoor,Hard,1st Round,3,Yastremska D.,Andreeva E.,29.0,111.0,1587.0,676.0,7.0,6.0,3.0,6.0,6.0,2.0,2.0,1.0,Completed,1.73,2.1,1.97,1.9,1.97,2.1,1.83,1.97,8345,275
8346,345,305,305,2024-01-29,2024-01-31,2,errani|s / potapova|a,Linz,Ladies Linz Open,R32,R32,0.5,1.0,1.0,0.9047619047619048,72.02380952380952,7,Linz,Ladies Linz Open,2024-01-31,WTA500,Indoor,Hard,1st Round,3,Potapova A.,Errani S.,27.0,99.0,1634.0,738.0,6.0,4.0,6.0,3.0,,,2.0,0.0,Completed,1.17,5.0,1.23,4.49,1.23,5.36,1.19,4.65,8346,276
8302,301,286,286,2024-01-29,2024-02-01,3,schmiedlova|a / wang|y,Hua Hin,Thailand Open,R16,R16,0.4266666666666667,1.0,1.0,0.8571428571428572,67.75238095238096,6,Hua Hin,Thailand Open,2024-02-01,WTA250,Outdoor,Hard,2nd Round,3,Wang Y.,Schmiedlova A.,78.0,79.0,900.0,896.0,6.0,2.0,6.0,4.0,,,2.0,0.0,Completed,1.5,2.63,1.5,2.72,1.5,2.84,1.48,2.64,8302,277
8303,302,285,285,2024-01-29,2024-02-01,3,maria|t / volynets|k,Hua Hin,Thailand Open,R16,R16,0.4266666666666667,1.0,1.0,0.8571428571428572,67.75238095238096,6,Hua Hin,Thailand Open,2024-02-01,WTA250,Outdoor,Hard,2nd Round,3,Volynets K.,Maria T.,125.0,44.0,602.0,1235.0,5.0,7.0,6.0,2.0,6.0,2.0,2.0,1.0,Completed,1.73,2.1,1.74,2.17,1.74,2.23,1.69,2.14,8303,278
8305,304,287,287,2024-01-29,2024-02-01,3,fruhvirtova|l / zhu|l,Hua Hin,Thailand Open,R16,R16,0.4266666666666667,1.0,1.0,0.8571428571428572,67.75238095238096,6,Hua Hin,Thailand Open,2024-02-01,WTA250,Outdoor,Hard,2nd Round,3,Zhu L.,Fruhvirtova L.,45.0,126.0,1234.0,599.0,6.0,2.0,6.0,2.0,,,2.0,0.0,Completed,1.8,2.0,1.74,2.18,1.85,2.2,1.76,2.06,8305,279
8329,328,315,315,2024-01-29,2024-02-01,3,ostapenko|j / tauson|c,Linz,Ladies Linz Open,R16,R16,0.5,1.0,1.0,0.8571428571428572,71.78571428571429,7,Linz,Ladies Linz Open,2024-02-01,WTA500,Indoor,Hard,2nd Round,3,Ostapenko J.,Tauson C.,12.0,91.0,3028.0,818.0,3.0,6.0,6.0,4.0,7.0,6.0,2.0,1.0,Completed,1.73,2.1,1.72,2.2,1.75,2.26,1.7,2.15,8329,280
8331,330,312,312,2024-01-29,2024-02-01,3,bronzetti|l / mertens|e,Linz,Ladies Linz Open,R16,R16,0.5,1.0,1.0,0.8571428571428572,71.78571428571429,7,Linz,Ladies Linz Open,2024-02-01,WTA500,Indoor,Hard,2nd Round,3,Mertens E.,Bronzetti L.,26.0,58.0,1653.0,1099.0,6.0,1.0,6.0,3.0,,,2.0,0.0,Completed,1.36,3.2,1.38,3.25,1.4,3.25,1.36,3.09,8331,281
8333,332,311,311,2024-01-29,2024-02-01,3,burel|c / siniakova|k,Linz,Ladies Linz Open,R16,R16,0.5,1.0,1.0,0.8571428571428572,71.78571428571429,7,Linz,Ladies Linz Open,2024-02-01,WTA500,Indoor,Hard,2nd Round,3,Burel C.,Siniakova K.,52.0,49.0,1160.0,1215.0,6.0,3.0,5.0,7.0,6.0,4.0,2.0,1.0,Completed,1.91,1.91,2.06,1.82,2.06,1.91,1.98,1.82,8333,282
8334,333,313,313,2024-01-29,2024-02-01,3,vekic|d / yastremska|d,Linz,Ladies Linz Open,R16,R16,0.5,1.0,1.0,0.8571428571428572,71.78571428571429,7,Linz,Ladies Linz Open,2024-02-01,WTA500,Indoor,Hard,2nd Round,3,Vekic D.,Yastremska D.,34.0,29.0,1445.0,1587.0,6.0,1.0,6.0,1.0,,,2.0,0.0,Completed,2.1,1.73,2.16,1.76,2.22,1.78,2.11,1.72,8334,283
8335,334,314,314,2024-01-29,2024-02-01,3,cocciaretto|e / potapova|a,Linz,Ladies Linz Open,R16,R16,0.5,1.0,1.0,0.8571428571428572,71.78571428571429,7,Linz,Ladies Linz Open,2024-02-01,WTA500,Indoor,Hard,2nd Round,3,Potapova A.,Cocciaretto E.,27.0,60.0,1634.0,1060.0,2.0,6.0,7.0,6.0,7.0,5.0,2.0,1.0,Completed,1.57,2.38,1.67,2.31,1.67,2.43,1.61,2.29,8335,284
8294,293,291,291,2024-01-29,2024-02-02,4,galfi|d / shnaider|d,Hua Hin,Thailand Open,QF,QF,0.4266666666666667,1.0,1.0,0.8095238095238095,67.51428571428572,6,Hua Hin,Thailand Open,2024-02-02,WTA250,Outdoor,Hard,Quarterfinals,3,Shnaider D.,Galfi D.,108.0,137.0,685.0,556.0,6.0,2.0,6.0,1.0,,,2.0,0.0,Completed,1.57,2.38,1.56,2.61,1.59,2.61,1.54,2.46,8294,285
8296,295,292,292,2024-01-29,2024-02-02,4,volynets|k / wang|y,Hua Hin,Thailand Open,QF,QF,0.4266666666666667,1.0,1.0,0.8095238095238095,67.51428571428572,6,Hua Hin,Thailand Open,2024-02-02,WTA250,Outdoor,Hard,Quarterfinals,3,Wang Y.,Volynets K.,78.0,125.0,900.0,602.0,1.0,6.0,6.0,3.0,7.0,6.0,2.0,1.0,Completed,1.62,2.3,1.71,2.27,1.71,2.3,1.64,2.23,8296,286
8325,324,318,318,2024-01-29,2024-02-02,4,burrage|j / ostapenko|j,Linz,Ladies Linz Open,QF,QF,0.5,1.0,1.0,0.8095238095238095,71.54761904761905,7,Linz,Ladies Linz Open,2024-02-02,WTA500,Indoor,Hard,Quarterfinals,3,Ostapenko J.,Burrage J.,12.0,102.0,3028.0,713.0,6.0,1.0,6.0,2.0,,,2.0,0.0,Completed,1.25,4.0,1.28,4.09,1.3,4.5,1.25,3.95,8325,287
8326,325,319,319,2024-01-29,2024-02-02,4,mertens|e / pavlyuchenkova|a,Linz,Ladies Linz Open,QF,QF,0.5,1.0,1.0,0.8095238095238095,71.54761904761905,7,Linz,Ladies Linz Open,2024-02-02,WTA500,Indoor,Hard,Quarterfinals,3,Pavlyuchenkova A.,Mertens E.,42.0,26.0,1238.0,1653.0,6.0,3.0,6.0,2.0,,,2.0,0.0,Completed,1.8,2.0,1.77,2.18,1.83,2.18,1.78,2.03,8326,288
8327,326,316,316,2024-01-29,2024-02-02,4,burel|c / vekic|d,Linz,Ladies Linz Open,QF,QF,0.5,1.0,1.0,0.8095238095238095,71.54761904761905,7,Linz,Ladies Linz Open,2024-02-02,WTA500,Indoor,Hard,Quarterfinals,3,Vekic D.,Burel C.,34.0,52.0,1445.0,1160.0,6.0,0.0,7.0,6.0,,,2.0,0.0,Completed,1.8,2.0,1.79,2.15,1.86,2.18,1.78,2.03,8327,289
8328,327,317,317,2024-01-29,2024-02-02,4,alexandrova|e / potapova|a,Linz,Ladies Linz Open,QF,QF,0.5,1.0,1.0,0.8095238095238095,71.54761904761905,7,Linz,Ladies Linz Open,2024-02-02,WTA500,Indoor,Hard,Quarterfinals,3,Alexandrova E.,Potapova A.,21.0,27.0,2095.0,1634.0,6.0,2.0,7.0,6.0,,,2.0,0.0,Completed,1.53,2.5,1.52,2.72,1.6,2.75,1.51,2.54,8328,290
8293,292,294,294,2024-01-29,2024-02-03,5,wang|y / zhu|l,Hua Hin,Thailand Open,SF,SF,0.4266666666666667,1.0,1.0,0.7619047619047619,67.27619047619048,6,Hua Hin,Thailand Open,2024-02-03,WTA250,Outdoor,Hard,Semifinals,3,Zhu L.,Wang Y.,45.0,78.0,1234.0,900.0,6.0,3.0,6.0,2.0,,,2.0,0.0,Completed,1.67,2.2,1.79,2.16,1.8,2.25,1.73,2.1,8293,291
8323,322,321,321,2024-01-29,2024-02-03,5,ostapenko|j / pavlyuchenkova|a,Linz,Ladies Linz Open,SF,SF,0.5,1.0,1.0,0.7619047619047619,71.30952380952381,7,Linz,Ladies Linz Open,2024-02-03,WTA500,Indoor,Hard,Semifinals,3,Ostapenko J.,Pavlyuchenkova A.,12.0,42.0,3028.0,1238.0,6.0,2.0,6.0,3.0,,,2.0,0.0,Completed,1.8,2.0,1.88,2.03,1.9,2.06,1.83,1.97,8323,292
8324,323,320,320,2024-01-29,2024-02-03,5,alexandrova|e / vekic|d,Linz,Ladies Linz Open,SF,SF,0.5,1.0,1.0,0.7619047619047619,71.30952380952381,7,Linz,Ladies Linz Open,2024-02-03,WTA500,Indoor,Hard,Semifinals,3,Alexandrova E.,Vekic D.,21.0,34.0,2095.0,1445.0,5.0,7.0,7.0,6.0,7.0,6.0,2.0,1.0,Completed,1.5,2.63,1.55,2.67,1.55,2.9,1.48,2.66,8324,293
8291,290,295,295,2024-01-29,2024-02-04,6,shnaider|d / zhu|l,Hua Hin,Thailand Open,F,F,0.4266666666666667,1.0,1.0,0.7142857142857143,67.03809523809524,6,Hua Hin,Thailand Open,2024-02-04,WTA250,Outdoor,Hard,The Final,3,Shnaider D.,Zhu L.,108.0,45.0,685.0,1234.0,6.0,3.0,2.0,6.0,6.0,1.0,2.0,1.0,Completed,1.91,1.91,1.9,2.01,1.91,2.01,1.88,1.92,8291,294
8322,321,322,322,2024-01-29,2024-02-04,6,alexandrova|e / ostapenko|j,Linz,Ladies Linz Open,F,F,0.5,1.0,1.0,0.7142857142857143,71.07142857142857,7,Linz,Ladies Linz Open,2024-02-04,WTA500,Indoor,Hard,The Final,3,Ostapenko J.,Alexandrova E.,12.0,21.0,3028.0,2095.0,6.0,2.0,6.0,3.0,,,2.0,0.0,Completed,1.57,2.38,1.56,2.61,1.62,2.61,1.55,2.44,8322,295
8370,369,326,326,2024-02-05,2024-02-05,0,kasatkina|d / parry|d,Abu Dhabi,Abu Dhabi WTA Women's Tennis Open,R32,R32,0.5538461538461539,1.0,1.0,1.0,75.46153846153847,8,Abu Dhabi,Abu Dhabi WTA Women's Tennis Open,2024-02-05,WTA500,Outdoor,Hard,1st Round,3,Kasatkina D.,Parry D.,14.0,59.0,2838.0,1063.0,6.0,4.0,5.0,7.0,6.0,4.0,2.0,1.0,Completed,1.3,3.5,1.37,3.29,1.37,3.5,1.34,3.2,8370,296
8371,370,324,324,2024-02-05,2024-02-05,0,krueger|a / pera|b,Abu Dhabi,Abu Dhabi WTA Women's Tennis Open,R32,R32,0.5538461538461539,1.0,1.0,1.0,75.46153846153847,8,Abu Dhabi,Abu Dhabi WTA Women's Tennis Open,2024-02-05,WTA500,Outdoor,Hard,1st Round,3,Krueger A.,Pera B.,82.0,89.0,886.0,836.0,6.0,2.0,5.0,7.0,6.0,3.0,2.0,1.0,Completed,1.62,2.3,1.68,2.28,1.68,2.54,1.64,2.24,8371,297
8372,371,323,323,2024-02-05,2024-02-05,0,cirstea|s / garcia|c,Abu Dhabi,Abu Dhabi WTA Women's Tennis Open,R32,R32,0.5538461538461539,1.0,1.0,1.0,75.46153846153847,8,Abu Dhabi,Abu Dhabi WTA Women's Tennis Open,2024-02-05,WTA500,Outdoor,Hard,1st Round,3,Cirstea S.,Garcia C.,26.0,21.0,1722.0,2075.0,6.0,7.0,6.0,4.0,6.0,4.0,2.0,1.0,Completed,2.2,1.67,2.32,1.66,2.38,1.68,2.26,1.63,8372,298
8375,374,327,327,2024-02-05,2024-02-05,0,bouzkova|m / raducanu|e,Abu Dhabi,Abu Dhabi WTA Women's Tennis Open,R32,R32,0.5538461538461539,1.0,1.0,1.0,75.46153846153847,8,Abu Dhabi,Abu Dhabi WTA Women's Tennis Open,2024-02-05,WTA500,Outdoor,Hard,1st Round,3,Raducanu E.,Bouzkova M.,296.0,36.0,231.0,1382.0,6.0,4.0,6.0,1.0,,,2.0,0.0,Completed,2.1,1.73,2.17,1.75,2.2,1.79,2.11,1.72,8375,299
8391,390,355,355,2024-02-05,2024-02-05,0,minnen|g / rus|a,Cluj-Napoca,Transylvania Open,R32,R32,0.20869565217391306,1.0,1.0,1.0,56.47826086956522,9,Cluj-Napoca,Transylvania Open,2024-02-05,WTA250,Indoor,Hard,1st Round,3,Rus A.,Minnen G.,45.0,75.0,1238.0,928.0,7.0,5.0,6.0,1.0,,,2.0,0.0,Completed,1.91,1.91,1.9,1.97,1.96,1.97,1.88,1.9,8391,300
8394,393,354,354,2024-02-05,2024-02-05,0,bogdan|a / parks|a,Cluj-Napoca,Transylvania Open,R32,R32,0.20869565217391306,1.0,1.0,1.0,56.47826086956522,9,Cluj-Napoca,Transylvania Open,2024-02-05,WTA250,Indoor,Hard,1st Round,3,Bogdan A.,Parks A.,65.0,110.0,1016.0,669.0,7.0,5.0,7.0,5.0,,,2.0,0.0,Completed,1.91,1.91,1.85,2.02,1.97,2.02,1.84,1.94,8394,301
8395,394,352,352,2024-02-05,2024-02-05,0,podoroska|n / tauson|c,Cluj-Napoca,Transylvania Open,R32,R32,0.20869565217391306,1.0,1.0,1.0,56.47826086956522,9,Cluj-Napoca,Transylvania Open,2024-02-05,WTA250,Indoor,Hard,1st Round,3,Tauson C.,Podoroska N.,80.0,85.0,895.0,867.0,6.0,3.0,6.0,1.0,,,2.0,0.0,Completed,1.14,5.5,1.17,5.57,1.18,5.57,1.16,5.16,8395,302
8401,400,351,351,2024-02-05,2024-02-05,0,diaz|n / siegemund|l <> parrizas diaz|n / siegemund|l,Cluj-Napoca,Transylvania Open,R32,R32,0.20869565217391306,1.0,1.0,1.0,56.47826086956522,9,Cluj-Napoca,Transylvania Open,2024-02-05,WTA250,Indoor,Hard,1st Round,3,Parrizas Diaz N.,Siegemund L.,132.0,90.0,556.0,832.0,6.0,4.0,6.0,4.0,,,2.0,0.0,Completed,2.5,1.53,2.37,1.55,2.67,1.55,2.51,1.52,8401,303
8402,401,353,353,2024-02-05,2024-02-05,0,blinkova|a / waltert|s,Cluj-Napoca,Transylvania Open,R32,R32,0.20869565217391306,1.0,1.0,1.0,56.47826086956522,9,Cluj-Napoca,Transylvania Open,2024-02-05,WTA250,Indoor,Hard,1st Round,3,Blinkova A.,Waltert S.,51.0,175.0,1192.0,437.0,6.0,3.0,6.0,0.0,,,2.0,0.0,Completed,1.36,3.2,1.38,3.22,1.4,3.25,1.35,3.15,8402,304
8364,363,331,331,2024-02-05,2024-02-06,1,collins|d / osaka|n,Abu Dhabi,Abu Dhabi WTA Women's Tennis Open,R32,R32,0.5538461538461539,1.0,1.0,0.9523809523809523,75.22344322344323,8,Abu Dhabi,Abu Dhabi WTA Women's Tennis Open,2024-02-06,WTA500,Outdoor,Hard,1st Round,3,Collins D.,Osaka N.,71.0,757.0,962.0,42.0,7.0,5.0,6.0,0.0,,,2.0,0.0,Completed,1.67,2.2,1.68,2.27,1.72,2.27,1.66,2.19,8364,305
8366,365,332,332,2024-02-05,2024-02-06,1,kudermetova|v / watson|h,Abu Dhabi,Abu Dhabi WTA Women's Tennis Open,R32,R32,0.5538461538461539,1.0,1.0,0.9523809523809523,75.22344322344323,8,Abu Dhabi,Abu Dhabi WTA Women's Tennis Open,2024-02-06,WTA500,Outdoor,Hard,1st Round,3,Watson H.,Kudermetova V.,156.0,16.0,482.0,2495.0,6.0,3.0,7.0,5.0,,,2.0,0.0,Completed,3.75,1.29,3.87,1.29,3.87,1.3,3.62,1.28,8366,306
8367,366,328,328,2024-02-05,2024-02-06,1,noskova|l / sorribes tormo|s <> noskova|l / tormo|s,Abu Dhabi,Abu Dhabi WTA Women's Tennis Open,R32,R32,0.5538461538461539,1.0,1.0,0.9523809523809523,75.22344322344323,8,Abu Dhabi,Abu Dhabi WTA Women's Tennis Open,2024-02-06,WTA500,Outdoor,Hard,1st Round,3,Sorribes Tormo S.,Noskova L.,54.0,31.0,1137.0,1494.0,6.0,3.0,3.0,6.0,6.0,3.0,2.0,1.0,Completed,3.4,1.33,3.47,1.34,3.6,1.34,3.35,1.32,8367,307
8368,367,333,333,2024-02-05,2024-02-06,1,bronzetti|l / kalinina|a,Abu Dhabi,Abu Dhabi WTA Women's Tennis Open,R32,R32,0.5538461538461539,1.0,1.0,0.9523809523809523,75.22344322344323,8,Abu Dhabi,Abu Dhabi WTA Women's Tennis Open,2024-02-06,WTA500,Outdoor,Hard,1st Round,3,Kalinina A.,Bronzetti L.,32.0,53.0,1480.0,1139.0,6.0,1.0,7.0,6.0,,,2.0,0.0,Completed,2.1,1.73,2.12,1.78,2.15,1.78,2.08,1.73,8368,308
8369,368,334,334,2024-02-05,2024-02-06,1,samsonova|l / tsurenko|l,Abu Dhabi,Abu Dhabi WTA Women's Tennis Open,R32,R32,0.5538461538461539,1.0,1.0,0.9523809523809523,75.22344322344323,8,Abu Dhabi,Abu Dhabi WTA Women's Tennis Open,2024-02-06,WTA500,Outdoor,Hard,1st Round,3,Samsonova L.,Tsurenko L.,15.0,37.0,2700.0,1363.0,6.0,0.0,6.0,1.0,,,2.0,0.0,Completed,1.57,2.38,1.6,2.49,1.63,2.49,1.58,2.35,8369,309
8374,373,329,329,2024-02-05,2024-02-06,1,eala|a / linette|m,Abu Dhabi,Abu Dhabi WTA Women's Tennis Open,R32,R32,0.5538461538461539,1.0,1.0,0.9523809523809523,75.22344322344323,8,Abu Dhabi,Abu Dhabi WTA Women's Tennis Open,2024-02-06,WTA500,Outdoor,Hard,1st Round,3,Linette M.,Eala A.,55.0,187.0,1126.0,421.0,7.0,6.0,6.0,1.0,,,2.0,0.0,Completed,1.4,3.0,1.36,3.35,1.46,3.35,1.38,2.99,8374,310
8392,391,357,357,2024-02-05,2024-02-06,1,cornet|a / wickmayer|y,Cluj-Napoca,Transylvania Open,R32,R32,0.20869565217391306,1.0,1.0,0.9523809523809523,56.24016563146998,9,Cluj-Napoca,Transylvania Open,2024-02-06,WTA250,Indoor,Hard,1st Round,3,Cornet A.,Wickmayer Y.,104.0,83.0,690.0,883.0,7.0,5.0,4.0,6.0,6.0,3.0,2.0,1.0,Completed,1.73,2.1,1.75,2.17,1.83,2.17,1.74,2.08,8392,311
8393,392,359,359,2024-02-05,2024-02-06,1,andreeva|e / todoni|a,Cluj-Napoca,Transylvania Open,R32,R32,0.20869565217391306,1.0,1.0,0.9523809523809523,56.24016563146998,9,Cluj-Napoca,Transylvania Open,2024-02-06,WTA250,Indoor,Hard,1st Round,3,Andreeva E.,Todoni A.,112.0,230.0,653.0,331.0,6.0,3.0,6.0,4.0,,,2.0,0.0,Completed,1.14,5.5,1.17,5.57,1.17,6.54,1.14,5.4,8393,312
8398,397,360,360,2024-02-05,2024-02-06,1,avanesyan|e / korpatsch|t,Cluj-Napoca,Transylvania Open,R32,R32,0.20869565217391306,1.0,1.0,0.9523809523809523,56.24016563146998,9,Cluj-Napoca,Transylvania Open,2024-02-06,WTA250,Indoor,Hard,1st Round,3,Avanesyan E.,Korpatsch T.,61.0,77.0,1049.0,918.0,6.0,4.0,7.0,6.0,,,2.0,0.0,Completed,1.8,2.0,1.88,2.0,1.88,2.08,1.83,1.96,8398,313
8400,399,356,356,2024-02-05,2024-02-06,1,bondar|a / dart|h,Cluj-Napoca,Transylvania Open,R32,R32,0.20869565217391306,1.0,1.0,0.9523809523809523,56.24016563146998,9,Cluj-Napoca,Transylvania Open,2024-02-06,WTA250,Indoor,Hard,1st Round,3,Dart H.,Bondar A.,103.0,125.0,699.0,601.0,6.0,4.0,7.0,6.0,,,2.0,0.0,Completed,1.53,2.5,1.58,2.49,1.59,2.64,1.55,2.41,8400,314
8406,405,358,358,2024-02-05,2024-02-06,1,bai|z / maria|t,Cluj-Napoca,Transylvania Open,R32,R32,0.20869565217391306,1.0,1.0,0.9523809523809523,56.24016563146998,9,Cluj-Napoca,Transylvania Open,2024-02-06,WTA250,Indoor,Hard,1st Round,3,Maria T.,Bai Z.,49.0,87.0,1205.0,850.0,7.0,5.0,6.0,3.0,,,2.0,0.0,Completed,1.67,2.2,1.71,2.23,1.73,2.27,1.67,2.18,8406,315
8360,359,335,335,2024-02-05,2024-02-07,2,kasatkina|d / krueger|a,Abu Dhabi,Abu Dhabi WTA Women's Tennis Open,R16,R16,0.5538461538461539,1.0,1.0,0.9047619047619048,74.98534798534799,8,Abu Dhabi,Abu Dhabi WTA Women's Tennis Open,2024-02-07,WTA500,Outdoor,Hard,2nd Round,3,Kasatkina D.,Krueger A.,14.0,82.0,2838.0,886.0,6.0,3.0,7.0,5.0,,,2.0,0.0,Completed,1.44,2.75,1.47,2.87,1.53,2.97,1.45,2.71,8360,316
8361,360,337,337,2024-02-05,2024-02-07,2,cirstea|s / sakkari|m,Abu Dhabi,Abu Dhabi WTA Women's Tennis Open,R16,R16,0.5538461538461539,1.0,1.0,0.9047619047619048,74.98534798534799,8,Abu Dhabi,Abu Dhabi WTA Women's Tennis Open,2024-02-07,WTA500,Outdoor,Hard,2nd Round,3,Cirstea S.,Sakkari M.,26.0,9.0,1722.0,3710.0,6.0,2.0,6.0,1.0,,,2.0,0.0,Completed,2.5,1.53,2.55,1.57,2.55,1.6,2.42,1.55,8361,317
8362,361,336,336,2024-02-05,2024-02-07,2,haddad maia|b / linette|m <> linette|m / maia|b,Abu Dhabi,Abu Dhabi WTA Women's Tennis Open,R16,R16,0.5538461538461539,1.0,1.0,0.9047619047619048,74.98534798534799,8,Abu Dhabi,Abu Dhabi WTA Women's Tennis Open,2024-02-07,WTA500,Outdoor,Hard,2nd Round,3,Haddad Maia B.,Linette M.,13.0,55.0,2950.0,1126.0,7.0,6.0,6.0,7.0,6.0,1.0,2.0,1.0,Completed,1.29,3.75,1.3,3.88,1.33,3.88,1.28,3.62,8362,318
8363,362,338,338,2024-02-05,2024-02-07,2,jabeur|o / raducanu|e,Abu Dhabi,Abu Dhabi WTA Women's Tennis Open,R16,R16,0.5538461538461539,1.0,1.0,0.9047619047619048,74.98534798534799,8,Abu Dhabi,Abu Dhabi WTA Women's Tennis Open,2024-02-07,WTA500,Outdoor,Hard,2nd Round,3,Jabeur O.,Raducanu E.,6.0,296.0,4076.0,231.0,6.0,4.0,6.0,1.0,,,2.0,0.0,Completed,1.91,1.91,1.98,1.91,1.98,1.98,1.9,1.89,8363,319
8383,382,367,367,2024-02-05,2024-02-07,2,cornet|a / rus|a,Cluj-Napoca,Transylvania Open,R16,R16,0.20869565217391306,1.0,1.0,0.9047619047619048,56.002070393374744,9,Cluj-Napoca,Transylvania Open,2024-02-07,WTA250,Indoor,Hard,2nd Round,3,Rus A.,Cornet A.,45.0,104.0,1238.0,690.0,4.0,6.0,6.0,4.0,6.0,0.0,2.0,1.0,Completed,1.57,2.38,1.61,2.43,1.62,2.43,1.57,2.36,8383,320
8384,383,368,368,2024-02-05,2024-02-07,2,andreeva|e / bogdan|a,Cluj-Napoca,Transylvania Open,R16,R16,0.20869565217391306,1.0,1.0,0.9047619047619048,56.002070393374744,9,Cluj-Napoca,Transylvania Open,2024-02-07,WTA250,Indoor,Hard,2nd Round,3,Bogdan A.,Andreeva E.,65.0,112.0,1016.0,653.0,6.0,4.0,6.0,4.0,,,2.0,0.0,Completed,2.3,1.62,2.23,1.71,2.38,1.73,2.24,1.64,8384,321
8388,387,366,366,2024-02-05,2024-02-07,2,blinkova|a / diaz|n <> blinkova|a / parrizas diaz|n,Cluj-Napoca,Transylvania Open,R16,R16,0.20869565217391306,1.0,1.0,0.9047619047619048,56.002070393374744,9,Cluj-Napoca,Transylvania Open,2024-02-07,WTA250,Indoor,Hard,2nd Round,3,Parrizas Diaz N.,Blinkova A.,132.0,51.0,556.0,1192.0,6.0,1.0,3.0,6.0,6.0,4.0,2.0,1.0,Completed,2.5,1.53,2.52,1.57,2.63,1.57,2.49,1.53,8388,322
8399,398,364,364,2024-02-05,2024-02-07,2,arango|e / cocciaretto|e,Cluj-Napoca,Transylvania Open,R32,R32,0.20869565217391306,1.0,1.0,0.9047619047619048,56.002070393374744,9,Cluj-Napoca,Transylvania Open,2024-02-07,WTA250,Indoor,Hard,1st Round,3,Cocciaretto E.,Arango E.,56.0,122.0,1119.0,611.0,6.0,0.0,6.0,1.0,,,2.0,0.0,Completed,1.2,4.5,1.23,4.56,1.29,4.56,1.21,4.3,8399,323
8405,404,365,365,2024-02-05,2024-02-07,2,errani|s / mcnally|c,Cluj-Napoca,Transylvania Open,R32,R32,0.20869565217391306,1.0,1.0,0.9047619047619048,56.002070393374744,9,Cluj-Napoca,Transylvania Open,2024-02-07,WTA250,Indoor,Hard,1st Round,3,Errani S.,Mcnally C.,98.0,170.0,751.0,447.0,6.0,2.0,6.0,4.0,,,2.0,0.0,Completed,2.75,1.44,2.72,1.5,2.85,1.5,2.7,1.45,8405,324
8356,355,341,341,2024-02-05,2024-02-08,3,collins|d / rybakina|e,Abu Dhabi,Abu Dhabi WTA Women's Tennis Open,R16,R16,0.5538461538461539,1.0,1.0,0.8571428571428572,74.74725274725276,8,Abu Dhabi,Abu Dhabi WTA Women's Tennis Open,2024-02-08,WTA500,Outdoor,Hard,2nd Round,3,Rybakina E.,Collins D.,5.0,71.0,5688.0,962.0,4.0,6.0,6.0,3.0,6.0,3.0,2.0,1.0,Completed,1.36,3.2,1.4,3.18,1.41,3.25,1.37,3.08,8356,325
8357,356,342,342,2024-02-05,2024-02-08,3,bucsa|c / watson|h,Abu Dhabi,Abu Dhabi WTA Women's Tennis Open,R16,R16,0.5538461538461539,1.0,1.0,0.8571428571428572,74.74725274725276,8,Abu Dhabi,Abu Dhabi WTA Women's Tennis Open,2024-02-08,WTA500,Outdoor,Hard,2nd Round,3,Bucsa C.,Watson H.,74.0,156.0,928.0,482.0,7.0,6.0,7.0,5.0,,,2.0,0.0,Completed,1.73,2.1,1.85,2.05,1.85,2.1,1.78,2.02,8357,326
8358,357,339,339,2024-02-05,2024-02-08,3,krejcikova|b / sorribes tormo|s <> krejcikova|b / tormo|s,Abu Dhabi,Abu Dhabi WTA Women's Tennis Open,R16,R16,0.5538461538461539,1.0,1.0,0.8571428571428572,74.74725274725276,8,Abu Dhabi,Abu Dhabi WTA Women's Tennis Open,2024-02-08,WTA500,Outdoor,Hard,2nd Round,3,Krejcikova B.,Sorribes Tormo S.,12.0,54.0,3081.0,1137.0,6.0,2.0,1.0,0.0,,,1.0,0.0,Retired,1.29,3.75,1.29,3.98,1.34,3.98,1.29,3.52,8358,327
8359,358,340,340,2024-02-05,2024-02-08,3,kalinina|a / samsonova|l,Abu Dhabi,Abu Dhabi WTA Women's Tennis Open,R16,R16,0.5538461538461539,1.0,1.0,0.8571428571428572,74.74725274725276,8,Abu Dhabi,Abu Dhabi WTA Women's Tennis Open,2024-02-08,WTA500,Outdoor,Hard,2nd Round,3,Samsonova L.,Kalinina A.,15.0,32.0,2700.0,1480.0,6.0,1.0,6.0,3.0,,,2.0,0.0,Completed,1.29,3.75,1.32,3.65,1.32,3.9,1.29,3.58,8359,328
8385,384,372,372,2024-02-05,2024-02-08,3,cristian|j / tauson|c,Cluj-Napoca,Transylvania Open,R16,R16,0.20869565217391306,1.0,1.0,0.8571428571428572,55.7639751552795,9,Cluj-Napoca,Transylvania Open,2024-02-08,WTA250,Indoor,Hard,2nd Round,3,Cristian J.,Tauson C.,81.0,80.0,891.0,895.0,6.0,4.0,6.0,0.0,,,2.0,0.0,Completed,3.5,1.3,3.83,1.29,3.83,1.34,3.47,1.3,8385,329
8386,385,370,370,2024-02-05,2024-02-08,3,avanesyan|e / sevastova|a,Cluj-Napoca,Transylvania Open,R16,R16,0.20869565217391306,1.0,1.0,0.8571428571428572,55.7639751552795,9,Cluj-Napoca,Transylvania Open,2024-02-08,WTA250,Indoor,Hard,2nd Round,3,Sevastova A.,Avanesyan E.,656.0,61.0,58.0,1049.0,6.0,2.0,6.0,7.0,2.0,0.0,1.0,1.0,Retired,1.67,2.2,1.73,2.2,1.85,2.26,1.7,2.14,8386,330
8387,386,369,369,2024-02-05,2024-02-08,3,cocciaretto|e / dart|h,Cluj-Napoca,Transylvania Open,R16,R16,0.20869565217391306,1.0,1.0,0.8571428571428572,55.7639751552795,9,Cluj-Napoca,Transylvania Open,2024-02-08,WTA250,Indoor,Hard,2nd Round,3,Dart H.,Cocciaretto E.,103.0,56.0,699.0,1119.0,5.0,7.0,7.0,5.0,6.0,3.0,2.0,1.0,Completed,3.0,1.4,2.8,1.48,3,1.49,2.84,1.41,8387,331
8390,389,371,371,2024-02-05,2024-02-08,3,errani|s / maria|t,Cluj-Napoca,Transylvania Open,R16,R16,0.20869565217391306,1.0,1.0,0.8571428571428572,55.7639751552795,9,Cluj-Napoca,Transylvania Open,2024-02-08,WTA250,Indoor,Hard,2nd Round,3,Errani S.,Maria T.,98.0,49.0,751.0,1205.0,6.0,0.0,6.0,1.0,,,2.0,0.0,Completed,2.38,1.57,2.41,1.61,2.63,1.67,2.45,1.54,8390,332
8352,351,344,344,2024-02-05,2024-02-09,4,bucsa|c / rybakina|e,Abu Dhabi,Abu Dhabi WTA Women's Tennis Open,QF,QF,0.5538461538461539,1.0,1.0,0.8095238095238095,74.50915750915752,8,Abu Dhabi,Abu Dhabi WTA Women's Tennis Open,2024-02-09,WTA500,Outdoor,Hard,Quarterfinals,3,Rybakina E.,Bucsa C.,5.0,74.0,5688.0,928.0,6.0,1.0,6.0,4.0,,,2.0,0.0,Completed,1.07,9.0,1.11,8.29,1.12,9.0,1.08,7.52,8352,333
8353,352,343,343,2024-02-05,2024-02-09,4,krejcikova|b / samsonova|l,Abu Dhabi,Abu Dhabi WTA Women's Tennis Open,QF,QF,0.5538461538461539,1.0,1.0,0.8095238095238095,74.50915750915752,8,Abu Dhabi,Abu Dhabi WTA Women's Tennis Open,2024-02-09,WTA500,Outdoor,Hard,Quarterfinals,3,Samsonova L.,Krejcikova B.,15.0,12.0,2700.0,3081.0,7.0,5.0,6.0,4.0,,,2.0,0.0,Completed,1.91,1.91,2.08,1.84,2.08,1.97,1.88,1.91,8353,334
8354,353,346,346,2024-02-05,2024-02-09,4,cirstea|s / kasatkina|d,Abu Dhabi,Abu Dhabi WTA Women's Tennis Open,QF,QF,0.5538461538461539,1.0,1.0,0.8095238095238095,74.50915750915752,8,Abu Dhabi,Abu Dhabi WTA Women's Tennis Open,2024-02-09,WTA500,Outdoor,Hard,Quarterfinals,3,Kasatkina D.,Cirstea S.,14.0,26.0,2838.0,1722.0,6.0,2.0,6.0,0.0,,,2.0,0.0,Completed,1.8,2.0,1.83,2.09,1.87,2.09,1.81,1.99,8354,335
8355,354,345,345,2024-02-05,2024-02-09,4,haddad maia|b / jabeur|o <> jabeur|o / maia|b,Abu Dhabi,Abu Dhabi WTA Women's Tennis Open,QF,QF,0.5538461538461539,1.0,1.0,0.8095238095238095,74.50915750915752,8,Abu Dhabi,Abu Dhabi WTA Women's Tennis Open,2024-02-09,WTA500,Outdoor,Hard,Quarterfinals,3,Haddad Maia B.,Jabeur O.,13.0,6.0,2950.0,4076.0,6.0,3.0,6.0,4.0,,,2.0,0.0,Completed,2.3,1.62,2.16,1.78,2.41,1.78,2.19,1.68,8355,336
8379,378,376,376,2024-02-05,2024-02-09,4,bogdan|a / rus|a,Cluj-Napoca,Transylvania Open,QF,QF,0.20869565217391306,1.0,1.0,0.8095238095238095,55.52587991718427,9,Cluj-Napoca,Transylvania Open,2024-02-09,WTA250,Indoor,Hard,Quarterfinals,3,Bogdan A.,Rus A.,65.0,45.0,1016.0,1238.0,3.0,6.0,7.0,6.0,7.0,6.0,2.0,1.0,Completed,1.67,2.2,1.71,2.28,1.73,2.34,1.66,2.2,8379,337
8380,379,375,375,2024-02-05,2024-02-09,4,cristian|j / sevastova|a,Cluj-Napoca,Transylvania Open,QF,QF,0.20869565217391306,1.0,1.0,0.8095238095238095,55.52587991718427,9,Cluj-Napoca,Transylvania Open,2024-02-09,WTA250,Indoor,Hard,Quarterfinals,3,Cristian J.,Sevastova A.,81.0,656.0,891.0,58.0,6.0,3.0,7.0,5.0,,,2.0,0.0,Completed,1.73,2.1,1.81,2.11,1.81,2.21,1.73,2.1,8380,338
8381,380,374,374,2024-02-05,2024-02-09,4,dart|h / diaz|n <> dart|h / parrizas diaz|n,Cluj-Napoca,Transylvania Open,QF,QF,0.20869565217391306,1.0,1.0,0.8095238095238095,55.52587991718427,9,Cluj-Napoca,Transylvania Open,2024-02-09,WTA250,Indoor,Hard,Quarterfinals,3,Dart H.,Parrizas Diaz N.,103.0,132.0,699.0,556.0,6.0,3.0,6.0,2.0,,,2.0,0.0,Completed,1.8,2.0,1.89,2.02,1.89,2.05,1.81,1.99,8381,339
8350,349,348,348,2024-02-05,2024-02-10,5,rybakina|e / samsonova|l,Abu Dhabi,Abu Dhabi WTA Women's Tennis Open,SF,SF,0.5538461538461539,1.0,1.0,0.7619047619047619,74.27106227106228,8,Abu Dhabi,Abu Dhabi WTA Women's Tennis Open,2024-02-10,WTA500,Outdoor,Hard,Semifinals,3,Rybakina E.,Samsonova L.,5.0,15.0,5688.0,2700.0,6.0,0.0,4.0,6.0,6.0,2.0,2.0,1.0,Completed,1.53,2.5,1.52,2.72,1.58,2.72,1.5,2.58,8350,340
8351,350,347,347,2024-02-05,2024-02-10,5,haddad maia|b / kasatkina|d <> kasatkina|d / maia|b,Abu Dhabi,Abu Dhabi WTA Women's Tennis Open,SF,SF,0.5538461538461539,1.0,1.0,0.7619047619047619,74.27106227106228,8,Abu Dhabi,Abu Dhabi WTA Women's Tennis Open,2024-02-10,WTA500,Outdoor,Hard,Semifinals,3,Kasatkina D.,Haddad Maia B.,14.0,13.0,2838.0,2950.0,6.0,3.0,4.0,6.0,7.0,6.0,2.0,1.0,Completed,2.0,1.8,2.06,1.85,2.1,1.85,2.01,1.8,8351,341
8377,376,378,378,2024-02-05,2024-02-10,5,bogdan|a / cristian|j,Cluj-Napoca,Transylvania Open,SF,SF,0.20869565217391306,1.0,1.0,0.7619047619047619,55.28778467908903,9,Cluj-Napoca,Transylvania Open,2024-02-10,WTA250,Indoor,Hard,Semifinals,3,Bogdan A.,Cristian J.,65.0,81.0,1016.0,891.0,6.0,3.0,3.0,6.0,6.0,4.0,2.0,1.0,Completed,2.0,1.8,1.94,1.96,2.1,1.96,1.97,1.83,8377,342
8349,348,349,349,2024-02-05,2024-02-11,6,kasatkina|d / rybakina|e,Abu Dhabi,Abu Dhabi WTA Women's Tennis Open,F,F,0.5538461538461539,1.0,1.0,0.7142857142857143,74.03296703296704,8,Abu Dhabi,Abu Dhabi WTA Women's Tennis Open,2024-02-11,WTA500,Outdoor,Hard,The Final,3,Rybakina E.,Kasatkina D.,5.0,14.0,5688.0,2838.0,6.0,1.0,6.0,4.0,,,2.0,0.0,Completed,1.29,3.75,1.3,3.94,1.32,4.0,1.28,3.68,8349,343
8438,437,388,388,2024-02-12,2024-02-11,-1,cirstea|s / stephens|s,Doha,Qatar Open,R64,R64,0.17777777777777778,1.0,1.0,0.6666666666666667,53.111111111111114,10,Doha,Qatar Open,2024-02-11,WTA1000,Outdoor,Hard,1st Round,3,Cirstea S.,Stephens S.,22.0,39.0,1829.0,1322.0,6.0,3.0,6.0,2.0,,,2.0,0.0,Completed,1.67,2.2,1.72,2.21,1.74,2.22,1.68,2.16,8438,344
8439,438,387,387,2024-02-12,2024-02-11,-1,andreeva|e / shnaider|d,Doha,Qatar Open,R64,R64,0.17777777777777778,1.0,1.0,0.6666666666666667,53.111111111111114,10,Doha,Qatar Open,2024-02-11,WTA1000,Outdoor,Hard,1st Round,3,Andreeva E.,Shnaider D.,106.0,75.0,686.0,934.0,7.0,6.0,6.0,4.0,,,2.0,0.0,Completed,2.38,1.57,2.49,1.58,2.6,1.6,2.42,1.55,8439,345
8440,439,383,383,2024-02-12,2024-02-11,-1,alexandrova|e / tomova|v,Doha,Qatar Open,R64,R64,0.17777777777777778,1.0,1.0,0.6666666666666667,53.111111111111114,10,Doha,Qatar Open,2024-02-11,WTA1000,Outdoor,Hard,1st Round,3,Alexandrova E.,Tomova V.,19.0,68.0,2410.0,1014.0,7.0,6.0,6.0,3.0,,,2.0,0.0,Completed,1.22,4.33,1.25,4.28,1.26,5.16,1.22,4.18,8440,346
8444,443,382,382,2024-02-12,2024-02-11,-1,sonmez|z / tsurenko|l,Doha,Qatar Open,R64,R64,0.17777777777777778,1.0,1.0,0.6666666666666667,53.111111111111114,10,Doha,Qatar Open,2024-02-11,WTA1000,Outdoor,Hard,1st Round,3,Tsurenko L.,Sonmez Z.,37.0,183.0,1363.0,424.0,7.0,5.0,6.0,3.0,,,2.0,0.0,Completed,1.17,5.0,1.21,4.75,1.23,5.3,1.19,4.6,8444,347
8455,454,389,389,2024-02-12,2024-02-11,-1,gracheva|v / zhu|l,Doha,Qatar Open,R64,R64,0.17777777777777778,1.0,1.0,0.6666666666666667,53.111111111111114,10,Doha,Qatar Open,2024-02-11,WTA1000,Outdoor,Hard,1st Round,3,Zhu L.,Gracheva V.,57.0,47.0,1117.0,1218.0,6.0,1.0,6.0,1.0,,,2.0,0.0,Completed,1.4,3.0,1.42,3.02,1.44,3.02,1.41,2.87,8455,348
8456,455,386,386,2024-02-12,2024-02-11,-1,maria|t / minnen|g,Doha,Qatar Open,R64,R64,0.17777777777777778,1.0,1.0,0.6666666666666667,53.111111111111114,10,Doha,Qatar Open,2024-02-11,WTA1000,Outdoor,Hard,1st Round,3,Minnen G.,Maria T.,85.0,50.0,859.0,1205.0,6.0,1.0,6.0,1.0,,,2.0,0.0,Completed,1.44,2.75,1.48,2.81,1.53,2.81,1.46,2.7,8456,349
8457,456,381,381,2024-02-12,2024-02-11,-1,dolehide|c / kostyuk|m,Doha,Qatar Open,R64,R64,0.17777777777777778,1.0,1.0,0.6666666666666667,53.111111111111114,10,Doha,Qatar Open,2024-02-11,WTA1000,Outdoor,Hard,1st Round,3,Kostyuk M.,Dolehide C.,29.0,44.0,1517.0,1263.0,6.0,3.0,7.0,5.0,,,2.0,0.0,Completed,1.29,3.75,1.3,3.78,1.3,3.78,1.28,3.64,8457,350
8459,458,385,385,2024-02-12,2024-02-11,-1,collins|d / kudermetova|v,Doha,Qatar Open,R64,R64,0.17777777777777778,1.0,1.0,0.6666666666666667,53.111111111111114,10,Doha,Qatar Open,2024-02-11,WTA1000,Outdoor,Hard,1st Round,3,Collins D.,Kudermetova V.,63.0,18.0,1046.0,2425.0,7.0,5.0,6.0,3.0,,,2.0,0.0,Completed,1.62,2.3,1.66,2.32,1.7,2.32,1.64,2.24,8459,351
8461,460,384,384,2024-02-12,2024-02-11,-1,siniakova|k / vekic|d,Doha,Qatar Open,R64,R64,0.17777777777777778,1.0,1.0,0.6666666666666667,53.111111111111114,10,Doha,Qatar Open,2024-02-11,WTA1000,Outdoor,Hard,1st Round,3,Siniakova K.,Vekic D.,42.0,27.0,1274.0,1580.0,7.0,5.0,6.0,1.0,,,2.0,0.0,Completed,2.0,1.8,2.04,1.84,2.1,1.95,2.0,1.8,8461,352
8422,421,405,405,2024-02-12,2024-02-12,0,cirstea|s / swiatek|i,Doha,Qatar Open,R32,R32,0.17777777777777778,1.0,1.0,1.0,54.77777777777778,10,Doha,Qatar Open,2024-02-12,WTA1000,Outdoor,Hard,2nd Round,3,Swiatek I.,Cirstea S.,1.0,22.0,9770.0,1829.0,6.0,1.0,6.0,1.0,,,2.0,0.0,Completed,1.07,9.0,1.1,8.7,1.11,9.5,1.07,8.29,8422,353
8434,433,406,406,2024-02-12,2024-02-12,0,minnen|g / vondrousova|m,Doha,Qatar Open,R32,R32,0.17777777777777778,1.0,1.0,1.0,54.77777777777778,10,Doha,Qatar Open,2024-02-12,WTA1000,Outdoor,Hard,2nd Round,3,Vondrousova M.,Minnen G.,8.0,85.0,3736.0,859.0,6.0,2.0,0.0,6.0,6.0,4.0,2.0,1.0,Completed,1.25,4.0,1.35,3.47,1.35,4.1,1.28,3.67,8434,354
8442,441,395,395,2024-02-12,2024-02-12,0,azarenka|v / frech|m,Doha,Qatar Open,R64,R64,0.17777777777777778,1.0,1.0,1.0,54.77777777777778,10,Doha,Qatar Open,2024-02-12,WTA1000,Outdoor,Hard,1st Round,3,Azarenka V.,Frech M.,31.0,52.0,1471.0,1185.0,6.0,3.0,3.0,6.0,6.0,3.0,2.0,1.0,Completed,1.3,3.5,1.29,3.87,1.35,3.87,1.3,3.47,8442,355
8443,442,392,392,2024-02-12,2024-02-12,0,kalinina|a / raducanu|e,Doha,Qatar Open,R64,R64,0.17777777777777778,1.0,1.0,1.0,54.77777777777778,10,Doha,Qatar Open,2024-02-12,WTA1000,Outdoor,Hard,1st Round,3,Kalinina A.,Raducanu E.,30.0,262.0,1510.0,291.0,6.0,0.0,7.0,6.0,,,2.0,0.0,Completed,3.0,1.4,2.77,1.49,3.01,1.5,2.78,1.43,8443,356
8445,444,396,396,2024-02-12,2024-02-12,0,martic|p / rus|a,Doha,Qatar Open,R64,R64,0.17777777777777778,1.0,1.0,1.0,54.77777777777778,10,Doha,Qatar Open,2024-02-12,WTA1000,Outdoor,Hard,1st Round,3,Martic P.,Rus A.,67.0,43.0,1015.0,1271.0,7.0,5.0,3.0,6.0,7.0,6.0,2.0,1.0,Completed,1.62,2.3,1.64,2.36,1.66,2.38,1.61,2.29,8445,357
8446,445,402,402,2024-02-12,2024-02-12,0,garcia|c / osaka|n,Doha,Qatar Open,R64,R64,0.17777777777777778,1.0,1.0,1.0,54.77777777777778,10,Doha,Qatar Open,2024-02-12,WTA1000,Outdoor,Hard,1st Round,3,Osaka N.,Garcia C.,747.0,21.0,43.0,2075.0,7.0,5.0,6.0,4.0,,,2.0,0.0,Completed,2.1,1.73,2.15,1.76,2.24,1.76,2.11,1.72,8446,358
8447,446,397,397,2024-02-12,2024-02-12,0,potapova|a / trevisan|m,Doha,Qatar Open,R64,R64,0.17777777777777778,1.0,1.0,1.0,54.77777777777778,10,Doha,Qatar Open,2024-02-12,WTA1000,Outdoor,Hard,1st Round,3,Potapova A.,Trevisan M.,34.0,58.0,1403.0,1105.0,6.0,4.0,6.0,4.0,,,2.0,0.0,Completed,1.62,2.3,1.64,2.36,2.11,1.6,2.11,1.6,8447,359
8449,448,401,401,2024-02-12,2024-02-12,0,noskova|l / pera|b,Doha,Qatar Open,R64,R64,0.17777777777777778,1.0,1.0,1.0,54.77777777777778,10,Doha,Qatar Open,2024-02-12,WTA1000,Outdoor,Hard,1st Round,3,Noskova L.,Pera B.,28.0,83.0,1518.0,860.0,6.0,3.0,7.0,6.0,,,2.0,0.0,Completed,1.44,2.75,1.49,2.75,1.5,2.9,1.44,2.74,8449,360
8450,449,398,398,2024-02-12,2024-02-12,0,hibino|n / linette|m,Doha,Qatar Open,R64,R64,0.17777777777777778,1.0,1.0,1.0,54.77777777777778,10,Doha,Qatar Open,2024-02-12,WTA1000,Outdoor,Hard,1st Round,3,Linette M.,Hibino N.,53.0,93.0,1185.0,788.0,6.0,1.0,6.0,4.0,,,2.0,0.0,Completed,1.5,2.63,1.51,2.7,1.52,2.75,1.47,2.66,8450,361
8451,450,393,393,2024-02-12,2024-02-12,0,badosa|p / krueger|a,Doha,Qatar Open,R64,R64,0.17777777777777778,1.0,1.0,1.0,54.77777777777778,10,Doha,Qatar Open,2024-02-12,WTA1000,Outdoor,Hard,1st Round,3,Badosa P.,Krueger A.,79.0,74.0,898.0,942.0,6.0,3.0,4.0,6.0,6.0,4.0,2.0,1.0,Completed,1.8,2.0,1.91,1.96,1.91,2.1,1.81,2.01,8451,362
8452,451,394,394,2024-02-12,2024-02-12,0,fernandez|l / samsonova|l,Doha,Qatar Open,R64,R64,0.17777777777777778,1.0,1.0,1.0,54.77777777777778,10,Doha,Qatar Open,2024-02-12,WTA1000,Outdoor,Hard,1st Round,3,Fernandez L.A.,Samsonova L.,38.0,15.0,1355.0,2590.0,7.0,5.0,7.0,6.0,,,2.0,0.0,Completed,2.75,1.44,2.55,1.56,2.78,1.56,2.59,1.49,8452,363
8453,452,390,390,2024-02-12,2024-02-12,0,navarro|e / paolini|j,Doha,Qatar Open,R64,R64,0.17777777777777778,1.0,1.0,1.0,54.77777777777778,10,Doha,Qatar Open,2024-02-12,WTA1000,Outdoor,Hard,1st Round,3,Navarro E.,Paolini J.,23.0,24.0,1803.0,1735.0,6.0,3.0,7.0,5.0,,,2.0,0.0,Completed,1.57,2.38,1.63,2.39,1.63,2.5,1.57,2.37,8453,364
8454,453,391,391,2024-02-12,2024-02-12,0,mertens|e / stearns|p,Doha,Qatar Open,R64,R64,0.17777777777777778,1.0,1.0,1.0,54.77777777777778,10,Doha,Qatar Open,2024-02-12,WTA1000,Outdoor,Hard,1st Round,3,Mertens E.,Stearns P.,25.0,65.0,1706.0,1032.0,6.0,2.0,6.0,3.0,,,2.0,0.0,Completed,1.29,3.75,1.28,3.98,1.33,4.0,1.28,3.66,8454,365
8458,457,399,399,2024-02-12,2024-02-12,0,kasatkina|d / pavlyuchenkova|a,Doha,Qatar Open,R64,R64,0.17777777777777778,1.0,1.0,1.0,54.77777777777778,10,Doha,Qatar Open,2024-02-12,WTA1000,Outdoor,Hard,1st Round,3,Pavlyuchenkova A.,Kasatkina D.,32.0,13.0,1421.0,3063.0,6.0,2.0,7.0,6.0,,,2.0,0.0,Completed,1.73,2.1,1.81,2.09,1.83,2.12,1.76,2.05,8458,366
8460,459,400,400,2024-02-12,2024-02-12,0,bouzkova|m / kenin|s,Doha,Qatar Open,R64,R64,0.17777777777777778,1.0,1.0,1.0,54.77777777777778,10,Doha,Qatar Open,2024-02-12,WTA1000,Outdoor,Hard,1st Round,3,Bouzkova M.,Kenin S.,35.0,45.0,1382.0,1225.0,7.0,5.0,2.0,6.0,7.0,5.0,2.0,1.0,Completed,1.53,2.5,1.6,2.44,1.6,2.51,1.55,2.43,8460,367
8423,422,414,414,2024-02-12,2024-02-13,1,alexandrova|e / andreeva|e,Doha,Qatar Open,R32,R32,0.17777777777777778,1.0,1.0,0.9523809523809523,54.53968253968254,10,Doha,Qatar Open,2024-02-13,WTA1000,Outdoor,Hard,2nd Round,3,Alexandrova E.,Andreeva E.,19.0,106.0,2410.0,686.0,6.0,0.0,3.0,6.0,6.0,1.0,2.0,1.0,Completed,1.44,2.75,1.51,2.72,1.51,2.8,1.45,2.71,8423,368
8425,424,417,417,2024-02-12,2024-02-13,1,kalinina|a / ostapenko|j,Doha,Qatar Open,R32,R32,0.17777777777777778,1.0,1.0,0.9523809523809523,54.53968253968254,10,Doha,Qatar Open,2024-02-13,WTA1000,Outdoor,Hard,2nd Round,3,Ostapenko J.,Kalinina A.,11.0,30.0,3473.0,1510.0,6.0,0.0,6.0,3.0,,,2.0,0.0,Completed,1.17,5.0,1.22,4.83,1.22,5.04,1.2,4.51,8425,369
8426,425,418,418,2024-02-12,2024-02-13,1,jabeur|o / tsurenko|l,Doha,Qatar Open,R32,R32,0.17777777777777778,1.0,1.0,0.9523809523809523,54.53968253968254,10,Doha,Qatar Open,2024-02-13,WTA1000,Outdoor,Hard,2nd Round,3,Tsurenko L.,Jabeur O.,37.0,6.0,1363.0,4183.0,6.0,3.0,6.0,2.0,,,2.0,0.0,Completed,3.2,1.36,2.96,1.45,3.2,1.45,2.98,1.38,8426,370
8427,426,419,419,2024-02-12,2024-02-13,1,martic|p / osaka|n,Doha,Qatar Open,R32,R32,0.17777777777777778,1.0,1.0,0.9523809523809523,54.53968253968254,10,Doha,Qatar Open,2024-02-13,WTA1000,Outdoor,Hard,2nd Round,3,Osaka N.,Martic P.,747.0,67.0,43.0,1015.0,6.0,3.0,7.0,6.0,,,2.0,0.0,Completed,1.44,2.75,1.55,2.6,1.55,2.8,1.46,2.67,8427,371
8429,428,412,412,2024-02-12,2024-02-13,1,noskova|l / sakkari|m,Doha,Qatar Open,R32,R32,0.17777777777777778,1.0,1.0,0.9523809523809523,54.53968253968254,10,Doha,Qatar Open,2024-02-13,WTA1000,Outdoor,Hard,2nd Round,3,Noskova L.,Sakkari M.,28.0,9.0,1518.0,3630.0,3.0,6.0,7.0,6.0,7.0,5.0,2.0,1.0,Completed,1.91,1.91,1.9,1.99,1.92,2.0,1.86,1.93,8429,372
8430,429,407,407,2024-02-12,2024-02-13,1,linette|m / zheng|q,Doha,Qatar Open,R32,R32,0.17777777777777778,1.0,1.0,0.9523809523809523,54.53968253968254,10,Doha,Qatar Open,2024-02-13,WTA1000,Outdoor,Hard,2nd Round,3,Zheng Q.,Linette M.,7.0,53.0,3766.0,1185.0,6.0,2.0,2.0,6.0,6.0,3.0,2.0,1.0,Completed,1.2,4.5,1.23,4.6,1.23,4.66,1.2,4.43,8430,373
8431,430,409,409,2024-02-12,2024-02-13,1,badosa|p / fernandez|l,Doha,Qatar Open,R32,R32,0.17777777777777778,1.0,1.0,0.9523809523809523,54.53968253968254,10,Doha,Qatar Open,2024-02-13,WTA1000,Outdoor,Hard,2nd Round,3,Fernandez L.A.,Badosa P.,38.0,79.0,1355.0,898.0,0.0,6.0,6.0,2.0,6.0,3.0,2.0,1.0,Completed,1.73,2.1,1.69,2.29,1.77,2.29,1.71,2.12,8431,374
8432,431,410,410,2024-02-12,2024-02-13,1,mertens|e / navarro|e,Doha,Qatar Open,R32,R32,0.17777777777777778,1.0,1.0,0.9523809523809523,54.53968253968254,10,Doha,Qatar Open,2024-02-13,WTA1000,Outdoor,Hard,2nd Round,3,Navarro E.,Mertens E.,23.0,25.0,1803.0,1706.0,6.0,1.0,6.0,3.0,,,2.0,0.0,Completed,2.0,1.8,2.07,1.83,2.07,1.91,1.97,1.82,8432,375
8433,432,420,420,2024-02-12,2024-02-13,1,rybakina|e / zhu|l,Doha,Qatar Open,R32,R32,0.17777777777777778,1.0,1.0,0.9523809523809523,54.53968253968254,10,Doha,Qatar Open,2024-02-13,WTA1000,Outdoor,Hard,2nd Round,3,Rybakina E.,Zhu L.,4.0,57.0,6088.0,1117.0,6.0,2.0,6.0,1.0,,,2.0,0.0,Completed,1.13,6.0,1.23,4.67,1.23,6.9,1.17,5.13,8433,376
8435,434,408,408,2024-02-12,2024-02-13,1,kostyuk|m / pavlyuchenkova|a,Doha,Qatar Open,R32,R32,0.17777777777777778,1.0,1.0,0.9523809523809523,54.53968253968254,10,Doha,Qatar Open,2024-02-13,WTA1000,Outdoor,Hard,2nd Round,3,Pavlyuchenkova A.,Kostyuk M.,32.0,29.0,1421.0,1517.0,2.0,1.0,,,,,0.0,0.0,Retired,1.73,2.1,1.75,2.18,1.82,2.18,1.75,2.06,8435,377
8436,435,413,413,2024-02-12,2024-02-13,1,bouzkova|m / collins|d,Doha,Qatar Open,R32,R32,0.17777777777777778,1.0,1.0,0.9523809523809523,54.53968253968254,10,Doha,Qatar Open,2024-02-13,WTA1000,Outdoor,Hard,2nd Round,3,Collins D.,Bouzkova M.,63.0,35.0,1046.0,1382.0,6.0,4.0,7.0,5.0,,,2.0,0.0,Completed,1.5,2.63,1.52,2.69,1.56,2.7,1.49,2.58,8436,378
8437,436,416,416,2024-02-12,2024-02-13,1,gauff|c / siniakova|k,Doha,Qatar Open,R32,R32,0.17777777777777778,1.0,1.0,0.9523809523809523,54.53968253968254,10,Doha,Qatar Open,2024-02-13,WTA1000,Outdoor,Hard,2nd Round,3,Siniakova K.,Gauff C.,42.0,3.0,1274.0,7200.0,6.0,2.0,6.0,4.0,,,2.0,0.0,Completed,6.0,1.13,5.82,1.17,6,1.17,5.35,1.15,8437,379
8414,413,427,427,2024-02-12,2024-02-14,2,alexandrova|e / swiatek|i,Doha,Qatar Open,R16,R16,0.17777777777777778,1.0,1.0,0.9047619047619048,54.301587301587304,10,Doha,Qatar Open,2024-02-14,WTA1000,Outdoor,Hard,3rd Round,3,Swiatek I.,Alexandrova E.,1.0,19.0,9770.0,2410.0,6.0,1.0,6.0,4.0,,,2.0,0.0,Completed,1.07,9.0,1.12,7.69,1.12,9.0,1.08,7.74,8414,380
8415,414,428,428,2024-02-12,2024-02-14,2,azarenka|v / ostapenko|j,Doha,Qatar Open,R16,R16,0.17777777777777778,1.0,1.0,0.9047619047619048,54.301587301587304,10,Doha,Qatar Open,2024-02-14,WTA1000,Outdoor,Hard,3rd Round,3,Azarenka V.,Ostapenko J.,31.0,11.0,1471.0,3473.0,6.0,0.0,6.0,3.0,,,2.0,0.0,Completed,2.3,1.62,2.43,1.62,2.45,1.65,2.33,1.6,8415,381
8416,415,425,425,2024-02-12,2024-02-14,2,osaka|n / tsurenko|l,Doha,Qatar Open,R16,R16,0.17777777777777778,1.0,1.0,0.9047619047619048,54.301587301587304,10,Doha,Qatar Open,2024-02-14,WTA1000,Outdoor,Hard,3rd Round,3,Osaka N.,Tsurenko L.,747.0,37.0,43.0,1363.0,,,,,,,,,Walkover,1.4,3.0,1.45,2.96,1.48,3.0,1.42,2.85,8416,382
8418,417,423,423,2024-02-12,2024-02-14,2,fernandez|l / zheng|q,Doha,Qatar Open,R16,R16,0.17777777777777778,1.0,1.0,0.9047619047619048,54.301587301587304,10,Doha,Qatar Open,2024-02-14,WTA1000,Outdoor,Hard,3rd Round,3,Fernandez L.A.,Zheng Q.,38.0,7.0,1355.0,3766.0,7.0,5.0,6.0,3.0,,,2.0,0.0,Completed,2.75,1.44,2.64,1.54,2.75,1.59,2.65,1.47,8418,383
8419,418,426,426,2024-02-12,2024-02-14,2,navarro|e / rybakina|e,Doha,Qatar Open,R16,R16,0.17777777777777778,1.0,1.0,0.9047619047619048,54.301587301587304,10,Doha,Qatar Open,2024-02-14,WTA1000,Outdoor,Hard,3rd Round,3,Rybakina E.,Navarro E.,4.0,23.0,6088.0,1803.0,6.0,1.0,6.0,7.0,6.0,4.0,2.0,1.0,Completed,1.17,5.0,1.19,5.29,1.19,5.29,1.17,4.91,8419,384
8420,419,421,421,2024-02-12,2024-02-14,2,pavlyuchenkova|a / vondrousova|m,Doha,Qatar Open,R16,R16,0.17777777777777778,1.0,1.0,0.9047619047619048,54.301587301587304,10,Doha,Qatar Open,2024-02-14,WTA1000,Outdoor,Hard,3rd Round,3,Pavlyuchenkova A.,Vondrousova M.,32.0,8.0,1421.0,3736.0,7.0,5.0,6.0,3.0,,,2.0,0.0,Completed,1.73,2.1,1.73,2.22,1.86,2.22,1.77,2.04,8420,385
8421,420,422,422,2024-02-12,2024-02-14,2,collins|d / siniakova|k,Doha,Qatar Open,R16,R16,0.17777777777777778,1.0,1.0,0.9047619047619048,54.301587301587304,10,Doha,Qatar Open,2024-02-14,WTA1000,Outdoor,Hard,3rd Round,3,Collins D.,Siniakova K.,63.0,42.0,1046.0,1274.0,6.0,4.0,6.0,3.0,,,2.0,0.0,Completed,1.62,2.3,1.57,2.55,1.63,2.55,1.56,2.4,8421,386
8410,409,431,431,2024-02-12,2024-02-15,3,azarenka|v / swiatek|i,Doha,Qatar Open,QF,QF,0.17777777777777778,1.0,1.0,0.8571428571428572,54.06349206349206,10,Doha,Qatar Open,2024-02-15,WTA1000,Outdoor,Hard,Quarterfinals,3,Swiatek I.,Azarenka V.,1.0,31.0,9770.0,1471.0,6.0,4.0,6.0,0.0,,,2.0,0.0,Completed,1.13,6.0,1.15,6.47,1.15,7.0,1.12,6.12,8410,387
8412,411,430,430,2024-02-12,2024-02-15,3,fernandez|l / rybakina|e,Doha,Qatar Open,QF,QF,0.17777777777777778,1.0,1.0,0.8571428571428572,54.06349206349206,10,Doha,Qatar Open,2024-02-15,WTA1000,Outdoor,Hard,Quarterfinals,3,Rybakina E.,Fernandez L.A.,4.0,38.0,6088.0,1355.0,6.0,4.0,6.0,2.0,,,2.0,0.0,Completed,1.25,4.0,1.26,4.32,1.29,4.32,1.25,3.92,8412,388
8413,412,429,429,2024-02-12,2024-02-15,3,collins|d / pavlyuchenkova|a,Doha,Qatar Open,QF,QF,0.17777777777777778,1.0,1.0,0.8571428571428572,54.06349206349206,10,Doha,Qatar Open,2024-02-15,WTA1000,Outdoor,Hard,Quarterfinals,3,Pavlyuchenkova A.,Collins D.,32.0,63.0,1421.0,1046.0,7.0,5.0,6.0,4.0,,,2.0,0.0,Completed,2.1,1.73,2.29,1.7,2.29,1.77,2.16,1.69,8413,389
8409,408,433,433,2024-02-12,2024-02-16,4,pavlyuchenkova|a / rybakina|e,Doha,Qatar Open,SF,SF,0.17777777777777778,1.0,1.0,0.8095238095238095,53.82539682539682,10,Doha,Qatar Open,2024-02-16,WTA1000,Outdoor,Hard,Semifinals,3,Rybakina E.,Pavlyuchenkova A.,4.0,32.0,6088.0,1421.0,6.0,2.0,6.0,4.0,,,2.0,0.0,Completed,1.25,4.0,1.27,4.27,1.32,4.27,1.28,3.68,8409,390
8407,406,435,435,2024-02-12,2024-02-17,5,rybakina|e / swiatek|i,Doha,Qatar Open,F,F,0.17777777777777778,1.0,1.0,0.7619047619047619,53.58730158730159,10,Doha,Qatar Open,2024-02-17,WTA1000,Outdoor,Hard,The Final,3,Swiatek I.,Rybakina E.,1.0,4.0,9770.0,6088.0,7.0,6.0,6.0,2.0,,,2.0,0.0,Completed,1.53,2.5,1.61,2.48,1.61,2.71,1.54,2.46,8407,391
8493,492,444,444,2024-02-19,2024-02-18,-1,burel|c / stephens|s,Dubai,Dubai Duty Free Tennis Championships,R64,R64,0.4,1.0,1.0,0.6666666666666667,65.33333333333333,11,Dubai,Dubai Duty Free Tennis Championships,2024-02-18,WTA1000,Outdoor,Hard,1st Round,3,Stephens S.,Burel C.,41.0,47.0,1322.0,1224.0,6.0,4.0,1.0,6.0,6.0,2.0,2.0,1.0,Completed,2.0,1.8,2.08,1.83,2.08,1.89,1.99,1.8,8493,392
8494,493,436,436,2024-02-19,2024-02-18,-1,gracheva|v / maria|t,Dubai,Dubai Duty Free Tennis Championships,R64,R64,0.4,1.0,1.0,0.6666666666666667,65.33333333333333,11,Dubai,Dubai Duty Free Tennis Championships,2024-02-18,WTA1000,Outdoor,Hard,1st Round,3,Maria T.,Gracheva V.,54.0,49.0,1185.0,1218.0,6.0,2.0,6.0,1.0,,,2.0,0.0,Completed,1.91,1.91,2.07,1.83,2.07,1.91,1.98,1.82,8494,393
8498,497,439,439,2024-02-19,2024-02-18,-1,hibino|n / linette|m,Dubai,Dubai Duty Free Tennis Championships,R64,R64,0.4,1.0,1.0,0.6666666666666667,65.33333333333333,11,Dubai,Dubai Duty Free Tennis Championships,2024-02-18,WTA1000,Outdoor,Hard,1st Round,3,Hibino N.,Linette M.,90.0,48.0,806.0,1220.0,6.0,2.0,3.0,6.0,6.0,4.0,2.0,1.0,Completed,2.63,1.5,2.7,1.52,2.75,1.52,2.63,1.48,8498,394
8499,498,445,445,2024-02-19,2024-02-18,-1,cocciaretto|e / mertens|e,Dubai,Dubai Duty Free Tennis Championships,R64,R64,0.4,1.0,1.0,0.6666666666666667,65.33333333333333,11,Dubai,Dubai Duty Free Tennis Championships,2024-02-18,WTA1000,Outdoor,Hard,1st Round,3,Cocciaretto E.,Mertens E.,58.0,25.0,1148.0,1746.0,1.0,6.0,6.0,3.0,7.0,6.0,2.0,1.0,Completed,2.75,1.44,2.91,1.45,2.91,1.53,2.72,1.46,8499,395
8501,500,446,446,2024-02-19,2024-02-18,-1,garcia|c / krueger|a,Dubai,Dubai Duty Free Tennis Championships,R64,R64,0.4,1.0,1.0,0.6666666666666667,65.33333333333333,11,Dubai,Dubai Duty Free Tennis Championships,2024-02-18,WTA1000,Outdoor,Hard,1st Round,3,Krueger A.,Garcia C.,76.0,21.0,936.0,2040.0,3.0,6.0,6.0,3.0,6.0,3.0,2.0,1.0,Completed,2.2,1.67,2.21,1.74,2.22,1.74,2.15,1.69,8501,396
8504,503,442,442,2024-02-19,2024-02-18,-1,hunter|s / kalinskaya|a,Dubai,Dubai Duty Free Tennis Championships,R64,R64,0.4,1.0,1.0,0.6666666666666667,65.33333333333333,11,Dubai,Dubai Duty Free Tennis Championships,2024-02-18,WTA1000,Outdoor,Hard,1st Round,3,Kalinskaya A.,Hunter S.,40.0,128.0,1323.0,586.0,6.0,1.0,6.0,2.0,,,2.0,0.0,Completed,1.3,3.5,1.31,3.74,1.34,3.74,1.3,3.47,8504,397
8505,504,441,441,2024-02-19,2024-02-18,-1,navarro|e / siniakova|k,Dubai,Dubai Duty Free Tennis Championships,R64,R64,0.4,1.0,1.0,0.6666666666666667,65.33333333333333,11,Dubai,Dubai Duty Free Tennis Championships,2024-02-18,WTA1000,Outdoor,Hard,1st Round,3,Navarro E.,Siniakova K.,23.0,39.0,1863.0,1393.0,4.0,6.0,7.0,5.0,6.0,4.0,2.0,1.0,Completed,1.67,2.2,1.75,2.2,1.75,2.23,1.68,2.17,8505,398
8507,506,443,443,2024-02-19,2024-02-18,-1,haddad maia|b / paolini|j <> maia|b / paolini|j,Dubai,Dubai Duty Free Tennis Championships,R64,R64,0.4,1.0,1.0,0.6666666666666667,65.33333333333333,11,Dubai,Dubai Duty Free Tennis Championships,2024-02-18,WTA1000,Outdoor,Hard,1st Round,3,Paolini J.,Haddad Maia B.,26.0,14.0,1735.0,2870.0,4.0,6.0,6.0,4.0,6.0,0.0,2.0,1.0,Completed,2.75,1.44,2.6,1.55,2.84,1.55,2.65,1.48,8507,399
8508,507,438,438,2024-02-19,2024-02-18,-1,alexandrova|e / frech|m,Dubai,Dubai Duty Free Tennis Championships,R64,R64,0.4,1.0,1.0,0.6666666666666667,65.33333333333333,11,Dubai,Dubai Duty Free Tennis Championships,2024-02-18,WTA1000,Outdoor,Hard,1st Round,3,Frech M.,Alexandrova E.,53.0,17.0,1190.0,2475.0,7.0,6.0,6.0,3.0,,,2.0,0.0,Completed,3.2,1.36,3.31,1.38,3.31,1.4,3.1,1.36,8508,400
8511,510,437,437,2024-02-19,2024-02-18,-1,andreeva|m / stearns|p,Dubai,Dubai Duty Free Tennis Championships,R64,R64,0.4,1.0,1.0,0.6666666666666667,65.33333333333333,11,Dubai,Dubai Duty Free Tennis Championships,2024-02-18,WTA1000,Outdoor,Hard,1st Round,3,Stearns P.,Andreeva M.,65.0,38.0,1041.0,1408.0,6.0,2.0,2.0,6.0,6.0,1.0,2.0,1.0,Completed,5.5,1.14,5.33,1.19,5.5,1.19,5.02,1.17,8511,401
8515,514,447,447,2024-02-19,2024-02-18,-1,cirstea|s / kenin|s,Dubai,Dubai Duty Free Tennis Championships,R64,R64,0.4,1.0,1.0,0.6666666666666667,65.33333333333333,11,Dubai,Dubai Duty Free Tennis Championships,2024-02-18,WTA1000,Outdoor,Hard,1st Round,3,Cirstea S.,Kenin S.,22.0,55.0,1893.0,1180.0,6.0,3.0,7.0,6.0,,,2.0,0.0,Completed,1.57,2.38,1.63,2.4,1.63,2.4,1.57,2.36,8515,402
8495,494,458,458,2024-02-19,2024-02-19,0,kalinina|a / svitolina|e,Dubai,Dubai Duty Free Tennis Championships,R64,R64,0.4,1.0,1.0,1.0,67.0,11,Dubai,Dubai Duty Free Tennis Championships,2024-02-19,WTA1000,Outdoor,Hard,1st Round,3,Svitolina E.,Kalinina A.,20.0,32.0,2212.0,1545.0,6.0,3.0,7.0,6.0,,,2.0,0.0,Completed,1.4,3.0,1.4,3.18,1.43,3.18,1.38,2.97,8495,403
8496,495,459,459,2024-02-19,2024-02-19,0,bronzetti|l / kasatkina|d,Dubai,Dubai Duty Free Tennis Championships,R64,R64,0.4,1.0,1.0,1.0,67.0,11,Dubai,Dubai Duty Free Tennis Championships,2024-02-19,WTA1000,Outdoor,Hard,1st Round,3,Bronzetti L.,Kasatkina D.,60.0,13.0,1117.0,3063.0,7.0,6.0,4.0,6.0,7.0,5.0,2.0,1.0,Completed,4.33,1.22,4.32,1.25,4.38,1.26,4.07,1.23,8496,404
8497,496,452,452,2024-02-19,2024-02-19,0,potapova|a / zhu|l,Dubai,Dubai Duty Free Tennis Championships,R64,R64,0.4,1.0,1.0,1.0,67.0,11,Dubai,Dubai Duty Free Tennis Championships,2024-02-19,WTA1000,Outdoor,Hard,1st Round,3,Potapova A.,Zhu L.,35.0,57.0,1467.0,1152.0,4.0,6.0,6.0,2.0,6.0,4.0,2.0,1.0,Completed,1.73,2.1,1.77,2.15,1.77,2.15,1.72,2.1,8497,405
8503,502,457,457,2024-02-19,2024-02-19,0,badosa|p / sun|l,Dubai,Dubai Duty Free Tennis Championships,R64,R64,0.4,1.0,1.0,1.0,67.0,11,Dubai,Dubai Duty Free Tennis Championships,2024-02-19,WTA1000,Outdoor,Hard,1st Round,3,Sun L.,Badosa P.,181.0,74.0,428.0,962.0,6.0,4.0,,,,,1.0,0.0,Retired,4.5,1.2,4.9,1.21,4.9,1.23,4.47,1.2,8503,406
8506,505,448,448,2024-02-19,2024-02-19,0,fernandez|l / pera|b,Dubai,Dubai Duty Free Tennis Championships,R64,R64,0.4,1.0,1.0,1.0,67.0,11,Dubai,Dubai Duty Free Tennis Championships,2024-02-19,WTA1000,Outdoor,Hard,1st Round,3,Fernandez L.A.,Pera B.,33.0,83.0,1540.0,877.0,6.0,3.0,6.0,2.0,,,2.0,0.0,Completed,1.33,3.4,1.37,3.32,1.37,3.4,1.35,3.18,8506,407
8509,508,450,450,2024-02-19,2024-02-19,0,dolehide|c / martic|p,Dubai,Dubai Duty Free Tennis Championships,R64,R64,0.4,1.0,1.0,1.0,67.0,11,Dubai,Dubai Duty Free Tennis Championships,2024-02-19,WTA1000,Outdoor,Hard,1st Round,3,Martic P.,Dolehide C.,61.0,45.0,1079.0,1263.0,6.0,4.0,7.0,6.0,,,2.0,0.0,Completed,1.4,3.0,1.43,3.02,1.44,3.02,1.41,2.88,8509,408
8510,509,449,449,2024-02-19,2024-02-19,0,azarenka|v / rus|a,Dubai,Dubai Duty Free Tennis Championships,R64,R64,0.4,1.0,1.0,1.0,67.0,11,Dubai,Dubai Duty Free Tennis Championships,2024-02-19,WTA1000,Outdoor,Hard,1st Round,3,Azarenka V.,Rus A.,27.0,43.0,1631.0,1271.0,6.0,2.0,6.0,4.0,,,2.0,0.0,Completed,1.14,5.5,1.16,6.12,1.16,6.12,1.14,5.62,8510,409
8512,511,453,453,2024-02-19,2024-02-19,0,bouzkova|m / pavlyuchenkova|a,Dubai,Dubai Duty Free Tennis Championships,R64,R64,0.4,1.0,1.0,1.0,67.0,11,Dubai,Dubai Duty Free Tennis Championships,2024-02-19,WTA1000,Outdoor,Hard,1st Round,3,Pavlyuchenkova A.,Bouzkova M.,24.0,37.0,1810.0,1429.0,6.0,4.0,6.0,3.0,,,2.0,0.0,Completed,1.44,2.75,1.51,2.74,1.51,2.8,1.45,2.74,8512,410
8513,512,456,456,2024-02-19,2024-02-19,0,samsonova|l / tomova|v,Dubai,Dubai Duty Free Tennis Championships,R64,R64,0.4,1.0,1.0,1.0,67.0,11,Dubai,Dubai Duty Free Tennis Championships,2024-02-19,WTA1000,Outdoor,Hard,1st Round,3,Samsonova L.,Tomova V.,15.0,68.0,2590.0,1009.0,7.0,6.0,6.0,3.0,,,2.0,0.0,Completed,1.22,4.33,1.25,4.41,1.25,4.41,1.22,4.18,8513,411
8514,513,455,455,2024-02-19,2024-02-19,0,kudermetova|v / yastremska|d,Dubai,Dubai Duty Free Tennis Championships,R64,R64,0.4,1.0,1.0,1.0,67.0,11,Dubai,Dubai Duty Free Tennis Championships,2024-02-19,WTA1000,Outdoor,Hard,1st Round,3,Kudermetova V.,Yastremska D.,19.0,29.0,2250.0,1607.0,6.0,0.0,1.0,6.0,6.0,0.0,2.0,1.0,Completed,1.62,2.3,1.61,2.44,1.65,2.45,1.61,2.3,8514,412
8477,476,473,473,2024-02-19,2024-02-20,1,stephens|s / swiatek|i,Dubai,Dubai Duty Free Tennis Championships,R32,R32,0.4,1.0,1.0,0.9523809523809523,66.76190476190476,11,Dubai,Dubai Duty Free Tennis Championships,2024-02-20,WTA1000,Outdoor,Hard,2nd Round,3,Swiatek I.,Stephens S.,1.0,41.0,10300.0,1322.0,6.0,4.0,6.0,4.0,,,2.0,0.0,Completed,1.05,11.0,1.05,14.71,1.06,14.71,1.04,11.08,8477,413
8478,477,468,468,2024-02-19,2024-02-20,1,maria|t / svitolina|e,Dubai,Dubai Duty Free Tennis Championships,R32,R32,0.4,1.0,1.0,0.9523809523809523,66.76190476190476,11,Dubai,Dubai Duty Free Tennis Championships,2024-02-20,WTA1000,Outdoor,Hard,2nd Round,3,Svitolina E.,Maria T.,20.0,54.0,2212.0,1185.0,6.0,3.0,6.0,3.0,,,2.0,0.0,Completed,1.14,5.5,1.16,6.13,1.17,6.13,1.14,5.49,8478,414
8479,478,469,469,2024-02-19,2024-02-20,1,bronzetti|l / potapova|a,Dubai,Dubai Duty Free Tennis Championships,R32,R32,0.4,1.0,1.0,0.9523809523809523,66.76190476190476,11,Dubai,Dubai Duty Free Tennis Championships,2024-02-20,WTA1000,Outdoor,Hard,2nd Round,3,Potapova A.,Bronzetti L.,35.0,60.0,1467.0,1117.0,6.0,0.0,6.0,3.0,,,2.0,0.0,Completed,1.44,2.75,1.48,2.83,1.5,2.83,1.45,2.71,8479,415
8480,479,472,472,2024-02-19,2024-02-20,1,hibino|n / zheng|q,Dubai,Dubai Duty Free Tennis Championships,R32,R32,0.4,1.0,1.0,0.9523809523809523,66.76190476190476,11,Dubai,Dubai Duty Free Tennis Championships,2024-02-20,WTA1000,Outdoor,Hard,2nd Round,3,Zheng Q.,Hibino N.,7.0,90.0,3885.0,806.0,5.0,7.0,6.0,2.0,6.0,2.0,2.0,1.0,Completed,1.14,5.5,1.14,6.67,1.17,6.67,1.13,5.75,8480,416
8481,480,475,475,2024-02-19,2024-02-20,1,cocciaretto|e / gauff|c,Dubai,Dubai Duty Free Tennis Championships,R32,R32,0.4,1.0,1.0,0.9523809523809523,66.76190476190476,11,Dubai,Dubai Duty Free Tennis Championships,2024-02-20,WTA1000,Outdoor,Hard,2nd Round,3,Gauff C.,Cocciaretto E.,3.0,58.0,7110.0,1148.0,6.0,1.0,7.0,5.0,,,2.0,0.0,Completed,1.1,7.0,1.14,6.74,1.14,7.0,1.11,6.4,8481,417
8483,482,470,470,2024-02-19,2024-02-20,1,ostapenko|j / sun|l,Dubai,Dubai Duty Free Tennis Championships,R32,R32,0.4,1.0,1.0,0.9523809523809523,66.76190476190476,11,Dubai,Dubai Duty Free Tennis Championships,2024-02-20,WTA1000,Outdoor,Hard,2nd Round,3,Ostapenko J.,Sun L.,9.0,181.0,3533.0,428.0,6.0,4.0,6.0,3.0,,,2.0,0.0,Completed,1.13,6.0,1.13,6.91,1.14,6.91,1.12,6.07,8483,418
8484,483,466,466,2024-02-19,2024-02-20,1,bucsa|c / kalinskaya|a,Dubai,Dubai Duty Free Tennis Championships,R32,R32,0.4,1.0,1.0,0.9523809523809523,66.76190476190476,11,Dubai,Dubai Duty Free Tennis Championships,2024-02-20,WTA1000,Outdoor,Hard,2nd Round,3,Kalinskaya A.,Bucsa C.,40.0,67.0,1323.0,1020.0,6.0,3.0,6.0,4.0,,,2.0,0.0,Completed,1.17,5.0,1.21,5.02,1.22,5.05,1.19,4.65,8484,419
8485,484,463,463,2024-02-19,2024-02-20,1,navarro|e / sakkari|m,Dubai,Dubai Duty Free Tennis Championships,R32,R32,0.4,1.0,1.0,0.9523809523809523,66.76190476190476,11,Dubai,Dubai Duty Free Tennis Championships,2024-02-20,WTA1000,Outdoor,Hard,2nd Round,3,Sakkari M.,Navarro E.,11.0,23.0,3455.0,1863.0,6.0,2.0,6.0,4.0,,,2.0,0.0,Completed,2.1,1.73,2.05,1.84,2.12,1.84,2.02,1.78,8485,420
8486,485,460,460,2024-02-19,2024-02-20,1,fernandez|l / paolini|j,Dubai,Dubai Duty Free Tennis Championships,R32,R32,0.4,1.0,1.0,0.9523809523809523,66.76190476190476,11,Dubai,Dubai Duty Free Tennis Championships,2024-02-20,WTA1000,Outdoor,Hard,2nd Round,3,Paolini J.,Fernandez L.A.,26.0,33.0,1735.0,1540.0,6.0,3.0,6.0,4.0,,,2.0,0.0,Completed,3.5,1.3,3.59,1.33,3.6,1.36,3.39,1.31,8486,421
8487,486,461,461,2024-02-19,2024-02-20,1,frech|m / martic|p,Dubai,Dubai Duty Free Tennis Championships,R32,R32,0.4,1.0,1.0,0.9523809523809523,66.76190476190476,11,Dubai,Dubai Duty Free Tennis Championships,2024-02-20,WTA1000,Outdoor,Hard,2nd Round,3,Frech M.,Martic P.,53.0,61.0,1190.0,1079.0,6.0,4.0,1.0,6.0,6.0,2.0,2.0,1.0,Completed,1.91,1.91,1.88,2.0,1.91,2.0,1.86,1.93,8487,422
8488,487,471,471,2024-02-19,2024-02-20,1,azarenka|v / rybakina|e,Dubai,Dubai Duty Free Tennis Championships,R32,R32,0.4,1.0,1.0,0.9523809523809523,66.76190476190476,11,Dubai,Dubai Duty Free Tennis Championships,2024-02-20,WTA1000,Outdoor,Hard,2nd Round,3,Rybakina E.,Azarenka V.,4.0,27.0,6738.0,1631.0,4.0,6.0,6.0,2.0,,,1.0,1.0,Retired,1.33,3.4,1.35,3.47,1.36,3.5,1.32,3.31,8488,423
8489,488,462,462,2024-02-19,2024-02-20,1,stearns|p / vondrousova|m,Dubai,Dubai Duty Free Tennis Championships,R32,R32,0.4,1.0,1.0,0.9523809523809523,66.76190476190476,11,Dubai,Dubai Duty Free Tennis Championships,2024-02-20,WTA1000,Outdoor,Hard,2nd Round,3,Vondrousova M.,Stearns P.,8.0,65.0,3856.0,1041.0,6.0,1.0,5.0,7.0,6.0,2.0,2.0,1.0,Completed,1.3,3.5,1.37,3.36,1.38,3.53,1.33,3.26,8489,424
8490,489,465,465,2024-02-19,2024-02-20,1,pavlyuchenkova|a / samsonova|l,Dubai,Dubai Duty Free Tennis Championships,R32,R32,0.4,1.0,1.0,0.9523809523809523,66.76190476190476,11,Dubai,Dubai Duty Free Tennis Championships,2024-02-20,WTA1000,Outdoor,Hard,2nd Round,3,Samsonova L.,Pavlyuchenkova A.,15.0,24.0,2590.0,1810.0,,,,,,,,,Walkover,2.0,1.8,2.19,1.75,2.22,1.83,2.08,1.74,8490,425
8491,490,467,467,2024-02-19,2024-02-20,1,cirstea|s / kudermetova|v,Dubai,Dubai Duty Free Tennis Championships,R32,R32,0.4,1.0,1.0,0.9523809523809523,66.76190476190476,11,Dubai,Dubai Duty Free Tennis Championships,2024-02-20,WTA1000,Outdoor,Hard,2nd Round,3,Cirstea S.,Kudermetova V.,22.0,19.0,1893.0,2250.0,6.0,1.0,6.0,4.0,,,2.0,0.0,Completed,1.91,1.91,1.93,1.95,1.95,1.98,1.89,1.9,8491,426
8492,491,464,464,2024-02-19,2024-02-20,1,sabalenka|a / vekic|d,Dubai,Dubai Duty Free Tennis Championships,R32,R32,0.4,1.0,1.0,0.9523809523809523,66.76190476190476,11,Dubai,Dubai Duty Free Tennis Championships,2024-02-20,WTA1000,Outdoor,Hard,2nd Round,3,Vekic D.,Sabalenka A.,31.0,2.0,1580.0,8905.0,6.0,7.0,6.0,3.0,6.0,0.0,2.0,1.0,Completed,8.0,1.08,8.08,1.11,8.4,1.12,7.12,1.09,8492,427
8469,468,482,482,2024-02-19,2024-02-21,2,svitolina|e / swiatek|i,Dubai,Dubai Duty Free Tennis Championships,R16,R16,0.4,1.0,1.0,0.9047619047619048,66.52380952380952,11,Dubai,Dubai Duty Free Tennis Championships,2024-02-21,WTA1000,Outdoor,Hard,3rd Round,3,Swiatek I.,Svitolina E.,1.0,20.0,10300.0,2212.0,6.0,1.0,6.0,4.0,,,2.0,0.0,Completed,1.2,4.5,1.22,4.95,1.23,5.5,1.19,4.68,8469,428
8470,469,483,483,2024-02-19,2024-02-21,2,potapova|a / zheng|q,Dubai,Dubai Duty Free Tennis Championships,R16,R16,0.4,1.0,1.0,0.9047619047619048,66.52380952380952,11,Dubai,Dubai Duty Free Tennis Championships,2024-02-21,WTA1000,Outdoor,Hard,3rd Round,3,Zheng Q.,Potapova A.,7.0,35.0,3885.0,1467.0,6.0,3.0,6.0,2.0,,,2.0,0.0,Completed,1.44,2.75,1.47,2.92,1.51,2.92,1.45,2.72,8470,429
8472,471,478,478,2024-02-19,2024-02-21,2,kalinskaya|a / ostapenko|j,Dubai,Dubai Duty Free Tennis Championships,R16,R16,0.4,1.0,1.0,0.9047619047619048,66.52380952380952,11,Dubai,Dubai Duty Free Tennis Championships,2024-02-21,WTA1000,Outdoor,Hard,3rd Round,3,Kalinskaya A.,Ostapenko J.,40.0,9.0,1323.0,3533.0,6.0,4.0,7.0,5.0,,,2.0,0.0,Completed,2.3,1.62,2.33,1.68,2.33,1.69,2.23,1.65,8472,430
8473,472,476,476,2024-02-19,2024-02-21,2,paolini|j / sakkari|m,Dubai,Dubai Duty Free Tennis Championships,R16,R16,0.4,1.0,1.0,0.9047619047619048,66.52380952380952,11,Dubai,Dubai Duty Free Tennis Championships,2024-02-21,WTA1000,Outdoor,Hard,3rd Round,3,Paolini J.,Sakkari M.,26.0,11.0,1735.0,3455.0,6.0,4.0,6.0,2.0,,,2.0,0.0,Completed,2.63,1.5,2.79,1.5,2.79,1.53,2.57,1.5,8473,431
8474,473,479,479,2024-02-19,2024-02-21,2,frech|m / rybakina|e,Dubai,Dubai Duty Free Tennis Championships,R16,R16,0.4,1.0,1.0,0.9047619047619048,66.52380952380952,11,Dubai,Dubai Duty Free Tennis Championships,2024-02-21,WTA1000,Outdoor,Hard,3rd Round,3,Rybakina E.,Frech M.,4.0,53.0,6738.0,1190.0,7.0,6.0,3.0,6.0,6.0,4.0,2.0,1.0,Completed,1.1,7.0,1.11,8.07,1.11,8.5,1.09,7.11,8474,432
8475,474,477,477,2024-02-19,2024-02-21,2,samsonova|l / vondrousova|m,Dubai,Dubai Duty Free Tennis Championships,R16,R16,0.4,1.0,1.0,0.9047619047619048,66.52380952380952,11,Dubai,Dubai Duty Free Tennis Championships,2024-02-21,WTA1000,Outdoor,Hard,3rd Round,3,Vondrousova M.,Samsonova L.,8.0,15.0,3856.0,2590.0,6.0,2.0,6.0,2.0,,,2.0,0.0,Completed,2.0,1.8,2.25,1.72,2.25,1.85,2.04,1.77,8475,433
8476,475,480,480,2024-02-19,2024-02-21,2,cirstea|s / vekic|d,Dubai,Dubai Duty Free Tennis Championships,R16,R16,0.4,1.0,1.0,0.9047619047619048,66.52380952380952,11,Dubai,Dubai Duty Free Tennis Championships,2024-02-21,WTA1000,Outdoor,Hard,3rd Round,3,Cirstea S.,Vekic D.,22.0,31.0,1893.0,1580.0,3.0,6.0,6.0,3.0,7.0,5.0,2.0,1.0,Completed,1.8,2.0,1.93,1.98,1.93,2.02,1.84,1.95,8476,434
8465,464,486,486,2024-02-19,2024-02-22,3,swiatek|i / zheng|q,Dubai,Dubai Duty Free Tennis Championships,QF,QF,0.4,1.0,1.0,0.8571428571428572,66.28571428571429,11,Dubai,Dubai Duty Free Tennis Championships,2024-02-22,WTA1000,Outdoor,Hard,Quarterfinals,3,Swiatek I.,Zheng Q.,1.0,7.0,10300.0,3885.0,6.0,3.0,6.0,2.0,,,2.0,0.0,Completed,1.17,5.0,1.14,6.7,1.18,6.7,1.15,5.54,8465,435
8466,465,487,487,2024-02-19,2024-02-22,3,gauff|c / kalinskaya|a,Dubai,Dubai Duty Free Tennis Championships,QF,QF,0.4,1.0,1.0,0.8571428571428572,66.28571428571429,11,Dubai,Dubai Duty Free Tennis Championships,2024-02-22,WTA1000,Outdoor,Hard,Quarterfinals,3,Kalinskaya A.,Gauff C.,40.0,3.0,1323.0,7110.0,2.0,6.0,6.0,4.0,6.0,2.0,2.0,1.0,Completed,3.4,1.33,3.28,1.39,3.71,1.39,3.23,1.35,8466,436
8467,466,485,485,2024-02-19,2024-02-22,3,paolini|j / rybakina|e,Dubai,Dubai Duty Free Tennis Championships,QF,QF,0.4,1.0,1.0,0.8571428571428572,66.28571428571429,11,Dubai,Dubai Duty Free Tennis Championships,2024-02-22,WTA1000,Outdoor,Hard,Quarterfinals,3,Paolini J.,Rybakina E.,26.0,4.0,1735.0,6738.0,,,,,,,,,Walkover,4.33,1.22,4.84,1.22,5,1.22,4.63,1.19,8467,437
8468,467,484,484,2024-02-19,2024-02-22,3,cirstea|s / vondrousova|m,Dubai,Dubai Duty Free Tennis Championships,QF,QF,0.4,1.0,1.0,0.8571428571428572,66.28571428571429,11,Dubai,Dubai Duty Free Tennis Championships,2024-02-22,WTA1000,Outdoor,Hard,Quarterfinals,3,Cirstea S.,Vondrousova M.,22.0,8.0,1893.0,3856.0,2.0,6.0,7.0,6.0,6.0,2.0,2.0,1.0,Completed,2.3,1.62,2.32,1.68,2.33,1.7,2.26,1.63,8468,438
8463,462,489,489,2024-02-19,2024-02-23,4,kalinskaya|a / swiatek|i,Dubai,Dubai Duty Free Tennis Championships,SF,SF,0.4,1.0,1.0,0.8095238095238095,66.04761904761905,11,Dubai,Dubai Duty Free Tennis Championships,2024-02-23,WTA1000,Outdoor,Hard,Semifinals,3,Kalinskaya A.,Swiatek I.,40.0,1.0,1323.0,10300.0,6.0,4.0,6.0,4.0,,,2.0,0.0,Completed,6.5,1.11,8.1,1.11,8.1,1.15,6.89,1.1,8463,439
8464,463,488,488,2024-02-19,2024-02-23,4,cirstea|s / paolini|j,Dubai,Dubai Duty Free Tennis Championships,SF,SF,0.4,1.0,1.0,0.8095238095238095,66.04761904761905,11,Dubai,Dubai Duty Free Tennis Championships,2024-02-23,WTA1000,Outdoor,Hard,Semifinals,3,Paolini J.,Cirstea S.,26.0,22.0,1735.0,1893.0,6.0,2.0,7.0,6.0,,,2.0,0.0,Completed,2.0,1.8,2.03,1.88,2.1,1.91,2.0,1.81,8464,440
8462,461,490,490,2024-02-19,2024-02-24,5,kalinskaya|a / paolini|j,Dubai,Dubai Duty Free Tennis Championships,F,F,0.4,1.0,1.0,0.7619047619047619,65.80952380952381,11,Dubai,Dubai Duty Free Tennis Championships,2024-02-24,WTA1000,Outdoor,Hard,The Final,3,Paolini J.,Kalinskaya A.,26.0,40.0,1735.0,1323.0,4.0,6.0,7.0,5.0,7.0,5.0,2.0,1.0,Completed,3.0,1.4,3.06,1.43,3.3,1.43,2.97,1.4,8462,441
8535,534,492,492,2024-02-26,2024-02-26,0,parry|d / ponchet|j,Austin,ATX Open,R32,R32,0.35555555555555557,1.0,1.0,1.0,64.55555555555556,12,Austin,ATX Open,2024-02-26,WTA250,Outdoor,Hard,1st Round,3,Parry D.,Ponchet J.,62.0,146.0,1073.0,521.0,6.0,3.0,7.0,6.0,,,2.0,0.0,Completed,1.57,2.38,1.51,2.69,1.57,2.69,1.49,2.57,8535,442
8543,542,493,493,2024-02-26,2024-02-26,0,bronzetti|l / wang|y,Austin,ATX Open,R32,R32,0.35555555555555557,1.0,1.0,1.0,64.55555555555556,12,Austin,ATX Open,2024-02-26,WTA250,Outdoor,Hard,1st Round,3,Wang Y.,Bronzetti L.,69.0,52.0,993.0,1192.0,7.0,6.0,6.0,4.0,,,2.0,0.0,Completed,1.8,2.0,1.8,2.09,1.83,2.1,1.77,2.01,8543,443
8563,562,523,523,2024-02-26,2024-02-26,0,gracheva|v / niemeier|j,San Diego,San Diego Open,R32,R32,1.0,1.0,1.0,1.0,100.0,13,San Diego,San Diego Open,2024-02-26,WTA500,Outdoor,Hard,1st Round,3,Niemeier J.,Gracheva V.,126.0,55.0,590.0,1186.0,6.0,3.0,6.0,0.0,,,2.0,0.0,Completed,1.67,2.2,1.68,2.29,1.73,2.3,1.65,2.2,8563,444
8574,573,522,522,2024-02-26,2024-02-26,0,boulter|k / tsurenko|l,San Diego,San Diego Open,R32,R32,1.0,1.0,1.0,1.0,100.0,13,San Diego,San Diego Open,2024-02-26,WTA500,Outdoor,Hard,1st Round,3,Boulter K.,Tsurenko L.,49.0,36.0,1218.0,1464.0,6.0,3.0,6.0,1.0,,,2.0,0.0,Completed,1.8,2.0,1.85,2.03,1.95,2.1,1.81,1.98,8574,445
8532,531,501,501,2024-02-26,2024-02-27,1,bejlek|s / kalinina|a,Austin,ATX Open,R32,R32,0.35555555555555557,1.0,1.0,0.9523809523809523,64.31746031746032,12,Austin,ATX Open,2024-02-27,WTA250,Outdoor,Hard,1st Round,3,Kalinina A.,Bejlek S.,35.0,132.0,1470.0,566.0,6.0,3.0,6.0,2.0,,,2.0,0.0,Completed,1.8,2.0,1.79,2.11,1.88,2.11,1.79,2.0,8532,446
8534,533,496,496,2024-02-26,2024-02-27,1,rakhimova|k / wickmayer|y,Austin,ATX Open,R32,R32,0.35555555555555557,1.0,1.0,0.9523809523809523,64.31746031746032,12,Austin,ATX Open,2024-02-27,WTA250,Outdoor,Hard,1st Round,3,Rakhimova K.,Wickmayer Y.,94.0,87.0,778.0,828.0,6.0,3.0,6.0,7.0,7.0,6.0,2.0,1.0,Completed,1.62,2.3,1.67,2.31,1.67,2.38,1.62,2.26,8534,447
8537,536,502,502,2024-02-26,2024-02-27,1,volynets|k / zarazua|r,Austin,ATX Open,R32,R32,0.35555555555555557,1.0,1.0,0.9523809523809523,64.31746031746032,12,Austin,ATX Open,2024-02-27,WTA250,Outdoor,Hard,1st Round,3,Volynets K.,Zarazua R.,112.0,102.0,662.0,726.0,6.0,4.0,7.0,6.0,,,2.0,0.0,Completed,1.44,2.75,1.48,2.79,1.48,2.81,1.44,2.75,8537,448
8538,537,497,497,2024-02-26,2024-02-27,1,jimenez kasintseva|v / semenistaja|d <> kasintseva|v / semenistaja|d,Austin,ATX Open,R32,R32,0.35555555555555557,1.0,1.0,0.9523809523809523,64.31746031746032,12,Austin,ATX Open,2024-02-27,WTA250,Outdoor,Hard,1st Round,3,Semenistaja D.,Jimenez Kasintseva V.,115.0,318.0,654.0,217.0,6.0,7.0,6.0,2.0,6.0,4.0,2.0,1.0,Completed,1.4,3.0,1.43,2.99,1.43,3.27,1.38,2.96,8538,449
8541,540,498,498,2024-02-26,2024-02-27,1,contreras gomez|f / townsend|t <> gomez|f / townsend|t,Austin,ATX Open,R32,R32,0.35555555555555557,1.0,1.0,0.9523809523809523,64.31746031746032,12,Austin,ATX Open,2024-02-27,WTA250,Outdoor,Hard,1st Round,3,Townsend T.,Contreras Gomez F.,83.0,366.0,882.0,176.0,3.0,6.0,6.0,2.0,6.0,3.0,2.0,1.0,Completed,1.13,6.0,1.12,7.39,1.15,7.39,1.1,6.53,8541,450
8542,541,495,495,2024-02-26,2024-02-27,1,arango|e / parks|a,Austin,ATX Open,R32,R32,0.35555555555555557,1.0,1.0,0.9523809523809523,64.31746031746032,12,Austin,ATX Open,2024-02-27,WTA250,Outdoor,Hard,1st Round,3,Arango E.,Parks A.,121.0,117.0,617.0,642.0,6.0,2.0,6.0,3.0,,,2.0,0.0,Completed,2.75,1.44,2.7,1.51,2.9,1.51,2.69,1.45,8542,451
8545,544,503,503,2024-02-26,2024-02-27,1,marino|r / vickery|s,Austin,ATX Open,R32,R32,0.35555555555555557,1.0,1.0,0.9523809523809523,64.31746031746032,12,Austin,ATX Open,2024-02-27,WTA250,Outdoor,Hard,1st Round,3,Vickery S.,Marino R.,134.0,147.0,556.0,520.0,6.0,2.0,6.0,4.0,,,2.0,0.0,Completed,2.1,1.73,2.23,1.71,2.24,1.75,2.15,1.68,8545,452
8546,545,504,504,2024-02-26,2024-02-27,1,riera|j / sevastova|a,Austin,ATX Open,R32,R32,0.35555555555555557,1.0,1.0,0.9523809523809523,64.31746031746032,12,Austin,ATX Open,2024-02-27,WTA250,Outdoor,Hard,1st Round,3,Sevastova A.,Riera J.,485.0,116.0,112.0,646.0,6.0,4.0,6.0,3.0,,,2.0,0.0,Completed,1.53,2.5,1.45,2.9,1.54,2.9,1.48,2.6,8546,453
8547,546,499,499,2024-02-26,2024-02-27,1,martincova|t / stephens|s,Austin,ATX Open,R32,R32,0.35555555555555557,1.0,1.0,0.9523809523809523,64.31746031746032,12,Austin,ATX Open,2024-02-27,WTA250,Outdoor,Hard,1st Round,3,Stephens S.,Martincova T.,40.0,155.0,1327.0,485.0,6.0,4.0,6.0,0.0,,,2.0,0.0,Completed,1.29,3.75,1.29,3.88,1.32,3.88,1.28,3.59,8547,454
8565,564,528,528,2024-02-26,2024-02-27,1,dolehide|c / yastremska|d,San Diego,San Diego Open,R32,R32,1.0,1.0,1.0,0.9523809523809523,99.76190476190476,13,San Diego,San Diego Open,2024-02-27,WTA500,Outdoor,Hard,1st Round,3,Yastremska D.,Dolehide C.,33.0,45.0,1532.0,1263.0,6.0,4.0,5.0,7.0,6.0,1.0,2.0,1.0,Completed,1.5,2.63,1.58,2.53,1.58,2.63,1.52,2.48,8565,455
8567,566,531,531,2024-02-26,2024-02-27,1,frech|m / preston|t,San Diego,San Diego Open,R32,R32,1.0,1.0,1.0,0.9523809523809523,99.76190476190476,13,San Diego,San Diego Open,2024-02-27,WTA500,Outdoor,Hard,1st Round,3,Preston T.,Frech M.,153.0,42.0,489.0,1315.0,6.0,4.0,4.0,6.0,6.0,1.0,2.0,1.0,Completed,3.75,1.29,3.72,1.31,3.75,1.34,3.46,1.3,8567,456
8568,567,527,527,2024-02-26,2024-02-27,1,kostyuk|m / li|a,San Diego,San Diego Open,R32,R32,1.0,1.0,1.0,0.9523809523809523,99.76190476190476,13,San Diego,San Diego Open,2024-02-27,WTA500,Outdoor,Hard,1st Round,3,Kostyuk M.,Li A.,34.0,167.0,1521.0,452.0,6.0,4.0,4.0,6.0,6.0,2.0,2.0,1.0,Completed,1.2,4.5,1.2,4.95,1.26,4.95,1.2,4.44,8568,457
8569,568,530,530,2024-02-26,2024-02-27,1,fernandez|l / maria|t,San Diego,San Diego Open,R32,R32,1.0,1.0,1.0,0.9523809523809523,99.76190476190476,13,San Diego,San Diego Open,2024-02-27,WTA500,Outdoor,Hard,1st Round,3,Maria T.,Fernandez L.A.,47.0,32.0,1240.0,1545.0,6.0,7.0,4.0,0.0,,,0.0,1.0,Retired,4.5,1.2,4.79,1.21,4.81,1.22,4.44,1.2,8569,458
8570,569,524,524,2024-02-26,2024-02-27,1,saville|d / zhu|l,San Diego,San Diego Open,R32,R32,1.0,1.0,1.0,0.9523809523809523,99.76190476190476,13,San Diego,San Diego Open,2024-02-27,WTA500,Outdoor,Hard,1st Round,3,Saville D.,Zhu L.,148.0,58.0,519.0,1152.0,6.0,3.0,6.0,3.0,,,2.0,0.0,Completed,2.0,1.8,2.03,1.85,2.1,2.02,1.94,1.85,8570,459
8571,570,529,529,2024-02-26,2024-02-27,1,hontama|m / siniakova|k,San Diego,San Diego Open,R32,R32,1.0,1.0,1.0,0.9523809523809523,99.76190476190476,13,San Diego,San Diego Open,2024-02-27,WTA500,Outdoor,Hard,1st Round,3,Siniakova K.,Hontama M.,43.0,119.0,1293.0,627.0,6.0,3.0,6.0,1.0,,,2.0,0.0,Completed,1.29,3.75,1.28,3.97,1.29,4.0,1.26,3.8,8571,460
8573,572,525,525,2024-02-26,2024-02-27,1,melnikova|m / stakusic|m,San Diego,San Diego Open,R32,R32,1.0,1.0,1.0,0.9523809523809523,99.76190476190476,13,San Diego,San Diego Open,2024-02-27,WTA500,Outdoor,Hard,1st Round,3,Stakusic M.,Melnikova M.,283.0,440.0,261.0,131.0,6.0,4.0,5.0,7.0,6.0,1.0,2.0,1.0,Completed,1.25,4.0,1.23,4.53,1.25,4.53,1.22,4.14,8573,461
8528,527,508,508,2024-02-26,2024-02-28,2,townsend|t / yuan|y,Austin,ATX Open,R16,R16,0.35555555555555557,1.0,1.0,0.9047619047619048,64.07936507936508,12,Austin,ATX Open,2024-02-28,WTA250,Outdoor,Hard,2nd Round,3,Yuan Y.,Townsend T.,68.0,83.0,1006.0,882.0,6.0,3.0,7.0,6.0,,,2.0,0.0,Completed,2.2,1.67,2.21,1.72,2.21,1.73,2.14,1.69,8528,462
8529,528,507,507,2024-02-26,2024-02-28,2,arango|e / wang|y,Austin,ATX Open,R16,R16,0.35555555555555557,1.0,1.0,0.9047619047619048,64.07936507936508,12,Austin,ATX Open,2024-02-28,WTA250,Outdoor,Hard,2nd Round,3,Wang Y.,Arango E.,69.0,121.0,993.0,617.0,6.0,2.0,6.0,2.0,,,2.0,0.0,Completed,1.25,4.0,1.27,4.06,1.3,4.06,1.26,3.79,8529,463
8536,535,506,506,2024-02-26,2024-02-28,2,collins|d / gadecki|o,Austin,ATX Open,R32,R32,0.35555555555555557,1.0,1.0,0.9047619047619048,64.07936507936508,12,Austin,ATX Open,2024-02-28,WTA250,Outdoor,Hard,1st Round,3,Collins D.,Gadecki O.,48.0,143.0,1236.0,528.0,7.0,5.0,6.0,3.0,,,2.0,0.0,Completed,1.13,6.0,1.12,7.12,1.13,8.54,1.11,6.41,8536,464
8544,543,505,505,2024-02-26,2024-02-28,2,schmiedlova|a / stearns|p,Austin,ATX Open,R32,R32,0.35555555555555557,1.0,1.0,0.9047619047619048,64.07936507936508,12,Austin,ATX Open,2024-02-28,WTA250,Outdoor,Hard,1st Round,3,Schmiedlova A.,Stearns P.,76.0,61.0,925.0,1096.0,6.0,2.0,4.0,6.0,7.0,5.0,2.0,1.0,Completed,3.2,1.36,3.31,1.37,3.33,1.4,3.14,1.35,8544,465
8558,557,534,534,2024-02-26,2024-02-28,2,kostyuk|m / preston|t,San Diego,San Diego Open,R16,R16,1.0,1.0,1.0,0.9047619047619048,99.52380952380952,13,San Diego,San Diego Open,2024-02-28,WTA500,Outdoor,Hard,2nd Round,3,Kostyuk M.,Preston T.,34.0,153.0,1521.0,489.0,6.0,4.0,6.0,3.0,,,2.0,0.0,Completed,1.3,3.5,1.32,3.67,1.33,3.67,1.3,3.4,8558,466
8559,558,535,535,2024-02-26,2024-02-28,2,maria|t / saville|d,San Diego,San Diego Open,R16,R16,1.0,1.0,1.0,0.9047619047619048,99.52380952380952,13,San Diego,San Diego Open,2024-02-28,WTA500,Outdoor,Hard,2nd Round,3,Saville D.,Maria T.,148.0,47.0,519.0,1240.0,5.0,7.0,7.0,6.0,6.0,2.0,2.0,1.0,Completed,1.57,2.38,1.67,2.33,1.67,2.5,1.59,2.33,8559,467
8564,563,533,533,2024-02-26,2024-02-28,2,blinkova|a / wozniacki|c,San Diego,San Diego Open,R32,R32,1.0,1.0,1.0,0.9047619047619048,99.52380952380952,13,San Diego,San Diego Open,2024-02-28,WTA500,Outdoor,Hard,1st Round,3,Blinkova A.,Wozniacki C.,51.0,206.0,1192.0,372.0,1.0,6.0,6.0,4.0,6.0,1.0,2.0,1.0,Completed,2.3,1.62,2.36,1.64,2.36,1.67,2.27,1.62,8564,468
8572,571,532,532,2024-02-26,2024-02-28,2,hui|k / vekic|d,San Diego,San Diego Open,R32,R32,1.0,1.0,1.0,0.9047619047619048,99.52380952380952,13,San Diego,San Diego Open,2024-02-28,WTA500,Outdoor,Hard,1st Round,3,Vekic D.,Hui K.,28.0,872.0,1690.0,27.0,7.0,5.0,6.0,2.0,,,2.0,0.0,Completed,1.03,15.0,1.05,14.23,1.05,16.43,1.03,13.44,8572,469
8525,524,510,510,2024-02-26,2024-02-29,3,parry|d / rakhimova|k,Austin,ATX Open,R16,R16,0.35555555555555557,1.0,1.0,0.8571428571428572,63.84126984126984,12,Austin,ATX Open,2024-02-29,WTA250,Outdoor,Hard,2nd Round,3,Parry D.,Rakhimova K.,62.0,94.0,1073.0,778.0,6.0,3.0,6.0,3.0,,,2.0,0.0,Completed,1.53,2.5,1.6,2.45,1.62,2.51,1.55,2.41,8525,470
8526,525,512,512,2024-02-26,2024-02-29,3,collins|d / volynets|k,Austin,ATX Open,R16,R16,0.35555555555555557,1.0,1.0,0.8571428571428572,63.84126984126984,12,Austin,ATX Open,2024-02-29,WTA250,Outdoor,Hard,2nd Round,3,Collins D.,Volynets K.,48.0,112.0,1236.0,662.0,4.0,6.0,7.0,6.0,6.0,0.0,2.0,1.0,Completed,1.22,4.33,1.23,4.54,1.23,4.81,1.2,4.36,8526,471
8555,554,537,537,2024-02-26,2024-02-29,3,niemeier|j / pegula|j,San Diego,San Diego Open,R16,R16,1.0,1.0,1.0,0.8571428571428572,99.28571428571429,13,San Diego,San Diego Open,2024-02-29,WTA500,Outdoor,Hard,2nd Round,3,Pegula J.,Niemeier J.,5.0,126.0,5050.0,590.0,6.0,0.0,6.0,4.0,,,2.0,0.0,Completed,1.14,5.5,1.18,5.57,1.19,5.95,1.15,5.26,8555,472
8556,555,538,538,2024-02-26,2024-02-29,3,blinkova|a / yastremska|d,San Diego,San Diego Open,R16,R16,1.0,1.0,1.0,0.8571428571428572,99.28571428571429,13,San Diego,San Diego Open,2024-02-29,WTA500,Outdoor,Hard,2nd Round,3,Blinkova A.,Yastremska D.,51.0,33.0,1192.0,1532.0,7.0,6.0,6.0,2.0,,,2.0,0.0,Completed,2.2,1.67,2.27,1.7,2.27,1.74,2.16,1.68,8556,473
8561,560,539,539,2024-02-26,2024-02-29,3,stakusic|m / vekic|d,San Diego,San Diego Open,R16,R16,1.0,1.0,1.0,0.8571428571428572,99.28571428571429,13,San Diego,San Diego Open,2024-02-29,WTA500,Outdoor,Hard,2nd Round,3,Vekic D.,Stakusic M.,28.0,283.0,1690.0,261.0,6.0,4.0,3.0,6.0,6.0,3.0,2.0,1.0,Completed,1.36,3.2,1.39,3.24,1.39,3.3,1.35,3.15,8561,474
8562,561,536,536,2024-02-26,2024-02-29,3,boulter|k / haddad maia|b <> boulter|k / maia|b,San Diego,San Diego Open,R16,R16,1.0,1.0,1.0,0.8571428571428572,99.28571428571429,13,San Diego,San Diego Open,2024-02-29,WTA500,Outdoor,Hard,2nd Round,3,Boulter K.,Haddad Maia B.,49.0,13.0,1218.0,2870.0,3.0,6.0,6.0,3.0,6.0,4.0,2.0,1.0,Completed,2.3,1.62,2.23,1.72,2.32,1.73,2.18,1.67,8562,475
8520,519,515,515,2024-02-26,2024-03-01,4,kalinina|a / parry|d,Austin,ATX Open,QF,QF,0.35555555555555557,1.0,1.0,0.8095238095238095,63.60317460317461,12,Austin,ATX Open,2024-03-01,WTA250,Outdoor,Hard,Quarterfinals,3,Kalinina A.,Parry D.,35.0,62.0,1470.0,1073.0,1.0,6.0,6.0,4.0,6.0,2.0,2.0,1.0,Completed,1.62,2.3,1.69,2.3,1.69,2.78,1.61,2.29,8520,476
8530,529,514,514,2024-02-26,2024-03-01,4,schmiedlova|a / vickery|s,Austin,ATX Open,R16,R16,0.35555555555555557,1.0,1.0,0.8095238095238095,63.60317460317461,12,Austin,ATX Open,2024-03-01,WTA250,Outdoor,Hard,2nd Round,3,Schmiedlova A.,Vickery S.,76.0,134.0,925.0,556.0,5.0,7.0,7.0,6.0,7.0,5.0,2.0,1.0,Completed,2.2,1.67,2.29,1.68,2.31,1.73,2.23,1.64,8530,477
8531,530,513,513,2024-02-26,2024-03-01,4,sevastova|a / stephens|s,Austin,ATX Open,R16,R16,0.35555555555555557,1.0,1.0,0.8095238095238095,63.60317460317461,12,Austin,ATX Open,2024-03-01,WTA250,Outdoor,Hard,2nd Round,3,Sevastova A.,Stephens S.,485.0,40.0,112.0,1327.0,6.0,3.0,6.0,2.0,,,2.0,0.0,Completed,2.75,1.44,2.87,1.46,2.87,1.54,2.72,1.45,8531,478
8553,552,543,543,2024-02-26,2024-03-01,4,navarro|e / saville|d,San Diego,San Diego Open,QF,QF,1.0,1.0,1.0,0.8095238095238095,99.04761904761905,13,San Diego,San Diego Open,2024-03-01,WTA500,Outdoor,Hard,Quarterfinals,3,Navarro E.,Saville D.,26.0,148.0,1868.0,519.0,6.0,4.0,6.0,2.0,,,2.0,0.0,Completed,1.36,3.2,1.35,3.52,1.4,3.52,1.35,3.13,8553,479
8554,553,542,542,2024-02-26,2024-03-01,4,boulter|k / vekic|d,San Diego,San Diego Open,QF,QF,1.0,1.0,1.0,0.8095238095238095,99.04761904761905,13,San Diego,San Diego Open,2024-03-01,WTA500,Outdoor,Hard,Quarterfinals,3,Boulter K.,Vekic D.,49.0,28.0,1218.0,1690.0,6.0,4.0,6.0,3.0,,,2.0,0.0,Completed,2.0,1.8,2.01,1.89,2.02,1.92,1.95,1.84,8554,480
8560,559,540,540,2024-02-26,2024-03-01,4,navarro|e / siniakova|k,San Diego,San Diego Open,R16,R16,1.0,1.0,1.0,0.8095238095238095,99.04761904761905,13,San Diego,San Diego Open,2024-03-01,WTA500,Outdoor,Hard,2nd Round,3,Navarro E.,Siniakova K.,26.0,43.0,1868.0,1293.0,6.0,3.0,3.0,6.0,6.0,1.0,2.0,1.0,Completed,1.73,2.1,1.78,2.15,1.78,2.31,1.7,2.14,8560,481
8522,521,518,518,2024-02-26,2024-03-02,5,wang|y / yuan|y,Austin,ATX Open,QF,QF,0.35555555555555557,1.0,1.0,0.7619047619047619,63.36507936507937,12,Austin,ATX Open,2024-03-02,WTA250,Outdoor,Hard,Quarterfinals,3,Yuan Y.,Wang Y.,68.0,69.0,1006.0,993.0,6.0,3.0,7.0,5.0,,,2.0,0.0,Completed,2.0,1.8,2.06,1.85,2.06,1.85,2.01,1.78,8522,482
8523,522,517,517,2024-02-26,2024-03-02,5,schmiedlova|a / sevastova|a,Austin,ATX Open,QF,QF,0.35555555555555557,1.0,1.0,0.7619047619047619,63.36507936507937,12,Austin,ATX Open,2024-03-02,WTA250,Outdoor,Hard,Quarterfinals,3,Schmiedlova A.,Sevastova A.,76.0,485.0,925.0,112.0,4.0,6.0,1.0,2.0,,,0.0,1.0,Retired,3.2,1.36,3.34,1.38,3.34,1.41,3.07,1.36,8523,483
8550,549,546,546,2024-02-26,2024-03-02,5,boulter|k / navarro|e,San Diego,San Diego Open,SF,SF,1.0,1.0,1.0,0.7619047619047619,98.80952380952381,13,San Diego,San Diego Open,2024-03-02,WTA500,Outdoor,Hard,Semifinals,3,Boulter K.,Navarro E.,49.0,26.0,1218.0,1868.0,6.0,3.0,6.0,1.0,,,2.0,0.0,Completed,2.5,1.53,2.72,1.52,2.75,1.54,2.53,1.51,8550,484
8551,550,544,544,2024-02-26,2024-03-02,5,blinkova|a / pegula|j,San Diego,San Diego Open,QF,QF,1.0,1.0,1.0,0.7619047619047619,98.80952380952381,13,San Diego,San Diego Open,2024-03-02,WTA500,Outdoor,Hard,Quarterfinals,3,Pegula J.,Blinkova A.,5.0,51.0,5050.0,1192.0,6.0,1.0,2.0,6.0,6.0,2.0,2.0,1.0,Completed,1.14,5.5,1.26,4.31,1.26,5.55,1.2,4.58,8551,485
8552,551,545,545,2024-02-26,2024-03-02,5,kostyuk|m / pavlyuchenkova|a,San Diego,San Diego Open,QF,QF,1.0,1.0,1.0,0.7619047619047619,98.80952380952381,13,San Diego,San Diego Open,2024-03-02,WTA500,Outdoor,Hard,Quarterfinals,3,Kostyuk M.,Pavlyuchenkova A.,34.0,25.0,1521.0,1874.0,3.0,6.0,6.0,4.0,6.0,3.0,2.0,1.0,Completed,2.3,1.62,2.39,1.65,2.39,1.67,2.26,1.63,8552,486
8519,518,520,520,2024-02-26,2024-03-03,6,schmiedlova|a / yuan|y,Austin,ATX Open,SF,SF,0.35555555555555557,1.0,1.0,0.7142857142857143,63.12698412698413,12,Austin,ATX Open,2024-03-03,WTA250,Outdoor,Hard,Semifinals,3,Yuan Y.,Schmiedlova A.,68.0,76.0,1006.0,925.0,6.0,0.0,6.0,3.0,,,2.0,0.0,Completed,1.44,2.75,1.4,3.22,1.46,3.22,1.39,2.92,8519,487
8548,547,548,548,2024-02-26,2024-03-03,6,boulter|k / kostyuk|m,San Diego,San Diego Open,F,F,1.0,1.0,1.0,0.7142857142857143,98.57142857142857,13,San Diego,San Diego Open,2024-03-03,WTA500,Outdoor,Hard,The Final,3,Boulter K.,Kostyuk M.,49.0,34.0,1218.0,1521.0,5.0,7.0,6.0,2.0,6.0,2.0,2.0,1.0,Completed,2.0,1.8,2.07,1.85,2.1,1.85,2.01,1.79,8548,488
8549,548,547,547,2024-02-26,2024-03-03,6,kostyuk|m / pegula|j,San Diego,San Diego Open,SF,SF,1.0,1.0,1.0,0.7142857142857143,98.57142857142857,13,San Diego,San Diego Open,2024-03-03,WTA500,Outdoor,Hard,Semifinals,3,Kostyuk M.,Pegula J.,34.0,5.0,1521.0,5050.0,7.0,6.0,6.0,1.0,,,2.0,0.0,Completed,3.2,1.36,3.09,1.43,3.2,1.43,3.01,1.38,8549,489
8639,638,555,555,2024-03-06,2024-03-06,0,boulter|k / giorgi|c,Indian Wells,BNP Paribas Open,R128,R128,0.20869565217391306,1.0,1.0,1.0,56.47826086956522,14,Indian Wells,BNP Paribas Open,2024-03-06,WTA1000,Outdoor,Hard,1st Round,3,Giorgi C.,Boulter K.,106.0,27.0,691.0,1700.0,6.0,3.0,6.0,2.0,,,2.0,0.0,Completed,3.2,1.36,3.35,1.37,3.37,1.38,3.17,1.36,8639,490
8641,640,557,557,2024-03-06,2024-03-06,0,korpatsch|t / putintseva|y,Indian Wells,BNP Paribas Open,R128,R128,0.20869565217391306,1.0,1.0,1.0,56.47826086956522,14,Indian Wells,BNP Paribas Open,2024-03-06,WTA1000,Outdoor,Hard,1st Round,3,Putintseva Y.,Korpatsch T.,79.0,76.0,898.0,918.0,6.0,2.0,6.0,3.0,,,2.0,0.0,Completed,,,,,,,,,8641,491
8642,641,551,551,2024-03-06,2024-03-06,0,kerber|a / martic|p,Indian Wells,BNP Paribas Open,R128,R128,0.20869565217391306,1.0,1.0,1.0,56.47826086956522,14,Indian Wells,BNP Paribas Open,2024-03-06,WTA1000,Outdoor,Hard,1st Round,3,Kerber A.,Martic P.,607.0,58.0,71.0,1143.0,6.0,3.0,6.0,4.0,,,2.0,0.0,Completed,2.75,1.44,2.78,1.5,2.81,1.5,2.69,1.48,8642,492
8645,644,554,554,2024-03-06,2024-03-06,0,andreeva|m / volynets|k,Indian Wells,BNP Paribas Open,R128,R128,0.20869565217391306,1.0,1.0,1.0,56.47826086956522,14,Indian Wells,BNP Paribas Open,2024-03-06,WTA1000,Outdoor,Hard,1st Round,3,Volynets K.,Andreeva M.,131.0,38.0,582.0,1418.0,7.0,5.0,7.0,5.0,,,2.0,0.0,Completed,3.5,1.3,3.71,1.32,3.71,1.34,3.43,1.31,8645,493
8647,646,550,550,2024-03-06,2024-03-06,0,bouzkova|m / sorribes tormo|s <> bouzkova|m / tormo|s,Indian Wells,BNP Paribas Open,R128,R128,0.20869565217391306,1.0,1.0,1.0,56.47826086956522,14,Indian Wells,BNP Paribas Open,2024-03-06,WTA1000,Outdoor,Hard,1st Round,3,Bouzkova M.,Sorribes Tormo S.,40.0,50.0,1379.0,1209.0,6.0,1.0,6.0,1.0,,,2.0,0.0,Completed,1.44,2.75,1.49,2.8,1.51,2.8,1.48,2.68,8647,494
8649,648,549,549,2024-03-06,2024-03-06,0,maria|t / rus|a,Indian Wells,BNP Paribas Open,R128,R128,0.20869565217391306,1.0,1.0,1.0,56.47826086956522,14,Indian Wells,BNP Paribas Open,2024-03-06,WTA1000,Outdoor,Hard,1st Round,3,Maria T.,Rus A.,46.0,48.0,1270.0,1244.0,7.0,6.0,6.0,2.0,,,2.0,0.0,Completed,2.0,1.8,2.05,1.85,2.1,1.93,1.99,1.82,8649,495
8650,649,552,552,2024-03-06,2024-03-06,0,sramkova|r / wang|y,Indian Wells,BNP Paribas Open,R128,R128,0.20869565217391306,1.0,1.0,1.0,56.47826086956522,14,Indian Wells,BNP Paribas Open,2024-03-06,WTA1000,Outdoor,Hard,1st Round,3,Sramkova R.,Wang Y.,127.0,66.0,593.0,1038.0,6.0,4.0,6.0,0.0,,,2.0,0.0,Completed,2.75,1.44,2.69,1.52,2.85,1.52,2.69,1.47,8650,496
8652,651,553,553,2024-03-06,2024-03-06,0,hontama|m / zhang|s,Indian Wells,BNP Paribas Open,R128,R128,0.20869565217391306,1.0,1.0,1.0,56.47826086956522,14,Indian Wells,BNP Paribas Open,2024-03-06,WTA1000,Outdoor,Hard,1st Round,3,Hontama M.,Zhang S.,120.0,713.0,639.0,49.0,5.0,7.0,6.0,2.0,6.0,0.0,2.0,1.0,Completed,1.36,3.2,1.34,3.5,1.38,3.53,1.33,3.34,8652,497
8653,652,556,556,2024-03-06,2024-03-06,0,pera|b / saville|d,Indian Wells,BNP Paribas Open,R128,R128,0.20869565217391306,1.0,1.0,1.0,56.47826086956522,14,Indian Wells,BNP Paribas Open,2024-03-06,WTA1000,Outdoor,Hard,1st Round,3,Pera B.,Saville D.,78.0,116.0,906.0,652.0,7.0,5.0,4.0,6.0,7.0,6.0,2.0,1.0,Completed,2.0,1.8,1.97,1.92,2.02,1.92,1.99,1.82,8653,498
8638,637,563,563,2024-03-06,2024-03-07,1,andreeva|e / collins|d,Indian Wells,BNP Paribas Open,R128,R128,0.20869565217391306,1.0,1.0,0.9523809523809523,56.24016563146998,14,Indian Wells,BNP Paribas Open,2024-03-07,WTA1000,Outdoor,Hard,1st Round,3,Collins D.,Andreeva E.,56.0,98.0,1180.0,739.0,7.0,6.0,7.0,6.0,,,2.0,0.0,Completed,1.36,3.2,1.44,2.98,1.45,3.2,1.4,3.02,8638,499
8640,639,567,567,2024-03-06,2024-03-07,1,baptiste|h / montgomery|r,Indian Wells,BNP Paribas Open,R128,R128,0.20869565217391306,1.0,1.0,0.9523809523809523,56.24016563146998,14,Indian Wells,BNP Paribas Open,2024-03-07,WTA1000,Outdoor,Hard,1st Round,3,Baptiste H.,Montgomery R.,105.0,199.0,692.0,387.0,6.0,2.0,4.0,6.0,6.0,1.0,2.0,1.0,Completed,1.73,2.1,1.83,2.08,1.83,2.1,1.77,2.06,8640,500
8643,642,566,566,2024-03-06,2024-03-07,1,hibino|n / williams|v,Indian Wells,BNP Paribas Open,R128,R128,0.20869565217391306,1.0,1.0,0.9523809523809523,56.24016563146998,14,Indian Wells,BNP Paribas Open,2024-03-07,WTA1000,Outdoor,Hard,1st Round,3,Hibino N.,Williams V.,80.0,487.0,888.0,112.0,2.0,6.0,6.0,3.0,6.0,0.0,2.0,1.0,Completed,1.29,3.75,1.31,3.78,1.31,4.0,1.28,3.71,8643,501
8644,643,565,565,2024-03-06,2024-03-07,1,wozniacki|c / zhu|l,Indian Wells,BNP Paribas Open,R128,R128,0.20869565217391306,1.0,1.0,0.9523809523809523,56.24016563146998,14,Indian Wells,BNP Paribas Open,2024-03-07,WTA1000,Outdoor,Hard,1st Round,3,Wozniacki C.,Zhu L.,204.0,62.0,373.0,1072.0,7.0,6.0,6.0,1.0,,,2.0,0.0,Completed,1.67,2.2,1.69,2.29,1.73,2.29,1.68,2.2,8644,502
8646,645,562,562,2024-03-06,2024-03-07,1,krueger|a / podoroska|n,Indian Wells,BNP Paribas Open,R128,R128,0.20869565217391306,1.0,1.0,0.9523809523809523,56.24016563146998,14,Indian Wells,BNP Paribas Open,2024-03-07,WTA1000,Outdoor,Hard,1st Round,3,Podoroska N.,Krueger A.,84.0,71.0,852.0,983.0,3.0,6.0,6.0,3.0,6.0,3.0,2.0,1.0,Completed,3.4,1.33,3.68,1.32,3.68,1.35,3.45,1.31,8646,503
8648,647,569,569,2024-03-06,2024-03-07,1,linette|m / townsend|t,Indian Wells,BNP Paribas Open,R128,R128,0.20869565217391306,1.0,1.0,0.9523809523809523,56.24016563146998,14,Indian Wells,BNP Paribas Open,2024-03-07,WTA1000,Outdoor,Hard,1st Round,3,Townsend T.,Linette M.,77.0,54.0,911.0,1190.0,3.0,6.0,7.0,6.0,6.0,1.0,2.0,1.0,Completed,1.73,2.1,1.72,2.24,1.76,2.25,1.7,2.17,8648,504
8651,650,564,564,2024-03-06,2024-03-07,1,diaz|n / kessler|m <> kessler|m / parrizas diaz|n,Indian Wells,BNP Paribas Open,R128,R128,0.20869565217391306,1.0,1.0,0.9523809523809523,56.24016563146998,14,Indian Wells,BNP Paribas Open,2024-03-07,WTA1000,Outdoor,Hard,1st Round,3,Parrizas Diaz N.,Kessler M.,134.0,123.0,559.0,618.0,6.0,3.0,7.0,6.0,,,2.0,0.0,Completed,2.5,1.53,2.5,1.59,2.6,1.59,2.44,1.56,8651,505
8658,657,570,570,2024-03-06,2024-03-07,1,errani|s / osaka|n,Indian Wells,BNP Paribas Open,R128,R128,0.20869565217391306,1.0,1.0,0.9523809523809523,56.24016563146998,14,Indian Wells,BNP Paribas Open,2024-03-07,WTA1000,Outdoor,Hard,1st Round,3,Osaka N.,Errani S.,287.0,100.0,258.0,727.0,6.0,3.0,6.0,1.0,,,2.0,0.0,Completed,1.17,5.0,1.22,4.84,1.22,5.0,1.2,4.55,8658,506
8660,659,559,559,2024-03-06,2024-03-07,1,bronzetti|l / frech|m,Indian Wells,BNP Paribas Open,R128,R128,0.20869565217391306,1.0,1.0,0.9523809523809523,56.24016563146998,14,Indian Wells,BNP Paribas Open,2024-03-07,WTA1000,Outdoor,Hard,1st Round,3,Bronzetti L.,Frech M.,53.0,43.0,1192.0,1315.0,6.0,2.0,6.0,4.0,,,2.0,0.0,Completed,2.5,1.53,2.6,1.55,2.61,1.58,2.49,1.54,8660,507
8666,665,560,560,2024-03-06,2024-03-07,1,minnen|g / siniakova|k,Indian Wells,BNP Paribas Open,R128,R128,0.20869565217391306,1.0,1.0,0.9523809523809523,56.24016563146998,14,Indian Wells,BNP Paribas Open,2024-03-07,WTA1000,Outdoor,Hard,1st Round,3,Siniakova K.,Minnen G.,41.0,81.0,1352.0,879.0,7.0,5.0,7.0,6.0,,,2.0,0.0,Completed,1.33,3.4,1.31,3.78,1.34,3.78,1.31,3.51,8666,508
8668,667,561,561,2024-03-06,2024-03-07,1,masarova|r / raducanu|e,Indian Wells,BNP Paribas Open,R128,R128,0.20869565217391306,1.0,1.0,0.9523809523809523,56.24016563146998,14,Indian Wells,BNP Paribas Open,2024-03-07,WTA1000,Outdoor,Hard,1st Round,3,Raducanu E.,Masarova R.,250.0,96.0,301.0,757.0,6.0,2.0,6.0,3.0,,,2.0,0.0,Completed,1.57,2.38,1.58,2.53,1.59,2.57,1.54,2.47,8668,509
8606,605,585,585,2024-03-06,2024-03-08,2,collins|d / swiatek|i,Indian Wells,BNP Paribas Open,R64,R64,0.20869565217391306,1.0,1.0,0.9047619047619048,56.002070393374744,14,Indian Wells,BNP Paribas Open,2024-03-08,WTA1000,Outdoor,Hard,2nd Round,3,Swiatek I.,Collins D.,1.0,56.0,10105.0,1180.0,6.0,3.0,6.0,0.0,,,2.0,0.0,Completed,1.1,7.0,1.11,8.09,1.14,8.3,1.1,6.97,8606,510
8609,608,583,583,2024-03-06,2024-03-08,2,alexandrova|e / putintseva|y,Indian Wells,BNP Paribas Open,R64,R64,0.20869565217391306,1.0,1.0,0.9047619047619048,56.002070393374744,14,Indian Wells,BNP Paribas Open,2024-03-08,WTA1000,Outdoor,Hard,2nd Round,3,Putintseva Y.,Alexandrova E.,79.0,16.0,898.0,2475.0,7.0,5.0,6.0,1.0,,,2.0,0.0,Completed,2.75,1.44,2.67,1.53,2.8,1.56,2.67,1.48,8609,511
8610,609,582,582,2024-03-06,2024-03-08,2,kerber|a / ostapenko|j,Indian Wells,BNP Paribas Open,R64,R64,0.20869565217391306,1.0,1.0,0.9047619047619048,56.002070393374744,14,Indian Wells,BNP Paribas Open,2024-03-08,WTA1000,Outdoor,Hard,2nd Round,3,Kerber A.,Ostapenko J.,607.0,10.0,71.0,3548.0,5.0,7.0,6.0,3.0,6.0,3.0,2.0,1.0,Completed,3.75,1.29,4.19,1.27,4.25,1.29,3.9,1.26,8610,512
8611,610,586,586,2024-03-06,2024-03-08,2,hibino|n / kudermetova|v,Indian Wells,BNP Paribas Open,R64,R64,0.20869565217391306,1.0,1.0,0.9047619047619048,56.002070393374744,14,Indian Wells,BNP Paribas Open,2024-03-08,WTA1000,Outdoor,Hard,2nd Round,3,Kudermetova V.,Hibino N.,19.0,80.0,2305.0,888.0,6.0,1.0,7.0,5.0,,,2.0,0.0,Completed,1.33,3.4,1.34,3.51,1.35,3.52,1.32,3.39,8611,513
8612,611,587,587,2024-03-06,2024-03-08,2,vekic|d / wozniacki|c,Indian Wells,BNP Paribas Open,R64,R64,0.20869565217391306,1.0,1.0,0.9047619047619048,56.002070393374744,14,Indian Wells,BNP Paribas Open,2024-03-08,WTA1000,Outdoor,Hard,2nd Round,3,Wozniacki C.,Vekic D.,204.0,36.0,373.0,1518.0,7.0,6.0,6.0,3.0,,,2.0,0.0,Completed,2.0,1.8,1.92,1.97,2.02,1.97,1.96,1.86,8612,514
8619,618,581,581,2024-03-06,2024-03-08,2,diaz|n / pavlyuchenkova|a <> parrizas diaz|n / pavlyuchenkova|a,Indian Wells,BNP Paribas Open,R64,R64,0.20869565217391306,1.0,1.0,0.9047619047619048,56.002070393374744,14,Indian Wells,BNP Paribas Open,2024-03-08,WTA1000,Outdoor,Hard,2nd Round,3,Pavlyuchenkova A.,Parrizas Diaz N.,24.0,134.0,1981.0,559.0,6.0,3.0,6.0,1.0,,,2.0,0.0,Completed,1.25,4.0,1.21,4.97,1.25,4.97,1.21,4.5,8619,515
8620,619,588,588,2024-03-06,2024-03-08,2,hontama|m / kostyuk|m,Indian Wells,BNP Paribas Open,R64,R64,0.20869565217391306,1.0,1.0,0.9047619047619048,56.002070393374744,14,Indian Wells,BNP Paribas Open,2024-03-08,WTA1000,Outdoor,Hard,2nd Round,3,Kostyuk M.,Hontama M.,32.0,120.0,1566.0,639.0,6.0,4.0,6.0,2.0,,,2.0,0.0,Completed,1.17,5.0,1.23,4.68,1.23,5.05,1.2,4.64,8620,516
8621,620,584,584,2024-03-06,2024-03-08,2,pera|b / vondrousova|m,Indian Wells,BNP Paribas Open,R64,R64,0.20869565217391306,1.0,1.0,0.9047619047619048,56.002070393374744,14,Indian Wells,BNP Paribas Open,2024-03-08,WTA1000,Outdoor,Hard,2nd Round,3,Vondrousova M.,Pera B.,7.0,78.0,4070.0,906.0,6.0,0.0,6.0,2.0,,,2.0,0.0,Completed,1.3,3.5,1.38,3.26,1.44,3.65,1.35,3.23,8621,517
8654,653,577,577,2024-03-06,2024-03-08,2,gracheva|v / yuan|y,Indian Wells,BNP Paribas Open,R128,R128,0.20869565217391306,1.0,1.0,0.9047619047619048,56.002070393374744,14,Indian Wells,BNP Paribas Open,2024-03-08,WTA1000,Outdoor,Hard,1st Round,3,Yuan Y.,Gracheva V.,49.0,68.0,1241.0,1016.0,6.0,4.0,6.0,1.0,,,2.0,0.0,Completed,1.29,3.75,1.3,3.81,1.3,4.0,1.29,3.67,8654,518
8655,654,575,575,2024-03-06,2024-03-08,2,bucsa|c / dolehide|c,Indian Wells,BNP Paribas Open,R128,R128,0.20869565217391306,1.0,1.0,0.9047619047619048,56.002070393374744,14,Indian Wells,BNP Paribas Open,2024-03-08,WTA1000,Outdoor,Hard,1st Round,3,Dolehide C.,Bucsa C.,51.0,67.0,1200.0,1020.0,6.0,2.0,6.0,0.0,,,2.0,0.0,Completed,2.2,1.67,2.2,1.74,2.25,1.74,2.17,1.69,8655,519
8656,655,576,576,2024-03-06,2024-03-08,2,sherif|m / stephens|s,Indian Wells,BNP Paribas Open,R128,R128,0.20869565217391306,1.0,1.0,0.9047619047619048,56.002070393374744,14,Indian Wells,BNP Paribas Open,2024-03-08,WTA1000,Outdoor,Hard,1st Round,3,Stephens S.,Sherif M.,44.0,70.0,1297.0,983.0,7.0,5.0,6.0,3.0,,,2.0,0.0,Completed,1.14,5.5,1.17,5.93,1.19,5.93,1.16,5.39,8656,520
8657,656,573,573,2024-03-06,2024-03-08,2,avanesyan|e / dodin|o,Indian Wells,BNP Paribas Open,R128,R128,0.20869565217391306,1.0,1.0,0.9047619047619048,56.002070393374744,14,Indian Wells,BNP Paribas Open,2024-03-08,WTA1000,Outdoor,Hard,1st Round,3,Dodin O.,Avanesyan E.,85.0,63.0,850.0,1050.0,1.0,6.0,6.0,3.0,7.0,6.0,2.0,1.0,Completed,2.0,1.8,2.0,1.89,2.06,1.89,1.99,1.82,8657,521
8663,662,571,571,2024-03-06,2024-03-08,2,parry|d / trevisan|m,Indian Wells,BNP Paribas Open,R128,R128,0.20869565217391306,1.0,1.0,0.9047619047619048,56.002070393374744,14,Indian Wells,BNP Paribas Open,2024-03-08,WTA1000,Outdoor,Hard,1st Round,3,Parry D.,Trevisan M.,61.0,59.0,1098.0,1125.0,7.0,5.0,6.0,3.0,,,2.0,0.0,Completed,1.57,2.38,1.61,2.44,1.62,2.45,1.59,2.36,8663,522
8664,663,580,580,2024-03-06,2024-03-08,2,kenin|s / tomova|v,Indian Wells,BNP Paribas Open,R128,R128,0.20869565217391306,1.0,1.0,0.9047619047619048,56.002070393374744,14,Indian Wells,BNP Paribas Open,2024-03-08,WTA1000,Outdoor,Hard,1st Round,3,Tomova V.,Kenin S.,75.0,55.0,949.0,1189.0,6.0,4.0,7.0,6.0,,,2.0,0.0,Completed,2.2,1.67,2.41,1.63,2.41,1.67,2.3,1.62,8664,523
8665,664,579,579,2024-03-06,2024-03-08,2,bogdan|a / shnaider|d,Indian Wells,BNP Paribas Open,R128,R128,0.20869565217391306,1.0,1.0,0.9047619047619048,56.002070393374744,14,Indian Wells,BNP Paribas Open,2024-03-08,WTA1000,Outdoor,Hard,1st Round,3,Shnaider D.,Bogdan A.,74.0,65.0,963.0,1044.0,5.0,7.0,7.0,6.0,6.0,3.0,2.0,1.0,Completed,1.67,2.2,1.65,2.38,1.72,2.38,1.65,2.25,8665,524
8667,666,574,574,2024-03-06,2024-03-08,2,hovde|l / tsurenko|l,Indian Wells,BNP Paribas Open,R128,R128,0.20869565217391306,1.0,1.0,0.9047619047619048,56.002070393374744,14,Indian Wells,BNP Paribas Open,2024-03-08,WTA1000,Outdoor,Hard,1st Round,3,Tsurenko L.,Hovde L.,37.0,286.0,1447.0,259.0,6.0,3.0,6.0,1.0,,,2.0,0.0,Completed,1.44,2.75,1.44,3.0,1.53,3.0,1.43,2.82,8667,525
8669,668,578,578,2024-03-06,2024-03-08,2,cocciaretto|e / stearns|p,Indian Wells,BNP Paribas Open,R128,R128,0.20869565217391306,1.0,1.0,0.9047619047619048,56.002070393374744,14,Indian Wells,BNP Paribas Open,2024-03-08,WTA1000,Outdoor,Hard,1st Round,3,Stearns P.,Cocciaretto E.,64.0,60.0,1046.0,1114.0,6.0,3.0,6.0,2.0,,,2.0,0.0,Completed,2.2,1.67,2.29,1.69,2.25,1.69,2.22,1.63,8669,526
8607,606,594,594,2024-03-06,2024-03-09,3,giorgi|c / noskova|l,Indian Wells,BNP Paribas Open,R64,R64,0.20869565217391306,1.0,1.0,0.8571428571428572,55.7639751552795,14,Indian Wells,BNP Paribas Open,2024-03-09,WTA1000,Outdoor,Hard,2nd Round,3,Noskova L.,Giorgi C.,29.0,106.0,1613.0,691.0,6.0,3.0,7.0,5.0,,,2.0,0.0,Completed,1.44,2.75,1.54,2.62,1.54,2.78,1.5,2.6,8607,527
8608,607,596,596,2024-03-06,2024-03-09,3,baptiste|h / keys|m,Indian Wells,BNP Paribas Open,R64,R64,0.20869565217391306,1.0,1.0,0.8571428571428572,55.7639751552795,14,Indian Wells,BNP Paribas Open,2024-03-09,WTA1000,Outdoor,Hard,2nd Round,3,Keys M.,Baptiste H.,20.0,105.0,2287.0,692.0,6.0,4.0,4.0,6.0,7.0,6.0,2.0,1.0,Completed,1.5,2.63,1.56,2.59,1.68,2.75,1.51,2.56,8608,528
8613,612,592,592,2024-03-06,2024-03-09,3,jabeur|o / volynets|k,Indian Wells,BNP Paribas Open,R64,R64,0.20869565217391306,1.0,1.0,0.8571428571428572,55.7639751552795,14,Indian Wells,BNP Paribas Open,2024-03-09,WTA1000,Outdoor,Hard,2nd Round,3,Volynets K.,Jabeur O.,131.0,6.0,582.0,4173.0,6.0,4.0,6.0,4.0,,,2.0,0.0,Completed,2.75,1.44,2.58,1.56,2.75,1.62,2.55,1.52,8613,529
8614,613,595,595,2024-03-06,2024-03-09,3,day|k / podoroska|n,Indian Wells,BNP Paribas Open,R64,R64,0.20869565217391306,1.0,1.0,0.8571428571428572,55.7639751552795,14,Indian Wells,BNP Paribas Open,2024-03-09,WTA1000,Outdoor,Hard,2nd Round,3,Podoroska N.,Day K.,84.0,88.0,852.0,818.0,7.0,6.0,6.0,4.0,,,2.0,0.0,Completed,1.67,2.2,1.72,2.21,1.83,2.21,1.74,2.11,8614,530
8615,614,590,590,2024-03-06,2024-03-09,3,bouzkova|m / potapova|a,Indian Wells,BNP Paribas Open,R64,R64,0.20869565217391306,1.0,1.0,0.8571428571428572,55.7639751552795,14,Indian Wells,BNP Paribas Open,2024-03-09,WTA1000,Outdoor,Hard,2nd Round,3,Potapova A.,Bouzkova M.,33.0,40.0,1557.0,1379.0,7.0,5.0,6.0,1.0,,,2.0,0.0,Completed,2.1,1.73,2.31,1.68,2.33,1.73,2.21,1.67,8615,531
8616,615,593,593,2024-03-06,2024-03-09,3,kalinskaya|a / townsend|t,Indian Wells,BNP Paribas Open,R64,R64,0.20869565217391306,1.0,1.0,0.8571428571428572,55.7639751552795,14,Indian Wells,BNP Paribas Open,2024-03-09,WTA1000,Outdoor,Hard,2nd Round,3,Kalinskaya A.,Townsend T.,25.0,77.0,1943.0,911.0,7.0,5.0,3.0,6.0,6.0,4.0,2.0,1.0,Completed,1.33,3.4,1.38,3.3,1.39,3.5,1.35,3.25,8616,532
8617,616,589,589,2024-03-06,2024-03-09,3,maria|t / paolini|j,Indian Wells,BNP Paribas Open,R64,R64,0.20869565217391306,1.0,1.0,0.8571428571428572,55.7639751552795,14,Indian Wells,BNP Paribas Open,2024-03-09,WTA1000,Outdoor,Hard,2nd Round,3,Paolini J.,Maria T.,14.0,46.0,2700.0,1270.0,6.0,3.0,6.0,3.0,,,2.0,0.0,Completed,1.33,3.4,1.37,3.34,1.38,3.4,1.36,3.18,8617,533
8618,617,591,591,2024-03-06,2024-03-09,3,haddad maia|b / sramkova|r <> maia|b / sramkova|r,Indian Wells,BNP Paribas Open,R64,R64,0.20869565217391306,1.0,1.0,0.8571428571428572,55.7639751552795,14,Indian Wells,BNP Paribas Open,2024-03-09,WTA1000,Outdoor,Hard,2nd Round,3,Haddad Maia B.,Sramkova R.,13.0,127.0,2870.0,593.0,7.0,5.0,6.0,2.0,,,2.0,0.0,Completed,1.22,4.33,1.21,4.87,1.23,5.0,1.2,4.63,8618,534
8623,622,607,607,2024-03-06,2024-03-09,3,azarenka|v / dolehide|c,Indian Wells,BNP Paribas Open,R64,R64,0.20869565217391306,1.0,1.0,0.8571428571428572,55.7639751552795,14,Indian Wells,BNP Paribas Open,2024-03-09,WTA1000,Outdoor,Hard,2nd Round,3,Dolehide C.,Azarenka V.,51.0,30.0,1200.0,1591.0,7.0,5.0,2.0,6.0,6.0,3.0,2.0,1.0,Completed,4.5,1.2,4.5,1.24,4.5,1.26,4.25,1.22,8623,535
8624,623,606,606,2024-03-06,2024-03-09,3,cirstea|s / stephens|s,Indian Wells,BNP Paribas Open,R64,R64,0.20869565217391306,1.0,1.0,0.8571428571428572,55.7639751552795,14,Indian Wells,BNP Paribas Open,2024-03-09,WTA1000,Outdoor,Hard,2nd Round,3,Stephens S.,Cirstea S.,44.0,22.0,1297.0,2223.0,6.0,0.0,7.0,5.0,,,2.0,0.0,Completed,2.0,1.8,2.23,1.72,2.23,1.8,2.12,1.73,8624,536
8625,624,597,597,2024-03-06,2024-03-09,3,dodin|o / kasatkina|d,Indian Wells,BNP Paribas Open,R64,R64,0.20869565217391306,1.0,1.0,0.8571428571428572,55.7639751552795,14,Indian Wells,BNP Paribas Open,2024-03-09,WTA1000,Outdoor,Hard,2nd Round,3,Kasatkina D.,Dodin O.,12.0,85.0,3063.0,850.0,6.0,3.0,7.0,6.0,,,2.0,0.0,Completed,1.25,4.0,1.26,4.21,1.26,4.62,1.23,4.22,8625,537
8626,625,608,608,2024-03-06,2024-03-09,3,osaka|n / samsonova|l,Indian Wells,BNP Paribas Open,R64,R64,0.20869565217391306,1.0,1.0,0.8571428571428572,55.7639751552795,14,Indian Wells,BNP Paribas Open,2024-03-09,WTA1000,Outdoor,Hard,2nd Round,3,Osaka N.,Samsonova L.,287.0,15.0,258.0,2605.0,7.0,5.0,6.0,3.0,,,2.0,0.0,Completed,1.91,1.91,1.91,1.98,1.95,1.98,1.89,1.92,8626,538
8628,627,598,598,2024-03-06,2024-03-09,3,bronzetti|l / kalinina|a,Indian Wells,BNP Paribas Open,R64,R64,0.20869565217391306,1.0,1.0,0.8571428571428572,55.7639751552795,14,Indian Wells,BNP Paribas Open,2024-03-09,WTA1000,Outdoor,Hard,2nd Round,3,Bronzetti L.,Kalinina A.,53.0,35.0,1192.0,1538.0,6.0,3.0,6.0,4.0,,,2.0,0.0,Completed,2.5,1.53,2.51,1.59,2.51,1.63,2.41,1.57,8628,539
8629,628,599,599,2024-03-06,2024-03-09,3,burel|c / gauff|c,Indian Wells,BNP Paribas Open,R64,R64,0.20869565217391306,1.0,1.0,0.8571428571428572,55.7639751552795,14,Indian Wells,BNP Paribas Open,2024-03-09,WTA1000,Outdoor,Hard,2nd Round,3,Gauff C.,Burel C.,3.0,47.0,6975.0,1253.0,2.0,6.0,6.0,3.0,7.0,6.0,2.0,1.0,Completed,1.13,6.0,1.13,7.2,1.15,7.2,1.12,6.3,8629,540
8630,629,605,605,2024-03-06,2024-03-09,3,blinkova|a / pegula|j,Indian Wells,BNP Paribas Open,R64,R64,0.20869565217391306,1.0,1.0,0.8571428571428572,55.7639751552795,14,Indian Wells,BNP Paribas Open,2024-03-09,WTA1000,Outdoor,Hard,2nd Round,3,Blinkova A.,Pegula J.,45.0,5.0,1270.0,5145.0,6.0,2.0,3.0,6.0,6.0,3.0,2.0,1.0,Completed,4.5,1.2,4.47,1.24,5,1.27,4.38,1.21,8630,541
8631,630,600,600,2024-03-06,2024-03-09,3,fernandez|l / parry|d,Indian Wells,BNP Paribas Open,R64,R64,0.20869565217391306,1.0,1.0,0.8571428571428572,55.7639751552795,14,Indian Wells,BNP Paribas Open,2024-03-09,WTA1000,Outdoor,Hard,2nd Round,3,Parry D.,Fernandez L.A.,61.0,34.0,1098.0,1545.0,7.0,5.0,5.0,7.0,6.0,2.0,2.0,1.0,Completed,2.75,1.44,2.76,1.5,2.88,1.54,2.73,1.46,8631,542
8632,631,604,604,2024-03-06,2024-03-09,3,garcia|c / tomova|v,Indian Wells,BNP Paribas Open,R64,R64,0.20869565217391306,1.0,1.0,0.8571428571428572,55.7639751552795,14,Indian Wells,BNP Paribas Open,2024-03-09,WTA1000,Outdoor,Hard,2nd Round,3,Garcia C.,Tomova V.,26.0,75.0,1920.0,949.0,6.0,1.0,3.0,6.0,6.0,3.0,2.0,1.0,Completed,1.5,2.63,1.52,2.68,1.53,2.75,1.49,2.61,8632,543
8633,632,602,602,2024-03-06,2024-03-09,3,sakkari|m / shnaider|d,Indian Wells,BNP Paribas Open,R64,R64,0.20869565217391306,1.0,1.0,0.8571428571428572,55.7639751552795,14,Indian Wells,BNP Paribas Open,2024-03-09,WTA1000,Outdoor,Hard,2nd Round,3,Sakkari M.,Shnaider D.,9.0,74.0,3565.0,963.0,5.0,7.0,6.0,4.0,6.0,0.0,2.0,1.0,Completed,1.5,2.63,1.5,2.74,1.54,2.75,1.49,2.64,8633,544
8636,635,601,601,2024-03-06,2024-03-09,3,raducanu|e / yastremska|d,Indian Wells,BNP Paribas Open,R64,R64,0.20869565217391306,1.0,1.0,0.8571428571428572,55.7639751552795,14,Indian Wells,BNP Paribas Open,2024-03-09,WTA1000,Outdoor,Hard,2nd Round,3,Raducanu E.,Yastremska D.,250.0,31.0,301.0,1577.0,4.0,0.0,,,,,0.0,0.0,Retired,1.62,2.3,1.61,2.44,1.65,2.48,1.59,2.36,8636,545
8590,589,613,613,2024-03-06,2024-03-10,4,noskova|l / swiatek|i,Indian Wells,BNP Paribas Open,R32,R32,0.20869565217391306,1.0,1.0,0.8095238095238095,55.52587991718427,14,Indian Wells,BNP Paribas Open,2024-03-10,WTA1000,Outdoor,Hard,3rd Round,3,Swiatek I.,Noskova L.,1.0,29.0,10105.0,1613.0,6.0,4.0,6.0,0.0,,,2.0,0.0,Completed,1.13,6.0,1.12,7.73,1.14,7.73,1.12,6.36,8590,546
8591,590,614,614,2024-03-06,2024-03-10,4,keys|m / putintseva|y,Indian Wells,BNP Paribas Open,R32,R32,0.20869565217391306,1.0,1.0,0.8095238095238095,55.52587991718427,14,Indian Wells,BNP Paribas Open,2024-03-10,WTA1000,Outdoor,Hard,3rd Round,3,Putintseva Y.,Keys M.,79.0,20.0,898.0,2287.0,6.0,4.0,6.0,1.0,,,2.0,0.0,Completed,2.1,1.73,2.18,1.77,2.19,1.8,2.12,1.73,8591,547
8592,591,617,617,2024-03-06,2024-03-10,4,kerber|a / kudermetova|v,Indian Wells,BNP Paribas Open,R32,R32,0.20869565217391306,1.0,1.0,0.8095238095238095,55.52587991718427,14,Indian Wells,BNP Paribas Open,2024-03-10,WTA1000,Outdoor,Hard,3rd Round,3,Kerber A.,Kudermetova V.,607.0,19.0,71.0,2305.0,6.0,4.0,7.0,5.0,,,2.0,0.0,Completed,2.38,1.57,2.4,1.65,2.47,1.65,2.37,1.59,8592,548
8594,593,616,616,2024-03-06,2024-03-10,4,podoroska|n / potapova|a,Indian Wells,BNP Paribas Open,R32,R32,0.20869565217391306,1.0,1.0,0.8095238095238095,55.52587991718427,14,Indian Wells,BNP Paribas Open,2024-03-10,WTA1000,Outdoor,Hard,3rd Round,3,Potapova A.,Podoroska N.,33.0,84.0,1557.0,852.0,6.0,1.0,6.0,1.0,,,2.0,0.0,Completed,1.3,3.5,1.33,3.68,1.33,3.78,1.3,3.53,8594,549
8595,594,615,615,2024-03-06,2024-03-10,4,kalinskaya|a / paolini|j,Indian Wells,BNP Paribas Open,R32,R32,0.20869565217391306,1.0,1.0,0.8095238095238095,55.52587991718427,14,Indian Wells,BNP Paribas Open,2024-03-10,WTA1000,Outdoor,Hard,3rd Round,3,Paolini J.,Kalinskaya A.,14.0,25.0,2700.0,1943.0,6.0,3.0,3.0,6.0,6.0,4.0,2.0,1.0,Completed,2.3,1.62,2.44,1.63,2.45,1.65,2.33,1.61,8595,550
8622,621,612,612,2024-03-06,2024-03-10,4,yuan|y / zheng|q,Indian Wells,BNP Paribas Open,R64,R64,0.20869565217391306,1.0,1.0,0.8095238095238095,55.52587991718427,14,Indian Wells,BNP Paribas Open,2024-03-10,WTA1000,Outdoor,Hard,2nd Round,3,Yuan Y.,Zheng Q.,49.0,8.0,1241.0,4040.0,6.0,4.0,6.0,3.0,,,2.0,0.0,Completed,4.0,1.25,3.99,1.28,4,1.35,3.78,1.27,8622,551
8634,633,609,609,2024-03-06,2024-03-10,4,siniakova|k / svitolina|e,Indian Wells,BNP Paribas Open,R64,R64,0.20869565217391306,1.0,1.0,0.8095238095238095,55.52587991718427,14,Indian Wells,BNP Paribas Open,2024-03-10,WTA1000,Outdoor,Hard,2nd Round,3,Svitolina E.,Siniakova K.,17.0,41.0,2332.0,1352.0,6.0,3.0,2.0,6.0,6.0,1.0,2.0,1.0,Completed,1.44,2.75,1.52,2.71,1.55,2.75,1.49,2.63,8634,552
8635,634,611,611,2024-03-06,2024-03-10,4,navarro|e / tsurenko|l,Indian Wells,BNP Paribas Open,R64,R64,0.20869565217391306,1.0,1.0,0.8095238095238095,55.52587991718427,14,Indian Wells,BNP Paribas Open,2024-03-10,WTA1000,Outdoor,Hard,2nd Round,3,Navarro E.,Tsurenko L.,23.0,37.0,1998.0,1447.0,4.0,6.0,7.0,5.0,7.0,5.0,2.0,1.0,Completed,1.5,2.63,1.45,2.95,1.52,2.95,1.45,2.78,8635,553
8637,636,610,610,2024-03-06,2024-03-10,4,sabalenka|a / stearns|p,Indian Wells,BNP Paribas Open,R64,R64,0.20869565217391306,1.0,1.0,0.8095238095238095,55.52587991718427,14,Indian Wells,BNP Paribas Open,2024-03-10,WTA1000,Outdoor,Hard,2nd Round,3,Sabalenka A.,Stearns P.,2.0,64.0,8725.0,1046.0,6.0,7.0,6.0,2.0,7.0,6.0,2.0,1.0,Completed,1.08,8.0,1.08,9.46,1.13,10.13,1.08,8.05,8637,554
8593,592,618,618,2024-03-06,2024-03-11,5,volynets|k / wozniacki|c,Indian Wells,BNP Paribas Open,R32,R32,0.20869565217391306,1.0,1.0,0.7619047619047619,55.28778467908903,14,Indian Wells,BNP Paribas Open,2024-03-11,WTA1000,Outdoor,Hard,3rd Round,3,Wozniacki C.,Volynets K.,204.0,131.0,373.0,582.0,6.0,2.0,4.0,6.0,6.0,0.0,2.0,1.0,Completed,1.53,2.5,1.52,2.74,1.6,2.77,1.51,2.59,8593,555
8596,595,619,619,2024-03-06,2024-03-11,5,haddad maia|b / pavlyuchenkova|a <> maia|b / pavlyuchenkova|a,Indian Wells,BNP Paribas Open,R32,R32,0.20869565217391306,1.0,1.0,0.7619047619047619,55.28778467908903,14,Indian Wells,BNP Paribas Open,2024-03-11,WTA1000,Outdoor,Hard,3rd Round,3,Pavlyuchenkova A.,Haddad Maia B.,24.0,13.0,1981.0,2870.0,2.0,6.0,6.0,4.0,6.0,3.0,2.0,1.0,Completed,1.57,2.38,1.59,2.53,1.62,2.53,1.57,2.42,8596,556
8597,596,620,620,2024-03-06,2024-03-11,5,kostyuk|m / vondrousova|m,Indian Wells,BNP Paribas Open,R32,R32,0.20869565217391306,1.0,1.0,0.7619047619047619,55.28778467908903,14,Indian Wells,BNP Paribas Open,2024-03-11,WTA1000,Outdoor,Hard,3rd Round,3,Kostyuk M.,Vondrousova M.,32.0,7.0,1566.0,4070.0,,,,,,,,,Walkover,2.5,1.53,2.6,1.56,2.75,1.57,2.54,1.52,8597,557
8598,597,622,622,2024-03-06,2024-03-11,5,dolehide|c / yuan|y,Indian Wells,BNP Paribas Open,R32,R32,0.20869565217391306,1.0,1.0,0.7619047619047619,55.28778467908903,14,Indian Wells,BNP Paribas Open,2024-03-11,WTA1000,Outdoor,Hard,3rd Round,3,Yuan Y.,Dolehide C.,49.0,51.0,1241.0,1200.0,1.0,6.0,6.0,4.0,7.0,6.0,2.0,1.0,Completed,1.44,2.75,1.52,2.69,1.54,2.75,1.5,2.6,8598,558
8599,598,624,624,2024-03-06,2024-03-11,5,kasatkina|d / stephens|s,Indian Wells,BNP Paribas Open,R32,R32,0.20869565217391306,1.0,1.0,0.7619047619047619,55.28778467908903,14,Indian Wells,BNP Paribas Open,2024-03-11,WTA1000,Outdoor,Hard,3rd Round,3,Kasatkina D.,Stephens S.,12.0,44.0,3063.0,1297.0,2.0,6.0,6.0,4.0,6.0,4.0,2.0,1.0,Completed,1.73,2.1,1.89,2.02,1.89,2.12,1.8,2.02,8599,559
8600,599,625,625,2024-03-06,2024-03-11,5,mertens|e / osaka|n,Indian Wells,BNP Paribas Open,R32,R32,0.20869565217391306,1.0,1.0,0.7619047619047619,55.28778467908903,14,Indian Wells,BNP Paribas Open,2024-03-11,WTA1000,Outdoor,Hard,3rd Round,3,Mertens E.,Osaka N.,28.0,287.0,1646.0,258.0,7.0,5.0,6.0,4.0,,,2.0,0.0,Completed,2.38,1.57,2.28,1.71,2.38,1.71,2.25,1.65,8600,560
8601,600,621,621,2024-03-06,2024-03-11,5,bronzetti|l / gauff|c,Indian Wells,BNP Paribas Open,R32,R32,0.20869565217391306,1.0,1.0,0.7619047619047619,55.28778467908903,14,Indian Wells,BNP Paribas Open,2024-03-11,WTA1000,Outdoor,Hard,3rd Round,3,Gauff C.,Bronzetti L.,3.0,53.0,6975.0,1192.0,6.0,2.0,7.0,6.0,,,2.0,0.0,Completed,1.11,6.5,1.12,7.82,1.13,8.18,1.1,7.08,8601,561
8602,601,626,626,2024-03-06,2024-03-11,5,blinkova|a / parry|d,Indian Wells,BNP Paribas Open,R32,R32,0.20869565217391306,1.0,1.0,0.7619047619047619,55.28778467908903,14,Indian Wells,BNP Paribas Open,2024-03-11,WTA1000,Outdoor,Hard,3rd Round,3,Parry D.,Blinkova A.,61.0,45.0,1098.0,1270.0,6.0,4.0,6.0,3.0,,,2.0,0.0,Completed,2.1,1.73,2.09,1.83,2.25,1.83,2.08,1.76,8602,562
8605,604,623,623,2024-03-06,2024-03-11,5,raducanu|e / sabalenka|a,Indian Wells,BNP Paribas Open,R32,R32,0.20869565217391306,1.0,1.0,0.7619047619047619,55.28778467908903,14,Indian Wells,BNP Paribas Open,2024-03-11,WTA1000,Outdoor,Hard,3rd Round,3,Sabalenka A.,Raducanu E.,2.0,250.0,8725.0,301.0,6.0,3.0,7.0,5.0,,,2.0,0.0,Completed,1.17,5.0,1.23,4.76,1.23,5.05,1.2,4.6,8605,563
8584,583,629,629,2024-03-06,2024-03-12,6,paolini|j / potapova|a,Indian Wells,BNP Paribas Open,R16,R16,0.20869565217391306,1.0,1.0,0.7142857142857143,55.04968944099379,14,Indian Wells,BNP Paribas Open,2024-03-12,WTA1000,Outdoor,Hard,4th Round,3,Potapova A.,Paolini J.,33.0,14.0,1557.0,2700.0,7.0,5.0,0.0,6.0,6.0,3.0,2.0,1.0,Completed,2.2,1.67,2.14,1.79,2.22,1.81,2.13,1.72,8584,564
8585,584,630,630,2024-03-06,2024-03-12,6,kostyuk|m / pavlyuchenkova|a,Indian Wells,BNP Paribas Open,R16,R16,0.20869565217391306,1.0,1.0,0.7142857142857143,55.04968944099379,14,Indian Wells,BNP Paribas Open,2024-03-12,WTA1000,Outdoor,Hard,4th Round,3,Kostyuk M.,Pavlyuchenkova A.,32.0,24.0,1566.0,1981.0,6.0,4.0,6.0,1.0,,,2.0,0.0,Completed,2.2,1.67,2.26,1.72,2.36,1.73,2.19,1.69,8585,565
8603,602,627,627,2024-03-06,2024-03-12,6,garcia|c / sakkari|m,Indian Wells,BNP Paribas Open,R32,R32,0.20869565217391306,1.0,1.0,0.7142857142857143,55.04968944099379,14,Indian Wells,BNP Paribas Open,2024-03-12,WTA1000,Outdoor,Hard,3rd Round,3,Sakkari M.,Garcia C.,9.0,26.0,3565.0,1920.0,6.0,3.0,6.0,4.0,,,2.0,0.0,Completed,1.53,2.5,1.6,2.52,1.6,2.52,1.56,2.44,8603,566
8604,603,628,628,2024-03-06,2024-03-12,6,navarro|e / svitolina|e,Indian Wells,BNP Paribas Open,R32,R32,0.20869565217391306,1.0,1.0,0.7142857142857143,55.04968944099379,14,Indian Wells,BNP Paribas Open,2024-03-12,WTA1000,Outdoor,Hard,3rd Round,3,Navarro E.,Svitolina E.,23.0,17.0,1998.0,2332.0,6.0,1.0,4.0,6.0,6.0,3.0,2.0,1.0,Completed,2.2,1.67,2.31,1.68,2.32,1.7,2.24,1.65,8604,567
8582,581,632,632,2024-03-06,2024-03-13,7,putintseva|y / swiatek|i,Indian Wells,BNP Paribas Open,R16,R16,0.20869565217391306,1.0,1.0,0.6666666666666667,54.811594202898554,14,Indian Wells,BNP Paribas Open,2024-03-13,WTA1000,Outdoor,Hard,4th Round,3,Swiatek I.,Putintseva Y.,1.0,79.0,10105.0,898.0,6.0,1.0,6.0,2.0,,,2.0,0.0,Completed,1.03,15.0,1.05,16.23,1.05,16.23,1.04,12.45,8582,568
8583,582,631,631,2024-03-06,2024-03-13,7,kerber|a / wozniacki|c,Indian Wells,BNP Paribas Open,R16,R16,0.20869565217391306,1.0,1.0,0.6666666666666667,54.811594202898554,14,Indian Wells,BNP Paribas Open,2024-03-13,WTA1000,Outdoor,Hard,4th Round,3,Wozniacki C.,Kerber A.,204.0,607.0,373.0,71.0,6.0,4.0,6.0,2.0,,,2.0,0.0,Completed,1.73,2.1,1.76,2.2,1.81,2.21,1.73,2.12,8583,569
8587,586,634,634,2024-03-06,2024-03-13,7,gauff|c / mertens|e,Indian Wells,BNP Paribas Open,R16,R16,0.20869565217391306,1.0,1.0,0.6666666666666667,54.811594202898554,14,Indian Wells,BNP Paribas Open,2024-03-13,WTA1000,Outdoor,Hard,4th Round,3,Gauff C.,Mertens E.,3.0,28.0,6975.0,1646.0,6.0,0.0,6.0,2.0,,,2.0,0.0,Completed,1.29,3.75,1.34,3.57,1.35,3.92,1.3,3.56,8587,570
8588,587,635,635,2024-03-06,2024-03-13,7,parry|d / sakkari|m,Indian Wells,BNP Paribas Open,R16,R16,0.20869565217391306,1.0,1.0,0.6666666666666667,54.811594202898554,14,Indian Wells,BNP Paribas Open,2024-03-13,WTA1000,Outdoor,Hard,4th Round,3,Sakkari M.,Parry D.,9.0,61.0,3565.0,1098.0,6.0,2.0,3.0,6.0,6.0,3.0,2.0,1.0,Completed,1.4,3.0,1.42,3.1,1.44,3.14,1.4,2.97,8588,571
8589,588,633,633,2024-03-06,2024-03-13,7,navarro|e / sabalenka|a,Indian Wells,BNP Paribas Open,R16,R16,0.20869565217391306,1.0,1.0,0.6666666666666667,54.811594202898554,14,Indian Wells,BNP Paribas Open,2024-03-13,WTA1000,Outdoor,Hard,4th Round,3,Navarro E.,Sabalenka A.,23.0,2.0,1998.0,8725.0,6.0,3.0,3.0,6.0,6.0,2.0,2.0,1.0,Completed,4.5,1.2,4.41,1.25,4.54,1.25,4.3,1.22,8589,572
8578,577,638,638,2024-03-06,2024-03-14,8,swiatek|i / wozniacki|c,Indian Wells,BNP Paribas Open,QF,QF,0.20869565217391306,1.0,1.0,0.6190476190476191,54.57349896480331,14,Indian Wells,BNP Paribas Open,2024-03-14,WTA1000,Outdoor,Hard,Quarterfinals,3,Swiatek I.,Wozniacki C.,1.0,204.0,10105.0,373.0,6.0,4.0,1.0,0.0,,,1.0,0.0,Retired,1.08,8.0,1.08,9.31,1.1,10.44,1.08,8.55,8578,573
8579,578,637,637,2024-03-06,2024-03-14,8,kostyuk|m / potapova|a,Indian Wells,BNP Paribas Open,QF,QF,0.20869565217391306,1.0,1.0,0.6190476190476191,54.57349896480331,14,Indian Wells,BNP Paribas Open,2024-03-14,WTA1000,Outdoor,Hard,Quarterfinals,3,Kostyuk M.,Potapova A.,32.0,33.0,1566.0,1557.0,6.0,0.0,7.0,5.0,,,2.0,0.0,Completed,1.67,2.2,1.66,2.34,1.7,2.37,1.66,2.24,8579,574
8580,579,639,639,2024-03-06,2024-03-14,8,gauff|c / yuan|y,Indian Wells,BNP Paribas Open,QF,QF,0.20869565217391306,1.0,1.0,0.6190476190476191,54.57349896480331,14,Indian Wells,BNP Paribas Open,2024-03-14,WTA1000,Outdoor,Hard,Quarterfinals,3,Gauff C.,Yuan Y.,3.0,49.0,6975.0,1241.0,6.0,4.0,6.0,3.0,,,2.0,0.0,Completed,1.14,5.5,1.18,5.63,1.19,6.1,1.16,5.34,8580,575
8586,585,636,636,2024-03-06,2024-03-14,8,kasatkina|d / yuan|y,Indian Wells,BNP Paribas Open,R16,R16,0.20869565217391306,1.0,1.0,0.6190476190476191,54.57349896480331,14,Indian Wells,BNP Paribas Open,2024-03-14,WTA1000,Outdoor,Hard,4th Round,3,Yuan Y.,Kasatkina D.,49.0,12.0,1241.0,3063.0,4.0,6.0,6.0,4.0,6.0,3.0,2.0,1.0,Completed,2.5,1.53,2.58,1.57,2.62,1.61,2.48,1.54,8586,576
8576,575,641,641,2024-03-06,2024-03-15,9,kostyuk|m / swiatek|i,Indian Wells,BNP Paribas Open,SF,SF,0.20869565217391306,1.0,1.0,0.5714285714285714,54.33540372670807,14,Indian Wells,BNP Paribas Open,2024-03-15,WTA1000,Outdoor,Hard,Semifinals,3,Swiatek I.,Kostyuk M.,1.0,32.0,10105.0,1566.0,6.0,2.0,6.0,1.0,,,2.0,0.0,Completed,1.1,7.0,1.13,7.29,1.13,9.17,1.11,6.83,8576,577
8581,580,640,640,2024-03-06,2024-03-15,9,navarro|e / sakkari|m,Indian Wells,BNP Paribas Open,QF,QF,0.20869565217391306,1.0,1.0,0.5714285714285714,54.33540372670807,14,Indian Wells,BNP Paribas Open,2024-03-15,WTA1000,Outdoor,Hard,Quarterfinals,3,Sakkari M.,Navarro E.,9.0,23.0,3565.0,1998.0,5.0,7.0,6.0,2.0,6.0,4.0,2.0,1.0,Completed,2.1,1.73,2.17,1.76,2.2,1.8,2.09,1.75,8581,578
8577,576,642,642,2024-03-06,2024-03-16,10,gauff|c / sakkari|m,Indian Wells,BNP Paribas Open,SF,SF,0.20869565217391306,1.0,1.0,0.5238095238095238,54.09730848861284,14,Indian Wells,BNP Paribas Open,2024-03-16,WTA1000,Outdoor,Hard,Semifinals,3,Sakkari M.,Gauff C.,9.0,3.0,3565.0,6975.0,6.0,4.0,6.0,7.0,6.0,2.0,2.0,1.0,Completed,3.4,1.33,3.64,1.33,3.64,1.37,3.32,1.34,8577,579
8575,574,643,643,2024-03-06,2024-03-17,11,sakkari|m / swiatek|i,Indian Wells,BNP Paribas Open,F,F,0.20869565217391306,1.0,1.0,0.47619047619047616,53.8592132505176,14,Indian Wells,BNP Paribas Open,2024-03-17,WTA1000,Outdoor,Hard,The Final,3,Swiatek I.,Sakkari M.,1.0,9.0,10105.0,3565.0,6.0,4.0,6.0,0.0,,,2.0,0.0,Completed,1.2,4.5,1.17,5.8,1.21,5.8,1.18,5.07,8575,580
8748,747,645,645,2024-03-18,2024-03-19,1,blinkova|a / yuan|y,Miami,Miami Open,R128,R128,1.0,1.0,1.0,0.9523809523809523,99.76190476190476,15,Miami,Miami Open,2024-03-19,WTA1000,Outdoor,Hard,1st Round,3,Yuan Y.,Blinkova A.,37.0,44.0,1436.0,1300.0,6.0,4.0,6.0,2.0,,,2.0,0.0,Completed,1.67,2.2,1.74,2.2,1.74,2.22,1.69,2.16,8748,581
8749,748,647,647,2024-03-18,2024-03-19,1,saville|d / zhang|s,Miami,Miami Open,R128,R128,1.0,1.0,1.0,0.9523809523809523,99.76190476190476,15,Miami,Miami Open,2024-03-19,WTA1000,Outdoor,Hard,1st Round,3,Saville D.,Zhang S.,115.0,711.0,661.0,49.0,6.0,4.0,2.0,6.0,6.0,4.0,2.0,1.0,Completed,1.25,4.0,1.23,4.67,1.26,4.67,1.22,4.17,8749,582
8751,750,650,650,2024-03-18,2024-03-19,1,krunic|a / siegemund|l,Miami,Miami Open,R128,R128,1.0,1.0,1.0,0.9523809523809523,99.76190476190476,15,Miami,Miami Open,2024-03-19,WTA1000,Outdoor,Hard,1st Round,3,Siegemund L.,Krunic A.,90.0,626.0,795.0,66.0,4.0,6.0,6.0,2.0,6.0,2.0,2.0,1.0,Completed,1.2,4.5,1.24,4.5,1.26,4.6,1.22,4.22,8751,583
8753,752,649,649,2024-03-18,2024-03-19,1,shnaider|d / williams|v,Miami,Miami Open,R128,R128,1.0,1.0,1.0,0.9523809523809523,99.76190476190476,15,Miami,Miami Open,2024-03-19,WTA1000,Outdoor,Hard,1st Round,3,Shnaider D.,Williams V.,62.0,457.0,1076.0,122.0,6.0,3.0,6.0,3.0,,,2.0,0.0,Completed,1.14,5.5,1.13,6.84,1.16,6.84,1.13,5.88,8753,584
8754,753,653,653,2024-03-18,2024-03-19,1,bronzetti|l / townsend|t,Miami,Miami Open,R128,R128,1.0,1.0,1.0,0.9523809523809523,99.76190476190476,15,Miami,Miami Open,2024-03-19,WTA1000,Outdoor,Hard,1st Round,3,Townsend T.,Bronzetti L.,72.0,49.0,974.0,1247.0,3.0,6.0,6.0,3.0,6.0,4.0,2.0,1.0,Completed,1.53,2.5,1.61,2.46,1.62,2.51,1.57,2.39,8754,585
8755,754,648,648,2024-03-18,2024-03-19,1,dolehide|c / tauson|c,Miami,Miami Open,R128,R128,1.0,1.0,1.0,0.9523809523809523,99.76190476190476,15,Miami,Miami Open,2024-03-19,WTA1000,Outdoor,Hard,1st Round,3,Tauson C.,Dolehide C.,91.0,50.0,793.0,1245.0,6.0,3.0,3.0,6.0,6.0,2.0,2.0,1.0,Completed,1.5,2.63,1.53,2.63,1.63,2.63,1.53,2.47,8755,586
8756,755,651,651,2024-03-18,2024-03-19,1,bogdan|a / siniakova|k,Miami,Miami Open,R128,R128,1.0,1.0,1.0,0.9523809523809523,99.76190476190476,15,Miami,Miami Open,2024-03-19,WTA1000,Outdoor,Hard,1st Round,3,Siniakova K.,Bogdan A.,42.0,66.0,1352.0,1054.0,6.0,2.0,6.0,4.0,,,2.0,0.0,Completed,1.5,2.63,1.51,2.72,1.53,2.72,1.49,2.6,8756,587
8757,756,646,646,2024-03-18,2024-03-19,1,stearns|p / wang|y,Miami,Miami Open,R128,R128,1.0,1.0,1.0,0.9523809523809523,99.76190476190476,15,Miami,Miami Open,2024-03-19,WTA1000,Outdoor,Hard,1st Round,3,Stearns P.,Wang Y.,67.0,64.0,1046.0,1060.0,6.0,2.0,6.0,3.0,,,2.0,0.0,Completed,1.8,2.0,1.81,2.09,1.82,2.1,1.78,2.03,8757,588
8758,757,654,654,2024-03-18,2024-03-19,1,carle|m / fruhvirtova|b,Miami,Miami Open,R128,R128,1.0,1.0,1.0,0.9523809523809523,99.76190476190476,15,Miami,Miami Open,2024-03-19,WTA1000,Outdoor,Hard,1st Round,3,Fruhvirtova B.,Carle M.,105.0,100.0,704.0,726.0,6.0,3.0,6.0,3.0,,,2.0,0.0,Completed,1.44,2.75,1.52,2.68,1.53,2.8,1.48,2.65,8758,589
8759,758,659,659,2024-03-18,2024-03-19,1,cristian|j / parry|d,Miami,Miami Open,R128,R128,1.0,1.0,1.0,0.9523809523809523,99.76190476190476,15,Miami,Miami Open,2024-03-19,WTA1000,Outdoor,Hard,1st Round,3,Parry D.,Cristian J.,54.0,82.0,1200.0,884.0,7.0,6.0,6.0,2.0,,,2.0,0.0,Completed,1.4,3.0,1.47,2.88,1.5,3.0,1.45,2.75,8759,590
8760,759,658,658,2024-03-18,2024-03-19,1,bucsa|c / putintseva|y,Miami,Miami Open,R128,R128,1.0,1.0,1.0,0.9523809523809523,99.76190476190476,15,Miami,Miami Open,2024-03-19,WTA1000,Outdoor,Hard,1st Round,3,Putintseva Y.,Bucsa C.,68.0,74.0,1008.0,965.0,6.0,2.0,3.0,6.0,6.0,4.0,2.0,1.0,Completed,1.44,2.75,1.49,2.8,1.49,3.15,1.44,2.76,8760,591
8761,760,657,657,2024-03-18,2024-03-19,1,linette|m / tsurenko|l,Miami,Miami Open,R128,R128,1.0,1.0,1.0,0.9523809523809523,99.76190476190476,15,Miami,Miami Open,2024-03-19,WTA1000,Outdoor,Hard,1st Round,3,Tsurenko L.,Linette M.,40.0,55.0,1387.0,1190.0,2.0,6.0,6.0,1.0,6.0,4.0,2.0,1.0,Completed,1.57,2.38,1.65,2.37,1.65,2.45,1.6,2.32,8761,592
8762,761,652,652,2024-03-18,2024-03-19,1,burel|c / wozniacki|c,Miami,Miami Open,R128,R128,1.0,1.0,1.0,0.9523809523809523,99.76190476190476,15,Miami,Miami Open,2024-03-19,WTA1000,Outdoor,Hard,1st Round,3,Wozniacki C.,Burel C.,129.0,45.0,588.0,1287.0,6.0,1.0,6.0,4.0,,,2.0,0.0,Completed,1.57,2.38,1.57,2.55,1.66,2.55,1.59,2.35,8762,593
8763,762,656,656,2024-03-18,2024-03-19,1,badosa|p / halep|s,Miami,Miami Open,R128,R128,1.0,1.0,1.0,0.9523809523809523,99.76190476190476,15,Miami,Miami Open,2024-03-19,WTA1000,Outdoor,Hard,1st Round,3,Badosa P.,Halep S.,80.0,,906.0,,1.0,6.0,6.0,4.0,6.0,3.0,2.0,1.0,Completed,2.0,1.8,2.23,1.72,2.23,1.83,2.08,1.74,8763,594
8732,731,661,661,2024-03-18,2024-03-20,2,frech|m / giorgi|c,Miami,Miami Open,R128,R128,1.0,1.0,1.0,0.9047619047619048,99.52380952380952,15,Miami,Miami Open,2024-03-20,WTA1000,Outdoor,Hard,1st Round,3,Giorgi C.,Frech M.,107.0,47.0,691.0,1270.0,6.0,4.0,6.0,2.0,,,2.0,0.0,Completed,2.1,1.73,2.1,1.81,2.12,1.81,2.05,1.76,8732,595
8733,732,663,663,2024-03-18,2024-03-20,2,gracheva|v / timofeeva|m,Miami,Miami Open,R128,R128,1.0,1.0,1.0,0.9047619047619048,99.52380952380952,15,Miami,Miami Open,2024-03-20,WTA1000,Outdoor,Hard,1st Round,3,Timofeeva M.,Gracheva V.,99.0,83.0,726.0,876.0,6.0,3.0,6.0,3.0,,,2.0,0.0,Completed,1.4,3.0,1.37,3.33,1.4,3.4,1.37,3.1,8733,596
8734,733,668,668,2024-03-18,2024-03-20,2,fruhvirtova|l / rogers|s,Miami,Miami Open,R128,R128,1.0,1.0,1.0,0.9047619047619048,99.52380952380952,15,Miami,Miami Open,2024-03-20,WTA1000,Outdoor,Hard,1st Round,3,Rogers S.,Fruhvirtova L.,325.0,138.0,208.0,536.0,4.0,6.0,6.0,4.0,6.0,2.0,2.0,1.0,Completed,2.0,1.8,2.08,1.82,2.08,1.85,2.0,1.8,8734,597
8736,735,673,673,2024-03-18,2024-03-20,2,kenin|s / volynets|k,Miami,Miami Open,R128,R128,1.0,1.0,1.0,0.9047619047619048,99.52380952380952,15,Miami,Miami Open,2024-03-20,WTA1000,Outdoor,Hard,1st Round,3,Volynets K.,Kenin S.,121.0,58.0,637.0,1164.0,6.0,2.0,4.0,6.0,6.0,3.0,2.0,1.0,Completed,1.91,1.91,1.87,2.02,1.91,2.02,1.86,1.93,8736,598
8737,736,674,674,2024-03-18,2024-03-20,2,hunter|s / trevisan|m,Miami,Miami Open,R128,R128,1.0,1.0,1.0,0.9047619047619048,99.52380952380952,15,Miami,Miami Open,2024-03-20,WTA1000,Outdoor,Hard,1st Round,3,Hunter S.,Trevisan M.,122.0,61.0,636.0,1084.0,6.0,3.0,3.0,0.0,,,1.0,0.0,Retired,1.5,2.63,1.53,2.66,1.56,2.66,1.51,2.54,8737,599
8738,737,666,666,2024-03-18,2024-03-20,2,arango|e / maria|t,Miami,Miami Open,R128,R128,1.0,1.0,1.0,0.9047619047619048,99.52380952380952,15,Miami,Miami Open,2024-03-20,WTA1000,Outdoor,Hard,1st Round,3,Arango E.,Maria T.,123.0,48.0,635.0,1270.0,6.0,2.0,6.0,3.0,,,2.0,0.0,Completed,2.63,1.5,2.68,1.53,2.75,1.54,2.61,1.49,8738,600
8739,738,660,660,2024-03-18,2024-03-20,2,bouzkova|m / zhu|l,Miami,Miami Open,R128,R128,1.0,1.0,1.0,0.9047619047619048,99.52380952380952,15,Miami,Miami Open,2024-03-20,WTA1000,Outdoor,Hard,1st Round,3,Zhu L.,Bouzkova M.,63.0,39.0,1072.0,1404.0,6.0,2.0,6.0,4.0,,,2.0,0.0,Completed,2.63,1.5,2.57,1.56,2.63,1.56,2.5,1.53,8739,601
8740,739,671,671,2024-03-18,2024-03-20,2,krueger|a / podoroska|n,Miami,Miami Open,R128,R128,1.0,1.0,1.0,0.9047619047619048,99.52380952380952,15,Miami,Miami Open,2024-03-20,WTA1000,Outdoor,Hard,1st Round,3,Podoroska N.,Krueger A.,78.0,75.0,919.0,963.0,6.0,4.0,6.0,2.0,,,2.0,0.0,Completed,2.75,1.44,2.72,1.51,2.9,1.51,2.72,1.45,8740,602
8741,740,669,669,2024-03-18,2024-03-20,2,rus|a / sorribes tormo|s <> rus|a / tormo|s,Miami,Miami Open,R128,R128,1.0,1.0,1.0,0.9047619047619048,99.52380952380952,15,Miami,Miami Open,2024-03-20,WTA1000,Outdoor,Hard,1st Round,3,Rus A.,Sorribes Tormo S.,57.0,52.0,1174.0,1218.0,6.0,0.0,6.0,3.0,,,2.0,0.0,Completed,2.1,1.73,2.03,1.86,2.1,1.86,2.03,1.78,8741,603
8742,741,670,670,2024-03-18,2024-03-20,2,korpatsch|t / tomova|v,Miami,Miami Open,R128,R128,1.0,1.0,1.0,0.9047619047619048,99.52380952380952,15,Miami,Miami Open,2024-03-20,WTA1000,Outdoor,Hard,1st Round,3,Tomova V.,Korpatsch T.,73.0,77.0,969.0,928.0,6.0,2.0,6.0,4.0,,,2.0,0.0,Completed,1.57,2.38,1.58,2.52,1.59,2.52,1.55,2.43,8742,604
8743,742,675,675,2024-03-18,2024-03-20,2,cocciaretto|e / osaka|n,Miami,Miami Open,R128,R128,1.0,1.0,1.0,0.9047619047619048,99.52380952380952,15,Miami,Miami Open,2024-03-20,WTA1000,Outdoor,Hard,1st Round,3,Osaka N.,Cocciaretto E.,229.0,51.0,323.0,1238.0,6.0,3.0,6.0,4.0,,,2.0,0.0,Completed,1.5,2.63,1.52,2.7,1.54,2.81,1.48,2.62,8743,605
8744,743,665,665,2024-03-18,2024-03-20,2,liu|c / martic|p,Miami,Miami Open,R128,R128,1.0,1.0,1.0,0.9047619047619048,99.52380952380952,15,Miami,Miami Open,2024-03-20,WTA1000,Outdoor,Hard,1st Round,3,Liu C.,Martic P.,114.0,60.0,662.0,1143.0,6.0,4.0,6.0,1.0,,,2.0,0.0,Completed,2.2,1.67,2.38,1.64,2.38,1.67,2.28,1.62,8744,606
8745,744,664,664,2024-03-18,2024-03-20,2,kerber|a / stephens|s,Miami,Miami Open,R128,R128,1.0,1.0,1.0,0.9047619047619048,99.52380952380952,15,Miami,Miami Open,2024-03-20,WTA1000,Outdoor,Hard,1st Round,3,Stephens S.,Kerber A.,41.0,342.0,1352.0,191.0,6.0,2.0,6.0,3.0,,,2.0,0.0,Completed,1.67,2.2,1.63,2.42,1.69,2.42,1.64,2.23,8745,607
8746,745,667,667,2024-03-18,2024-03-20,2,collins|d / pera|b,Miami,Miami Open,R128,R128,1.0,1.0,1.0,0.9047619047619048,99.52380952380952,15,Miami,Miami Open,2024-03-20,WTA1000,Outdoor,Hard,1st Round,3,Collins D.,Pera B.,53.0,81.0,1205.0,906.0,3.0,6.0,6.0,1.0,6.0,1.0,2.0,1.0,Completed,1.25,4.0,1.26,4.2,1.28,4.25,1.25,3.93,8746,608
8747,746,662,662,2024-03-18,2024-03-20,2,andreeva|e / avanesyan|e,Miami,Miami Open,R128,R128,1.0,1.0,1.0,0.9047619047619048,99.52380952380952,15,Miami,Miami Open,2024-03-20,WTA1000,Outdoor,Hard,1st Round,3,Avanesyan E.,Andreeva E.,65.0,94.0,1059.0,767.0,6.0,0.0,3.0,6.0,6.0,1.0,2.0,1.0,Completed,3.0,1.4,3.12,1.41,3.25,1.44,2.97,1.39,8747,609
8716,715,682,682,2024-03-18,2024-03-21,3,sakkari|m / yuan|y,Miami,Miami Open,R64,R64,1.0,1.0,1.0,0.8571428571428572,99.28571428571429,15,Miami,Miami Open,2024-03-21,WTA1000,Outdoor,Hard,2nd Round,3,Sakkari M.,Yuan Y.,9.0,37.0,3825.0,1436.0,6.0,2.0,6.0,2.0,,,2.0,0.0,Completed,1.44,2.75,1.44,2.99,1.46,2.99,1.43,2.79,8716,610
8717,716,684,684,2024-03-18,2024-03-21,3,saville|d / yastremska|d,Miami,Miami Open,R64,R64,1.0,1.0,1.0,0.8571428571428572,99.28571428571429,15,Miami,Miami Open,2024-03-21,WTA1000,Outdoor,Hard,2nd Round,3,Yastremska D.,Saville D.,33.0,115.0,1577.0,661.0,7.0,5.0,7.0,5.0,,,2.0,0.0,Completed,2.1,1.73,2.14,1.78,2.2,1.8,2.09,1.72,8717,611
8719,718,686,686,2024-03-18,2024-03-21,3,ostapenko|j / siegemund|l,Miami,Miami Open,R64,R64,1.0,1.0,1.0,0.8571428571428572,99.28571428571429,15,Miami,Miami Open,2024-03-21,WTA1000,Outdoor,Hard,2nd Round,3,Ostapenko J.,Siegemund L.,10.0,90.0,3493.0,795.0,7.0,6.0,6.0,4.0,,,2.0,0.0,Completed,1.3,3.5,1.4,3.25,1.4,3.53,1.35,3.16,8719,612
8721,720,685,685,2024-03-18,2024-03-21,3,keys|m / shnaider|d,Miami,Miami Open,R64,R64,1.0,1.0,1.0,0.8571428571428572,99.28571428571429,15,Miami,Miami Open,2024-03-21,WTA1000,Outdoor,Hard,2nd Round,3,Keys M.,Shnaider D.,18.0,62.0,2342.0,1076.0,6.0,2.0,6.0,4.0,,,2.0,0.0,Completed,1.8,2.0,1.88,2.02,1.88,2.02,1.82,1.97,8721,613
8722,721,677,677,2024-03-18,2024-03-21,3,mertens|e / townsend|t,Miami,Miami Open,R64,R64,1.0,1.0,1.0,0.8571428571428572,99.28571428571429,15,Miami,Miami Open,2024-03-21,WTA1000,Outdoor,Hard,2nd Round,3,Townsend T.,Mertens E.,72.0,28.0,974.0,1756.0,6.0,2.0,6.0,2.0,,,2.0,0.0,Completed,2.5,1.53,2.46,1.61,2.58,1.61,2.41,1.56,8722,614
8724,723,687,687,2024-03-18,2024-03-21,3,siniakova|k / zheng|q,Miami,Miami Open,R64,R64,1.0,1.0,1.0,0.8571428571428572,99.28571428571429,15,Miami,Miami Open,2024-03-21,WTA1000,Outdoor,Hard,2nd Round,3,Zheng Q.,Siniakova K.,7.0,42.0,4050.0,1352.0,4.0,6.0,6.0,3.0,1.0,0.0,1.0,1.0,Retired,1.44,2.75,1.56,2.58,1.56,2.77,1.48,2.61,8724,615
8726,725,676,676,2024-03-18,2024-03-21,3,boulter|k / fruhvirtova|b,Miami,Miami Open,R64,R64,1.0,1.0,1.0,0.8571428571428572,99.28571428571429,15,Miami,Miami Open,2024-03-21,WTA1000,Outdoor,Hard,2nd Round,3,Boulter K.,Fruhvirtova B.,30.0,105.0,1690.0,704.0,7.0,6.0,1.0,0.0,,,1.0,0.0,Retired,1.53,2.5,1.53,2.67,1.57,2.67,1.52,2.5,8726,616
8727,726,678,678,2024-03-18,2024-03-21,3,haddad maia|b / parry|d <> maia|b / parry|d,Miami,Miami Open,R64,R64,1.0,1.0,1.0,0.8571428571428572,99.28571428571429,15,Miami,Miami Open,2024-03-21,WTA1000,Outdoor,Hard,2nd Round,3,Haddad Maia B.,Parry D.,13.0,54.0,2870.0,1200.0,3.0,6.0,6.0,1.0,6.0,4.0,2.0,1.0,Completed,1.62,2.3,1.63,2.42,1.64,2.5,1.59,2.35,8727,617
8728,727,683,683,2024-03-18,2024-03-21,3,putintseva|y / samsonova|l,Miami,Miami Open,R64,R64,1.0,1.0,1.0,0.8571428571428572,99.28571428571429,15,Miami,Miami Open,2024-03-21,WTA1000,Outdoor,Hard,2nd Round,3,Putintseva Y.,Samsonova L.,68.0,15.0,1008.0,2605.0,6.0,1.0,4.0,6.0,6.0,3.0,2.0,1.0,Completed,2.63,1.5,2.77,1.5,2.77,1.5,2.65,1.48,8728,618
8729,728,679,679,2024-03-18,2024-03-21,3,minnen|g / tsurenko|l,Miami,Miami Open,R64,R64,1.0,1.0,1.0,0.8571428571428572,99.28571428571429,15,Miami,Miami Open,2024-03-21,WTA1000,Outdoor,Hard,2nd Round,3,Minnen G.,Tsurenko L.,79.0,40.0,908.0,1387.0,7.0,5.0,6.0,1.0,,,2.0,0.0,Completed,2.3,1.62,2.59,1.56,2.59,1.63,2.41,1.56,8729,619
8730,729,680,680,2024-03-18,2024-03-21,3,kalinina|a / wozniacki|c,Miami,Miami Open,R64,R64,1.0,1.0,1.0,0.8571428571428572,99.28571428571429,15,Miami,Miami Open,2024-03-21,WTA1000,Outdoor,Hard,2nd Round,3,Kalinina A.,Wozniacki C.,36.0,129.0,1483.0,588.0,5.0,7.0,7.0,5.0,6.0,4.0,2.0,1.0,Completed,3.2,1.36,3.3,1.38,3.3,1.4,3.11,1.36,8730,620
8702,701,694,694,2024-03-18,2024-03-22,4,pavlyuchenkova|a / rogers|s,Miami,Miami Open,R64,R64,1.0,1.0,1.0,0.8095238095238095,99.04761904761905,15,Miami,Miami Open,2024-03-22,WTA1000,Outdoor,Hard,2nd Round,3,Pavlyuchenkova A.,Rogers S.,22.0,325.0,2091.0,208.0,6.0,2.0,6.0,1.0,,,2.0,0.0,Completed,1.22,4.33,1.22,4.75,1.23,4.98,1.2,4.49,8702,621
8703,702,693,693,2024-03-18,2024-03-22,4,alexandrova|e / vekic|d,Miami,Miami Open,R64,R64,1.0,1.0,1.0,0.8095238095238095,99.04761904761905,15,Miami,Miami Open,2024-03-22,WTA1000,Outdoor,Hard,2nd Round,3,Alexandrova E.,Vekic D.,16.0,34.0,2475.0,1518.0,6.0,3.0,6.0,4.0,,,2.0,0.0,Completed,1.91,1.91,2.04,1.85,2.04,1.91,1.95,1.84,8703,622
8705,704,695,695,2024-03-18,2024-03-22,4,hunter|s / navarro|e,Miami,Miami Open,R64,R64,1.0,1.0,1.0,0.8095238095238095,99.04761904761905,15,Miami,Miami Open,2024-03-22,WTA1000,Outdoor,Hard,2nd Round,3,Navarro E.,Hunter S.,20.0,122.0,2178.0,636.0,6.0,4.0,6.0,3.0,,,2.0,0.0,Completed,1.29,3.75,1.31,3.73,1.31,4.03,1.28,3.64,8705,623
8708,707,691,691,2024-03-18,2024-03-22,4,gauff|c / podoroska|n,Miami,Miami Open,R64,R64,1.0,1.0,1.0,0.8095238095238095,99.04761904761905,15,Miami,Miami Open,2024-03-22,WTA1000,Outdoor,Hard,2nd Round,3,Gauff C.,Podoroska N.,3.0,78.0,7150.0,919.0,6.0,1.0,6.0,2.0,,,2.0,0.0,Completed,1.08,8.0,1.08,9.73,1.09,9.73,1.07,8.06,8708,624
8709,708,696,696,2024-03-18,2024-03-22,4,dodin|o / rus|a,Miami,Miami Open,R64,R64,1.0,1.0,1.0,0.8095238095238095,99.04761904761905,15,Miami,Miami Open,2024-03-22,WTA1000,Outdoor,Hard,2nd Round,3,Dodin O.,Rus A.,84.0,57.0,849.0,1174.0,6.0,4.0,3.0,6.0,6.0,3.0,2.0,1.0,Completed,2.1,1.73,,,2.1,1.88,1.96,1.82,8709,625
8723,722,689,689,2024-03-18,2024-03-22,4,rybakina|e / tauson|c,Miami,Miami Open,R64,R64,1.0,1.0,1.0,0.8095238095238095,99.04761904761905,15,Miami,Miami Open,2024-03-22,WTA1000,Outdoor,Hard,2nd Round,3,Rybakina E.,Tauson C.,4.0,91.0,5848.0,793.0,3.0,6.0,7.0,5.0,6.0,4.0,2.0,1.0,Completed,1.11,6.5,1.15,6.34,1.15,6.54,1.13,5.9,8723,626
8725,724,688,688,2024-03-18,2024-03-22,4,azarenka|v / stearns|p,Miami,Miami Open,R64,R64,1.0,1.0,1.0,0.8095238095238095,99.04761904761905,15,Miami,Miami Open,2024-03-22,WTA1000,Outdoor,Hard,2nd Round,3,Azarenka V.,Stearns P.,32.0,67.0,1591.0,1046.0,7.0,5.0,3.0,6.0,6.0,4.0,2.0,1.0,Completed,1.5,2.63,1.44,2.94,1.52,2.99,1.45,2.72,8725,627
8731,730,692,692,2024-03-18,2024-03-22,4,badosa|p / sabalenka|a,Miami,Miami Open,R64,R64,1.0,1.0,1.0,0.8095238095238095,99.04761904761905,15,Miami,Miami Open,2024-03-22,WTA1000,Outdoor,Hard,2nd Round,3,Sabalenka A.,Badosa P.,2.0,80.0,8195.0,906.0,6.0,4.0,6.0,3.0,,,2.0,0.0,Completed,1.33,3.4,1.33,3.62,1.37,3.62,1.32,3.37,8731,628
8692,691,709,709,2024-03-18,2024-03-23,5,sakkari|m / yastremska|d,Miami,Miami Open,R32,R32,1.0,1.0,1.0,0.7619047619047619,98.80952380952381,15,Miami,Miami Open,2024-03-23,WTA1000,Outdoor,Hard,3rd Round,3,Sakkari M.,Yastremska D.,9.0,33.0,3825.0,1577.0,7.0,5.0,6.0,4.0,,,2.0,0.0,Completed,1.29,3.75,1.29,3.96,1.32,4.24,1.27,3.73,8692,629
8696,695,708,708,2024-03-18,2024-03-23,5,azarenka|v / zheng|q,Miami,Miami Open,R32,R32,1.0,1.0,1.0,0.7619047619047619,98.80952380952381,15,Miami,Miami Open,2024-03-23,WTA1000,Outdoor,Hard,3rd Round,3,Azarenka V.,Zheng Q.,32.0,7.0,1591.0,4050.0,6.0,4.0,7.0,5.0,,,2.0,0.0,Completed,2.1,1.73,2.22,1.74,2.22,1.8,2.11,1.72,8696,630
8700,699,705,705,2024-03-18,2024-03-23,5,giorgi|c / swiatek|i,Miami,Miami Open,R64,R64,1.0,1.0,1.0,0.7619047619047619,98.80952380952381,15,Miami,Miami Open,2024-03-23,WTA1000,Outdoor,Hard,2nd Round,3,Swiatek I.,Giorgi C.,1.0,107.0,10715.0,691.0,6.0,1.0,6.0,1.0,,,2.0,0.0,Completed,1.03,15.0,1.03,17.61,1.05,17.61,1.02,12.76,8700,631
8701,700,702,702,2024-03-18,2024-03-23,5,noskova|l / timofeeva|m,Miami,Miami Open,R64,R64,1.0,1.0,1.0,0.7619047619047619,98.80952380952381,15,Miami,Miami Open,2024-03-23,WTA1000,Outdoor,Hard,2nd Round,3,Noskova L.,Timofeeva M.,31.0,99.0,1613.0,726.0,6.0,4.0,6.0,4.0,,,2.0,0.0,Completed,1.4,3.0,1.42,3.08,1.44,3.12,1.41,2.89,8701,632
8704,703,699,699,2024-03-18,2024-03-23,5,paolini|j / volynets|k,Miami,Miami Open,R64,R64,1.0,1.0,1.0,0.7619047619047619,98.80952380952381,15,Miami,Miami Open,2024-03-23,WTA1000,Outdoor,Hard,2nd Round,3,Paolini J.,Volynets K.,14.0,121.0,2810.0,637.0,7.0,6.0,7.0,5.0,,,2.0,0.0,Completed,1.5,2.63,1.5,2.76,1.5,2.76,1.47,2.63,8704,633
8706,705,698,698,2024-03-18,2024-03-23,5,arango|e / fernandez|l,Miami,Miami Open,R64,R64,1.0,1.0,1.0,0.7619047619047619,98.80952380952381,15,Miami,Miami Open,2024-03-23,WTA1000,Outdoor,Hard,2nd Round,3,Fernandez L.A.,Arango E.,35.0,123.0,1490.0,635.0,6.0,4.0,6.0,2.0,,,2.0,0.0,Completed,1.22,4.33,1.25,4.36,1.27,4.5,1.23,4.08,8706,634
8707,706,697,697,2024-03-18,2024-03-23,5,pegula|j / zhu|l,Miami,Miami Open,R64,R64,1.0,1.0,1.0,0.7619047619047619,98.80952380952381,15,Miami,Miami Open,2024-03-23,WTA1000,Outdoor,Hard,2nd Round,3,Pegula J.,Zhu L.,5.0,63.0,5035.0,1072.0,6.0,4.0,4.0,1.0,,,1.0,0.0,Retired,1.2,4.5,1.24,4.47,1.24,4.75,1.21,4.33,8707,635
8710,709,706,706,2024-03-18,2024-03-23,5,garcia|c / tomova|v,Miami,Miami Open,R64,R64,1.0,1.0,1.0,0.7619047619047619,98.80952380952381,15,Miami,Miami Open,2024-03-23,WTA1000,Outdoor,Hard,2nd Round,3,Garcia C.,Tomova V.,27.0,73.0,1865.0,969.0,6.0,1.0,5.0,2.0,,,1.0,0.0,Retired,1.44,2.75,1.46,2.91,1.46,2.91,1.43,2.77,8710,636
8711,710,704,704,2024-03-18,2024-03-23,5,osaka|n / svitolina|e,Miami,Miami Open,R64,R64,1.0,1.0,1.0,0.7619047619047619,98.80952380952381,15,Miami,Miami Open,2024-03-23,WTA1000,Outdoor,Hard,2nd Round,3,Osaka N.,Svitolina E.,229.0,17.0,323.0,2397.0,6.0,2.0,7.0,6.0,,,2.0,0.0,Completed,1.91,1.91,1.91,1.98,1.92,1.98,1.88,1.92,8711,637
8712,711,701,701,2024-03-18,2024-03-23,5,kasatkina|d / liu|c,Miami,Miami Open,R64,R64,1.0,1.0,1.0,0.7619047619047619,98.80952380952381,15,Miami,Miami Open,2024-03-23,WTA1000,Outdoor,Hard,2nd Round,3,Kasatkina D.,Liu C.,11.0,114.0,3118.0,662.0,6.0,0.0,1.0,0.0,,,1.0,0.0,Retired,1.36,3.2,1.44,2.99,1.44,3.2,1.39,2.94,8712,638
8713,712,703,703,2024-03-18,2024-03-23,5,cirstea|s / stephens|s,Miami,Miami Open,R64,R64,1.0,1.0,1.0,0.7619047619047619,98.80952380952381,15,Miami,Miami Open,2024-03-23,WTA1000,Outdoor,Hard,2nd Round,3,Cirstea S.,Stephens S.,24.0,41.0,2018.0,1352.0,6.0,2.0,6.0,1.0,,,2.0,0.0,Completed,2.0,1.8,1.98,1.91,2.05,1.91,1.94,1.84,8713,639
8714,713,700,700,2024-03-18,2024-03-23,5,collins|d / potapova|a,Miami,Miami Open,R64,R64,1.0,1.0,1.0,0.7619047619047619,98.80952380952381,15,Miami,Miami Open,2024-03-23,WTA1000,Outdoor,Hard,2nd Round,3,Collins D.,Potapova A.,53.0,29.0,1205.0,1707.0,6.0,2.0,6.0,2.0,,,2.0,0.0,Completed,1.53,2.5,1.57,2.55,1.6,2.55,1.56,2.41,8714,640
8715,714,707,707,2024-03-18,2024-03-23,5,avanesyan|e / jabeur|o,Miami,Miami Open,R64,R64,1.0,1.0,1.0,0.7619047619047619,98.80952380952381,15,Miami,Miami Open,2024-03-23,WTA1000,Outdoor,Hard,2nd Round,3,Avanesyan E.,Jabeur O.,65.0,6.0,1059.0,4118.0,6.0,1.0,4.0,6.0,6.0,3.0,2.0,1.0,Completed,2.75,1.44,2.89,1.47,2.89,1.47,2.75,1.44,8715,641
8684,683,723,723,2024-03-18,2024-03-24,6,noskova|l / swiatek|i,Miami,Miami Open,R32,R32,1.0,1.0,1.0,0.7142857142857143,98.57142857142857,15,Miami,Miami Open,2024-03-24,WTA1000,Outdoor,Hard,3rd Round,3,Swiatek I.,Noskova L.,1.0,31.0,10715.0,1613.0,6.0,7.0,6.0,4.0,6.0,4.0,2.0,1.0,Completed,1.05,11.0,1.06,12.67,1.07,12.67,1.05,10.12,8684,642
8685,684,719,719,2024-03-18,2024-03-24,6,alexandrova|e / pavlyuchenkova|a,Miami,Miami Open,R32,R32,1.0,1.0,1.0,0.7142857142857143,98.57142857142857,15,Miami,Miami Open,2024-03-24,WTA1000,Outdoor,Hard,3rd Round,3,Alexandrova E.,Pavlyuchenkova A.,16.0,22.0,2475.0,2091.0,6.0,4.0,3.0,6.0,6.0,3.0,2.0,1.0,Completed,2.38,1.57,2.44,1.63,2.47,1.63,2.36,1.58,8685,643
8686,685,717,717,2024-03-18,2024-03-24,6,navarro|e / paolini|j,Miami,Miami Open,R32,R32,1.0,1.0,1.0,0.7142857142857143,98.57142857142857,15,Miami,Miami Open,2024-03-24,WTA1000,Outdoor,Hard,3rd Round,3,Navarro E.,Paolini J.,20.0,14.0,2178.0,2810.0,6.0,2.0,3.0,6.0,6.0,0.0,2.0,1.0,Completed,1.62,2.3,1.65,2.39,1.7,2.4,1.62,2.29,8686,644
8687,686,720,720,2024-03-18,2024-03-24,6,fernandez|l / pegula|j,Miami,Miami Open,R32,R32,1.0,1.0,1.0,0.7142857142857143,98.57142857142857,15,Miami,Miami Open,2024-03-24,WTA1000,Outdoor,Hard,3rd Round,3,Pegula J.,Fernandez L.A.,5.0,35.0,5035.0,1490.0,7.0,5.0,6.0,4.0,,,2.0,0.0,Completed,1.3,3.5,1.38,3.29,1.41,3.5,1.35,3.18,8687,645
8688,687,718,718,2024-03-18,2024-03-24,6,dodin|o / gauff|c,Miami,Miami Open,R32,R32,1.0,1.0,1.0,0.7142857142857143,98.57142857142857,15,Miami,Miami Open,2024-03-24,WTA1000,Outdoor,Hard,3rd Round,3,Gauff C.,Dodin O.,3.0,84.0,7150.0,849.0,6.0,4.0,6.0,0.0,,,2.0,0.0,Completed,1.05,11.0,1.05,14.47,1.06,15.3,1.05,10.72,8688,646
8689,688,721,721,2024-03-18,2024-03-24,6,garcia|c / osaka|n,Miami,Miami Open,R32,R32,1.0,1.0,1.0,0.7142857142857143,98.57142857142857,15,Miami,Miami Open,2024-03-24,WTA1000,Outdoor,Hard,3rd Round,3,Garcia C.,Osaka N.,27.0,229.0,1865.0,323.0,7.0,6.0,7.0,5.0,,,2.0,0.0,Completed,3.0,1.4,2.96,1.46,3,1.51,2.85,1.42,8689,647
8690,689,716,716,2024-03-18,2024-03-24,6,cirstea|s / kasatkina|d,Miami,Miami Open,R32,R32,1.0,1.0,1.0,0.7142857142857143,98.57142857142857,15,Miami,Miami Open,2024-03-24,WTA1000,Outdoor,Hard,3rd Round,3,Cirstea S.,Kasatkina D.,24.0,11.0,2018.0,3118.0,7.0,5.0,6.0,2.0,,,2.0,0.0,Completed,2.0,1.8,2.06,1.85,2.14,1.88,2.0,1.8,8690,648
8691,690,722,722,2024-03-18,2024-03-24,6,avanesyan|e / collins|d,Miami,Miami Open,R32,R32,1.0,1.0,1.0,0.7142857142857143,98.57142857142857,15,Miami,Miami Open,2024-03-24,WTA1000,Outdoor,Hard,3rd Round,3,Collins D.,Avanesyan E.,53.0,65.0,1205.0,1059.0,6.0,1.0,6.0,2.0,,,2.0,0.0,Completed,1.2,4.5,1.25,4.47,1.27,4.5,1.22,4.26,8691,649
8693,692,714,714,2024-03-18,2024-03-24,6,kalinskaya|a / ostapenko|j,Miami,Miami Open,R32,R32,1.0,1.0,1.0,0.7142857142857143,98.57142857142857,15,Miami,Miami Open,2024-03-24,WTA1000,Outdoor,Hard,3rd Round,3,Kalinskaya A.,Ostapenko J.,25.0,10.0,1973.0,3493.0,6.0,3.0,6.0,1.0,,,2.0,0.0,Completed,1.91,1.91,1.89,2.02,1.91,2.06,1.86,1.94,8693,650
8695,694,711,711,2024-03-18,2024-03-24,6,rybakina|e / townsend|t,Miami,Miami Open,R32,R32,1.0,1.0,1.0,0.7142857142857143,98.57142857142857,15,Miami,Miami Open,2024-03-24,WTA1000,Outdoor,Hard,3rd Round,3,Rybakina E.,Townsend T.,4.0,72.0,5848.0,974.0,6.0,3.0,6.0,7.0,6.0,4.0,2.0,1.0,Completed,1.2,4.5,1.2,5.16,1.22,5.16,1.19,4.7,8695,651
8697,696,715,715,2024-03-18,2024-03-24,6,boulter|k / haddad maia|b <> boulter|k / maia|b,Miami,Miami Open,R32,R32,1.0,1.0,1.0,0.7142857142857143,98.57142857142857,15,Miami,Miami Open,2024-03-24,WTA1000,Outdoor,Hard,3rd Round,3,Boulter K.,Haddad Maia B.,30.0,13.0,1690.0,2870.0,6.0,2.0,6.0,3.0,,,2.0,0.0,Completed,2.0,1.8,2.08,1.84,2.1,1.85,2.01,1.79,8697,652
8698,697,713,713,2024-03-18,2024-03-24,6,minnen|g / putintseva|y,Miami,Miami Open,R32,R32,1.0,1.0,1.0,0.7142857142857143,98.57142857142857,15,Miami,Miami Open,2024-03-24,WTA1000,Outdoor,Hard,3rd Round,3,Putintseva Y.,Minnen G.,68.0,79.0,1008.0,908.0,6.0,2.0,2.0,6.0,6.0,4.0,2.0,1.0,Completed,1.62,2.3,1.65,2.4,1.69,2.4,1.64,2.25,8698,653
8699,698,712,712,2024-03-18,2024-03-24,6,kalinina|a / sabalenka|a,Miami,Miami Open,R32,R32,1.0,1.0,1.0,0.7142857142857143,98.57142857142857,15,Miami,Miami Open,2024-03-24,WTA1000,Outdoor,Hard,3rd Round,3,Kalinina A.,Sabalenka A.,36.0,2.0,1483.0,8195.0,6.0,4.0,1.0,6.0,6.0,1.0,2.0,1.0,Completed,7.0,1.1,8.32,1.11,8.32,1.13,6.95,1.1,8699,654
8678,677,728,728,2024-03-18,2024-03-25,7,garcia|c / gauff|c,Miami,Miami Open,R16,R16,1.0,1.0,1.0,0.6666666666666667,98.33333333333333,15,Miami,Miami Open,2024-03-25,WTA1000,Outdoor,Hard,4th Round,3,Garcia C.,Gauff C.,27.0,3.0,1865.0,7150.0,6.0,3.0,1.0,6.0,6.0,2.0,2.0,1.0,Completed,4.33,1.22,4.36,1.26,4.38,1.26,4.14,1.23,8678,655
8679,678,729,729,2024-03-18,2024-03-25,7,cirstea|s / collins|d,Miami,Miami Open,R16,R16,1.0,1.0,1.0,0.6666666666666667,98.33333333333333,15,Miami,Miami Open,2024-03-25,WTA1000,Outdoor,Hard,4th Round,3,Collins D.,Cirstea S.,53.0,24.0,1205.0,2018.0,6.0,3.0,6.0,2.0,,,2.0,0.0,Completed,1.67,2.2,1.67,2.36,1.71,2.36,1.66,2.22,8679,656
8680,679,724,724,2024-03-18,2024-03-25,7,kalinskaya|a / sakkari|m,Miami,Miami Open,R16,R16,1.0,1.0,1.0,0.6666666666666667,98.33333333333333,15,Miami,Miami Open,2024-03-25,WTA1000,Outdoor,Hard,4th Round,3,Sakkari M.,Kalinskaya A.,9.0,25.0,3825.0,1973.0,,,,,,,,,Walkover,1.73,2.1,1.85,2.05,1.86,2.2,1.76,2.07,8680,657
8681,680,726,726,2024-03-18,2024-03-25,7,keys|m / rybakina|e,Miami,Miami Open,R16,R16,1.0,1.0,1.0,0.6666666666666667,98.33333333333333,15,Miami,Miami Open,2024-03-25,WTA1000,Outdoor,Hard,4th Round,3,Rybakina E.,Keys M.,4.0,18.0,5848.0,2342.0,6.0,3.0,7.0,5.0,,,2.0,0.0,Completed,1.4,3.0,1.43,3.1,1.43,3.32,1.38,3.02,8681,658
8682,681,727,727,2024-03-18,2024-03-25,7,azarenka|v / boulter|k,Miami,Miami Open,R16,R16,1.0,1.0,1.0,0.6666666666666667,98.33333333333333,15,Miami,Miami Open,2024-03-25,WTA1000,Outdoor,Hard,4th Round,3,Azarenka V.,Boulter K.,32.0,30.0,1591.0,1690.0,7.0,5.0,6.0,1.0,,,2.0,0.0,Completed,1.67,2.2,1.68,2.3,1.68,2.4,1.61,2.3,8682,659
8683,682,725,725,2024-03-18,2024-03-25,7,kalinina|a / putintseva|y,Miami,Miami Open,R16,R16,1.0,1.0,1.0,0.6666666666666667,98.33333333333333,15,Miami,Miami Open,2024-03-25,WTA1000,Outdoor,Hard,4th Round,3,Putintseva Y.,Kalinina A.,68.0,36.0,1008.0,1483.0,6.0,4.0,7.0,6.0,,,2.0,0.0,Completed,2.0,1.8,2.09,1.83,2.09,1.9,1.99,1.81,8683,660
8675,674,732,732,2024-03-18,2024-03-26,8,azarenka|v / putintseva|y,Miami,Miami Open,QF,QF,1.0,1.0,1.0,0.6190476190476191,98.0952380952381,15,Miami,Miami Open,2024-03-26,WTA1000,Outdoor,Hard,Quarterfinals,3,Azarenka V.,Putintseva Y.,32.0,68.0,1591.0,1008.0,7.0,6.0,1.0,6.0,6.0,3.0,2.0,1.0,Completed,1.36,3.2,1.36,3.46,1.42,3.46,1.35,3.2,8675,661
8676,675,731,731,2024-03-18,2024-03-26,8,alexandrova|e / swiatek|i,Miami,Miami Open,R16,R16,1.0,1.0,1.0,0.6190476190476191,98.0952380952381,15,Miami,Miami Open,2024-03-26,WTA1000,Outdoor,Hard,4th Round,3,Alexandrova E.,Swiatek I.,16.0,1.0,2475.0,10715.0,6.0,4.0,6.0,2.0,,,2.0,0.0,Completed,8.0,1.08,9.08,1.1,10.5,1.1,8.12,1.08,8676,662
8677,676,730,730,2024-03-18,2024-03-26,8,navarro|e / pegula|j,Miami,Miami Open,R16,R16,1.0,1.0,1.0,0.6190476190476191,98.0952380952381,15,Miami,Miami Open,2024-03-26,WTA1000,Outdoor,Hard,4th Round,3,Pegula J.,Navarro E.,5.0,20.0,5035.0,2178.0,7.0,6.0,6.0,3.0,,,2.0,0.0,Completed,1.5,2.63,1.55,2.63,1.55,2.65,1.51,2.54,8677,663
8672,671,735,735,2024-03-18,2024-03-27,9,alexandrova|e / pegula|j,Miami,Miami Open,QF,QF,1.0,1.0,1.0,0.5714285714285714,97.85714285714286,15,Miami,Miami Open,2024-03-27,WTA1000,Outdoor,Hard,Quarterfinals,3,Alexandrova E.,Pegula J.,16.0,5.0,2475.0,5035.0,3.0,6.0,6.0,4.0,6.0,4.0,2.0,1.0,Completed,2.63,1.5,2.54,1.58,2.64,1.6,2.49,1.53,8672,664
8673,672,734,734,2024-03-18,2024-03-27,9,collins|d / garcia|c,Miami,Miami Open,QF,QF,1.0,1.0,1.0,0.5714285714285714,97.85714285714286,15,Miami,Miami Open,2024-03-27,WTA1000,Outdoor,Hard,Quarterfinals,3,Collins D.,Garcia C.,53.0,27.0,1205.0,1865.0,6.0,3.0,6.0,2.0,,,2.0,0.0,Completed,1.44,2.75,1.45,3.0,1.5,3.0,1.43,2.8,8673,665
8674,673,733,733,2024-03-18,2024-03-27,9,rybakina|e / sakkari|m,Miami,Miami Open,QF,QF,1.0,1.0,1.0,0.5714285714285714,97.85714285714286,15,Miami,Miami Open,2024-03-27,WTA1000,Outdoor,Hard,Quarterfinals,3,Rybakina E.,Sakkari M.,4.0,9.0,5848.0,3825.0,7.0,5.0,6.0,7.0,6.0,4.0,2.0,1.0,Completed,1.33,3.4,1.4,3.2,1.4,3.4,1.38,3.05,8674,666
8671,670,736,736,2024-03-18,2024-03-28,10,azarenka|v / rybakina|e,Miami,Miami Open,SF,SF,1.0,1.0,1.0,0.5238095238095238,97.61904761904762,15,Miami,Miami Open,2024-03-28,WTA1000,Outdoor,Hard,Semifinals,3,Rybakina E.,Azarenka V.,4.0,32.0,5848.0,1591.0,6.0,4.0,0.0,6.0,7.0,6.0,2.0,1.0,Completed,1.4,3.0,1.41,3.17,1.44,3.2,1.39,3.0,8671,667
8670,669,737,737,2024-03-18,2024-03-29,11,alexandrova|e / collins|d,Miami,Miami Open,SF,SF,1.0,1.0,1.0,0.47619047619047616,97.38095238095238,15,Miami,Miami Open,2024-03-29,WTA1000,Outdoor,Hard,Semifinals,3,Collins D.,Alexandrova E.,53.0,16.0,1205.0,2475.0,6.0,3.0,6.0,2.0,,,2.0,0.0,Completed,1.57,2.38,1.64,2.41,1.77,2.42,1.61,2.33,8670,668
8764,763,738,738,2024-03-18,2024-03-30,12,collins|d / rybakina|e,Miami,Miami Open,F,F,1.0,1.0,1.0,0.4285714285714286,97.14285714285714,15,Miami,Miami Open,2024-03-30,WTA1000,Outdoor,Hard,The Final,3,Collins D.,Rybakina E.,53.0,4.0,1205.0,5848.0,7.0,5.0,6.0,3.0,,,2.0,0.0,Completed,2.38,1.57,2.4,1.65,2.45,1.66,2.34,1.6,8764,669
8786,785,739,739,2024-04-01,2024-04-01,0,barraza|m / zarazua|r,Bogota,Copa Colsanitas,R32,R32,0.3047619047619048,1.0,1.0,1.0,61.76190476190476,16,Bogota,Copa Colsanitas,2024-04-01,WTA250,Outdoor,Clay,1st Round,3,Zarazua R.,Higuita Barraza M. I.,103.0,,726.0,,6.0,0.0,6.0,0.0,,,2.0,0.0,Completed,1.02,19.0,1.01,35.98,1.03,35.98,1.02,17.23,8786,670
8827,826,775,775,2024-04-01,2024-04-01,0,anisimova|a / cornet|a,Charleston,Charleston Open,R64,R64,1.0,1.0,1.0,1.0,100.0,17,Charleston,Charleston Open,2024-04-01,WTA500,Outdoor,Clay,1st Round,3,Anisimova A.,Cornet A.,264.0,97.0,280.0,743.0,6.0,3.0,6.0,0.0,,,2.0,0.0,Completed,1.22,4.33,1.24,4.44,1.31,4.44,1.25,3.86,8827,671
8828,827,770,770,2024-04-01,2024-04-01,0,linette|m / martic|p,Charleston,Charleston Open,R64,R64,1.0,1.0,1.0,1.0,100.0,17,Charleston,Charleston Open,2024-04-01,WTA500,Outdoor,Clay,1st Round,3,Linette M.,Martic P.,63.0,61.0,1080.0,1088.0,6.0,3.0,6.0,4.0,,,2.0,0.0,Completed,2.2,1.67,2.4,1.62,2.4,1.7,2.24,1.64,8828,672
8832,831,773,773,2024-04-01,2024-04-01,0,kessler|m / wozniacki|c,Charleston,Charleston Open,R64,R64,1.0,1.0,1.0,1.0,100.0,17,Charleston,Charleston Open,2024-04-01,WTA500,Outdoor,Clay,1st Round,3,Wozniacki C.,Kessler M.,126.0,122.0,623.0,641.0,6.0,0.0,6.0,1.0,,,2.0,0.0,Completed,1.25,4.0,1.29,3.83,1.3,4.01,1.27,3.69,8832,673
8833,832,776,776,2024-04-01,2024-04-01,0,rus|a / volynets|k,Charleston,Charleston Open,R64,R64,1.0,1.0,1.0,1.0,100.0,17,Charleston,Charleston Open,2024-04-01,WTA500,Outdoor,Clay,1st Round,3,Volynets K.,Rus A.,110.0,54.0,687.0,1189.0,6.0,2.0,6.0,7.0,7.0,6.0,2.0,1.0,Completed,1.62,2.3,1.63,2.38,1.68,2.46,1.6,2.31,8833,674
8834,833,774,774,2024-04-01,2024-04-01,0,cristian|j / vickery|s,Charleston,Charleston Open,R64,R64,1.0,1.0,1.0,1.0,100.0,17,Charleston,Charleston Open,2024-04-01,WTA500,Outdoor,Clay,1st Round,3,Cristian J.,Vickery S.,83.0,132.0,844.0,580.0,6.0,1.0,6.0,4.0,,,2.0,0.0,Completed,1.73,2.1,1.74,2.17,1.83,2.17,1.75,2.06,8834,675
8836,835,777,777,2024-04-01,2024-04-01,0,liu|c / rogers|s,Charleston,Charleston Open,R64,R64,1.0,1.0,1.0,1.0,100.0,17,Charleston,Charleston Open,2024-04-01,WTA500,Outdoor,Clay,1st Round,3,Rogers S.,Liu C.,325.0,116.0,208.0,662.0,6.0,1.0,6.0,1.0,,,2.0,0.0,Completed,2.0,1.8,2.03,1.85,2.03,1.85,1.98,1.81,8836,676
8838,837,771,771,2024-04-01,2024-04-01,0,sherif|m / tomova|v,Charleston,Charleston Open,R64,R64,1.0,1.0,1.0,1.0,100.0,17,Charleston,Charleston Open,2024-04-01,WTA500,Outdoor,Clay,1st Round,3,Tomova V.,Sherif M.,74.0,72.0,949.0,973.0,6.0,4.0,3.0,6.0,6.0,2.0,2.0,1.0,Completed,1.57,2.38,1.74,2.18,1.74,2.4,1.63,2.26,8838,677
8839,838,772,772,2024-04-01,2024-04-01,0,korpatsch|t / saville|d,Charleston,Charleston Open,R64,R64,1.0,1.0,1.0,1.0,100.0,17,Charleston,Charleston Open,2024-04-01,WTA500,Outdoor,Clay,1st Round,3,Saville D.,Korpatsch T.,108.0,76.0,695.0,938.0,6.0,4.0,3.0,6.0,6.0,2.0,2.0,1.0,Completed,1.44,2.75,1.46,2.87,1.5,2.87,1.44,2.75,8839,678
8781,780,747,747,2024-04-01,2024-04-02,1,baptiste|h / zidansek|t,Bogota,Copa Colsanitas,R32,R32,0.3047619047619048,1.0,1.0,0.9523809523809523,61.52380952380952,16,Bogota,Copa Colsanitas,2024-04-02,WTA250,Outdoor,Clay,1st Round,3,Baptiste H.,Zidansek T.,96.0,127.0,744.0,614.0,6.0,2.0,4.0,6.0,6.0,3.0,2.0,1.0,Completed,2.0,1.8,2.03,1.85,2.03,1.86,1.95,1.83,8781,679
8784,783,745,745,2024-04-01,2024-04-02,1,bucsa|c / you|x,Bogota,Copa Colsanitas,R32,R32,0.3047619047619048,1.0,1.0,0.9523809523809523,61.52380952380952,16,Bogota,Copa Colsanitas,2024-04-02,WTA250,Outdoor,Clay,1st Round,3,Bucsa C.,You X.,75.0,211.0,945.0,351.0,6.0,1.0,7.0,5.0,,,2.0,0.0,Completed,1.29,3.75,1.29,3.85,1.29,4.0,1.28,3.64,8784,680
8785,784,742,742,2024-04-01,2024-04-02,1,brancaccio|n / niemeier|j,Bogota,Copa Colsanitas,R32,R32,0.3047619047619048,1.0,1.0,0.9523809523809523,61.52380952380952,16,Bogota,Copa Colsanitas,2024-04-02,WTA250,Outdoor,Clay,1st Round,3,Niemeier J.,Brancaccio N.,113.0,235.0,675.0,320.0,6.0,2.0,6.0,3.0,,,2.0,0.0,Completed,1.57,2.38,1.59,2.47,1.6,2.47,1.56,2.39,8785,681
8787,786,743,743,2024-04-01,2024-04-02,1,arias|v / rakhimova|k <> mediorreal arias|v / rakhimova|k,Bogota,Copa Colsanitas,R32,R32,0.3047619047619048,1.0,1.0,0.9523809523809523,61.52380952380952,16,Bogota,Copa Colsanitas,2024-04-02,WTA250,Outdoor,Clay,1st Round,3,Rakhimova K.,Mediorreal Arias V.,92.0,,760.0,,6.0,4.0,6.0,7.0,6.0,1.0,2.0,1.0,Completed,1.03,17.0,1.02,30.58,1.03,30.58,1.02,15.39,8787,682
8788,787,750,750,2024-04-01,2024-04-02,1,pigossi|l / podoroska|n,Bogota,Copa Colsanitas,R32,R32,0.3047619047619048,1.0,1.0,0.9523809523809523,61.52380952380952,16,Bogota,Copa Colsanitas,2024-04-02,WTA250,Outdoor,Clay,1st Round,3,Pigossi L.,Podoroska N.,119.0,67.0,653.0,1051.0,6.0,4.0,6.0,1.0,,,2.0,0.0,Completed,4.33,1.22,4.77,1.21,4.77,1.25,4.22,1.22,8788,683
8789,788,744,744,2024-04-01,2024-04-02,1,bara|i / zavatska|k,Bogota,Copa Colsanitas,R32,R32,0.3047619047619048,1.0,1.0,0.9523809523809523,61.52380952380952,16,Bogota,Copa Colsanitas,2024-04-02,WTA250,Outdoor,Clay,1st Round,3,Bara I.,Zavatska K.,178.0,195.0,421.0,384.0,2.0,6.0,6.0,3.0,6.0,4.0,2.0,1.0,Completed,2.63,1.5,2.64,1.53,2.75,1.53,2.63,1.48,8789,684
8790,789,741,741,2024-04-01,2024-04-02,1,errani|s / starodubtseva|y,Bogota,Copa Colsanitas,R32,R32,0.3047619047619048,1.0,1.0,0.9523809523809523,61.52380952380952,16,Bogota,Copa Colsanitas,2024-04-02,WTA250,Outdoor,Clay,1st Round,3,Errani S.,Starodubtseva Y.,117.0,136.0,654.0,541.0,6.0,2.0,7.0,6.0,,,2.0,0.0,Completed,1.73,2.1,1.75,2.16,1.8,2.16,1.73,2.09,8790,685
8791,790,740,740,2024-04-01,2024-04-02,1,sorribes tormo|s / timofeeva|m <> timofeeva|m / tormo|s,Bogota,Copa Colsanitas,R32,R32,0.3047619047619048,1.0,1.0,0.9523809523809523,61.52380952380952,16,Bogota,Copa Colsanitas,2024-04-02,WTA250,Outdoor,Clay,1st Round,3,Sorribes Tormo S.,Timofeeva M.,50.0,93.0,1227.0,749.0,6.0,1.0,6.0,3.0,,,2.0,0.0,Completed,2.1,1.73,2.03,1.85,2.12,1.85,1.99,1.8,8791,686
8793,792,748,748,2024-04-01,2024-04-02,1,stefanini|l / todoni|a,Bogota,Copa Colsanitas,R32,R32,0.3047619047619048,1.0,1.0,0.9523809523809523,61.52380952380952,16,Bogota,Copa Colsanitas,2024-04-02,WTA250,Outdoor,Clay,1st Round,3,Todoni A.,Stefanini L.,217.0,147.0,346.0,506.0,4.0,6.0,6.0,2.0,6.0,4.0,2.0,1.0,Completed,1.67,2.2,1.64,2.37,1.67,2.38,1.62,2.28,8793,687
8794,793,751,751,2024-04-01,2024-04-02,1,arango|e / riera|j,Bogota,Copa Colsanitas,R32,R32,0.3047619047619048,1.0,1.0,0.9523809523809523,61.52380952380952,16,Bogota,Copa Colsanitas,2024-04-02,WTA250,Outdoor,Clay,1st Round,3,Riera J.,Arango E.,111.0,118.0,686.0,653.0,6.0,0.0,6.0,3.0,,,2.0,0.0,Completed,1.8,2.0,1.73,2.19,1.91,2.19,1.83,1.96,8794,688
8795,794,749,749,2024-04-01,2024-04-02,1,bondar|a / maria|t,Bogota,Copa Colsanitas,R32,R32,0.3047619047619048,1.0,1.0,0.9523809523809523,61.52380952380952,16,Bogota,Copa Colsanitas,2024-04-02,WTA250,Outdoor,Clay,1st Round,3,Maria T.,Bondar A.,46.0,112.0,1270.0,682.0,6.0,3.0,6.0,2.0,,,2.0,0.0,Completed,2.0,1.8,1.96,1.91,2,1.91,1.92,1.86,8795,689
8811,810,788,788,2024-04-01,2024-04-02,1,anisimova|a / pegula|j,Charleston,Charleston Open,R32,R32,1.0,1.0,1.0,0.9523809523809523,99.76190476190476,17,Charleston,Charleston Open,2024-04-02,WTA500,Outdoor,Clay,2nd Round,3,Pegula J.,Anisimova A.,5.0,264.0,4860.0,280.0,3.0,6.0,6.0,4.0,7.0,6.0,2.0,1.0,Completed,1.53,2.5,1.62,2.4,1.63,2.52,1.56,2.46,8811,690
8812,811,787,787,2024-04-01,2024-04-02,1,linette|m / yastremska|d,Charleston,Charleston Open,R32,R32,1.0,1.0,1.0,0.9523809523809523,99.76190476190476,17,Charleston,Charleston Open,2024-04-02,WTA500,Outdoor,Clay,2nd Round,3,Linette M.,Yastremska D.,63.0,32.0,1080.0,1597.0,0.0,6.0,6.0,4.0,6.0,3.0,2.0,1.0,Completed,2.1,1.73,2.21,1.72,2.24,1.77,2.12,1.7,8812,691
8822,821,786,786,2024-04-01,2024-04-02,1,sakkari|m / tomova|v,Charleston,Charleston Open,R32,R32,1.0,1.0,1.0,0.9523809523809523,99.76190476190476,17,Charleston,Charleston Open,2024-04-02,WTA500,Outdoor,Clay,2nd Round,3,Sakkari M.,Tomova V.,7.0,74.0,4030.0,949.0,6.0,3.0,6.0,3.0,,,2.0,0.0,Completed,1.22,4.33,1.24,4.42,1.25,4.63,1.22,4.22,8822,692
8829,828,783,783,2024-04-01,2024-04-02,1,bogdan|a / cocciaretto|e,Charleston,Charleston Open,R64,R64,1.0,1.0,1.0,0.9523809523809523,99.76190476190476,17,Charleston,Charleston Open,2024-04-02,WTA500,Outdoor,Clay,1st Round,3,Cocciaretto E.,Bogdan A.,56.0,66.0,1127.0,1054.0,2.0,6.0,6.0,1.0,7.0,6.0,2.0,1.0,Completed,,,1.52,2.67,1.54,2.7,1.5,2.55,8829,693
8830,829,779,779,2024-04-01,2024-04-02,1,kenin|s / townsend|t,Charleston,Charleston Open,R64,R64,1.0,1.0,1.0,0.9523809523809523,99.76190476190476,17,Charleston,Charleston Open,2024-04-02,WTA500,Outdoor,Clay,1st Round,3,Townsend T.,Kenin S.,68.0,57.0,1034.0,1109.0,6.0,3.0,6.0,3.0,,,2.0,0.0,Completed,1.4,3.0,1.41,3.06,1.42,3.11,1.39,2.95,8830,694
8831,830,785,785,2024-04-01,2024-04-02,1,krueger|a / lee|g,Charleston,Charleston Open,R64,R64,1.0,1.0,1.0,0.9523809523809523,99.76190476190476,17,Charleston,Charleston Open,2024-04-02,WTA500,Outdoor,Clay,1st Round,3,Krueger A.,Lee G.,73.0,312.0,963.0,222.0,7.0,6.0,6.0,3.0,,,2.0,0.0,Completed,1.33,3.4,1.33,3.54,1.34,3.75,1.32,3.36,8831,695
8835,834,784,784,2024-04-01,2024-04-02,1,day|k / dolehide|c,Charleston,Charleston Open,R64,R64,1.0,1.0,1.0,0.9523809523809523,99.76190476190476,17,Charleston,Charleston Open,2024-04-02,WTA500,Outdoor,Clay,1st Round,3,Dolehide C.,Day K.,47.0,84.0,1240.0,840.0,6.0,3.0,0.0,6.0,6.0,4.0,2.0,1.0,Completed,1.57,2.38,1.52,2.66,1.57,2.77,1.53,2.47,8835,696
8840,839,778,778,2024-04-01,2024-04-02,1,gracheva|v / ngounoue|c,Charleston,Charleston Open,R64,R64,1.0,1.0,1.0,0.9523809523809523,99.76190476190476,17,Charleston,Charleston Open,2024-04-02,WTA500,Outdoor,Clay,1st Round,3,Gracheva V.,Ngounoue C.,100.0,363.0,736.0,176.0,6.0,2.0,6.0,1.0,,,2.0,0.0,Completed,1.73,2.1,1.84,2.04,1.84,2.14,1.78,2.02,8840,697
8841,840,781,781,2024-04-01,2024-04-02,1,frech|m / stephens|s,Charleston,Charleston Open,R64,R64,1.0,1.0,1.0,0.9523809523809523,99.76190476190476,17,Charleston,Charleston Open,2024-04-02,WTA500,Outdoor,Clay,1st Round,3,Stephens S.,Frech M.,40.0,53.0,1377.0,1195.0,6.0,0.0,6.0,2.0,,,2.0,0.0,Completed,1.5,2.63,1.5,2.73,1.52,2.75,1.48,2.62,8841,698
8842,841,782,782,2024-04-01,2024-04-02,1,badosa|p / collins|d,Charleston,Charleston Open,R64,R64,1.0,1.0,1.0,0.9523809523809523,99.76190476190476,17,Charleston,Charleston Open,2024-04-02,WTA500,Outdoor,Clay,1st Round,3,Collins D.,Badosa P.,22.0,82.0,2140.0,876.0,6.0,1.0,6.0,4.0,,,2.0,0.0,Completed,1.73,2.1,1.73,2.19,1.76,2.3,1.67,2.17,8842,699
8775,774,756,756,2024-04-01,2024-04-03,2,rakhimova|k / zarazua|r,Bogota,Copa Colsanitas,R16,R16,0.3047619047619048,1.0,1.0,0.9047619047619048,61.285714285714285,16,Bogota,Copa Colsanitas,2024-04-03,WTA250,Outdoor,Clay,2nd Round,3,Rakhimova K.,Zarazua R.,92.0,103.0,760.0,726.0,7.0,6.0,6.0,7.0,6.0,3.0,2.0,1.0,Completed,2.38,1.57,2.48,1.59,2.48,1.68,2.34,1.59,8775,700
8776,775,757,757,2024-04-01,2024-04-03,2,bara|i / pigossi|l,Bogota,Copa Colsanitas,R16,R16,0.3047619047619048,1.0,1.0,0.9047619047619048,61.285714285714285,16,Bogota,Copa Colsanitas,2024-04-03,WTA250,Outdoor,Clay,2nd Round,3,Bara I.,Pigossi L.,178.0,119.0,421.0,653.0,3.0,6.0,7.0,6.0,6.0,4.0,2.0,1.0,Completed,3.0,1.4,3.14,1.4,3.27,1.44,3.0,1.38,8776,701
8777,776,755,755,2024-04-01,2024-04-03,2,errani|s / sorribes tormo|s <> errani|s / tormo|s,Bogota,Copa Colsanitas,R16,R16,0.3047619047619048,1.0,1.0,0.9047619047619048,61.285714285714285,16,Bogota,Copa Colsanitas,2024-04-03,WTA250,Outdoor,Clay,2nd Round,3,Errani S.,Sorribes Tormo S.,117.0,50.0,654.0,1227.0,6.0,2.0,4.0,6.0,6.0,4.0,2.0,1.0,Completed,2.38,1.57,2.44,1.6,2.45,1.62,2.33,1.59,8777,702
8780,779,753,753,2024-04-01,2024-04-03,2,bouzkova|m / marino|r,Bogota,Copa Colsanitas,R32,R32,0.3047619047619048,1.0,1.0,0.9047619047619048,61.285714285714285,16,Bogota,Copa Colsanitas,2024-04-03,WTA250,Outdoor,Clay,1st Round,3,Bouzkova M.,Marino R.,42.0,156.0,1349.0,466.0,6.0,0.0,6.0,3.0,,,2.0,0.0,Completed,1.25,4.0,1.26,4.15,1.27,4.25,1.24,3.88,8780,703
8782,781,754,754,2024-04-01,2024-04-03,2,jones|f / monroy|y,Bogota,Copa Colsanitas,R32,R32,0.3047619047619048,1.0,1.0,0.9047619047619048,61.285714285714285,16,Bogota,Copa Colsanitas,2024-04-03,WTA250,Outdoor,Clay,1st Round,3,Jones F.,Monroy Y.,214.0,765.0,347.0,41.0,6.0,1.0,6.0,2.0,,,2.0,0.0,Completed,1.03,15.0,1.03,21.49,1.03,21.49,1.02,15.42,8782,704
8783,782,752,752,2024-04-01,2024-04-03,2,shymanovich|i / siegemund|l,Bogota,Copa Colsanitas,R32,R32,0.3047619047619048,1.0,1.0,0.9047619047619048,61.285714285714285,16,Bogota,Copa Colsanitas,2024-04-03,WTA250,Outdoor,Clay,1st Round,3,Siegemund L.,Shymanovich I.,89.0,230.0,795.0,328.0,7.0,6.0,7.0,5.0,,,2.0,0.0,Completed,1.29,3.75,1.26,4.12,1.3,4.12,1.26,3.75,8783,705
8813,812,791,791,2024-04-01,2024-04-03,2,azarenka|v / cocciaretto|e,Charleston,Charleston Open,R32,R32,1.0,1.0,1.0,0.9047619047619048,99.52380952380952,17,Charleston,Charleston Open,2024-04-03,WTA500,Outdoor,Clay,2nd Round,3,Azarenka V.,Cocciaretto E.,26.0,56.0,1916.0,1127.0,6.0,1.0,6.0,2.0,,,2.0,0.0,Completed,1.67,2.2,1.72,2.21,1.72,2.32,1.67,2.21,8813,706
8816,815,790,790,2024-04-01,2024-04-03,2,kalinina|a / wozniacki|c,Charleston,Charleston Open,R32,R32,1.0,1.0,1.0,0.9047619047619048,99.52380952380952,17,Charleston,Charleston Open,2024-04-03,WTA500,Outdoor,Clay,2nd Round,3,Kalinina A.,Wozniacki C.,33.0,126.0,1593.0,623.0,6.0,2.0,6.0,3.0,,,2.0,0.0,Completed,2.38,1.57,2.45,1.6,2.71,1.65,2.37,1.58,8816,707
8818,817,789,789,2024-04-01,2024-04-03,2,cristian|j / keys|m,Charleston,Charleston Open,R32,R32,1.0,1.0,1.0,0.9047619047619048,99.52380952380952,17,Charleston,Charleston Open,2024-04-03,WTA500,Outdoor,Clay,2nd Round,3,Cristian J.,Keys M.,83.0,18.0,844.0,2397.0,3.0,6.0,6.0,3.0,6.0,3.0,2.0,1.0,Completed,3.2,1.36,3.15,1.4,3.25,1.4,3.06,1.36,8818,708
8821,820,792,792,2024-04-01,2024-04-03,2,sharma|a / tsurenko|l,Charleston,Charleston Open,R32,R32,1.0,1.0,1.0,0.9047619047619048,99.52380952380952,17,Charleston,Charleston Open,2024-04-03,WTA500,Outdoor,Clay,2nd Round,3,Sharma A.,Tsurenko L.,135.0,39.0,544.0,1392.0,6.0,4.0,6.0,0.0,,,2.0,0.0,Completed,2.63,1.5,2.53,1.56,2.63,1.58,2.47,1.54,8821,709
8774,773,758,758,2024-04-01,2024-04-04,3,bucsa|c / niemeier|j,Bogota,Copa Colsanitas,R16,R16,0.3047619047619048,1.0,1.0,0.8571428571428572,61.047619047619044,16,Bogota,Copa Colsanitas,2024-04-04,WTA250,Outdoor,Clay,2nd Round,3,Bucsa C.,Niemeier J.,75.0,113.0,945.0,675.0,6.0,4.0,6.0,1.0,,,2.0,0.0,Completed,2.1,1.73,2.29,1.67,2.29,1.73,2.2,1.66,8774,710
8779,778,760,760,2024-04-01,2024-04-04,3,maria|t / riera|j,Bogota,Copa Colsanitas,R16,R16,0.3047619047619048,1.0,1.0,0.8571428571428572,61.047619047619044,16,Bogota,Copa Colsanitas,2024-04-04,WTA250,Outdoor,Clay,2nd Round,3,Maria T.,Riera J.,46.0,111.0,1270.0,686.0,2.0,6.0,6.0,0.0,6.0,2.0,2.0,1.0,Completed,2.1,1.73,2.17,1.75,2.17,1.82,2.07,1.74,8779,711
8803,802,802,802,2024-04-01,2024-04-04,3,linette|m / pegula|j,Charleston,Charleston Open,R16,R16,1.0,1.0,1.0,0.8571428571428572,99.28571428571429,17,Charleston,Charleston Open,2024-04-04,WTA500,Outdoor,Clay,3rd Round,3,Pegula J.,Linette M.,5.0,63.0,4860.0,1080.0,6.0,2.0,6.0,2.0,,,2.0,0.0,Completed,1.22,4.33,1.24,4.45,1.26,4.66,1.22,4.24,8803,712
8804,803,804,804,2024-04-01,2024-04-04,3,azarenka|v / townsend|t,Charleston,Charleston Open,R16,R16,1.0,1.0,1.0,0.8571428571428572,99.28571428571429,17,Charleston,Charleston Open,2024-04-04,WTA500,Outdoor,Clay,3rd Round,3,Azarenka V.,Townsend T.,26.0,68.0,1916.0,1034.0,6.0,7.0,6.0,3.0,6.0,4.0,2.0,1.0,Completed,1.57,2.38,1.71,2.22,1.71,2.48,1.63,2.26,8804,713
8805,804,805,805,2024-04-01,2024-04-04,3,kalinina|a / kasatkina|d,Charleston,Charleston Open,R16,R16,1.0,1.0,1.0,0.8571428571428572,99.28571428571429,17,Charleston,Charleston Open,2024-04-04,WTA500,Outdoor,Clay,3rd Round,3,Kasatkina D.,Kalinina A.,11.0,33.0,3173.0,1593.0,6.0,1.0,6.0,4.0,,,2.0,0.0,Completed,1.91,1.91,1.86,2.01,1.93,2.01,1.84,1.95,8805,714
8806,805,803,803,2024-04-01,2024-04-04,3,cristian|j / navarro|e,Charleston,Charleston Open,R16,R16,1.0,1.0,1.0,0.8571428571428572,99.28571428571429,17,Charleston,Charleston Open,2024-04-04,WTA500,Outdoor,Clay,3rd Round,3,Cristian J.,Navarro E.,83.0,20.0,844.0,2218.0,6.0,3.0,5.0,7.0,6.0,1.0,2.0,1.0,Completed,5.0,1.17,5.39,1.18,5.39,1.23,4.89,1.18,8806,715
8807,806,806,806,2024-04-01,2024-04-04,3,haddad maia|b / kudermetova|v <> kudermetova|v / maia|b,Charleston,Charleston Open,R16,R16,1.0,1.0,1.0,0.8571428571428572,99.28571428571429,17,Charleston,Charleston Open,2024-04-04,WTA500,Outdoor,Clay,3rd Round,3,Kudermetova V.,Haddad Maia B.,19.0,13.0,2305.0,2870.0,7.0,5.0,6.0,1.0,,,2.0,0.0,Completed,2.2,1.67,2.14,1.76,2.24,1.76,2.16,1.69,8807,716
8810,809,807,807,2024-04-01,2024-04-04,3,collins|d / stephens|s,Charleston,Charleston Open,R16,R16,1.0,1.0,1.0,0.8571428571428572,99.28571428571429,17,Charleston,Charleston Open,2024-04-04,WTA500,Outdoor,Clay,3rd Round,3,Collins D.,Stephens S.,22.0,40.0,2140.0,1377.0,6.0,2.0,6.0,2.0,,,2.0,0.0,Completed,1.73,2.1,1.74,2.15,1.85,2.25,1.72,2.11,8810,717
8814,813,796,796,2024-04-01,2024-04-04,3,alexandrova|e / townsend|t,Charleston,Charleston Open,R32,R32,1.0,1.0,1.0,0.8571428571428572,99.28571428571429,17,Charleston,Charleston Open,2024-04-04,WTA500,Outdoor,Clay,2nd Round,3,Townsend T.,Alexandrova E.,68.0,15.0,1034.0,2650.0,7.0,5.0,6.0,2.0,,,2.0,0.0,Completed,2.1,1.73,2.05,1.83,2.23,1.83,2.07,1.75,8814,718
8815,814,793,793,2024-04-01,2024-04-04,3,kasatkina|d / krueger|a,Charleston,Charleston Open,R32,R32,1.0,1.0,1.0,0.8571428571428572,99.28571428571429,17,Charleston,Charleston Open,2024-04-04,WTA500,Outdoor,Clay,2nd Round,3,Kasatkina D.,Krueger A.,11.0,73.0,3173.0,963.0,6.0,3.0,0.0,6.0,6.0,1.0,2.0,1.0,Completed,1.36,3.2,1.35,3.4,1.38,3.4,1.35,3.15,8815,719
8817,816,794,794,2024-04-01,2024-04-04,3,navarro|e / volynets|k,Charleston,Charleston Open,R32,R32,1.0,1.0,1.0,0.8571428571428572,99.28571428571429,17,Charleston,Charleston Open,2024-04-04,WTA500,Outdoor,Clay,2nd Round,3,Navarro E.,Volynets K.,20.0,110.0,2218.0,687.0,6.0,1.0,6.0,1.0,,,2.0,0.0,Completed,1.29,3.75,1.3,3.77,1.35,3.77,1.29,3.54,8817,720
8819,818,797,797,2024-04-01,2024-04-04,3,dolehide|c / haddad maia|b <> dolehide|c / maia|b,Charleston,Charleston Open,R32,R32,1.0,1.0,1.0,0.8571428571428572,99.28571428571429,17,Charleston,Charleston Open,2024-04-04,WTA500,Outdoor,Clay,2nd Round,3,Haddad Maia B.,Dolehide C.,13.0,47.0,2870.0,1240.0,6.0,2.0,7.0,5.0,,,2.0,0.0,Completed,1.4,3.0,1.42,3.01,1.43,3.05,1.39,2.91,8819,721
8820,819,795,795,2024-04-01,2024-04-04,3,kudermetova|v / rogers|s,Charleston,Charleston Open,R32,R32,1.0,1.0,1.0,0.8571428571428572,99.28571428571429,17,Charleston,Charleston Open,2024-04-04,WTA500,Outdoor,Clay,2nd Round,3,Kudermetova V.,Rogers S.,19.0,325.0,2305.0,208.0,7.0,6.0,6.0,4.0,,,2.0,0.0,Completed,1.67,2.2,1.74,2.18,1.74,2.33,1.68,2.17,8820,722
8823,822,801,801,2024-04-01,2024-04-04,3,saville|d / svitolina|e,Charleston,Charleston Open,R32,R32,1.0,1.0,1.0,0.8571428571428572,99.28571428571429,17,Charleston,Charleston Open,2024-04-04,WTA500,Outdoor,Clay,2nd Round,3,Svitolina E.,Saville D.,17.0,108.0,2406.0,695.0,6.0,2.0,6.0,4.0,,,2.0,0.0,Completed,1.4,3.0,1.38,3.25,1.4,3.5,1.36,3.14,8823,723
8824,823,800,800,2024-04-01,2024-04-04,3,gracheva|v / mertens|e,Charleston,Charleston Open,R32,R32,1.0,1.0,1.0,0.8571428571428572,99.28571428571429,17,Charleston,Charleston Open,2024-04-04,WTA500,Outdoor,Clay,2nd Round,3,Mertens E.,Gracheva V.,30.0,100.0,1646.0,736.0,6.0,4.0,3.0,6.0,6.0,2.0,2.0,1.0,Completed,1.36,3.2,1.4,3.16,1.43,3.25,1.38,2.98,8824,724
8825,824,799,799,2024-04-01,2024-04-04,3,fernandez|l / stephens|s,Charleston,Charleston Open,R32,R32,1.0,1.0,1.0,0.8571428571428572,99.28571428571429,17,Charleston,Charleston Open,2024-04-04,WTA500,Outdoor,Clay,2nd Round,3,Stephens S.,Fernandez L.A.,40.0,34.0,1377.0,1520.0,6.0,4.0,6.0,4.0,,,2.0,0.0,Completed,1.67,2.2,1.65,2.33,1.73,2.33,1.66,2.21,8825,725
8826,825,798,798,2024-04-01,2024-04-04,3,collins|d / jabeur|o,Charleston,Charleston Open,R32,R32,1.0,1.0,1.0,0.8571428571428572,99.28571428571429,17,Charleston,Charleston Open,2024-04-04,WTA500,Outdoor,Clay,2nd Round,3,Collins D.,Jabeur O.,22.0,6.0,2140.0,4118.0,6.0,3.0,1.0,6.0,6.0,3.0,2.0,1.0,Completed,1.4,3.0,1.44,2.94,1.45,3.0,1.41,2.88,8826,726
8768,767,765,765,2024-04-01,2024-04-05,4,bouzkova|m / siegemund|l,Bogota,Copa Colsanitas,QF,QF,0.3047619047619048,1.0,1.0,0.8095238095238095,60.80952380952381,16,Bogota,Copa Colsanitas,2024-04-05,WTA250,Outdoor,Clay,Quarterfinals,3,Bouzkova M.,Siegemund L.,42.0,89.0,1349.0,795.0,2.0,6.0,6.0,2.0,7.0,5.0,2.0,1.0,Completed,1.57,2.38,1.66,2.37,1.74,2.4,1.62,2.27,8768,727
8769,768,764,764,2024-04-01,2024-04-05,4,bucsa|c / rakhimova|k,Bogota,Copa Colsanitas,QF,QF,0.3047619047619048,1.0,1.0,0.8095238095238095,60.80952380952381,16,Bogota,Copa Colsanitas,2024-04-05,WTA250,Outdoor,Clay,Quarterfinals,3,Rakhimova K.,Bucsa C.,92.0,75.0,760.0,945.0,0.0,6.0,6.0,4.0,7.0,5.0,2.0,1.0,Completed,2.5,1.53,2.58,1.57,2.63,1.58,2.47,1.54,8769,728
8770,769,763,763,2024-04-01,2024-04-05,4,bara|i / errani|s,Bogota,Copa Colsanitas,QF,QF,0.3047619047619048,1.0,1.0,0.8095238095238095,60.80952380952381,16,Bogota,Copa Colsanitas,2024-04-05,WTA250,Outdoor,Clay,Quarterfinals,3,Errani S.,Bara I.,117.0,178.0,654.0,421.0,4.0,6.0,6.0,2.0,6.0,3.0,2.0,1.0,Completed,1.3,3.5,1.33,3.69,1.33,3.95,1.29,3.55,8770,729
8772,771,761,761,2024-04-01,2024-04-05,4,baptiste|h / bouzkova|m,Bogota,Copa Colsanitas,R16,R16,0.3047619047619048,1.0,1.0,0.8095238095238095,60.80952380952381,16,Bogota,Copa Colsanitas,2024-04-05,WTA250,Outdoor,Clay,2nd Round,3,Bouzkova M.,Baptiste H.,42.0,96.0,1349.0,744.0,6.0,3.0,6.0,4.0,,,2.0,0.0,Completed,1.44,2.75,1.45,2.91,1.46,2.91,1.43,2.77,8772,730
8773,772,762,762,2024-04-01,2024-04-05,4,jones|f / siegemund|l,Bogota,Copa Colsanitas,R16,R16,0.3047619047619048,1.0,1.0,0.8095238095238095,60.80952380952381,16,Bogota,Copa Colsanitas,2024-04-05,WTA250,Outdoor,Clay,2nd Round,3,Siegemund L.,Jones F.,89.0,214.0,795.0,347.0,6.0,7.0,6.0,4.0,6.0,2.0,2.0,1.0,Completed,1.4,3.0,1.45,2.9,1.57,3.0,1.43,2.79,8773,731
8799,798,811,811,2024-04-01,2024-04-05,4,azarenka|v / pegula|j,Charleston,Charleston Open,QF,QF,1.0,1.0,1.0,0.8095238095238095,99.04761904761905,17,Charleston,Charleston Open,2024-04-05,WTA500,Outdoor,Clay,Quarterfinals,3,Pegula J.,Azarenka V.,5.0,26.0,4860.0,1916.0,6.0,4.0,3.0,6.0,7.0,6.0,2.0,1.0,Completed,1.62,2.3,1.69,2.3,1.76,2.3,1.65,2.22,8799,732
8800,799,810,810,2024-04-01,2024-04-05,4,cristian|j / kasatkina|d,Charleston,Charleston Open,QF,QF,1.0,1.0,1.0,0.8095238095238095,99.04761904761905,17,Charleston,Charleston Open,2024-04-05,WTA500,Outdoor,Clay,Quarterfinals,3,Kasatkina D.,Cristian J.,11.0,83.0,3173.0,844.0,6.0,7.0,6.0,2.0,6.0,3.0,2.0,1.0,Completed,1.36,3.2,1.41,3.17,1.41,3.2,1.37,3.03,8800,733
8802,801,812,812,2024-04-01,2024-04-05,4,collins|d / mertens|e,Charleston,Charleston Open,QF,QF,1.0,1.0,1.0,0.8095238095238095,99.04761904761905,17,Charleston,Charleston Open,2024-04-05,WTA500,Outdoor,Clay,Quarterfinals,3,Collins D.,Mertens E.,22.0,30.0,2140.0,1646.0,6.0,3.0,6.0,4.0,,,2.0,0.0,Completed,1.33,3.4,1.42,3.14,1.44,3.4,1.35,3.15,8802,734
8808,807,808,808,2024-04-01,2024-04-05,4,sakkari|m / sharma|a,Charleston,Charleston Open,R16,R16,1.0,1.0,1.0,0.8095238095238095,99.04761904761905,17,Charleston,Charleston Open,2024-04-05,WTA500,Outdoor,Clay,3rd Round,3,Sakkari M.,Sharma A.,7.0,135.0,4030.0,544.0,6.0,4.0,6.0,1.0,,,2.0,0.0,Completed,1.1,7.0,1.11,7.26,1.12,7.82,1.1,6.73,8808,735
8809,808,809,809,2024-04-01,2024-04-05,4,mertens|e / svitolina|e,Charleston,Charleston Open,R16,R16,1.0,1.0,1.0,0.8095238095238095,99.04761904761905,17,Charleston,Charleston Open,2024-04-05,WTA500,Outdoor,Clay,3rd Round,3,Mertens E.,Svitolina E.,30.0,17.0,1646.0,2406.0,6.0,4.0,6.0,1.0,,,2.0,0.0,Completed,2.75,1.44,2.93,1.43,3.21,1.45,2.82,1.42,8809,736
8766,765,768,768,2024-04-01,2024-04-06,5,bouzkova|m / rakhimova|k,Bogota,Copa Colsanitas,SF,SF,0.3047619047619048,1.0,1.0,0.7619047619047619,60.57142857142857,16,Bogota,Copa Colsanitas,2024-04-06,WTA250,Outdoor,Clay,Semifinals,3,Bouzkova M.,Rakhimova K.,42.0,92.0,1349.0,760.0,6.0,4.0,7.0,6.0,,,2.0,0.0,Completed,1.29,3.75,1.29,4.04,1.4,4.04,1.28,3.66,8766,737
8797,796,814,814,2024-04-01,2024-04-06,5,kasatkina|d / pegula|j,Charleston,Charleston Open,SF,SF,1.0,1.0,1.0,0.7619047619047619,98.80952380952381,17,Charleston,Charleston Open,2024-04-06,WTA500,Outdoor,Clay,Semifinals,3,Kasatkina D.,Pegula J.,11.0,5.0,3173.0,4860.0,6.0,4.0,4.0,6.0,7.0,6.0,2.0,1.0,Completed,2.5,1.53,2.49,1.6,2.6,1.6,2.45,1.55,8797,738
8798,797,815,815,2024-04-01,2024-04-06,5,collins|d / sakkari|m,Charleston,Charleston Open,SF,SF,1.0,1.0,1.0,0.7619047619047619,98.80952380952381,17,Charleston,Charleston Open,2024-04-06,WTA500,Outdoor,Clay,Semifinals,3,Collins D.,Sakkari M.,22.0,7.0,2140.0,4030.0,6.0,3.0,6.0,3.0,,,2.0,0.0,Completed,1.67,2.2,1.75,2.2,1.77,2.31,1.7,2.14,8798,739
8801,800,813,813,2024-04-01,2024-04-06,5,kudermetova|v / sakkari|m,Charleston,Charleston Open,QF,QF,1.0,1.0,1.0,0.7619047619047619,98.80952380952381,17,Charleston,Charleston Open,2024-04-06,WTA500,Outdoor,Clay,Quarterfinals,3,Sakkari M.,Kudermetova V.,7.0,19.0,4030.0,2305.0,6.0,2.0,6.0,4.0,,,2.0,0.0,Completed,1.4,3.0,1.51,2.77,1.51,3.39,1.46,2.75,8801,740
8796,795,816,816,2024-04-01,2024-04-07,6,collins|d / kasatkina|d,Charleston,Charleston Open,F,F,1.0,1.0,1.0,0.7142857142857143,98.57142857142857,17,Charleston,Charleston Open,2024-04-07,WTA500,Outdoor,Clay,The Final,3,Collins D.,Kasatkina D.,22.0,11.0,2140.0,3173.0,6.0,2.0,6.0,1.0,,,2.0,0.0,Completed,1.36,3.2,1.37,3.41,1.38,3.41,1.35,3.19,8796,741
8860,859,817,817,2024-04-15,2024-04-15,0,jacquemot|e / linette|m,Rouen,Open de Rouen,R32,R32,0.6153846153846154,1.0,1.0,1.0,78.84615384615384,18,Rouen,Open de Rouen,2024-04-15,WTA250,Indoor,Clay,1st Round,3,Linette M.,Jacquemot E.,60.0,157.0,1085.0,478.0,7.0,5.0,6.0,1.0,,,2.0,0.0,Completed,1.53,2.5,1.53,2.63,1.54,2.75,1.5,2.54,8860,742
8865,864,818,818,2024-04-15,2024-04-15,0,andreeva|m / podoroska|n,Rouen,Open de Rouen,R32,R32,0.6153846153846154,1.0,1.0,1.0,78.84615384615384,18,Rouen,Open de Rouen,2024-04-15,WTA250,Indoor,Clay,1st Round,3,Andreeva M.,Podoroska N.,43.0,65.0,1343.0,1051.0,6.0,1.0,6.0,3.0,,,2.0,0.0,Completed,1.3,3.5,1.38,3.21,1.39,3.5,1.35,3.11,8865,743
8866,865,819,819,2024-04-15,2024-04-15,0,stearns|p / stephens|s,Rouen,Open de Rouen,R32,R32,0.6153846153846154,1.0,1.0,1.0,78.84615384615384,18,Rouen,Open de Rouen,2024-04-15,WTA250,Indoor,Clay,1st Round,3,Stephens S.,Stearns P.,39.0,79.0,1407.0,882.0,1.0,6.0,6.0,1.0,6.0,3.0,2.0,1.0,Completed,1.4,3.0,1.46,2.88,1.5,2.88,1.44,2.75,8866,744
8892,891,850,850,2024-04-15,2024-04-15,0,krejcikova|b / kudermetova|v,Stuttgart,Porsche Tennis Grand Prix,R32,R32,0.23703703703703705,1.0,1.0,1.0,58.03703703703704,19,Stuttgart,Porsche Tennis Grand Prix,2024-04-15,WTA500,Indoor,Clay,1st Round,3,Kudermetova V.,Krejcikova B.,19.0,24.0,2383.0,1996.0,5.0,7.0,6.0,4.0,6.0,4.0,2.0,1.0,Completed,1.73,2.1,1.77,2.14,1.8,2.14,1.74,2.07,8892,745
8897,896,848,848,2024-04-15,2024-04-15,0,sasnovich|a / vickery|s,Stuttgart,Porsche Tennis Grand Prix,R32,R32,0.23703703703703705,1.0,1.0,1.0,58.03703703703704,19,Stuttgart,Porsche Tennis Grand Prix,2024-04-15,WTA500,Indoor,Clay,1st Round,3,Vickery S.,Sasnovich A.,134.0,110.0,550.0,701.0,7.0,6.0,7.0,5.0,,,2.0,0.0,Completed,2.1,1.73,2.01,1.86,2.15,1.86,2.07,1.74,8897,746
8900,899,849,849,2024-04-15,2024-04-15,0,badosa|p / shnaider|d,Stuttgart,Porsche Tennis Grand Prix,R32,R32,0.23703703703703705,1.0,1.0,1.0,58.03703703703704,19,Stuttgart,Porsche Tennis Grand Prix,2024-04-15,WTA500,Indoor,Clay,1st Round,3,Badosa P.,Shnaider D.,93.0,62.0,777.0,1055.0,6.0,3.0,6.0,4.0,,,2.0,0.0,Completed,1.73,2.1,1.83,2.06,1.83,2.12,1.77,2.04,8900,747
8858,857,828,828,2024-04-15,2024-04-16,1,pavlyuchenkova|a / robbe|a,Rouen,Open de Rouen,R32,R32,0.6153846153846154,1.0,1.0,0.9523809523809523,78.6080586080586,18,Rouen,Open de Rouen,2024-04-16,WTA250,Indoor,Clay,1st Round,3,Pavlyuchenkova A.,Robbe A.,22.0,265.0,2141.0,276.0,6.0,2.0,6.0,2.0,,,2.0,0.0,Completed,1.06,10.0,,,1.06,14.21,1.04,10.4,8858,748
8859,858,824,824,2024-04-15,2024-04-16,1,montgomery|r / rus|a,Rouen,Open de Rouen,R32,R32,0.6153846153846154,1.0,1.0,0.9523809523809523,78.6080586080586,18,Rouen,Open de Rouen,2024-04-16,WTA250,Indoor,Clay,1st Round,3,Rus A.,Montgomery R.,53.0,181.0,1188.0,408.0,6.0,3.0,6.0,1.0,,,2.0,0.0,Completed,1.53,2.5,1.58,2.48,1.6,2.67,1.56,2.41,8859,749
8861,860,821,821,2024-04-15,2024-04-16,1,blinkova|a / stevanovic|n,Rouen,Open de Rouen,R32,R32,0.6153846153846154,1.0,1.0,0.9523809523809523,78.6080586080586,18,Rouen,Open de Rouen,2024-04-16,WTA250,Indoor,Clay,1st Round,3,Stevanovic N.,Blinkova A.,204.0,45.0,376.0,1275.0,7.0,6.0,3.0,6.0,7.0,6.0,2.0,1.0,Completed,4.0,1.25,4.46,1.24,4.54,1.29,4.02,1.24,8861,750
8862,861,823,823,2024-04-15,2024-04-16,1,cornet|a / kalinina|a,Rouen,Open de Rouen,R32,R32,0.6153846153846154,1.0,1.0,0.9523809523809523,78.6080586080586,18,Rouen,Open de Rouen,2024-04-16,WTA250,Indoor,Clay,1st Round,3,Kalinina A.,Cornet A.,32.0,106.0,1623.0,728.0,6.0,4.0,7.0,5.0,,,2.0,0.0,Completed,1.17,5.0,1.17,5.58,1.2,5.7,1.16,5.03,8862,751
8864,863,822,822,2024-04-15,2024-04-16,1,avanesyan|e / ferro|f,Rouen,Open de Rouen,R32,R32,0.6153846153846154,1.0,1.0,0.9523809523809523,78.6080586080586,18,Rouen,Open de Rouen,2024-04-16,WTA250,Indoor,Clay,1st Round,3,Avanesyan E.,Ferro F.,67.0,144.0,1024.0,520.0,6.0,2.0,1.0,6.0,7.0,5.0,2.0,1.0,Completed,1.53,2.5,1.6,2.45,1.6,2.51,1.56,2.4,8864,752
8869,868,826,826,2024-04-15,2024-04-16,1,sherif|m / yuan|y,Rouen,Open de Rouen,R32,R32,0.6153846153846154,1.0,1.0,0.9523809523809523,78.6080586080586,18,Rouen,Open de Rouen,2024-04-16,WTA250,Indoor,Clay,1st Round,3,Yuan Y.,Sherif M.,38.0,72.0,1451.0,973.0,6.0,3.0,7.0,6.0,,,2.0,0.0,Completed,2.0,1.8,2.05,1.83,2.05,1.93,1.95,1.83,8869,753
8870,869,825,825,2024-04-15,2024-04-16,1,burel|c / zavatska|k,Rouen,Open de Rouen,R32,R32,0.6153846153846154,1.0,1.0,0.9523809523809523,78.6080586080586,18,Rouen,Open de Rouen,2024-04-16,WTA250,Indoor,Clay,1st Round,3,Burel C.,Zavatska K.,44.0,182.0,1296.0,401.0,3.0,6.0,6.0,3.0,6.0,2.0,2.0,1.0,Completed,1.3,3.5,1.33,3.56,1.35,3.66,1.3,3.43,8870,754
8873,872,827,827,2024-04-15,2024-04-16,1,cocciaretto|e / garcia|c,Rouen,Open de Rouen,R32,R32,0.6153846153846154,1.0,1.0,0.9523809523809523,78.6080586080586,18,Rouen,Open de Rouen,2024-04-16,WTA250,Indoor,Clay,1st Round,3,Garcia C.,Cocciaretto E.,23.0,55.0,2070.0,1149.0,6.0,1.0,3.0,6.0,7.0,5.0,2.0,1.0,Completed,1.67,2.2,1.75,2.17,1.75,2.25,1.68,2.15,8873,755
8889,888,854,854,2024-04-15,2024-04-16,1,maria|t / mertens|e,Stuttgart,Porsche Tennis Grand Prix,R32,R32,0.23703703703703705,1.0,1.0,0.9523809523809523,57.7989417989418,19,Stuttgart,Porsche Tennis Grand Prix,2024-04-16,WTA500,Indoor,Clay,1st Round,3,Mertens E.,Maria T.,30.0,66.0,1744.0,1044.0,6.0,1.0,4.0,6.0,6.0,0.0,2.0,1.0,Completed,1.25,4.0,1.25,4.4,1.26,4.48,1.23,4.11,8889,756
8891,890,855,855,2024-04-15,2024-04-16,1,noskova|l / ostapenko|j,Stuttgart,Porsche Tennis Grand Prix,R32,R32,0.23703703703703705,1.0,1.0,0.9523809523809523,57.7989417989418,19,Stuttgart,Porsche Tennis Grand Prix,2024-04-16,WTA500,Indoor,Clay,1st Round,3,Noskova L.,Ostapenko J.,31.0,10.0,1643.0,3438.0,6.0,3.0,6.0,1.0,,,2.0,0.0,Completed,2.0,1.8,2.04,1.84,2.1,1.84,2.01,1.78,8891,757
8893,892,851,851,2024-04-15,2024-04-16,1,errani|s / paolini|j,Stuttgart,Porsche Tennis Grand Prix,R32,R32,0.23703703703703705,1.0,1.0,0.9523809523809523,57.7989417989418,19,Stuttgart,Porsche Tennis Grand Prix,2024-04-16,WTA500,Indoor,Clay,1st Round,3,Paolini J.,Errani S.,14.0,102.0,2865.0,737.0,6.0,1.0,6.0,0.0,,,2.0,0.0,Completed,1.25,4.0,1.26,4.17,1.32,4.17,1.25,3.84,8893,758
8895,894,852,852,2024-04-15,2024-04-16,1,cirstea|s / zheng|q,Stuttgart,Porsche Tennis Grand Prix,R32,R32,0.23703703703703705,1.0,1.0,0.9523809523809523,57.7989417989418,19,Stuttgart,Porsche Tennis Grand Prix,2024-04-16,WTA500,Indoor,Clay,1st Round,3,Zheng Q.,Cirstea S.,7.0,29.0,3995.0,1748.0,6.0,2.0,6.0,3.0,,,2.0,0.0,Completed,1.44,2.75,1.43,2.97,1.46,3.0,1.42,2.8,8895,759
8898,897,853,853,2024-04-15,2024-04-16,1,vekic|d / vondrousova|m,Stuttgart,Porsche Tennis Grand Prix,R32,R32,0.23703703703703705,1.0,1.0,0.9523809523809523,57.7989417989418,19,Stuttgart,Porsche Tennis Grand Prix,2024-04-16,WTA500,Indoor,Clay,1st Round,3,Vondrousova M.,Vekic D.,8.0,37.0,3895.0,1488.0,6.0,4.0,6.0,3.0,,,2.0,0.0,Completed,1.4,3.0,1.39,3.18,1.46,3.18,1.39,2.94,8898,760
8851,850,833,833,2024-04-15,2024-04-17,2,linette|m / stevanovic|n,Rouen,Open de Rouen,R16,R16,0.6153846153846154,1.0,1.0,0.9047619047619048,78.36996336996336,18,Rouen,Open de Rouen,2024-04-17,WTA250,Indoor,Clay,2nd Round,3,Linette M.,Stevanovic N.,60.0,204.0,1085.0,376.0,6.0,2.0,6.0,1.0,,,2.0,0.0,Completed,1.29,3.75,1.26,4.23,1.29,4.25,1.24,3.97,8851,761
8853,852,834,834,2024-04-15,2024-04-17,2,andreeva|m / avanesyan|e,Rouen,Open de Rouen,R16,R16,0.6153846153846154,1.0,1.0,0.9047619047619048,78.36996336996336,18,Rouen,Open de Rouen,2024-04-17,WTA250,Indoor,Clay,2nd Round,3,Andreeva M.,Avanesyan E.,43.0,67.0,1343.0,1024.0,7.0,5.0,6.0,4.0,,,2.0,0.0,Completed,1.22,4.33,1.25,4.35,1.29,4.35,1.23,4.06,8853,762
8863,862,831,831,2024-04-15,2024-04-17,2,osaka|n / trevisan|m,Rouen,Open de Rouen,R32,R32,0.6153846153846154,1.0,1.0,0.9047619047619048,78.36996336996336,18,Rouen,Open de Rouen,2024-04-17,WTA250,Indoor,Clay,1st Round,3,Trevisan M.,Osaka N.,78.0,192.0,898.0,388.0,6.0,4.0,6.0,2.0,,,2.0,0.0,Completed,3.2,1.36,2.97,1.43,3.2,1.43,2.95,1.38,8863,763
8868,867,829,829,2024-04-15,2024-04-17,2,gracheva|v / tomova|v,Rouen,Open de Rouen,R32,R32,0.6153846153846154,1.0,1.0,0.9047619047619048,78.36996336996336,18,Rouen,Open de Rouen,2024-04-17,WTA250,Indoor,Clay,1st Round,3,Gracheva V.,Tomova V.,94.0,81.0,763.0,866.0,6.0,2.0,3.0,6.0,7.0,5.0,2.0,1.0,Completed,2.0,1.8,2.08,1.81,2.1,1.82,2.02,1.77,8868,764
8871,870,830,830,2024-04-15,2024-04-17,2,hibino|n / ruse|e,Rouen,Open de Rouen,R32,R32,0.6153846153846154,1.0,1.0,0.9047619047619048,78.36996336996336,18,Rouen,Open de Rouen,2024-04-17,WTA250,Indoor,Clay,1st Round,3,Ruse E.G.,Hibino N.,162.0,85.0,460.0,846.0,6.0,2.0,6.0,1.0,,,2.0,0.0,Completed,1.53,2.5,1.5,2.71,1.55,2.75,1.49,2.59,8871,765
8872,871,832,832,2024-04-15,2024-04-17,2,parry|d / schmiedlova|a,Rouen,Open de Rouen,R32,R32,0.6153846153846154,1.0,1.0,0.9047619047619048,78.36996336996336,18,Rouen,Open de Rouen,2024-04-17,WTA250,Indoor,Clay,1st Round,3,Schmiedlova A.,Parry D.,68.0,49.0,983.0,1215.0,3.0,6.0,3.0,1.0,,,0.0,1.0,Retired,3.5,1.3,3.34,1.36,3.53,1.36,3.32,1.32,8872,766
8886,885,860,860,2024-04-15,2024-04-17,2,gauff|c / vickery|s,Stuttgart,Porsche Tennis Grand Prix,R16,R16,0.23703703703703705,1.0,1.0,0.9047619047619048,57.560846560846564,19,Stuttgart,Porsche Tennis Grand Prix,2024-04-17,WTA500,Indoor,Clay,2nd Round,3,Gauff C.,Vickery S.,3.0,134.0,7205.0,550.0,6.0,3.0,4.0,6.0,7.0,5.0,2.0,1.0,Completed,1.06,10.0,1.06,12.02,1.11,12.02,1.06,9.32,8886,767
8888,887,861,861,2024-04-15,2024-04-17,2,badosa|p / sabalenka|a,Stuttgart,Porsche Tennis Grand Prix,R16,R16,0.23703703703703705,1.0,1.0,0.9047619047619048,57.560846560846564,19,Stuttgart,Porsche Tennis Grand Prix,2024-04-17,WTA500,Indoor,Clay,2nd Round,3,Sabalenka A.,Badosa P.,2.0,93.0,8045.0,777.0,7.0,6.0,4.0,6.0,3.0,3.0,1.0,1.0,Retired,1.36,3.2,1.35,3.49,1.36,3.49,1.33,3.24,8888,768
8890,889,859,859,2024-04-15,2024-04-17,2,kerber|a / raducanu|e,Stuttgart,Porsche Tennis Grand Prix,R32,R32,0.23703703703703705,1.0,1.0,0.9047619047619048,57.560846560846564,19,Stuttgart,Porsche Tennis Grand Prix,2024-04-17,WTA500,Indoor,Clay,1st Round,3,Raducanu E.,Kerber A.,303.0,332.0,236.0,201.0,6.0,2.0,6.0,1.0,,,2.0,0.0,Completed,1.4,3.0,1.42,3.02,1.44,3.11,1.4,2.9,8890,769
8894,893,856,856,2024-04-15,2024-04-17,2,alexandrova|e / jabeur|o,Stuttgart,Porsche Tennis Grand Prix,R32,R32,0.23703703703703705,1.0,1.0,0.9047619047619048,57.560846560846564,19,Stuttgart,Porsche Tennis Grand Prix,2024-04-17,WTA500,Indoor,Clay,1st Round,3,Jabeur O.,Alexandrova E.,9.0,16.0,3658.0,2560.0,2.0,6.0,6.0,3.0,7.0,6.0,2.0,1.0,Completed,2.1,1.73,2.17,1.75,2.3,1.75,2.12,1.71,8894,770
8896,895,857,857,2024-04-15,2024-04-17,2,kostyuk|m / siegemund|l,Stuttgart,Porsche Tennis Grand Prix,R32,R32,0.23703703703703705,1.0,1.0,0.9047619047619048,57.560846560846564,19,Stuttgart,Porsche Tennis Grand Prix,2024-04-17,WTA500,Indoor,Clay,1st Round,3,Kostyuk M.,Siegemund L.,27.0,84.0,1911.0,848.0,6.0,3.0,6.0,7.0,6.0,4.0,2.0,1.0,Completed,1.67,2.2,1.75,2.16,1.75,2.21,1.7,2.14,8896,771
8899,898,858,858,2024-04-15,2024-04-17,2,potapova|a / samsonova|l,Stuttgart,Porsche Tennis Grand Prix,R32,R32,0.23703703703703705,1.0,1.0,0.9047619047619048,57.560846560846564,19,Stuttgart,Porsche Tennis Grand Prix,2024-04-17,WTA500,Indoor,Clay,1st Round,3,Potapova A.,Samsonova L.,36.0,17.0,1502.0,2550.0,6.0,4.0,4.0,6.0,6.0,3.0,2.0,1.0,Completed,2.0,1.8,2.02,1.85,2.03,1.88,1.95,1.83,8899,772
8850,849,837,837,2024-04-15,2024-04-18,3,pavlyuchenkova|a / rus|a,Rouen,Open de Rouen,R16,R16,0.6153846153846154,1.0,1.0,0.8571428571428572,78.13186813186813,18,Rouen,Open de Rouen,2024-04-18,WTA250,Indoor,Clay,2nd Round,3,Rus A.,Pavlyuchenkova A.,53.0,22.0,1188.0,2141.0,6.0,3.0,1.0,6.0,6.0,3.0,2.0,1.0,Completed,3.0,1.4,3.3,1.38,3.39,1.4,3.1,1.36,8850,773
8852,851,840,840,2024-04-15,2024-04-18,3,kalinina|a / trevisan|m,Rouen,Open de Rouen,R16,R16,0.6153846153846154,1.0,1.0,0.8571428571428572,78.13186813186813,18,Rouen,Open de Rouen,2024-04-18,WTA250,Indoor,Clay,2nd Round,3,Kalinina A.,Trevisan M.,32.0,78.0,1623.0,898.0,6.0,2.0,6.0,3.0,,,2.0,0.0,Completed,1.53,2.5,1.54,2.63,1.59,2.7,1.52,2.49,8852,774
8855,854,836,836,2024-04-15,2024-04-18,3,gracheva|v / yuan|y,Rouen,Open de Rouen,R16,R16,0.6153846153846154,1.0,1.0,0.8571428571428572,78.13186813186813,18,Rouen,Open de Rouen,2024-04-18,WTA250,Indoor,Clay,2nd Round,3,Yuan Y.,Gracheva V.,38.0,94.0,1451.0,763.0,6.0,4.0,4.0,6.0,7.0,6.0,2.0,1.0,Completed,1.67,2.2,1.77,2.16,1.77,2.3,1.69,2.14,8855,775
8856,855,838,838,2024-04-15,2024-04-18,3,burel|c / ruse|e,Rouen,Open de Rouen,R16,R16,0.6153846153846154,1.0,1.0,0.8571428571428572,78.13186813186813,18,Rouen,Open de Rouen,2024-04-18,WTA250,Indoor,Clay,2nd Round,3,Ruse E.G.,Burel C.,162.0,44.0,460.0,1296.0,6.0,0.0,2.0,6.0,6.0,3.0,2.0,1.0,Completed,2.2,1.67,2.32,1.68,2.46,1.68,2.25,1.63,8856,776
8857,856,839,839,2024-04-15,2024-04-18,3,garcia|c / schmiedlova|a,Rouen,Open de Rouen,R16,R16,0.6153846153846154,1.0,1.0,0.8571428571428572,78.13186813186813,18,Rouen,Open de Rouen,2024-04-18,WTA250,Indoor,Clay,2nd Round,3,Garcia C.,Schmiedlova A.,23.0,68.0,2070.0,983.0,6.0,1.0,6.0,0.0,,,2.0,0.0,Completed,1.22,4.33,1.29,3.94,1.29,4.5,1.24,3.94,8857,777
8881,880,865,865,2024-04-15,2024-04-18,3,mertens|e / swiatek|i,Stuttgart,Porsche Tennis Grand Prix,R16,R16,0.23703703703703705,1.0,1.0,0.8571428571428572,57.32275132275132,19,Stuttgart,Porsche Tennis Grand Prix,2024-04-18,WTA500,Indoor,Clay,2nd Round,3,Swiatek I.,Mertens E.,1.0,30.0,10835.0,1744.0,6.0,3.0,6.0,4.0,,,2.0,0.0,Completed,1.04,13.0,1.03,19.22,1.05,19.22,1.03,12.76,8881,778
8882,881,866,866,2024-04-15,2024-04-18,3,noskova|l / raducanu|e,Stuttgart,Porsche Tennis Grand Prix,R16,R16,0.23703703703703705,1.0,1.0,0.8571428571428572,57.32275132275132,19,Stuttgart,Porsche Tennis Grand Prix,2024-04-18,WTA500,Indoor,Clay,2nd Round,3,Raducanu E.,Noskova L.,303.0,31.0,236.0,1643.0,6.0,0.0,7.0,5.0,,,2.0,0.0,Completed,2.5,1.53,2.55,1.57,2.55,1.62,2.43,1.55,8882,779
8883,882,862,862,2024-04-15,2024-04-18,3,kudermetova|v / rybakina|e,Stuttgart,Porsche Tennis Grand Prix,R16,R16,0.23703703703703705,1.0,1.0,0.8571428571428572,57.32275132275132,19,Stuttgart,Porsche Tennis Grand Prix,2024-04-18,WTA500,Indoor,Clay,2nd Round,3,Rybakina E.,Kudermetova V.,4.0,19.0,5848.0,2383.0,7.0,6.0,1.0,6.0,6.0,4.0,2.0,1.0,Completed,1.25,4.0,1.3,3.88,1.34,4.01,1.27,3.7,8883,780
8884,883,864,864,2024-04-15,2024-04-18,3,jabeur|o / paolini|j,Stuttgart,Porsche Tennis Grand Prix,R16,R16,0.23703703703703705,1.0,1.0,0.8571428571428572,57.32275132275132,19,Stuttgart,Porsche Tennis Grand Prix,2024-04-18,WTA500,Indoor,Clay,2nd Round,3,Paolini J.,Jabeur O.,14.0,9.0,2865.0,3658.0,7.0,6.0,6.0,4.0,,,2.0,0.0,Completed,1.73,2.1,1.75,2.18,1.75,2.25,1.7,2.14,8884,781
8885,884,867,867,2024-04-15,2024-04-18,3,kostyuk|m / zheng|q,Stuttgart,Porsche Tennis Grand Prix,R16,R16,0.23703703703703705,1.0,1.0,0.8571428571428572,57.32275132275132,19,Stuttgart,Porsche Tennis Grand Prix,2024-04-18,WTA500,Indoor,Clay,2nd Round,3,Kostyuk M.,Zheng Q.,27.0,7.0,1911.0,3995.0,6.0,2.0,4.0,6.0,7.0,5.0,2.0,1.0,Completed,3.4,1.33,3.59,1.33,3.85,1.36,3.37,1.32,8885,782
8887,886,863,863,2024-04-15,2024-04-18,3,potapova|a / vondrousova|m,Stuttgart,Porsche Tennis Grand Prix,R16,R16,0.23703703703703705,1.0,1.0,0.8571428571428572,57.32275132275132,19,Stuttgart,Porsche Tennis Grand Prix,2024-04-18,WTA500,Indoor,Clay,2nd Round,3,Vondrousova M.,Potapova A.,8.0,36.0,3895.0,1502.0,7.0,6.0,6.0,1.0,,,2.0,0.0,Completed,1.44,2.75,1.52,2.69,1.53,2.8,1.48,2.64,8887,783
8846,845,842,842,2024-04-15,2024-04-19,4,linette|m / rus|a,Rouen,Open de Rouen,QF,QF,0.6153846153846154,1.0,1.0,0.8095238095238095,77.89377289377289,18,Rouen,Open de Rouen,2024-04-19,WTA250,Indoor,Clay,Quarterfinals,3,Linette M.,Rus A.,60.0,53.0,1085.0,1188.0,7.0,6.0,6.0,1.0,,,2.0,0.0,Completed,2.1,1.73,2.09,1.83,2.16,1.83,2.07,1.75,8846,784
8847,846,844,844,2024-04-15,2024-04-19,4,andreeva|m / kalinina|a,Rouen,Open de Rouen,QF,QF,0.6153846153846154,1.0,1.0,0.8095238095238095,77.89377289377289,18,Rouen,Open de Rouen,2024-04-19,WTA250,Indoor,Clay,Quarterfinals,3,Kalinina A.,Andreeva M.,32.0,43.0,1623.0,1343.0,6.0,4.0,7.0,5.0,,,2.0,0.0,Completed,2.3,1.62,2.45,1.63,2.45,1.67,2.34,1.59,8847,785
8848,847,841,841,2024-04-15,2024-04-19,4,stephens|s / yuan|y,Rouen,Open de Rouen,QF,QF,0.6153846153846154,1.0,1.0,0.8095238095238095,77.89377289377289,18,Rouen,Open de Rouen,2024-04-19,WTA250,Indoor,Clay,Quarterfinals,3,Stephens S.,Yuan Y.,39.0,38.0,1407.0,1451.0,6.0,2.0,6.0,2.0,,,2.0,0.0,Completed,1.29,3.75,1.33,3.7,1.33,3.89,1.29,3.57,8848,786
8849,848,843,843,2024-04-15,2024-04-19,4,garcia|c / ruse|e,Rouen,Open de Rouen,QF,QF,0.6153846153846154,1.0,1.0,0.8095238095238095,77.89377289377289,18,Rouen,Open de Rouen,2024-04-19,WTA250,Indoor,Clay,Quarterfinals,3,Garcia C.,Ruse E.G.,23.0,162.0,2070.0,460.0,6.0,3.0,6.0,4.0,,,2.0,0.0,Completed,1.3,3.5,1.32,3.74,1.33,3.74,1.3,3.45,8849,787
8877,876,870,870,2024-04-15,2024-04-19,4,raducanu|e / swiatek|i,Stuttgart,Porsche Tennis Grand Prix,QF,QF,0.23703703703703705,1.0,1.0,0.8095238095238095,57.08465608465609,19,Stuttgart,Porsche Tennis Grand Prix,2024-04-19,WTA500,Indoor,Clay,Quarterfinals,3,Swiatek I.,Raducanu E.,1.0,303.0,10835.0,236.0,7.0,6.0,6.0,3.0,,,2.0,0.0,Completed,1.11,6.5,1.09,9.71,1.12,9.71,1.09,7.42,8877,788
8878,877,868,868,2024-04-15,2024-04-19,4,paolini|j / rybakina|e,Stuttgart,Porsche Tennis Grand Prix,QF,QF,0.23703703703703705,1.0,1.0,0.8095238095238095,57.08465608465609,19,Stuttgart,Porsche Tennis Grand Prix,2024-04-19,WTA500,Indoor,Clay,Quarterfinals,3,Rybakina E.,Paolini J.,4.0,14.0,5848.0,2865.0,6.0,3.0,5.0,7.0,6.0,3.0,2.0,1.0,Completed,1.5,2.63,1.55,2.64,1.55,2.85,1.5,2.59,8878,789
8879,878,871,871,2024-04-15,2024-04-19,4,gauff|c / kostyuk|m,Stuttgart,Porsche Tennis Grand Prix,QF,QF,0.23703703703703705,1.0,1.0,0.8095238095238095,57.08465608465609,19,Stuttgart,Porsche Tennis Grand Prix,2024-04-19,WTA500,Indoor,Clay,Quarterfinals,3,Kostyuk M.,Gauff C.,27.0,3.0,1911.0,7205.0,3.0,6.0,6.0,4.0,7.0,6.0,2.0,1.0,Completed,2.75,1.44,2.83,1.49,2.83,1.5,2.72,1.45,8879,790
8880,879,869,869,2024-04-15,2024-04-19,4,sabalenka|a / vondrousova|m,Stuttgart,Porsche Tennis Grand Prix,QF,QF,0.23703703703703705,1.0,1.0,0.8095238095238095,57.08465608465609,19,Stuttgart,Porsche Tennis Grand Prix,2024-04-19,WTA500,Indoor,Clay,Quarterfinals,3,Vondrousova M.,Sabalenka A.,8.0,2.0,3895.0,8045.0,3.0,6.0,6.0,3.0,7.0,5.0,2.0,1.0,Completed,2.5,1.53,2.64,1.55,2.64,1.57,2.49,1.53,8880,791
8844,843,846,846,2024-04-15,2024-04-20,5,kalinina|a / linette|m,Rouen,Open de Rouen,SF,SF,0.6153846153846154,1.0,1.0,0.7619047619047619,77.65567765567765,18,Rouen,Open de Rouen,2024-04-20,WTA250,Indoor,Clay,Semifinals,3,Linette M.,Kalinina A.,60.0,32.0,1085.0,1623.0,6.0,1.0,4.0,6.0,6.0,2.0,2.0,1.0,Completed,3.0,1.4,3.14,1.42,3.19,1.42,3.03,1.38,8844,792
8845,844,845,845,2024-04-15,2024-04-20,5,garcia|c / stephens|s,Rouen,Open de Rouen,SF,SF,0.6153846153846154,1.0,1.0,0.7619047619047619,77.65567765567765,18,Rouen,Open de Rouen,2024-04-20,WTA250,Indoor,Clay,Semifinals,3,Stephens S.,Garcia C.,39.0,23.0,1407.0,2070.0,6.0,3.0,6.0,2.0,,,2.0,0.0,Completed,1.91,1.91,1.98,1.93,2.03,1.95,1.92,1.88,8845,793
8875,874,872,872,2024-04-15,2024-04-20,5,rybakina|e / swiatek|i,Stuttgart,Porsche Tennis Grand Prix,SF,SF,0.23703703703703705,1.0,1.0,0.7619047619047619,56.84656084656085,19,Stuttgart,Porsche Tennis Grand Prix,2024-04-20,WTA500,Indoor,Clay,Semifinals,3,Rybakina E.,Swiatek I.,4.0,1.0,5848.0,10835.0,6.0,3.0,4.0,6.0,6.0,3.0,2.0,1.0,Completed,4.5,1.2,4.93,1.22,4.97,1.23,4.47,1.2,8875,794
8876,875,873,873,2024-04-15,2024-04-20,5,kostyuk|m / vondrousova|m,Stuttgart,Porsche Tennis Grand Prix,SF,SF,0.23703703703703705,1.0,1.0,0.7619047619047619,56.84656084656085,19,Stuttgart,Porsche Tennis Grand Prix,2024-04-20,WTA500,Indoor,Clay,Semifinals,3,Kostyuk M.,Vondrousova M.,27.0,8.0,1911.0,3895.0,7.0,6.0,6.0,2.0,,,2.0,0.0,Completed,3.0,1.4,2.99,1.45,3,1.47,2.84,1.42,8876,795
8843,842,847,847,2024-04-15,2024-04-21,6,linette|m / stephens|s,Rouen,Open de Rouen,F,F,0.6153846153846154,1.0,1.0,0.7142857142857143,77.41758241758241,18,Rouen,Open de Rouen,2024-04-21,WTA250,Indoor,Clay,The Final,3,Stephens S.,Linette M.,39.0,60.0,1407.0,1085.0,6.0,1.0,2.0,6.0,6.0,2.0,2.0,1.0,Completed,1.44,2.75,1.48,2.88,1.48,2.88,1.44,2.79,8843,796
8874,873,874,874,2024-04-15,2024-04-21,6,kostyuk|m / rybakina|e,Stuttgart,Porsche Tennis Grand Prix,F,F,0.23703703703703705,1.0,1.0,0.7142857142857143,56.60846560846561,19,Stuttgart,Porsche Tennis Grand Prix,2024-04-21,WTA500,Indoor,Clay,The Final,3,Rybakina E.,Kostyuk M.,4.0,27.0,5848.0,1911.0,6.0,2.0,6.0,2.0,,,2.0,0.0,Completed,1.3,3.5,1.36,3.43,1.39,3.5,1.34,3.24,8874,797
8965,964,875,875,2024-04-22,2024-04-23,1,eala|a / tsurenko|l,Madrid,Mutua Madrid Open,R128,R128,0.5333333333333333,1.0,1.0,0.9523809523809523,74.09523809523809,20,Madrid,Mutua Madrid Open,2024-04-23,WTA1000,Outdoor,Clay,1st Round,3,Eala A.,Tsurenko L.,170.0,41.0,440.0,1363.0,2.0,6.0,6.0,4.0,6.0,4.0,2.0,1.0,Completed,4.33,1.22,4.28,1.26,4.53,1.26,4.14,1.23,8965,798
8966,965,878,878,2024-04-22,2024-04-23,1,maria|t / stearns|p,Madrid,Mutua Madrid Open,R128,R128,0.5333333333333333,1.0,1.0,0.9523809523809523,74.09523809523809,20,Madrid,Mutua Madrid Open,2024-04-23,WTA1000,Outdoor,Clay,1st Round,3,Maria T.,Stearns P.,67.0,87.0,1019.0,798.0,6.0,7.0,6.0,2.0,7.0,6.0,2.0,1.0,Completed,2.63,1.5,2.82,1.48,2.82,1.5,2.72,1.46,8966,799
8969,968,877,877,2024-04-22,2024-04-23,1,podoroska|n / siniakova|k,Madrid,Mutua Madrid Open,R128,R128,0.5333333333333333,1.0,1.0,0.9523809523809523,74.09523809523809,20,Madrid,Mutua Madrid Open,2024-04-23,WTA1000,Outdoor,Clay,1st Round,3,Podoroska N.,Siniakova K.,66.0,40.0,1051.0,1377.0,6.0,2.0,7.0,6.0,,,2.0,0.0,Completed,2.2,1.67,2.2,1.74,2.28,1.74,2.17,1.68,8969,800
8972,971,876,876,2024-04-22,2024-04-23,1,fruhvirtova|b / rus|a,Madrid,Mutua Madrid Open,R128,R128,0.5333333333333333,1.0,1.0,0.9523809523809523,74.09523809523809,20,Madrid,Mutua Madrid Open,2024-04-23,WTA1000,Outdoor,Clay,1st Round,3,Rus A.,Fruhvirtova B.,47.0,106.0,1222.0,729.0,7.0,5.0,6.0,3.0,,,2.0,0.0,Completed,2.0,1.8,1.97,1.92,2.04,1.92,1.97,1.82,8972,801
8974,973,879,879,2024-04-22,2024-04-23,1,begu|i / fruhvirtova|l,Madrid,Mutua Madrid Open,R128,R128,0.5333333333333333,1.0,1.0,0.9523809523809523,74.09523809523809,20,Madrid,Mutua Madrid Open,2024-04-23,WTA1000,Outdoor,Clay,1st Round,3,Begu I.,Fruhvirtova L.,128.0,146.0,612.0,521.0,6.0,4.0,7.0,6.0,,,2.0,0.0,Completed,1.4,3.0,1.38,3.29,1.42,3.3,1.37,3.07,8974,802
8978,977,880,880,2024-04-22,2024-04-23,1,potapova|a / shnaider|d,Madrid,Mutua Madrid Open,R128,R128,0.5333333333333333,1.0,1.0,0.9523809523809523,74.09523809523809,20,Madrid,Mutua Madrid Open,2024-04-23,WTA1000,Outdoor,Clay,1st Round,3,Potapova A.,Shnaider D.,39.0,61.0,1377.0,1079.0,7.0,5.0,6.0,4.0,,,2.0,0.0,Completed,1.73,2.1,1.81,2.1,1.81,2.2,1.72,2.11,8978,803
8979,978,882,882,2024-04-22,2024-04-23,1,kenin|s / schmiedlova|a,Madrid,Mutua Madrid Open,R128,R128,0.5333333333333333,1.0,1.0,0.9523809523809523,74.09523809523809,20,Madrid,Mutua Madrid Open,2024-04-23,WTA1000,Outdoor,Clay,1st Round,3,Schmiedlova A.,Kenin S.,68.0,60.0,1000.0,1080.0,6.0,3.0,6.0,4.0,,,2.0,0.0,Completed,2.0,1.8,1.95,1.93,2.01,1.93,1.92,1.88,8979,804
8967,966,888,888,2024-04-22,2024-04-24,2,pera|b / sorribes tormo|s <> pera|b / tormo|s,Madrid,Mutua Madrid Open,R128,R128,0.5333333333333333,1.0,1.0,0.9047619047619048,73.85714285714285,20,Madrid,Mutua Madrid Open,2024-04-24,WTA1000,Outdoor,Clay,1st Round,3,Sorribes Tormo S.,Pera B.,55.0,79.0,1148.0,910.0,7.0,5.0,6.0,2.0,,,2.0,0.0,Completed,2.3,1.62,2.56,1.57,2.56,1.63,2.35,1.59,8967,805
8968,967,898,898,2024-04-22,2024-04-24,2,errani|s / wozniacki|c,Madrid,Mutua Madrid Open,R128,R128,0.5333333333333333,1.0,1.0,0.9047619047619048,73.85714285714285,20,Madrid,Mutua Madrid Open,2024-04-24,WTA1000,Outdoor,Clay,1st Round,3,Errani S.,Wozniacki C.,100.0,117.0,742.0,655.0,3.0,6.0,7.0,5.0,7.0,5.0,2.0,1.0,Completed,3.2,1.36,3.39,1.36,3.39,1.4,3.16,1.35,8968,806
8970,969,887,887,2024-04-22,2024-04-24,2,stephens|s / trevisan|m,Madrid,Mutua Madrid Open,R128,R128,0.5333333333333333,1.0,1.0,0.9047619047619048,73.85714285714285,20,Madrid,Mutua Madrid Open,2024-04-24,WTA1000,Outdoor,Clay,1st Round,3,Stephens S.,Trevisan M.,33.0,76.0,1625.0,918.0,6.0,3.0,5.0,7.0,6.0,4.0,2.0,1.0,Completed,1.3,3.5,1.3,3.87,1.34,3.87,1.31,3.44,8970,807
8971,970,889,889,2024-04-22,2024-04-24,2,siegemund|l / vekic|d,Madrid,Mutua Madrid Open,R128,R128,0.5333333333333333,1.0,1.0,0.9047619047619048,73.85714285714285,20,Madrid,Mutua Madrid Open,2024-04-24,WTA1000,Outdoor,Clay,1st Round,3,Vekic D.,Siegemund L.,38.0,83.0,1443.0,849.0,6.0,1.0,6.0,2.0,,,2.0,0.0,Completed,2.1,1.73,2.27,1.7,2.27,1.84,2.11,1.72,8971,808
8973,972,891,891,2024-04-22,2024-04-24,2,anisimova|a / arango|e,Madrid,Mutua Madrid Open,R128,R128,0.5333333333333333,1.0,1.0,0.9047619047619048,73.85714285714285,20,Madrid,Mutua Madrid Open,2024-04-24,WTA1000,Outdoor,Clay,1st Round,3,Arango E.,Anisimova A.,121.0,241.0,635.0,312.0,1.0,6.0,6.0,4.0,7.0,6.0,2.0,1.0,Completed,4.0,1.25,4.3,1.26,4.5,1.29,4.09,1.23,8973,809
8975,974,890,890,2024-04-22,2024-04-24,2,minnen|g / osaka|n,Madrid,Mutua Madrid Open,R128,R128,0.5333333333333333,1.0,1.0,0.9047619047619048,73.85714285714285,20,Madrid,Mutua Madrid Open,2024-04-24,WTA1000,Outdoor,Clay,1st Round,3,Osaka N.,Minnen G.,197.0,69.0,389.0,990.0,6.0,4.0,6.0,1.0,,,2.0,0.0,Completed,1.29,3.75,1.3,3.87,1.32,3.87,1.27,3.69,8975,810
8976,975,883,883,2024-04-22,2024-04-24,2,badosa|p / bouzas maneiro|j <> badosa|p / maneiro|j,Madrid,Mutua Madrid Open,R128,R128,0.5333333333333333,1.0,1.0,0.9047619047619048,73.85714285714285,20,Madrid,Mutua Madrid Open,2024-04-24,WTA1000,Outdoor,Clay,1st Round,3,Bouzas Maneiro J.,Badosa P.,93.0,101.0,782.0,737.0,2.0,6.0,6.0,3.0,6.0,3.0,2.0,1.0,Completed,3.0,1.4,2.92,1.46,3,1.46,2.83,1.42,8976,811
8977,976,895,895,2024-04-22,2024-04-24,2,carle|m / raducanu|e,Madrid,Mutua Madrid Open,R128,R128,0.5333333333333333,1.0,1.0,0.9047619047619048,73.85714285714285,20,Madrid,Mutua Madrid Open,2024-04-24,WTA1000,Outdoor,Clay,1st Round,3,Carle M.,Raducanu E.,82.0,221.0,853.0,343.0,6.0,2.0,6.0,2.0,,,2.0,0.0,Completed,4.0,1.25,4.3,1.26,4.3,1.31,3.79,1.26,8977,812
8980,979,886,886,2024-04-22,2024-04-24,2,putintseva|y / yuan|y,Madrid,Mutua Madrid Open,R128,R128,0.5333333333333333,1.0,1.0,0.9047619047619048,73.85714285714285,20,Madrid,Mutua Madrid Open,2024-04-24,WTA1000,Outdoor,Clay,1st Round,3,Putintseva Y.,Yuan Y.,50.0,37.0,1213.0,1480.0,6.0,2.0,6.0,4.0,,,2.0,0.0,Completed,1.57,2.38,1.58,2.52,1.62,2.6,1.55,2.44,8980,813
8981,980,897,897,2024-04-22,2024-04-24,2,bai|z / dolehide|c,Madrid,Mutua Madrid Open,R128,R128,0.5333333333333333,1.0,1.0,0.9047619047619048,73.85714285714285,20,Madrid,Mutua Madrid Open,2024-04-24,WTA1000,Outdoor,Clay,1st Round,3,Dolehide C.,Bai Z.,56.0,90.0,1142.0,787.0,6.0,3.0,6.0,3.0,,,2.0,0.0,Completed,1.44,2.75,1.49,2.77,1.5,3.0,1.46,2.69,8981,814
8982,981,906,906,2024-04-22,2024-04-24,2,baptiste|h / saville|d,Madrid,Mutua Madrid Open,R128,R128,0.5333333333333333,1.0,1.0,0.9047619047619048,73.85714285714285,20,Madrid,Mutua Madrid Open,2024-04-24,WTA1000,Outdoor,Clay,1st Round,3,Saville D.,Baptiste H.,96.0,110.0,751.0,704.0,6.0,4.0,7.0,6.0,,,2.0,0.0,Completed,1.8,2.0,1.84,2.06,1.88,2.1,1.79,2.01,8982,815
8983,982,893,893,2024-04-22,2024-04-24,2,bucsa|c / dart|h,Madrid,Mutua Madrid Open,R128,R128,0.5333333333333333,1.0,1.0,0.9047619047619048,73.85714285714285,20,Madrid,Mutua Madrid Open,2024-04-24,WTA1000,Outdoor,Clay,1st Round,3,Bucsa C.,Dart H.,75.0,86.0,919.0,809.0,6.0,4.0,6.0,4.0,,,2.0,0.0,Completed,1.36,3.2,1.37,3.32,1.4,3.32,1.37,3.08,8983,816
8984,983,901,901,2024-04-22,2024-04-24,2,hibino|n / krueger|a,Madrid,Mutua Madrid Open,R128,R128,0.5333333333333333,1.0,1.0,0.9047619047619048,73.85714285714285,20,Madrid,Mutua Madrid Open,2024-04-24,WTA1000,Outdoor,Clay,1st Round,3,Krueger A.,Hibino N.,70.0,85.0,980.0,823.0,6.0,4.0,6.0,4.0,,,2.0,0.0,Completed,1.36,3.2,1.4,3.16,1.41,3.3,1.37,3.04,8984,817
8985,984,903,903,2024-04-22,2024-04-24,2,bejlek|s / blinkova|a,Madrid,Mutua Madrid Open,R128,R128,0.5333333333333333,1.0,1.0,0.9047619047619048,73.85714285714285,20,Madrid,Mutua Madrid Open,2024-04-24,WTA1000,Outdoor,Clay,1st Round,3,Bejlek S.,Blinkova A.,136.0,45.0,554.0,1275.0,4.0,6.0,6.0,3.0,6.0,3.0,2.0,1.0,Completed,1.8,2.0,1.75,2.2,1.8,2.2,1.73,2.09,8985,818
8986,985,885,885,2024-04-22,2024-04-24,2,davis|l / sherif|m,Madrid,Mutua Madrid Open,R128,R128,0.5333333333333333,1.0,1.0,0.9047619047619048,73.85714285714285,20,Madrid,Mutua Madrid Open,2024-04-24,WTA1000,Outdoor,Clay,1st Round,3,Sherif M.,Davis L.,72.0,166.0,924.0,448.0,4.0,6.0,7.0,6.0,6.0,4.0,2.0,1.0,Completed,1.3,3.5,1.34,3.52,1.35,4.0,1.29,3.54,8986,819
8987,986,899,899,2024-04-22,2024-04-24,2,bronzetti|l / gracheva|v,Madrid,Mutua Madrid Open,R128,R128,0.5333333333333333,1.0,1.0,0.9047619047619048,73.85714285714285,20,Madrid,Mutua Madrid Open,2024-04-24,WTA1000,Outdoor,Clay,1st Round,3,Bronzetti L.,Gracheva V.,46.0,91.0,1231.0,783.0,6.0,3.0,6.0,3.0,,,2.0,0.0,Completed,2.2,1.67,2.08,1.82,2.2,1.82,2.05,1.76,8987,820
8988,987,892,892,2024-04-22,2024-04-24,2,rogers|s / zhang|s,Madrid,Mutua Madrid Open,R128,R128,0.5333333333333333,1.0,1.0,0.9047619047619048,73.85714285714285,20,Madrid,Mutua Madrid Open,2024-04-24,WTA1000,Outdoor,Clay,1st Round,3,Rogers S.,Zhang S.,352.0,671.0,185.0,58.0,6.0,3.0,6.0,2.0,,,2.0,0.0,Completed,1.14,5.5,1.19,5.25,1.22,5.5,1.17,5.0,8988,821
8989,988,902,902,2024-04-22,2024-04-24,2,andreeva|m / townsend|t,Madrid,Mutua Madrid Open,R128,R128,0.5333333333333333,1.0,1.0,0.9047619047619048,73.85714285714285,20,Madrid,Mutua Madrid Open,2024-04-24,WTA1000,Outdoor,Clay,1st Round,3,Andreeva M.,Townsend T.,43.0,58.0,1317.0,1093.0,4.0,6.0,6.0,1.0,7.0,5.0,2.0,1.0,Completed,1.53,2.5,1.52,2.69,1.56,2.69,1.53,2.49,8989,822
8991,990,884,884,2024-04-22,2024-04-24,2,jimenez kasintseva|v / zhu|l <> kasintseva|v / zhu|l,Madrid,Mutua Madrid Open,R128,R128,0.5333333333333333,1.0,1.0,0.9047619047619048,73.85714285714285,20,Madrid,Mutua Madrid Open,2024-04-24,WTA1000,Outdoor,Clay,1st Round,3,Jimenez Kasintseva V.,Zhu L.,335.0,57.0,200.0,1097.0,6.0,4.0,6.0,3.0,,,2.0,0.0,Completed,2.3,1.62,2.23,1.72,2.45,1.72,2.34,1.59,8991,823
8992,991,904,904,2024-04-22,2024-04-24,2,burel|c / danilovic|o,Madrid,Mutua Madrid Open,R128,R128,0.5333333333333333,1.0,1.0,0.9047619047619048,73.85714285714285,20,Madrid,Mutua Madrid Open,2024-04-24,WTA1000,Outdoor,Clay,1st Round,3,Danilovic O.,Burel C.,122.0,44.0,635.0,1311.0,3.0,6.0,7.0,6.0,6.0,4.0,2.0,1.0,Completed,1.73,2.1,1.76,2.16,1.8,2.16,1.75,2.07,8992,824
8993,992,900,900,2024-04-22,2024-04-24,2,cristian|j / frech|m,Madrid,Mutua Madrid Open,R128,R128,0.5333333333333333,1.0,1.0,0.9047619047619048,73.85714285714285,20,Madrid,Mutua Madrid Open,2024-04-24,WTA1000,Outdoor,Clay,1st Round,3,Cristian J.,Frech M.,73.0,51.0,923.0,1195.0,7.0,5.0,6.0,2.0,,,2.0,0.0,Completed,1.62,2.3,1.68,2.3,1.68,2.32,1.63,2.25,8993,825
8994,993,905,905,2024-04-22,2024-04-24,2,avanesyan|e / montgomery|r,Madrid,Mutua Madrid Open,R128,R128,0.5333333333333333,1.0,1.0,0.9047619047619048,73.85714285714285,20,Madrid,Mutua Madrid Open,2024-04-24,WTA1000,Outdoor,Clay,1st Round,3,Montgomery R.,Avanesyan E.,183.0,65.0,413.0,1053.0,6.0,2.0,6.0,2.0,,,2.0,0.0,Completed,2.75,1.44,2.77,1.5,2.88,1.52,2.67,1.46,8994,826
8995,994,896,896,2024-04-22,2024-04-24,2,cocciaretto|e / linette|m,Madrid,Mutua Madrid Open,R128,R128,0.5333333333333333,1.0,1.0,0.9047619047619048,73.85714285714285,20,Madrid,Mutua Madrid Open,2024-04-24,WTA1000,Outdoor,Clay,1st Round,3,Linette M.,Cocciaretto E.,48.0,54.0,1218.0,1149.0,3.0,6.0,6.0,4.0,6.0,4.0,2.0,1.0,Completed,2.38,1.57,2.37,1.65,2.48,1.68,2.35,1.59,8995,827
8933,932,916,916,2024-04-22,2024-04-25,3,cirstea|s / eala|a,Madrid,Mutua Madrid Open,R64,R64,0.5333333333333333,1.0,1.0,0.8571428571428572,73.61904761904762,20,Madrid,Mutua Madrid Open,2024-04-25,WTA1000,Outdoor,Clay,2nd Round,3,Cirstea S.,Eala A.,30.0,170.0,1748.0,440.0,6.0,3.0,6.0,7.0,6.0,4.0,2.0,1.0,Completed,1.11,6.5,1.13,6.94,1.16,7.0,1.12,6.25,8933,828
8934,933,908,908,2024-04-22,2024-04-25,3,azarenka|v / maria|t,Madrid,Mutua Madrid Open,R64,R64,0.5333333333333333,1.0,1.0,0.8571428571428572,73.61904761904762,20,Madrid,Mutua Madrid Open,2024-04-25,WTA1000,Outdoor,Clay,2nd Round,3,Azarenka V.,Maria T.,26.0,67.0,1969.0,1019.0,6.0,3.0,6.0,1.0,,,2.0,0.0,Completed,1.14,5.5,1.17,5.76,1.2,5.76,1.17,5.1,8934,829
8935,934,910,910,2024-04-22,2024-04-25,3,sorribes tormo|s / svitolina|e <> svitolina|e / tormo|s,Madrid,Mutua Madrid Open,R64,R64,0.5333333333333333,1.0,1.0,0.8571428571428572,73.61904761904762,20,Madrid,Mutua Madrid Open,2024-04-25,WTA1000,Outdoor,Clay,2nd Round,3,Sorribes Tormo S.,Svitolina E.,55.0,18.0,1148.0,2457.0,6.0,3.0,7.0,5.0,,,2.0,0.0,Completed,2.75,1.44,2.92,1.46,2.92,1.58,2.73,1.45,8935,830
8936,935,915,915,2024-04-22,2024-04-25,3,errani|s / haddad maia|b <> errani|s / maia|b,Madrid,Mutua Madrid Open,R64,R64,0.5333333333333333,1.0,1.0,0.8571428571428572,73.61904761904762,20,Madrid,Mutua Madrid Open,2024-04-25,WTA1000,Outdoor,Clay,2nd Round,3,Haddad Maia B.,Errani S.,14.0,100.0,2830.0,742.0,6.0,3.0,6.0,2.0,,,2.0,0.0,Completed,1.33,3.4,1.35,3.47,1.35,3.6,1.32,3.33,8936,831
8937,936,912,912,2024-04-22,2024-04-25,3,navarro|e / podoroska|n,Madrid,Mutua Madrid Open,R64,R64,0.5333333333333333,1.0,1.0,0.8571428571428572,73.61904761904762,20,Madrid,Mutua Madrid Open,2024-04-25,WTA1000,Outdoor,Clay,2nd Round,3,Navarro E.,Podoroska N.,23.0,66.0,2158.0,1051.0,6.0,2.0,6.0,1.0,,,2.0,0.0,Completed,1.36,3.2,1.39,3.21,1.42,3.21,1.37,3.09,8937,832
8938,937,920,920,2024-04-22,2024-04-25,3,mertens|e / stephens|s,Madrid,Mutua Madrid Open,R64,R64,0.5333333333333333,1.0,1.0,0.8571428571428572,73.61904761904762,20,Madrid,Mutua Madrid Open,2024-04-25,WTA1000,Outdoor,Clay,2nd Round,3,Stephens S.,Mertens E.,33.0,29.0,1625.0,1794.0,3.0,6.0,6.0,3.0,6.0,1.0,2.0,1.0,Completed,1.62,2.3,1.64,2.39,1.7,2.39,1.64,2.25,8938,833
8939,938,909,909,2024-04-22,2024-04-25,3,sakkari|m / vekic|d,Madrid,Mutua Madrid Open,R64,R64,0.5333333333333333,1.0,1.0,0.8571428571428572,73.61904761904762,20,Madrid,Mutua Madrid Open,2024-04-25,WTA1000,Outdoor,Clay,2nd Round,3,Sakkari M.,Vekic D.,6.0,38.0,4195.0,1443.0,6.0,3.0,6.0,2.0,,,2.0,0.0,Completed,1.44,2.75,1.52,2.69,1.59,2.9,1.46,2.7,8939,834
8940,939,918,918,2024-04-22,2024-04-25,3,gauff|c / rus|a,Madrid,Mutua Madrid Open,R64,R64,0.5333333333333333,1.0,1.0,0.8571428571428572,73.61904761904762,20,Madrid,Mutua Madrid Open,2024-04-25,WTA1000,Outdoor,Clay,2nd Round,3,Gauff C.,Rus A.,3.0,47.0,7258.0,1222.0,6.0,0.0,6.0,0.0,,,2.0,0.0,Completed,1.11,6.5,1.17,5.78,1.18,7.3,1.12,6.04,8940,835
8941,940,911,911,2024-04-22,2024-04-25,3,arango|e / yastremska|d,Madrid,Mutua Madrid Open,R64,R64,0.5333333333333333,1.0,1.0,0.8571428571428572,73.61904761904762,20,Madrid,Mutua Madrid Open,2024-04-25,WTA1000,Outdoor,Clay,2nd Round,3,Yastremska D.,Arango E.,34.0,121.0,1597.0,635.0,0.0,6.0,7.0,5.0,6.0,4.0,2.0,1.0,Completed,1.44,2.75,1.52,2.68,1.52,2.8,1.47,2.66,8941,836
8942,941,907,907,2024-04-22,2024-04-25,3,begu|i / keys|m,Madrid,Mutua Madrid Open,R64,R64,0.5333333333333333,1.0,1.0,0.8571428571428572,73.61904761904762,20,Madrid,Mutua Madrid Open,2024-04-25,WTA1000,Outdoor,Clay,2nd Round,3,Keys M.,Begu I.,20.0,128.0,2298.0,612.0,7.0,6.0,7.0,6.0,,,2.0,0.0,Completed,1.73,2.1,1.78,2.15,1.79,2.3,1.72,2.12,8942,837
8943,942,914,914,2024-04-22,2024-04-25,3,osaka|n / samsonova|l,Madrid,Mutua Madrid Open,R64,R64,0.5333333333333333,1.0,1.0,0.8571428571428572,73.61904761904762,20,Madrid,Mutua Madrid Open,2024-04-25,WTA1000,Outdoor,Clay,2nd Round,3,Samsonova L.,Osaka N.,17.0,197.0,2550.0,389.0,6.0,2.0,4.0,6.0,7.0,5.0,2.0,1.0,Completed,2.2,1.67,2.29,1.68,2.36,1.7,2.26,1.64,8943,838
8944,943,913,913,2024-04-22,2024-04-25,3,bouzas maneiro|j / ostapenko|j <> maneiro|j / ostapenko|j,Madrid,Mutua Madrid Open,R64,R64,0.5333333333333333,1.0,1.0,0.8571428571428572,73.61904761904762,20,Madrid,Mutua Madrid Open,2024-04-25,WTA1000,Outdoor,Clay,2nd Round,3,Ostapenko J.,Bouzas Maneiro J.,10.0,93.0,3438.0,782.0,6.0,3.0,6.0,1.0,,,2.0,0.0,Completed,1.57,2.38,1.67,2.32,1.68,2.6,1.59,2.34,8944,839
8945,944,917,917,2024-04-22,2024-04-25,3,carle|m / kudermetova|v,Madrid,Mutua Madrid Open,R64,R64,0.5333333333333333,1.0,1.0,0.8571428571428572,73.61904761904762,20,Madrid,Mutua Madrid Open,2024-04-25,WTA1000,Outdoor,Clay,2nd Round,3,Carle M.,Kudermetova V.,82.0,19.0,853.0,2383.0,6.0,4.0,6.0,4.0,,,2.0,0.0,Completed,2.75,1.44,2.76,1.5,3,1.51,2.76,1.44,8945,840
8946,945,921,921,2024-04-22,2024-04-25,3,fernandez|l / potapova|a,Madrid,Mutua Madrid Open,R64,R64,0.5333333333333333,1.0,1.0,0.8571428571428572,73.61904761904762,20,Madrid,Mutua Madrid Open,2024-04-25,WTA1000,Outdoor,Clay,2nd Round,3,Fernandez L.A.,Potapova A.,35.0,39.0,1520.0,1377.0,7.0,5.0,6.0,3.0,,,2.0,0.0,Completed,2.2,1.67,2.3,1.68,2.3,1.73,2.19,1.67,8946,841
8947,946,919,919,2024-04-22,2024-04-25,3,jabeur|o / schmiedlova|a,Madrid,Mutua Madrid Open,R64,R64,0.5333333333333333,1.0,1.0,0.8571428571428572,73.61904761904762,20,Madrid,Mutua Madrid Open,2024-04-25,WTA1000,Outdoor,Clay,2nd Round,3,Jabeur O.,Schmiedlova A.,9.0,68.0,3533.0,1000.0,6.0,4.0,5.0,7.0,6.0,3.0,2.0,1.0,Completed,1.25,4.0,1.28,4.03,1.36,4.25,1.25,3.95,8947,842
8948,947,933,933,2024-04-22,2024-04-26,4,putintseva|y / zheng|q,Madrid,Mutua Madrid Open,R64,R64,0.5333333333333333,1.0,1.0,0.8095238095238095,73.38095238095238,20,Madrid,Mutua Madrid Open,2024-04-26,WTA1000,Outdoor,Clay,2nd Round,3,Putintseva Y.,Zheng Q.,50.0,8.0,1213.0,4000.0,7.0,5.0,2.0,0.0,,,1.0,0.0,Retired,3.2,1.36,3.29,1.38,3.29,1.38,3.13,1.35,8948,843
8949,948,931,931,2024-04-22,2024-04-26,4,dolehide|c / kalinina|a,Madrid,Mutua Madrid Open,R64,R64,0.5333333333333333,1.0,1.0,0.8095238095238095,73.38095238095238,20,Madrid,Mutua Madrid Open,2024-04-26,WTA1000,Outdoor,Clay,2nd Round,3,Dolehide C.,Kalinina A.,56.0,32.0,1142.0,1666.0,6.0,7.0,6.0,2.0,6.0,3.0,2.0,1.0,Completed,3.0,1.4,2.95,1.45,3.8,1.45,2.92,1.4,8949,844
8950,949,926,926,2024-04-22,2024-04-26,4,pavlyuchenkova|a / saville|d,Madrid,Mutua Madrid Open,R64,R64,0.5333333333333333,1.0,1.0,0.8095238095238095,73.38095238095238,20,Madrid,Mutua Madrid Open,2024-04-26,WTA1000,Outdoor,Clay,2nd Round,3,Pavlyuchenkova A.,Saville D.,22.0,96.0,2161.0,751.0,6.0,1.0,6.0,4.0,,,2.0,0.0,Completed,1.3,3.5,1.34,3.55,1.38,3.55,1.32,3.35,8950,845
8951,950,929,929,2024-04-22,2024-04-26,4,bucsa|c / kasatkina|d,Madrid,Mutua Madrid Open,R64,R64,0.5333333333333333,1.0,1.0,0.8095238095238095,73.38095238095238,20,Madrid,Mutua Madrid Open,2024-04-26,WTA1000,Outdoor,Clay,2nd Round,3,Kasatkina D.,Bucsa C.,11.0,75.0,3313.0,919.0,5.0,7.0,7.0,6.0,6.0,3.0,2.0,1.0,Completed,1.22,4.33,1.28,4.07,1.28,4.34,1.23,4.05,8951,846
8952,951,930,930,2024-04-22,2024-04-26,4,alexandrova|e / krueger|a,Madrid,Mutua Madrid Open,R64,R64,0.5333333333333333,1.0,1.0,0.8095238095238095,73.38095238095238,20,Madrid,Mutua Madrid Open,2024-04-26,WTA1000,Outdoor,Clay,2nd Round,3,Krueger A.,Alexandrova E.,70.0,16.0,980.0,2560.0,6.0,3.0,6.0,3.0,,,2.0,0.0,Completed,2.75,1.44,2.86,1.47,3.2,1.47,2.78,1.44,8952,847
8953,952,935,935,2024-04-22,2024-04-26,4,bejlek|s / kalinskaya|a,Madrid,Mutua Madrid Open,R64,R64,0.5333333333333333,1.0,1.0,0.8095238095238095,73.38095238095238,20,Madrid,Mutua Madrid Open,2024-04-26,WTA1000,Outdoor,Clay,2nd Round,3,Bejlek S.,Kalinskaya A.,136.0,25.0,554.0,1971.0,6.0,1.0,6.0,4.0,,,2.0,0.0,Completed,2.75,1.44,2.84,1.48,3.1,1.48,2.76,1.44,8953,848
8954,953,932,932,2024-04-22,2024-04-26,4,kostyuk|m / sherif|m,Madrid,Mutua Madrid Open,R64,R64,0.5333333333333333,1.0,1.0,0.8095238095238095,73.38095238095238,20,Madrid,Mutua Madrid Open,2024-04-26,WTA1000,Outdoor,Clay,2nd Round,3,Sherif M.,Kostyuk M.,72.0,21.0,924.0,2235.0,6.0,2.0,7.0,5.0,,,2.0,0.0,Completed,4.5,1.2,4.8,1.22,4.8,1.23,4.42,1.2,8954,849
8955,954,924,924,2024-04-22,2024-04-26,4,bronzetti|l / rybakina|e,Madrid,Mutua Madrid Open,R64,R64,0.5333333333333333,1.0,1.0,0.8095238095238095,73.38095238095238,20,Madrid,Mutua Madrid Open,2024-04-26,WTA1000,Outdoor,Clay,2nd Round,3,Rybakina E.,Bronzetti L.,4.0,46.0,6293.0,1231.0,6.0,4.0,6.0,3.0,,,2.0,0.0,Completed,1.07,9.0,1.08,10.35,1.12,10.46,1.07,8.53,8955,850
8956,955,936,936,2024-04-22,2024-04-26,4,rogers|s / vondrousova|m,Madrid,Mutua Madrid Open,R64,R64,0.5333333333333333,1.0,1.0,0.8095238095238095,73.38095238095238,20,Madrid,Mutua Madrid Open,2024-04-26,WTA1000,Outdoor,Clay,2nd Round,3,Vondrousova M.,Rogers S.,7.0,352.0,4090.0,185.0,6.0,1.0,6.0,3.0,,,2.0,0.0,Completed,1.13,6.0,1.15,6.3,1.2,6.3,1.15,5.44,8956,851
8957,956,925,925,2024-04-22,2024-04-26,4,andreeva|m / noskova|l,Madrid,Mutua Madrid Open,R64,R64,0.5333333333333333,1.0,1.0,0.8095238095238095,73.38095238095238,20,Madrid,Mutua Madrid Open,2024-04-26,WTA1000,Outdoor,Clay,2nd Round,3,Andreeva M.,Noskova L.,43.0,31.0,1317.0,1674.0,4.0,6.0,6.0,3.0,6.0,3.0,2.0,1.0,Completed,1.73,2.1,1.74,2.2,1.9,2.2,1.71,2.11,8957,852
8959,958,927,927,2024-04-22,2024-04-26,4,jimenez kasintseva|v / paolini|j <> kasintseva|v / paolini|j,Madrid,Mutua Madrid Open,R64,R64,0.5333333333333333,1.0,1.0,0.8095238095238095,73.38095238095238,20,Madrid,Mutua Madrid Open,2024-04-26,WTA1000,Outdoor,Clay,2nd Round,3,Paolini J.,Jimenez Kasintseva V.,13.0,335.0,2938.0,200.0,6.0,0.0,6.0,1.0,,,2.0,0.0,Completed,1.13,6.0,1.14,6.58,1.17,6.77,1.13,5.75,8959,853
8960,959,938,938,2024-04-22,2024-04-26,4,collins|d / danilovic|o,Madrid,Mutua Madrid Open,R64,R64,0.5333333333333333,1.0,1.0,0.8095238095238095,73.38095238095238,20,Madrid,Mutua Madrid Open,2024-04-26,WTA1000,Outdoor,Clay,2nd Round,3,Collins D.,Danilovic O.,15.0,122.0,2639.0,635.0,4.0,6.0,6.0,4.0,7.0,6.0,2.0,1.0,Completed,1.17,5.0,1.18,5.51,1.22,5.51,1.17,4.96,8960,854
8961,960,934,934,2024-04-22,2024-04-26,4,cristian|j / krejcikova|b,Madrid,Mutua Madrid Open,R64,R64,0.5333333333333333,1.0,1.0,0.8095238095238095,73.38095238095238,20,Madrid,Mutua Madrid Open,2024-04-26,WTA1000,Outdoor,Clay,2nd Round,3,Cristian J.,Krejcikova B.,73.0,27.0,923.0,1942.0,2.0,6.0,6.0,0.0,6.0,2.0,2.0,1.0,Completed,2.38,1.57,2.46,1.61,3,1.61,2.42,1.56,8961,855
8962,961,937,937,2024-04-22,2024-04-26,4,boulter|k / montgomery|r,Madrid,Mutua Madrid Open,R64,R64,0.5333333333333333,1.0,1.0,0.8095238095238095,73.38095238095238,20,Madrid,Mutua Madrid Open,2024-04-26,WTA1000,Outdoor,Clay,2nd Round,3,Montgomery R.,Boulter K.,183.0,28.0,413.0,1802.0,1.0,6.0,6.0,3.0,6.0,4.0,2.0,1.0,Completed,2.38,1.57,2.39,1.64,2.6,1.65,2.32,1.6,8962,856
8963,962,928,928,2024-04-22,2024-04-26,4,linette|m / sabalenka|a,Madrid,Mutua Madrid Open,R64,R64,0.5333333333333333,1.0,1.0,0.8095238095238095,73.38095238095238,20,Madrid,Mutua Madrid Open,2024-04-26,WTA1000,Outdoor,Clay,2nd Round,3,Sabalenka A.,Linette M.,2.0,48.0,7848.0,1218.0,6.0,4.0,3.0,6.0,6.0,3.0,2.0,1.0,Completed,1.13,6.0,1.15,6.3,1.15,6.3,1.13,5.85,8963,857
8916,915,939,939,2024-04-22,2024-04-27,5,cirstea|s / swiatek|i,Madrid,Mutua Madrid Open,R32,R32,0.5333333333333333,1.0,1.0,0.7619047619047619,73.14285714285714,20,Madrid,Mutua Madrid Open,2024-04-27,WTA1000,Outdoor,Clay,3rd Round,3,Swiatek I.,Cirstea S.,1.0,30.0,10560.0,1748.0,6.0,1.0,6.0,1.0,,,2.0,0.0,Completed,1.03,15.0,1.04,19.14,1.05,19.14,1.03,12.9,8916,858
8917,916,940,940,2024-04-22,2024-04-27,5,azarenka|v / sorribes tormo|s <> azarenka|v / tormo|s,Madrid,Mutua Madrid Open,R32,R32,0.5333333333333333,1.0,1.0,0.7619047619047619,73.14285714285714,20,Madrid,Mutua Madrid Open,2024-04-27,WTA1000,Outdoor,Clay,3rd Round,3,Sorribes Tormo S.,Azarenka V.,55.0,26.0,1148.0,1969.0,7.0,6.0,6.0,3.0,,,2.0,0.0,Completed,3.2,1.36,3.28,1.39,3.39,1.4,3.06,1.37,8917,859
8918,917,945,945,2024-04-22,2024-04-27,5,haddad maia|b / navarro|e <> maia|b / navarro|e,Madrid,Mutua Madrid Open,R32,R32,0.5333333333333333,1.0,1.0,0.7619047619047619,73.14285714285714,20,Madrid,Mutua Madrid Open,2024-04-27,WTA1000,Outdoor,Clay,3rd Round,3,Haddad Maia B.,Navarro E.,14.0,23.0,2830.0,2158.0,6.0,4.0,6.0,4.0,,,2.0,0.0,Completed,2.2,1.67,2.3,1.69,2.31,1.7,2.22,1.66,8918,860
8919,918,941,941,2024-04-22,2024-04-27,5,sakkari|m / stephens|s,Madrid,Mutua Madrid Open,R32,R32,0.5333333333333333,1.0,1.0,0.7619047619047619,73.14285714285714,20,Madrid,Mutua Madrid Open,2024-04-27,WTA1000,Outdoor,Clay,3rd Round,3,Sakkari M.,Stephens S.,6.0,33.0,4195.0,1625.0,6.0,1.0,6.0,3.0,,,2.0,0.0,Completed,1.62,2.3,1.65,2.38,1.72,2.41,1.62,2.27,8919,861
8920,919,946,946,2024-04-22,2024-04-27,5,gauff|c / yastremska|d,Madrid,Mutua Madrid Open,R32,R32,0.5333333333333333,1.0,1.0,0.7619047619047619,73.14285714285714,20,Madrid,Mutua Madrid Open,2024-04-27,WTA1000,Outdoor,Clay,3rd Round,3,Gauff C.,Yastremska D.,3.0,34.0,7258.0,1597.0,6.0,4.0,6.0,1.0,,,2.0,0.0,Completed,1.11,6.5,1.13,7.32,1.13,7.32,1.11,6.45,8920,862
8921,920,944,944,2024-04-22,2024-04-27,5,keys|m / samsonova|l,Madrid,Mutua Madrid Open,R32,R32,0.5333333333333333,1.0,1.0,0.7619047619047619,73.14285714285714,20,Madrid,Mutua Madrid Open,2024-04-27,WTA1000,Outdoor,Clay,3rd Round,3,Keys M.,Samsonova L.,20.0,17.0,2298.0,2550.0,6.0,2.0,6.0,3.0,,,2.0,0.0,Completed,1.91,1.91,1.97,1.93,2,1.93,1.94,1.86,8921,863
8922,921,942,942,2024-04-22,2024-04-27,5,carle|m / ostapenko|j,Madrid,Mutua Madrid Open,R32,R32,0.5333333333333333,1.0,1.0,0.7619047619047619,73.14285714285714,20,Madrid,Mutua Madrid Open,2024-04-27,WTA1000,Outdoor,Clay,3rd Round,3,Ostapenko J.,Carle M.,10.0,82.0,3438.0,853.0,6.0,3.0,6.0,3.0,,,2.0,0.0,Completed,1.44,2.75,1.44,3.01,1.48,3.01,1.43,2.78,8922,864
8923,922,943,943,2024-04-22,2024-04-27,5,fernandez|l / jabeur|o,Madrid,Mutua Madrid Open,R32,R32,0.5333333333333333,1.0,1.0,0.7619047619047619,73.14285714285714,20,Madrid,Mutua Madrid Open,2024-04-27,WTA1000,Outdoor,Clay,3rd Round,3,Jabeur O.,Fernandez L.A.,9.0,35.0,3533.0,1520.0,7.0,5.0,2.0,6.0,6.0,4.0,2.0,1.0,Completed,1.73,2.1,1.78,2.16,1.79,2.21,1.73,2.1,8923,865
8924,923,949,949,2024-04-22,2024-04-28,6,dolehide|c / putintseva|y,Madrid,Mutua Madrid Open,R32,R32,0.5333333333333333,1.0,1.0,0.7142857142857143,72.9047619047619,20,Madrid,Mutua Madrid Open,2024-04-28,WTA1000,Outdoor,Clay,3rd Round,3,Putintseva Y.,Dolehide C.,50.0,56.0,1213.0,1142.0,6.0,2.0,6.0,2.0,,,2.0,0.0,Completed,1.44,2.75,1.5,2.81,1.52,2.88,1.46,2.71,8924,866
8925,924,950,950,2024-04-22,2024-04-28,6,kasatkina|d / pavlyuchenkova|a,Madrid,Mutua Madrid Open,R32,R32,0.5333333333333333,1.0,1.0,0.7142857142857143,72.9047619047619,20,Madrid,Mutua Madrid Open,2024-04-28,WTA1000,Outdoor,Clay,3rd Round,3,Kasatkina D.,Pavlyuchenkova A.,11.0,22.0,3313.0,2161.0,7.0,6.0,7.0,5.0,,,2.0,0.0,Completed,2.0,1.8,2.06,1.85,2.06,1.88,1.99,1.81,8925,867
8926,925,948,948,2024-04-22,2024-04-28,6,bejlek|s / krueger|a,Madrid,Mutua Madrid Open,R32,R32,0.5333333333333333,1.0,1.0,0.7142857142857143,72.9047619047619,20,Madrid,Mutua Madrid Open,2024-04-28,WTA1000,Outdoor,Clay,3rd Round,3,Bejlek S.,Krueger A.,136.0,70.0,554.0,980.0,6.0,3.0,6.0,1.0,,,2.0,0.0,Completed,2.0,1.8,2.02,1.92,2.02,1.92,1.95,1.84,8926,868
8927,926,947,947,2024-04-22,2024-04-28,6,rybakina|e / sherif|m,Madrid,Mutua Madrid Open,R32,R32,0.5333333333333333,1.0,1.0,0.7142857142857143,72.9047619047619,20,Madrid,Mutua Madrid Open,2024-04-28,WTA1000,Outdoor,Clay,3rd Round,3,Rybakina E.,Sherif M.,4.0,72.0,6293.0,924.0,6.0,1.0,6.0,4.0,,,2.0,0.0,Completed,1.07,9.0,1.1,9.02,1.1,10.0,1.08,8.03,8927,869
8928,927,951,951,2024-04-22,2024-04-28,6,andreeva|m / vondrousova|m,Madrid,Mutua Madrid Open,R32,R32,0.5333333333333333,1.0,1.0,0.7142857142857143,72.9047619047619,20,Madrid,Mutua Madrid Open,2024-04-28,WTA1000,Outdoor,Clay,3rd Round,3,Andreeva M.,Vondrousova M.,43.0,7.0,1317.0,4090.0,7.0,5.0,6.0,1.0,,,2.0,0.0,Completed,2.2,1.67,2.26,1.72,2.4,1.72,2.22,1.66,8928,870
8929,928,952,952,2024-04-22,2024-04-28,6,garcia|c / paolini|j,Madrid,Mutua Madrid Open,R32,R32,0.5333333333333333,1.0,1.0,0.7142857142857143,72.9047619047619,20,Madrid,Mutua Madrid Open,2024-04-28,WTA1000,Outdoor,Clay,3rd Round,3,Paolini J.,Garcia C.,13.0,24.0,2938.0,2068.0,6.0,3.0,6.0,2.0,,,2.0,0.0,Completed,1.67,2.2,1.68,2.33,1.69,2.33,1.65,2.23,8929,871
8930,929,953,953,2024-04-22,2024-04-28,6,collins|d / cristian|j,Madrid,Mutua Madrid Open,R32,R32,0.5333333333333333,1.0,1.0,0.7142857142857143,72.9047619047619,20,Madrid,Mutua Madrid Open,2024-04-28,WTA1000,Outdoor,Clay,3rd Round,3,Collins D.,Cristian J.,15.0,73.0,2639.0,923.0,3.0,6.0,6.0,4.0,6.0,1.0,2.0,1.0,Completed,1.3,3.5,1.33,3.7,1.33,3.73,1.3,3.5,8930,872
8931,930,954,954,2024-04-22,2024-04-28,6,montgomery|r / sabalenka|a,Madrid,Mutua Madrid Open,R32,R32,0.5333333333333333,1.0,1.0,0.7142857142857143,72.9047619047619,20,Madrid,Mutua Madrid Open,2024-04-28,WTA1000,Outdoor,Clay,3rd Round,3,Sabalenka A.,Montgomery R.,2.0,183.0,7848.0,413.0,6.0,1.0,6.0,7.0,6.0,4.0,2.0,1.0,Completed,1.11,6.5,1.11,8.33,1.12,8.33,1.1,6.83,8931,873
8908,907,957,957,2024-04-22,2024-04-29,7,sorribes tormo|s / swiatek|i <> swiatek|i / tormo|s,Madrid,Mutua Madrid Open,R16,R16,0.5333333333333333,1.0,1.0,0.6666666666666667,72.66666666666666,20,Madrid,Mutua Madrid Open,2024-04-29,WTA1000,Outdoor,Clay,4th Round,3,Swiatek I.,Sorribes Tormo S.,1.0,55.0,10560.0,1148.0,6.0,1.0,6.0,0.0,,,2.0,0.0,Completed,1.03,17.0,1.03,21.36,1.04,21.36,1.02,14.08,8908,874
8909,908,956,956,2024-04-22,2024-04-29,7,haddad maia|b / sakkari|m <> maia|b / sakkari|m,Madrid,Mutua Madrid Open,R16,R16,0.5333333333333333,1.0,1.0,0.6666666666666667,72.66666666666666,20,Madrid,Mutua Madrid Open,2024-04-29,WTA1000,Outdoor,Clay,4th Round,3,Haddad Maia B.,Sakkari M.,14.0,6.0,2830.0,4195.0,6.0,4.0,6.0,4.0,,,2.0,0.0,Completed,2.75,1.44,2.62,1.56,2.78,1.57,2.63,1.48,8909,875
8910,909,959,959,2024-04-22,2024-04-29,7,gauff|c / keys|m,Madrid,Mutua Madrid Open,R16,R16,0.5333333333333333,1.0,1.0,0.6666666666666667,72.66666666666666,20,Madrid,Mutua Madrid Open,2024-04-29,WTA1000,Outdoor,Clay,4th Round,3,Keys M.,Gauff C.,20.0,3.0,2298.0,7258.0,7.0,6.0,4.0,6.0,6.0,4.0,2.0,1.0,Completed,3.5,1.3,3.81,1.31,3.81,1.35,3.47,1.3,8910,876
8911,910,955,955,2024-04-22,2024-04-29,7,jabeur|o / ostapenko|j,Madrid,Mutua Madrid Open,R16,R16,0.5333333333333333,1.0,1.0,0.6666666666666667,72.66666666666666,20,Madrid,Mutua Madrid Open,2024-04-29,WTA1000,Outdoor,Clay,4th Round,3,Jabeur O.,Ostapenko J.,9.0,10.0,3533.0,3438.0,6.0,0.0,6.0,4.0,,,2.0,0.0,Completed,2.0,1.8,2.13,1.8,2.21,1.88,2.01,1.8,8911,877
8912,911,961,961,2024-04-22,2024-04-29,7,kasatkina|d / putintseva|y,Madrid,Mutua Madrid Open,R16,R16,0.5333333333333333,1.0,1.0,0.6666666666666667,72.66666666666666,20,Madrid,Mutua Madrid Open,2024-04-29,WTA1000,Outdoor,Clay,4th Round,3,Putintseva Y.,Kasatkina D.,50.0,11.0,1213.0,3313.0,3.0,6.0,6.0,2.0,6.0,2.0,2.0,1.0,Completed,2.38,1.57,2.33,1.68,2.44,1.68,2.31,1.6,8912,878
8913,912,960,960,2024-04-22,2024-04-29,7,bejlek|s / rybakina|e,Madrid,Mutua Madrid Open,R16,R16,0.5333333333333333,1.0,1.0,0.6666666666666667,72.66666666666666,20,Madrid,Mutua Madrid Open,2024-04-29,WTA1000,Outdoor,Clay,4th Round,3,Rybakina E.,Bejlek S.,4.0,136.0,6293.0,554.0,6.0,1.0,6.0,3.0,,,2.0,0.0,Completed,1.11,6.5,1.14,6.84,1.17,7.0,1.12,6.14,8913,879
8914,913,958,958,2024-04-22,2024-04-29,7,andreeva|m / paolini|j,Madrid,Mutua Madrid Open,R16,R16,0.5333333333333333,1.0,1.0,0.6666666666666667,72.66666666666666,20,Madrid,Mutua Madrid Open,2024-04-29,WTA1000,Outdoor,Clay,4th Round,3,Andreeva M.,Paolini J.,43.0,13.0,1317.0,2938.0,7.0,6.0,6.0,4.0,,,2.0,0.0,Completed,1.8,2.0,1.95,1.95,2.06,2.02,1.89,1.91,8914,880
8915,914,962,962,2024-04-22,2024-04-29,7,collins|d / sabalenka|a,Madrid,Mutua Madrid Open,R16,R16,0.5333333333333333,1.0,1.0,0.6666666666666667,72.66666666666666,20,Madrid,Mutua Madrid Open,2024-04-29,WTA1000,Outdoor,Clay,4th Round,3,Sabalenka A.,Collins D.,2.0,15.0,7848.0,2639.0,4.0,6.0,6.0,4.0,6.0,3.0,2.0,1.0,Completed,1.57,2.38,1.69,2.3,1.69,2.5,1.62,2.28,8915,881
8904,903,963,963,2024-04-22,2024-04-30,8,haddad maia|b / swiatek|i <> maia|b / swiatek|i,Madrid,Mutua Madrid Open,QF,QF,0.5333333333333333,1.0,1.0,0.6190476190476191,72.42857142857143,20,Madrid,Mutua Madrid Open,2024-04-30,WTA1000,Outdoor,Clay,Quarterfinals,3,Swiatek I.,Haddad Maia B.,1.0,14.0,10560.0,2830.0,4.0,6.0,6.0,0.0,6.0,2.0,2.0,1.0,Completed,1.08,8.0,1.09,10.06,1.09,10.06,1.07,8.47,8904,882
8905,904,964,964,2024-04-22,2024-04-30,8,jabeur|o / keys|m,Madrid,Mutua Madrid Open,QF,QF,0.5333333333333333,1.0,1.0,0.6190476190476191,72.42857142857143,20,Madrid,Mutua Madrid Open,2024-04-30,WTA1000,Outdoor,Clay,Quarterfinals,3,Keys M.,Jabeur O.,20.0,9.0,2298.0,3533.0,0.0,6.0,7.0,5.0,6.0,1.0,2.0,1.0,Completed,2.2,1.67,2.13,1.8,2.22,1.8,2.11,1.73,8905,883
8906,905,965,965,2024-04-22,2024-05-01,9,putintseva|y / rybakina|e,Madrid,Mutua Madrid Open,QF,QF,0.5333333333333333,1.0,1.0,0.5714285714285714,72.19047619047619,20,Madrid,Mutua Madrid Open,2024-05-01,WTA1000,Outdoor,Clay,Quarterfinals,3,Rybakina E.,Putintseva Y.,4.0,50.0,6293.0,1213.0,4.0,6.0,7.0,6.0,7.0,5.0,2.0,1.0,Completed,1.17,5.0,1.21,5.08,1.3,5.08,1.19,4.69,8906,884
8907,906,966,966,2024-04-22,2024-05-01,9,andreeva|m / sabalenka|a,Madrid,Mutua Madrid Open,QF,QF,0.5333333333333333,1.0,1.0,0.5714285714285714,72.19047619047619,20,Madrid,Mutua Madrid Open,2024-05-01,WTA1000,Outdoor,Clay,Quarterfinals,3,Sabalenka A.,Andreeva M.,2.0,43.0,7848.0,1317.0,6.0,1.0,6.0,4.0,,,2.0,0.0,Completed,1.5,2.63,1.51,2.78,1.51,2.85,1.46,2.69,8907,885
8902,901,967,967,2024-04-22,2024-05-02,10,keys|m / swiatek|i,Madrid,Mutua Madrid Open,SF,SF,0.5333333333333333,1.0,1.0,0.5238095238095238,71.95238095238095,20,Madrid,Mutua Madrid Open,2024-05-02,WTA1000,Outdoor,Clay,Semifinals,3,Swiatek I.,Keys M.,1.0,20.0,10560.0,2298.0,6.0,1.0,6.0,3.0,,,2.0,0.0,Completed,1.08,8.0,1.1,8.91,1.1,8.91,1.08,7.68,8902,886
8903,902,968,968,2024-04-22,2024-05-02,10,rybakina|e / sabalenka|a,Madrid,Mutua Madrid Open,SF,SF,0.5333333333333333,1.0,1.0,0.5238095238095238,71.95238095238095,20,Madrid,Mutua Madrid Open,2024-05-02,WTA1000,Outdoor,Clay,Semifinals,3,Sabalenka A.,Rybakina E.,2.0,4.0,7848.0,6293.0,1.0,6.0,7.0,5.0,7.0,6.0,1.0,2.0,Completed,1.73,2.1,1.85,2.06,1.85,2.21,1.75,2.07,8903,887
8901,900,969,969,2024-04-22,2024-05-04,12,sabalenka|a / swiatek|i,Madrid,Mutua Madrid Open,F,F,0.5333333333333333,1.0,1.0,0.4285714285714286,71.47619047619047,20,Madrid,Mutua Madrid Open,2024-05-04,WTA1000,Outdoor,Clay,The Final,3,Swiatek I.,Sabalenka A.,1.0,2.0,10560.0,7848.0,7.0,5.0,4.0,6.0,7.0,6.0,2.0,1.0,Completed,1.3,3.5,1.29,3.99,1.34,3.99,1.28,3.67,8901,888
9060,1059,972,972,2024-05-06,2024-05-07,1,putintseva|y / trevisan|m,Rome,Internazionali BNL d'Italia,R128,R128,1.0,1.0,1.0,0.9523809523809523,99.76190476190476,21,Rome,Internazionali BNL d'Italia,2024-05-07,WTA1000,Outdoor,Clay,1st Round,3,Putintseva Y.,Trevisan M.,41.0,87.0,1393.0,808.0,6.0,3.0,6.0,4.0,,,2.0,0.0,Completed,1.44,2.75,1.42,3.07,1.5,3.07,1.43,2.8,9060,889
9061,1060,977,977,2024-05-06,2024-05-07,1,davis|l / kerber|a,Rome,Internazionali BNL d'Italia,R128,R128,1.0,1.0,1.0,0.9523809523809523,99.76190476190476,21,Rome,Internazionali BNL d'Italia,2024-05-07,WTA1000,Outdoor,Clay,1st Round,3,Kerber A.,Davis L.,331.0,194.0,202.0,392.0,6.0,1.0,6.0,0.0,,,2.0,0.0,Completed,1.62,2.3,1.69,2.28,1.69,2.32,1.64,2.25,9061,890
9066,1065,975,975,2024-05-06,2024-05-07,1,bogdan|a / fernandez|l,Rome,Internazionali BNL d'Italia,R128,R128,1.0,1.0,1.0,0.9523809523809523,99.76190476190476,21,Rome,Internazionali BNL d'Italia,2024-05-07,WTA1000,Outdoor,Clay,1st Round,3,Bogdan A.,Fernandez L.A.,63.0,34.0,1029.0,1575.0,6.0,4.0,6.0,1.0,,,2.0,0.0,Completed,2.63,1.5,2.71,1.51,2.71,1.52,2.6,1.5,9066,891
9067,1066,978,978,2024-05-06,2024-05-07,1,frech|m / krueger|a,Rome,Internazionali BNL d'Italia,R128,R128,1.0,1.0,1.0,0.9523809523809523,99.76190476190476,21,Rome,Internazionali BNL d'Italia,2024-05-07,WTA1000,Outdoor,Clay,1st Round,3,Frech M.,Krueger A.,55.0,66.0,1138.0,1004.0,7.0,6.0,6.0,3.0,,,2.0,0.0,Completed,2.0,1.8,2.14,1.78,2.14,1.82,2.07,1.76,9067,892
9069,1068,971,971,2024-05-06,2024-05-07,1,andreeva|m / badosa|p,Rome,Internazionali BNL d'Italia,R128,R128,1.0,1.0,1.0,0.9523809523809523,99.76190476190476,21,Rome,Internazionali BNL d'Italia,2024-05-07,WTA1000,Outdoor,Clay,1st Round,3,Badosa P.,Andreeva M.,126.0,40.0,627.0,1412.0,6.0,2.0,6.0,3.0,,,2.0,0.0,Completed,2.75,1.41,2.86,1.47,3.31,1.5,2.78,1.44,9069,893
9070,1069,979,979,2024-05-06,2024-05-07,1,minnen|g / shnaider|d,Rome,Internazionali BNL d'Italia,R128,R128,1.0,1.0,1.0,0.9523809523809523,99.76190476190476,21,Rome,Internazionali BNL d'Italia,2024-05-07,WTA1000,Outdoor,Clay,1st Round,3,Shnaider D.,Minnen G.,62.0,76.0,1074.0,887.0,6.0,2.0,6.0,3.0,,,2.0,0.0,Completed,1.36,3.2,1.43,3.04,1.44,3.2,1.39,2.98,9070,894
9073,1072,976,976,2024-05-06,2024-05-07,1,paganetti|v / stefanini|l,Rome,Internazionali BNL d'Italia,R128,R128,1.0,1.0,1.0,0.9523809523809523,99.76190476190476,21,Rome,Internazionali BNL d'Italia,2024-05-07,WTA1000,Outdoor,Clay,1st Round,3,Stefanini L.,Paganetti V.,179.0,,414.0,,7.0,5.0,6.0,3.0,,,2.0,0.0,Completed,1.14,5.5,1.15,6.28,1.17,6.28,1.14,5.58,9073,895
9074,1073,970,970,2024-05-06,2024-05-07,1,pigato|l / rogers|s,Rome,Internazionali BNL d'Italia,R128,R128,1.0,1.0,1.0,0.9523809523809523,99.76190476190476,21,Rome,Internazionali BNL d'Italia,2024-05-07,WTA1000,Outdoor,Clay,1st Round,3,Rogers S.,Pigato L.,398.0,318.0,155.0,215.0,6.0,1.0,6.0,0.0,,,2.0,0.0,Completed,1.3,3.5,1.26,4.28,1.33,4.28,1.27,3.75,9074,896
9059,1058,985,985,2024-05-06,2024-05-08,2,dolehide|c / pera|b,Rome,Internazionali BNL d'Italia,R128,R128,1.0,1.0,1.0,0.9047619047619048,99.52380952380952,21,Rome,Internazionali BNL d'Italia,2024-05-08,WTA1000,Outdoor,Clay,1st Round,3,Pera B.,Dolehide C.,77.0,54.0,875.0,1138.0,7.0,6.0,6.0,3.0,,,2.0,0.0,Completed,1.57,2.38,1.58,2.53,1.59,2.53,1.56,2.42,9059,897
9062,1061,984,984,2024-05-06,2024-05-08,2,sasnovich|a / schmiedlova|a,Rome,Internazionali BNL d'Italia,R128,R128,1.0,1.0,1.0,0.9047619047619048,99.52380952380952,21,Rome,Internazionali BNL d'Italia,2024-05-08,WTA1000,Outdoor,Clay,1st Round,3,Sasnovich A.,Schmiedlova A.,113.0,67.0,691.0,1003.0,6.0,2.0,7.0,6.0,,,2.0,0.0,Completed,1.91,1.91,2.0,1.89,2,1.98,1.88,1.92,9062,898
9065,1064,986,986,2024-05-06,2024-05-08,2,fruhvirtova|b / townsend|t,Rome,Internazionali BNL d'Italia,R128,R128,1.0,1.0,1.0,0.9047619047619048,99.52380952380952,21,Rome,Internazionali BNL d'Italia,2024-05-08,WTA1000,Outdoor,Clay,1st Round,3,Fruhvirtova B.,Townsend T.,102.0,59.0,729.0,1083.0,3.0,6.0,6.0,2.0,6.0,0.0,2.0,1.0,Completed,2.0,1.8,2.04,1.86,2.05,1.9,1.99,1.81,9065,899
9068,1067,980,980,2024-05-06,2024-05-08,2,avanesyan|e / bucsa|c,Rome,Internazionali BNL d'Italia,R128,R128,1.0,1.0,1.0,0.9047619047619048,99.52380952380952,21,Rome,Internazionali BNL d'Italia,2024-05-08,WTA1000,Outdoor,Clay,1st Round,3,Avanesyan E.,Bucsa C.,72.0,70.0,922.0,944.0,6.0,7.0,6.0,0.0,7.0,5.0,2.0,1.0,Completed,1.73,2.1,1.79,2.12,1.8,2.15,1.75,2.08,9068,900
9071,1070,981,981,2024-05-06,2024-05-08,2,fruhvirtova|l / maria|t,Rome,Internazionali BNL d'Italia,R128,R128,1.0,1.0,1.0,0.9047619047619048,99.52380952380952,21,Rome,Internazionali BNL d'Italia,2024-05-08,WTA1000,Outdoor,Clay,1st Round,3,Maria T.,Fruhvirtova L.,65.0,150.0,1019.0,496.0,7.0,6.0,3.0,6.0,6.0,2.0,2.0,1.0,Completed,2.1,1.73,2.28,1.69,2.28,1.8,2.11,1.73,9071,901
9072,1071,988,988,2024-05-06,2024-05-08,2,burel|c / osaka|n,Rome,Internazionali BNL d'Italia,R128,R128,1.0,1.0,1.0,0.9047619047619048,99.52380952380952,21,Rome,Internazionali BNL d'Italia,2024-05-08,WTA1000,Outdoor,Clay,1st Round,3,Osaka N.,Burel C.,173.0,45.0,424.0,1300.0,7.0,6.0,6.0,1.0,,,2.0,0.0,Completed,1.44,2.75,1.49,2.81,1.5,2.81,1.46,2.71,9072,902
9076,1075,982,982,2024-05-06,2024-05-08,2,tsurenko|l / vekic|d,Rome,Internazionali BNL d'Italia,R128,R128,1.0,1.0,1.0,0.9047619047619048,99.52380952380952,21,Rome,Internazionali BNL d'Italia,2024-05-08,WTA1000,Outdoor,Clay,1st Round,3,Tsurenko L.,Vekic D.,44.0,37.0,1308.0,1468.0,6.0,2.0,3.0,6.0,7.0,6.0,2.0,1.0,Completed,2.5,1.53,2.42,1.63,2.55,1.63,2.44,1.55,9076,903
9077,1076,987,987,2024-05-06,2024-05-08,2,linette|m / zhu|l,Rome,Internazionali BNL d'Italia,R128,R128,1.0,1.0,1.0,0.9047619047619048,99.52380952380952,21,Rome,Internazionali BNL d'Italia,2024-05-08,WTA1000,Outdoor,Clay,1st Round,3,Linette M.,Zhu L.,51.0,57.0,1188.0,1097.0,6.0,3.0,6.0,2.0,,,2.0,0.0,Completed,1.25,4.0,1.25,4.34,1.26,4.34,1.23,4.08,9077,904
9078,1077,990,990,2024-05-06,2024-05-08,2,martic|p / sherif|m,Rome,Internazionali BNL d'Italia,R128,R128,1.0,1.0,1.0,0.9047619047619048,99.52380952380952,21,Rome,Internazionali BNL d'Italia,2024-05-08,WTA1000,Outdoor,Clay,1st Round,3,Sherif M.,Martic P.,80.0,81.0,854.0,849.0,6.0,2.0,6.0,2.0,,,2.0,0.0,Completed,1.44,2.75,1.55,2.6,1.55,2.78,1.49,2.61,9078,905
9079,1078,983,983,2024-05-06,2024-05-08,2,blinkova|a / parry|d,Rome,Internazionali BNL d'Italia,R128,R128,1.0,1.0,1.0,0.9047619047619048,99.52380952380952,21,Rome,Internazionali BNL d'Italia,2024-05-08,WTA1000,Outdoor,Clay,1st Round,3,Blinkova A.,Parry D.,46.0,50.0,1275.0,1190.0,6.0,2.0,6.0,3.0,,,2.0,0.0,Completed,2.75,1.44,2.86,1.47,2.88,1.5,2.74,1.45,9079,906
9081,1080,989,989,2024-05-06,2024-05-08,2,brancaccio|n / siniakova|k,Rome,Internazionali BNL d'Italia,R128,R128,1.0,1.0,1.0,0.9047619047619048,99.52380952380952,21,Rome,Internazionali BNL d'Italia,2024-05-08,WTA1000,Outdoor,Clay,1st Round,3,Siniakova K.,Brancaccio N.,36.0,292.0,1510.0,247.0,6.0,4.0,6.0,2.0,,,2.0,0.0,Completed,1.13,6.0,1.13,6.85,1.14,6.85,1.12,6.16,9081,907
9083,1082,991,991,2024-05-06,2024-05-08,2,bronzetti|l / kenin|s,Rome,Internazionali BNL d'Italia,R128,R128,1.0,1.0,1.0,0.9047619047619048,99.52380952380952,21,Rome,Internazionali BNL d'Italia,2024-05-08,WTA1000,Outdoor,Clay,1st Round,3,Kenin S.,Bronzetti L.,58.0,48.0,1094.0,1256.0,6.0,3.0,6.0,2.0,,,2.0,0.0,Completed,2.63,1.5,2.52,1.58,2.63,1.58,2.48,1.54,9083,908
9027,1026,1016,1016,2024-05-06,2024-05-09,3,pera|b / swiatek|i,Rome,Internazionali BNL d'Italia,R64,R64,1.0,1.0,1.0,0.8571428571428572,99.28571428571429,21,Rome,Internazionali BNL d'Italia,2024-05-09,WTA1000,Outdoor,Clay,2nd Round,3,Swiatek I.,Pera B.,1.0,77.0,10910.0,875.0,6.0,0.0,6.0,2.0,,,2.0,0.0,Completed,1.03,15.0,1.03,22.51,1.05,22.78,1.03,13.88,9027,909
9028,1027,1015,1015,2024-05-06,2024-05-09,3,putintseva|y / stephens|s,Rome,Internazionali BNL d'Italia,R64,R64,1.0,1.0,1.0,0.8571428571428572,99.28571428571429,21,Rome,Internazionali BNL d'Italia,2024-05-09,WTA1000,Outdoor,Clay,2nd Round,3,Putintseva Y.,Stephens S.,41.0,35.0,1393.0,1552.0,6.0,3.0,6.0,2.0,,,2.0,0.0,Completed,2.1,1.73,2.09,1.81,2.12,1.81,2.09,1.74,9028,910
9029,1028,1002,1002,2024-05-06,2024-05-09,3,kerber|a / kudermetova|v,Rome,Internazionali BNL d'Italia,R64,R64,1.0,1.0,1.0,0.8571428571428572,99.28571428571429,21,Rome,Internazionali BNL d'Italia,2024-05-09,WTA1000,Outdoor,Clay,2nd Round,3,Kerber A.,Kudermetova V.,331.0,25.0,202.0,2003.0,6.0,3.0,6.0,0.0,,,2.0,0.0,Completed,3.0,1.4,3.18,1.4,3.18,1.45,3.0,1.39,9029,911
9030,1029,1007,1007,2024-05-06,2024-05-09,3,alexandrova|e / sasnovich|a,Rome,Internazionali BNL d'Italia,R64,R64,1.0,1.0,1.0,0.8571428571428572,99.28571428571429,21,Rome,Internazionali BNL d'Italia,2024-05-09,WTA1000,Outdoor,Clay,2nd Round,3,Sasnovich A.,Alexandrova E.,113.0,18.0,691.0,2450.0,6.0,0.0,6.0,1.0,,,2.0,0.0,Completed,2.75,1.44,2.78,1.5,2.89,1.53,2.69,1.46,9030,912
9033,1032,1013,1013,2024-05-06,2024-05-09,3,cirstea|s / fruhvirtova|b,Rome,Internazionali BNL d'Italia,R64,R64,1.0,1.0,1.0,0.8571428571428572,99.28571428571429,21,Rome,Internazionali BNL d'Italia,2024-05-09,WTA1000,Outdoor,Clay,2nd Round,3,Cirstea S.,Fruhvirtova B.,32.0,102.0,1619.0,729.0,7.0,5.0,6.0,0.0,,,2.0,0.0,Completed,2.0,1.8,2.08,1.83,2.1,1.83,2.01,1.8,9033,913
9034,1033,1014,1014,2024-05-06,2024-05-09,3,bogdan|a / vondrousova|m,Rome,Internazionali BNL d'Italia,R64,R64,1.0,1.0,1.0,0.8571428571428572,99.28571428571429,21,Rome,Internazionali BNL d'Italia,2024-05-09,WTA1000,Outdoor,Clay,2nd Round,3,Vondrousova M.,Bogdan A.,6.0,63.0,4090.0,1029.0,6.0,2.0,3.0,6.0,6.0,4.0,2.0,1.0,Completed,1.3,3.5,1.3,3.83,1.33,3.91,1.29,3.61,9034,914
9035,1034,1012,1012,2024-05-06,2024-05-09,3,frech|m / gauff|c,Rome,Internazionali BNL d'Italia,R64,R64,1.0,1.0,1.0,0.8571428571428572,99.28571428571429,21,Rome,Internazionali BNL d'Italia,2024-05-09,WTA1000,Outdoor,Clay,2nd Round,3,Gauff C.,Frech M.,3.0,55.0,7313.0,1138.0,6.0,3.0,6.0,3.0,,,2.0,0.0,Completed,1.1,7.0,1.1,8.11,1.1,9.05,1.09,7.6,9035,915
9036,1035,1009,1009,2024-05-06,2024-05-09,3,avanesyan|e / cristian|j,Rome,Internazionali BNL d'Italia,R64,R64,1.0,1.0,1.0,0.8571428571428572,99.28571428571429,21,Rome,Internazionali BNL d'Italia,2024-05-09,WTA1000,Outdoor,Clay,2nd Round,3,Cristian J.,Avanesyan E.,68.0,72.0,983.0,922.0,5.0,7.0,6.0,2.0,6.0,2.0,2.0,1.0,Completed,1.67,2.2,1.76,2.16,1.76,2.22,1.71,2.13,9036,916
9037,1036,1017,1017,2024-05-06,2024-05-09,3,badosa|p / navarro|e,Rome,Internazionali BNL d'Italia,R64,R64,1.0,1.0,1.0,0.8571428571428572,99.28571428571429,21,Rome,Internazionali BNL d'Italia,2024-05-09,WTA1000,Outdoor,Clay,2nd Round,3,Badosa P.,Navarro E.,126.0,22.0,627.0,2143.0,1.0,6.0,6.0,4.0,6.0,2.0,2.0,1.0,Completed,1.8,2.0,1.93,1.96,1.93,2.0,1.87,1.93,9037,917
9038,1037,1003,1003,2024-05-06,2024-05-09,3,samsonova|l / shnaider|d,Rome,Internazionali BNL d'Italia,R64,R64,1.0,1.0,1.0,0.8571428571428572,99.28571428571429,21,Rome,Internazionali BNL d'Italia,2024-05-09,WTA1000,Outdoor,Clay,2nd Round,3,Shnaider D.,Samsonova L.,62.0,17.0,1074.0,2495.0,6.0,1.0,6.0,3.0,,,2.0,0.0,Completed,2.1,1.73,2.16,1.77,2.16,1.8,2.09,1.74,9038,918
9039,1038,1005,1005,2024-05-06,2024-05-09,3,kasatkina|d / maria|t,Rome,Internazionali BNL d'Italia,R64,R64,1.0,1.0,1.0,0.8571428571428572,99.28571428571429,21,Rome,Internazionali BNL d'Italia,2024-05-09,WTA1000,Outdoor,Clay,2nd Round,3,Kasatkina D.,Maria T.,11.0,65.0,3313.0,1019.0,7.0,5.0,6.0,1.0,,,2.0,0.0,Completed,1.14,5.5,1.13,6.9,1.17,6.9,1.14,5.73,9039,919
9040,1039,1008,1008,2024-05-06,2024-05-09,3,kostyuk|m / osaka|n,Rome,Internazionali BNL d'Italia,R64,R64,1.0,1.0,1.0,0.8571428571428572,99.28571428571429,21,Rome,Internazionali BNL d'Italia,2024-05-09,WTA1000,Outdoor,Clay,2nd Round,3,Osaka N.,Kostyuk M.,173.0,20.0,424.0,2235.0,6.0,3.0,6.0,2.0,,,2.0,0.0,Completed,2.0,1.8,2.15,1.78,2.15,1.88,2.04,1.79,9040,920
9041,1040,1004,1004,2024-05-06,2024-05-09,3,noskova|l / stefanini|l,Rome,Internazionali BNL d'Italia,R64,R64,1.0,1.0,1.0,0.8571428571428572,99.28571428571429,21,Rome,Internazionali BNL d'Italia,2024-05-09,WTA1000,Outdoor,Clay,2nd Round,3,Noskova L.,Stefanini L.,29.0,179.0,1684.0,414.0,6.0,3.0,7.0,6.0,,,2.0,0.0,Completed,1.13,6.0,1.15,6.18,1.17,6.18,1.14,5.67,9041,921
9042,1041,1006,1006,2024-05-06,2024-05-09,3,rogers|s / zheng|q,Rome,Internazionali BNL d'Italia,R64,R64,1.0,1.0,1.0,0.8571428571428572,99.28571428571429,21,Rome,Internazionali BNL d'Italia,2024-05-09,WTA1000,Outdoor,Clay,2nd Round,3,Zheng Q.,Rogers S.,7.0,398.0,3945.0,155.0,6.0,2.0,6.0,0.0,,,2.0,0.0,Completed,1.3,3.5,1.32,3.66,1.36,3.75,1.31,3.45,9042,922
9075,1074,992,992,2024-05-06,2024-05-09,3,di sarra|f / gracheva|v,Rome,Internazionali BNL d'Italia,R128,R128,1.0,1.0,1.0,0.8571428571428572,99.28571428571429,21,Rome,Internazionali BNL d'Italia,2024-05-09,WTA1000,Outdoor,Clay,1st Round,3,Gracheva V.,Di Sarra F.,88.0,530.0,803.0,99.0,6.0,1.0,6.0,3.0,,,2.0,0.0,Completed,1.06,10.0,1.06,12.33,1.07,12.76,1.05,10.27,9075,923
9080,1079,994,994,2024-05-06,2024-05-09,3,cocciaretto|e / zarazua|r,Rome,Internazionali BNL d'Italia,R128,R128,1.0,1.0,1.0,0.8571428571428572,99.28571428571429,21,Rome,Internazionali BNL d'Italia,2024-05-09,WTA1000,Outdoor,Clay,1st Round,3,Cocciaretto E.,Zarazua R.,56.0,103.0,1124.0,727.0,4.0,6.0,7.0,5.0,6.0,3.0,2.0,1.0,Completed,1.22,4.33,1.24,4.45,1.24,4.5,1.22,4.28,9080,924
9082,1081,995,995,2024-05-06,2024-05-09,3,begu|i / masarova|r,Rome,Internazionali BNL d'Italia,R128,R128,1.0,1.0,1.0,0.8571428571428572,99.28571428571429,21,Rome,Internazionali BNL d'Italia,2024-05-09,WTA1000,Outdoor,Clay,1st Round,3,Begu I.,Masarova R.,161.0,104.0,471.0,725.0,5.0,7.0,6.0,3.0,6.0,4.0,2.0,1.0,Completed,1.44,2.75,1.5,2.75,1.61,1.75,1.5,2.57,9082,925
9084,1083,996,996,2024-05-06,2024-05-09,3,pedone|g / sramkova|r,Rome,Internazionali BNL d'Italia,R128,R128,1.0,1.0,1.0,0.8571428571428572,99.28571428571429,21,Rome,Internazionali BNL d'Italia,2024-05-09,WTA1000,Outdoor,Clay,1st Round,3,Sramkova R.,Pedone G.,120.0,270.0,665.0,265.0,6.0,4.0,6.0,1.0,,,2.0,0.0,Completed,1.2,4.5,1.21,4.93,1.22,4.93,1.2,4.54,9084,926
9085,1084,993,993,2024-05-06,2024-05-09,3,podoroska|n / sorribes tormo|s <> podoroska|n / tormo|s,Rome,Internazionali BNL d'Italia,R128,R128,1.0,1.0,1.0,0.8571428571428572,99.28571428571429,21,Rome,Internazionali BNL d'Italia,2024-05-09,WTA1000,Outdoor,Clay,1st Round,3,Sorribes Tormo S.,Podoroska N.,47.0,61.0,1266.0,1076.0,6.0,4.0,6.0,3.0,,,2.0,0.0,Completed,1.57,2.38,1.56,2.58,1.57,2.58,1.55,2.47,9085,927
9087,1086,1000,1000,2024-05-06,2024-05-09,3,anisimova|a / errani|s,Rome,Internazionali BNL d'Italia,R128,R128,1.0,1.0,1.0,0.8571428571428572,99.28571428571429,21,Rome,Internazionali BNL d'Italia,2024-05-09,WTA1000,Outdoor,Clay,1st Round,3,Errani S.,Anisimova A.,93.0,237.0,777.0,312.0,4.0,6.0,6.0,2.0,6.0,1.0,2.0,1.0,Completed,3.0,1.4,2.96,1.45,3,1.46,2.87,1.41,9087,928
9088,1087,999,999,2024-05-06,2024-05-09,3,saville|d / tauson|c,Rome,Internazionali BNL d'Italia,R128,R128,1.0,1.0,1.0,0.8571428571428572,99.28571428571429,21,Rome,Internazionali BNL d'Italia,2024-05-09,WTA1000,Outdoor,Clay,1st Round,3,Tauson C.,Saville D.,78.0,84.0,872.0,819.0,6.0,2.0,6.0,3.0,,,2.0,0.0,Completed,1.53,2.5,1.6,2.47,1.61,2.6,1.57,2.4,9088,929
9089,1088,997,997,2024-05-06,2024-05-09,3,carle|m / siegemund|l,Rome,Internazionali BNL d'Italia,R128,R128,1.0,1.0,1.0,0.8571428571428572,99.28571428571429,21,Rome,Internazionali BNL d'Italia,2024-05-09,WTA1000,Outdoor,Clay,1st Round,3,Siegemund L.,Carle M.,86.0,71.0,814.0,933.0,2.0,6.0,6.0,4.0,6.0,4.0,2.0,1.0,Completed,1.62,2.3,1.68,2.29,1.68,2.3,1.64,2.25,9089,930
9090,1089,1001,1001,2024-05-06,2024-05-09,3,volynets|k / wang|y,Rome,Internazionali BNL d'Italia,R128,R128,1.0,1.0,1.0,0.8571428571428572,99.28571428571429,21,Rome,Internazionali BNL d'Italia,2024-05-09,WTA1000,Outdoor,Clay,1st Round,3,Volynets K.,Wang Y.,109.0,69.0,704.0,967.0,7.0,6.0,6.0,1.0,,,2.0,0.0,Completed,1.4,3.0,1.4,3.17,1.44,3.17,1.4,2.95,9090,931
9043,1042,1019,1019,2024-05-06,2024-05-10,4,gracheva|v / sakkari|m,Rome,Internazionali BNL d'Italia,R64,R64,1.0,1.0,1.0,0.8095238095238095,99.04761904761905,21,Rome,Internazionali BNL d'Italia,2024-05-10,WTA1000,Outdoor,Clay,2nd Round,3,Sakkari M.,Gracheva V.,8.0,88.0,3925.0,803.0,6.0,2.0,6.0,2.0,,,2.0,0.0,Completed,1.17,5.0,1.18,5.63,1.21,5.63,1.17,5.02,9043,932
9044,1043,1029,1029,2024-05-06,2024-05-10,4,kalinina|a / tsurenko|l,Rome,Internazionali BNL d'Italia,R64,R64,1.0,1.0,1.0,0.8095238095238095,99.04761904761905,21,Rome,Internazionali BNL d'Italia,2024-05-10,WTA1000,Outdoor,Clay,2nd Round,3,Kalinina A.,Tsurenko L.,31.0,44.0,1666.0,1308.0,2.0,0.0,,,,,0.0,0.0,Retired,1.44,2.75,1.54,2.62,1.54,2.75,1.49,2.6,9044,933
9045,1044,1027,1027,2024-05-06,2024-05-10,4,azarenka|v / linette|m,Rome,Internazionali BNL d'Italia,R64,R64,1.0,1.0,1.0,0.8095238095238095,99.04761904761905,21,Rome,Internazionali BNL d'Italia,2024-05-10,WTA1000,Outdoor,Clay,2nd Round,3,Azarenka V.,Linette M.,24.0,51.0,2024.0,1188.0,6.0,7.0,6.0,4.0,6.0,3.0,2.0,1.0,Completed,1.5,2.63,1.54,2.63,1.56,2.85,1.5,2.59,9045,934
9046,1045,1033,1033,2024-05-06,2024-05-10,4,paolini|j / sherif|m,Rome,Internazionali BNL d'Italia,R64,R64,1.0,1.0,1.0,0.8095238095238095,99.04761904761905,21,Rome,Internazionali BNL d'Italia,2024-05-10,WTA1000,Outdoor,Clay,2nd Round,3,Sherif M.,Paolini J.,80.0,12.0,854.0,3048.0,7.0,6.0,2.0,6.0,6.0,4.0,2.0,1.0,Completed,3.2,1.36,3.43,1.36,3.43,1.4,3.18,1.35,9046,935
9047,1046,1018,1018,2024-05-06,2024-05-10,4,blinkova|a / collins|d,Rome,Internazionali BNL d'Italia,R64,R64,1.0,1.0,1.0,0.8095238095238095,99.04761904761905,21,Rome,Internazionali BNL d'Italia,2024-05-10,WTA1000,Outdoor,Clay,2nd Round,3,Collins D.,Blinkova A.,15.0,46.0,2759.0,1275.0,6.0,4.0,,,,,1.0,0.0,Retired,1.2,4.5,1.19,5.29,1.22,5.29,1.18,4.76,9047,936
9048,1047,1028,1028,2024-05-06,2024-05-10,4,cocciaretto|e / garcia|c,Rome,Internazionali BNL d'Italia,R64,R64,1.0,1.0,1.0,0.8095238095238095,99.04761904761905,21,Rome,Internazionali BNL d'Italia,2024-05-10,WTA1000,Outdoor,Clay,2nd Round,3,Garcia C.,Cocciaretto E.,23.0,56.0,2068.0,1124.0,6.0,2.0,7.0,6.0,,,2.0,0.0,Completed,1.8,2.0,1.87,2.02,1.87,2.27,1.79,2.02,9048,937
9049,1048,1021,1021,2024-05-06,2024-05-10,4,mertens|e / siniakova|k,Rome,Internazionali BNL d'Italia,R64,R64,1.0,1.0,1.0,0.8095238095238095,99.04761904761905,21,Rome,Internazionali BNL d'Italia,2024-05-10,WTA1000,Outdoor,Clay,2nd Round,3,Mertens E.,Siniakova K.,30.0,36.0,1684.0,1510.0,6.0,1.0,6.0,4.0,,,2.0,0.0,Completed,1.91,1.91,1.8,2.11,1.91,2.14,1.82,1.99,9049,938
9050,1049,1024,1024,2024-05-06,2024-05-10,4,begu|i / dodin|o,Rome,Internazionali BNL d'Italia,R64,R64,1.0,1.0,1.0,0.8095238095238095,99.04761904761905,21,Rome,Internazionali BNL d'Italia,2024-05-10,WTA1000,Outdoor,Clay,2nd Round,3,Begu I.,Dodin O.,161.0,73.0,471.0,919.0,5.0,2.0,,,,,0.0,0.0,Retired,1.3,3.5,,,1.36,3.53,1.31,3.34,9050,939
9051,1050,1022,1022,2024-05-06,2024-05-10,4,jabeur|o / kenin|s,Rome,Internazionali BNL d'Italia,R64,R64,1.0,1.0,1.0,0.8095238095238095,99.04761904761905,21,Rome,Internazionali BNL d'Italia,2024-05-10,WTA1000,Outdoor,Clay,2nd Round,3,Kenin S.,Jabeur O.,58.0,9.0,1094.0,3748.0,7.0,5.0,2.0,6.0,6.0,4.0,2.0,1.0,Completed,3.75,1.29,3.73,1.31,3.78,1.33,3.57,1.29,9051,940
9052,1051,1032,1032,2024-05-06,2024-05-10,4,boulter|k / sramkova|r,Rome,Internazionali BNL d'Italia,R64,R64,1.0,1.0,1.0,0.8095238095238095,99.04761904761905,21,Rome,Internazionali BNL d'Italia,2024-05-10,WTA1000,Outdoor,Clay,2nd Round,3,Sramkova R.,Boulter K.,120.0,28.0,665.0,1742.0,6.0,4.0,7.0,6.0,,,2.0,0.0,Completed,2.0,1.8,2.06,1.84,2.06,1.85,1.98,1.82,9052,941
9053,1052,1020,1020,2024-05-06,2024-05-10,4,pavlyuchenkova|a / sorribes tormo|s <> pavlyuchenkova|a / tormo|s,Rome,Internazionali BNL d'Italia,R64,R64,1.0,1.0,1.0,0.8095238095238095,99.04761904761905,21,Rome,Internazionali BNL d'Italia,2024-05-10,WTA1000,Outdoor,Clay,2nd Round,3,Sorribes Tormo S.,Pavlyuchenkova A.,47.0,21.0,1266.0,2191.0,6.0,3.0,1.0,6.0,7.0,5.0,2.0,1.0,Completed,2.1,1.73,2.44,1.61,2.45,1.73,2.2,1.67,9053,942
9054,1053,1023,1023,2024-05-06,2024-05-10,4,ostapenko|j / potapova|a,Rome,Internazionali BNL d'Italia,R64,R64,1.0,1.0,1.0,0.8095238095238095,99.04761904761905,21,Rome,Internazionali BNL d'Italia,2024-05-10,WTA1000,Outdoor,Clay,2nd Round,3,Ostapenko J.,Potapova A.,10.0,43.0,3493.0,1347.0,6.0,4.0,6.0,2.0,,,2.0,0.0,Completed,1.73,2.1,1.89,2.0,1.89,2.2,1.81,2.0,9054,943
9055,1054,1030,1030,2024-05-06,2024-05-10,4,errani|s / svitolina|e,Rome,Internazionali BNL d'Italia,R64,R64,1.0,1.0,1.0,0.8095238095238095,99.04761904761905,21,Rome,Internazionali BNL d'Italia,2024-05-10,WTA1000,Outdoor,Clay,2nd Round,3,Svitolina E.,Errani S.,19.0,93.0,2400.0,777.0,6.0,0.0,6.0,2.0,,,2.0,0.0,Completed,1.36,3.2,1.37,3.4,1.38,3.4,1.35,3.21,9055,944
9056,1055,1025,1025,2024-05-06,2024-05-10,4,kalinskaya|a / tauson|c,Rome,Internazionali BNL d'Italia,R64,R64,1.0,1.0,1.0,0.8095238095238095,99.04761904761905,21,Rome,Internazionali BNL d'Italia,2024-05-10,WTA1000,Outdoor,Clay,2nd Round,3,Kalinskaya A.,Tauson C.,26.0,78.0,1916.0,872.0,6.0,1.0,6.0,2.0,,,2.0,0.0,Completed,2.0,1.8,2.09,1.81,2.1,1.86,2.04,1.77,9056,945
9057,1056,1026,1026,2024-05-06,2024-05-10,4,siegemund|l / yastremska|d,Rome,Internazionali BNL d'Italia,R64,R64,1.0,1.0,1.0,0.8095238095238095,99.04761904761905,21,Rome,Internazionali BNL d'Italia,2024-05-10,WTA1000,Outdoor,Clay,2nd Round,3,Yastremska D.,Siegemund L.,33.0,86.0,1590.0,814.0,4.0,6.0,7.0,5.0,6.0,2.0,2.0,1.0,Completed,2.2,1.67,2.32,1.67,2.32,1.78,2.22,1.66,9057,946
9058,1057,1031,1031,2024-05-06,2024-05-10,4,sabalenka|a / volynets|k,Rome,Internazionali BNL d'Italia,R64,R64,1.0,1.0,1.0,0.8095238095238095,99.04761904761905,21,Rome,Internazionali BNL d'Italia,2024-05-10,WTA1000,Outdoor,Clay,2nd Round,3,Sabalenka A.,Volynets K.,2.0,109.0,7498.0,704.0,4.0,6.0,6.0,3.0,6.0,2.0,2.0,1.0,Completed,1.1,7.0,1.09,9.31,1.11,9.31,1.08,7.85,9058,947
9011,1010,1034,1034,2024-05-06,2024-05-11,5,putintseva|y / swiatek|i,Rome,Internazionali BNL d'Italia,R32,R32,1.0,1.0,1.0,0.7619047619047619,98.80952380952381,21,Rome,Internazionali BNL d'Italia,2024-05-11,WTA1000,Outdoor,Clay,3rd Round,3,Swiatek I.,Putintseva Y.,1.0,41.0,10910.0,1393.0,6.0,3.0,6.0,4.0,,,2.0,0.0,Completed,1.04,13.0,1.03,17.27,1.05,18.0,1.03,13.2,9011,948
9012,1011,1036,1036,2024-05-06,2024-05-11,5,kerber|a / sasnovich|a,Rome,Internazionali BNL d'Italia,R32,R32,1.0,1.0,1.0,0.7619047619047619,98.80952380952381,21,Rome,Internazionali BNL d'Italia,2024-05-11,WTA1000,Outdoor,Clay,3rd Round,3,Kerber A.,Sasnovich A.,331.0,113.0,202.0,691.0,6.0,3.0,7.0,6.0,,,2.0,0.0,Completed,1.67,2.2,1.73,2.25,1.78,2.25,1.69,2.17,9012,949
9013,1012,1039,1039,2024-05-06,2024-05-11,5,haddad maia|b / keys|m <> keys|m / maia|b,Rome,Internazionali BNL d'Italia,R32,R32,1.0,1.0,1.0,0.7619047619047619,98.80952380952381,21,Rome,Internazionali BNL d'Italia,2024-05-11,WTA1000,Outdoor,Clay,3rd Round,3,Keys M.,Haddad Maia B.,16.0,13.0,2688.0,3035.0,6.0,4.0,4.0,6.0,6.0,3.0,2.0,1.0,Completed,1.8,2.0,1.84,2.08,1.92,2.08,1.81,1.99,9013,950
9014,1013,1040,1040,2024-05-06,2024-05-11,5,cirstea|s / vondrousova|m,Rome,Internazionali BNL d'Italia,R32,R32,1.0,1.0,1.0,0.7619047619047619,98.80952380952381,21,Rome,Internazionali BNL d'Italia,2024-05-11,WTA1000,Outdoor,Clay,3rd Round,3,Cirstea S.,Vondrousova M.,32.0,6.0,1619.0,4090.0,7.0,6.0,6.0,3.0,,,2.0,0.0,Completed,3.2,1.36,3.14,1.42,3.25,1.45,2.99,1.39,9014,951
9015,1014,1041,1041,2024-05-06,2024-05-11,5,cristian|j / gauff|c,Rome,Internazionali BNL d'Italia,R32,R32,1.0,1.0,1.0,0.7619047619047619,98.80952380952381,21,Rome,Internazionali BNL d'Italia,2024-05-11,WTA1000,Outdoor,Clay,3rd Round,3,Gauff C.,Cristian J.,3.0,68.0,7313.0,983.0,6.0,1.0,0.0,6.0,6.0,3.0,2.0,1.0,Completed,1.11,6.5,1.14,6.86,1.14,7.55,1.12,6.29,9015,952
9016,1015,1035,1035,2024-05-06,2024-05-11,5,badosa|p / shnaider|d,Rome,Internazionali BNL d'Italia,R32,R32,1.0,1.0,1.0,0.7619047619047619,98.80952380952381,21,Rome,Internazionali BNL d'Italia,2024-05-11,WTA1000,Outdoor,Clay,3rd Round,3,Badosa P.,Shnaider D.,126.0,62.0,627.0,1074.0,5.0,7.0,6.0,4.0,6.0,4.0,2.0,1.0,Completed,1.44,2.75,1.56,2.61,1.56,2.78,1.51,2.57,9016,953
9017,1016,1037,1037,2024-05-06,2024-05-11,5,kasatkina|d / osaka|n,Rome,Internazionali BNL d'Italia,R32,R32,1.0,1.0,1.0,0.7619047619047619,98.80952380952381,21,Rome,Internazionali BNL d'Italia,2024-05-11,WTA1000,Outdoor,Clay,3rd Round,3,Osaka N.,Kasatkina D.,173.0,11.0,424.0,3313.0,6.0,3.0,6.0,3.0,,,2.0,0.0,Completed,2.0,1.8,2.06,1.85,2.06,1.9,1.95,1.85,9017,954
9018,1017,1038,1038,2024-05-06,2024-05-11,5,noskova|l / zheng|q,Rome,Internazionali BNL d'Italia,R32,R32,1.0,1.0,1.0,0.7619047619047619,98.80952380952381,21,Rome,Internazionali BNL d'Italia,2024-05-11,WTA1000,Outdoor,Clay,3rd Round,3,Zheng Q.,Noskova L.,7.0,29.0,3945.0,1684.0,3.0,6.0,6.0,1.0,6.0,2.0,2.0,1.0,Completed,1.5,2.63,1.52,2.72,1.56,2.75,1.49,2.61,9018,955
9019,1018,1043,1043,2024-05-06,2024-05-12,6,kalinina|a / sakkari|m,Rome,Internazionali BNL d'Italia,R32,R32,1.0,1.0,1.0,0.7142857142857143,98.57142857142857,21,Rome,Internazionali BNL d'Italia,2024-05-12,WTA1000,Outdoor,Clay,3rd Round,3,Sakkari M.,Kalinina A.,8.0,31.0,3925.0,1666.0,7.0,6.0,6.0,0.0,,,2.0,0.0,Completed,1.33,3.4,1.37,3.41,1.38,3.41,1.33,3.29,9019,956
9020,1019,1047,1047,2024-05-06,2024-05-12,6,azarenka|v / sherif|m,Rome,Internazionali BNL d'Italia,R32,R32,1.0,1.0,1.0,0.7142857142857143,98.57142857142857,21,Rome,Internazionali BNL d'Italia,2024-05-12,WTA1000,Outdoor,Clay,3rd Round,3,Azarenka V.,Sherif M.,24.0,80.0,2024.0,854.0,6.0,2.0,6.0,7.0,6.0,3.0,2.0,1.0,Completed,1.44,2.75,1.6,2.51,1.6,2.78,1.51,2.56,9020,957
9021,1020,1049,1049,2024-05-06,2024-05-12,6,collins|d / garcia|c,Rome,Internazionali BNL d'Italia,R32,R32,1.0,1.0,1.0,0.7142857142857143,98.57142857142857,21,Rome,Internazionali BNL d'Italia,2024-05-12,WTA1000,Outdoor,Clay,3rd Round,3,Collins D.,Garcia C.,15.0,23.0,2759.0,2068.0,6.0,3.0,6.0,3.0,,,2.0,0.0,Completed,1.33,3.4,1.36,3.34,1.38,3.4,1.34,3.21,9021,958
9022,1021,1042,1042,2024-05-06,2024-05-12,6,begu|i / mertens|e,Rome,Internazionali BNL d'Italia,R32,R32,1.0,1.0,1.0,0.7142857142857143,98.57142857142857,21,Rome,Internazionali BNL d'Italia,2024-05-12,WTA1000,Outdoor,Clay,3rd Round,3,Begu I.,Mertens E.,161.0,30.0,471.0,1684.0,6.0,2.0,6.0,0.0,,,2.0,0.0,Completed,2.5,1.53,2.45,1.62,2.63,1.62,2.43,1.56,9022,959
9023,1022,1044,1044,2024-05-06,2024-05-12,6,kenin|s / sramkova|r,Rome,Internazionali BNL d'Italia,R32,R32,1.0,1.0,1.0,0.7142857142857143,98.57142857142857,21,Rome,Internazionali BNL d'Italia,2024-05-12,WTA1000,Outdoor,Clay,3rd Round,3,Sramkova R.,Kenin S.,120.0,58.0,665.0,1094.0,6.0,4.0,4.0,6.0,6.0,4.0,2.0,1.0,Completed,2.1,1.73,2.11,1.82,2.13,1.82,2.06,1.75,9023,960
9024,1023,1046,1046,2024-05-06,2024-05-12,6,ostapenko|j / sorribes tormo|s <> ostapenko|j / tormo|s,Rome,Internazionali BNL d'Italia,R32,R32,1.0,1.0,1.0,0.7142857142857143,98.57142857142857,21,Rome,Internazionali BNL d'Italia,2024-05-12,WTA1000,Outdoor,Clay,3rd Round,3,Ostapenko J.,Sorribes Tormo S.,10.0,47.0,3493.0,1266.0,6.0,4.0,5.0,7.0,6.0,1.0,2.0,1.0,Completed,1.53,2.5,1.67,2.36,1.72,2.5,1.61,2.3,9024,961
9025,1024,1048,1048,2024-05-06,2024-05-12,6,kalinskaya|a / svitolina|e,Rome,Internazionali BNL d'Italia,R32,R32,1.0,1.0,1.0,0.7142857142857143,98.57142857142857,21,Rome,Internazionali BNL d'Italia,2024-05-12,WTA1000,Outdoor,Clay,3rd Round,3,Svitolina E.,Kalinskaya A.,19.0,26.0,2400.0,1916.0,6.0,3.0,6.0,3.0,,,2.0,0.0,Completed,1.62,2.3,1.67,2.35,1.67,2.35,1.62,2.27,9025,962
9026,1025,1045,1045,2024-05-06,2024-05-12,6,sabalenka|a / yastremska|d,Rome,Internazionali BNL d'Italia,R32,R32,1.0,1.0,1.0,0.7142857142857143,98.57142857142857,21,Rome,Internazionali BNL d'Italia,2024-05-12,WTA1000,Outdoor,Clay,3rd Round,3,Sabalenka A.,Yastremska D.,2.0,33.0,7498.0,1590.0,6.0,4.0,6.0,2.0,,,2.0,0.0,Completed,1.13,6.0,1.17,6.05,1.17,6.25,1.14,5.68,9026,963
9003,1002,1053,1053,2024-05-06,2024-05-13,7,kerber|a / swiatek|i,Rome,Internazionali BNL d'Italia,R16,R16,1.0,1.0,1.0,0.6666666666666667,98.33333333333333,21,Rome,Internazionali BNL d'Italia,2024-05-13,WTA1000,Outdoor,Clay,4th Round,3,Swiatek I.,Kerber A.,1.0,331.0,10910.0,202.0,7.0,5.0,6.0,3.0,,,2.0,0.0,Completed,1.03,17.0,1.04,19.76,1.06,19.76,1.03,13.38,9003,964
9004,1003,1050,1050,2024-05-06,2024-05-13,7,cirstea|s / keys|m,Rome,Internazionali BNL d'Italia,R16,R16,1.0,1.0,1.0,0.6666666666666667,98.33333333333333,21,Rome,Internazionali BNL d'Italia,2024-05-13,WTA1000,Outdoor,Clay,4th Round,3,Keys M.,Cirstea S.,16.0,32.0,2688.0,1619.0,6.0,2.0,6.0,1.0,,,2.0,0.0,Completed,1.62,2.3,1.65,2.4,1.65,2.41,1.61,2.3,9004,965
9005,1004,1052,1052,2024-05-06,2024-05-13,7,badosa|p / gauff|c,Rome,Internazionali BNL d'Italia,R16,R16,1.0,1.0,1.0,0.6666666666666667,98.33333333333333,21,Rome,Internazionali BNL d'Italia,2024-05-13,WTA1000,Outdoor,Clay,4th Round,3,Gauff C.,Badosa P.,3.0,126.0,7313.0,627.0,5.0,7.0,6.0,4.0,6.0,1.0,2.0,1.0,Completed,1.5,2.63,1.54,2.68,1.54,2.75,1.49,2.61,9005,966
9006,1005,1051,1051,2024-05-06,2024-05-13,7,osaka|n / zheng|q,Rome,Internazionali BNL d'Italia,R16,R16,1.0,1.0,1.0,0.6666666666666667,98.33333333333333,21,Rome,Internazionali BNL d'Italia,2024-05-13,WTA1000,Outdoor,Clay,4th Round,3,Zheng Q.,Osaka N.,7.0,173.0,3945.0,424.0,6.0,2.0,6.0,4.0,,,2.0,0.0,Completed,1.91,1.91,1.96,1.94,2,2.0,1.92,1.88,9006,967
9007,1006,1056,1056,2024-05-06,2024-05-13,7,azarenka|v / sakkari|m,Rome,Internazionali BNL d'Italia,R16,R16,1.0,1.0,1.0,0.6666666666666667,98.33333333333333,21,Rome,Internazionali BNL d'Italia,2024-05-13,WTA1000,Outdoor,Clay,4th Round,3,Azarenka V.,Sakkari M.,24.0,8.0,2024.0,3925.0,6.0,4.0,6.0,1.0,,,2.0,0.0,Completed,2.75,1.44,3.11,1.42,3.11,1.5,2.81,1.43,9007,968
9008,1007,1055,1055,2024-05-06,2024-05-13,7,begu|i / collins|d,Rome,Internazionali BNL d'Italia,R16,R16,1.0,1.0,1.0,0.6666666666666667,98.33333333333333,21,Rome,Internazionali BNL d'Italia,2024-05-13,WTA1000,Outdoor,Clay,4th Round,3,Collins D.,Begu I.,15.0,161.0,2759.0,471.0,6.0,0.0,6.0,3.0,,,2.0,0.0,Completed,1.25,4.0,1.25,4.41,1.26,4.41,1.24,4.03,9008,969
9009,1008,1054,1054,2024-05-06,2024-05-13,7,ostapenko|j / sramkova|r,Rome,Internazionali BNL d'Italia,R16,R16,1.0,1.0,1.0,0.6666666666666667,98.33333333333333,21,Rome,Internazionali BNL d'Italia,2024-05-13,WTA1000,Outdoor,Clay,4th Round,3,Ostapenko J.,Sramkova R.,10.0,120.0,3493.0,665.0,4.0,6.0,6.0,4.0,7.0,6.0,2.0,1.0,Completed,1.29,3.75,1.34,3.63,1.43,3.75,1.31,3.49,9009,970
9010,1009,1057,1057,2024-05-06,2024-05-13,7,sabalenka|a / svitolina|e,Rome,Internazionali BNL d'Italia,R16,R16,1.0,1.0,1.0,0.6666666666666667,98.33333333333333,21,Rome,Internazionali BNL d'Italia,2024-05-13,WTA1000,Outdoor,Clay,4th Round,3,Sabalenka A.,Svitolina E.,2.0,19.0,7498.0,2400.0,4.0,6.0,6.0,1.0,7.0,6.0,2.0,1.0,Completed,1.36,3.2,1.39,3.26,1.41,3.29,1.36,3.12,9010,971
8999,998,1058,1058,2024-05-06,2024-05-14,8,keys|m / swiatek|i,Rome,Internazionali BNL d'Italia,QF,QF,1.0,1.0,1.0,0.6190476190476191,98.0952380952381,21,Rome,Internazionali BNL d'Italia,2024-05-14,WTA1000,Outdoor,Clay,Quarterfinals,3,Swiatek I.,Keys M.,1.0,16.0,10910.0,2688.0,6.0,1.0,6.0,3.0,,,2.0,0.0,Completed,1.08,8.0,1.08,10.72,1.11,10.72,1.07,8.59,8999,972
9000,999,1059,1059,2024-05-06,2024-05-14,8,gauff|c / zheng|q,Rome,Internazionali BNL d'Italia,QF,QF,1.0,1.0,1.0,0.6190476190476191,98.0952380952381,21,Rome,Internazionali BNL d'Italia,2024-05-14,WTA1000,Outdoor,Clay,Quarterfinals,3,Gauff C.,Zheng Q.,3.0,7.0,7313.0,3945.0,7.0,6.0,6.0,1.0,,,2.0,0.0,Completed,1.67,2.2,1.78,2.16,1.78,2.3,1.69,2.17,9000,973
9001,1000,1061,1061,2024-05-06,2024-05-15,9,azarenka|v / collins|d,Rome,Internazionali BNL d'Italia,QF,QF,1.0,1.0,1.0,0.5714285714285714,97.85714285714286,21,Rome,Internazionali BNL d'Italia,2024-05-15,WTA1000,Outdoor,Clay,Quarterfinals,3,Collins D.,Azarenka V.,15.0,24.0,2759.0,2024.0,6.0,4.0,6.0,3.0,,,2.0,0.0,Completed,1.4,3.0,1.41,3.16,1.49,3.17,1.4,2.96,9001,974
9002,1001,1060,1060,2024-05-06,2024-05-15,9,ostapenko|j / sabalenka|a,Rome,Internazionali BNL d'Italia,QF,QF,1.0,1.0,1.0,0.5714285714285714,97.85714285714286,21,Rome,Internazionali BNL d'Italia,2024-05-15,WTA1000,Outdoor,Clay,Quarterfinals,3,Sabalenka A.,Ostapenko J.,2.0,10.0,7498.0,3493.0,6.0,2.0,6.0,4.0,,,2.0,0.0,Completed,1.3,3.5,1.29,4.03,1.32,4.15,1.29,3.62,9002,975
8997,996,1062,1062,2024-05-06,2024-05-16,10,gauff|c / swiatek|i,Rome,Internazionali BNL d'Italia,SF,SF,1.0,1.0,1.0,0.5238095238095238,97.61904761904762,21,Rome,Internazionali BNL d'Italia,2024-05-16,WTA1000,Outdoor,Clay,Semifinals,3,Swiatek I.,Gauff C.,1.0,3.0,10910.0,7313.0,6.0,4.0,6.0,3.0,,,2.0,0.0,Completed,1.14,5.5,1.15,6.35,1.16,6.35,1.14,5.57,8997,976
8998,997,1063,1063,2024-05-06,2024-05-16,10,collins|d / sabalenka|a,Rome,Internazionali BNL d'Italia,SF,SF,1.0,1.0,1.0,0.5238095238095238,97.61904761904762,21,Rome,Internazionali BNL d'Italia,2024-05-16,WTA1000,Outdoor,Clay,Semifinals,3,Sabalenka A.,Collins D.,2.0,15.0,7498.0,2759.0,7.0,5.0,6.0,2.0,,,2.0,0.0,Completed,1.53,2.5,1.63,2.45,1.63,2.62,1.58,2.38,8998,977
8996,995,1064,1064,2024-05-06,2024-05-18,12,sabalenka|a / swiatek|i,Rome,Internazionali BNL d'Italia,F,F,1.0,1.0,1.0,0.4285714285714286,97.14285714285714,21,Rome,Internazionali BNL d'Italia,2024-05-18,WTA1000,Outdoor,Clay,The Final,3,Swiatek I.,Sabalenka A.,1.0,2.0,10910.0,7498.0,6.0,2.0,6.0,3.0,,,2.0,0.0,Completed,1.3,3.5,1.31,3.86,1.34,3.88,1.3,3.57,8996,978
9107,1106,1066,1066,2024-05-20,2024-05-19,-1,rakhimova|k / townsend|t,Rabat,Morocco Open,R32,R32,0.13333333333333333,1.0,1.0,0.6666666666666667,50.66666666666667,22,Rabat,Morocco Open,2024-05-19,WTA250,Outdoor,Clay,1st Round,3,Rakhimova K.,Townsend T.,105.0,75.0,736.0,904.0,2.0,0.0,,,,,0.0,0.0,Retired,4.0,1.25,3.7,1.31,4.01,1.31,3.61,1.28,9107,979
9110,1109,1065,1065,2024-05-20,2024-05-19,-1,dart|h / sorribes tormo|s <> dart|h / tormo|s,Rabat,Morocco Open,R32,R32,0.13333333333333333,1.0,1.0,0.6666666666666667,50.66666666666667,22,Rabat,Morocco Open,2024-05-19,WTA250,Outdoor,Clay,1st Round,3,Sorribes Tormo S.,Dart H.,46.0,91.0,1246.0,789.0,6.0,2.0,6.0,0.0,,,2.0,0.0,Completed,1.13,6.0,1.12,7.28,1.14,7.57,1.1,6.7,9110,980
9139,1138,1097,1097,2024-05-20,2024-05-19,-1,kalinina|a / pavlyuchenkova|a,Strasbourg,Internationaux de Strasbourg,R32,R32,0.42105263157894735,1.0,1.0,0.6666666666666667,66.49122807017544,23,Strasbourg,Internationaux de Strasbourg,2024-05-19,WTA500,Outdoor,Clay,1st Round,3,Kalinina A.,Pavlyuchenkova A.,56.0,22.0,1081.0,2166.0,6.0,3.0,3.0,6.0,6.0,4.0,2.0,1.0,Completed,2.38,1.57,2.46,1.6,2.46,1.66,2.33,1.6,9139,981
9147,1146,1096,1096,2024-05-20,2024-05-19,-1,fernandez|l / potapova|a,Strasbourg,Internationaux de Strasbourg,R32,R32,0.42105263157894735,1.0,1.0,0.6666666666666667,66.49122807017544,23,Strasbourg,Internationaux de Strasbourg,2024-05-19,WTA500,Outdoor,Clay,1st Round,3,Fernandez L.A.,Potapova A.,33.0,41.0,1535.0,1317.0,4.0,6.0,7.0,6.0,6.0,3.0,2.0,1.0,Completed,2.0,1.8,2.14,1.76,2.17,1.82,2.06,1.75,9147,982
9106,1105,1073,1073,2024-05-20,2024-05-20,0,rosatello|c / yuan|y,Rabat,Morocco Open,R32,R32,0.13333333333333333,1.0,1.0,1.0,52.333333333333336,22,Rabat,Morocco Open,2024-05-20,WTA250,Outdoor,Clay,1st Round,3,Rosatello C.,Yuan Y.,294.0,36.0,236.0,1442.0,7.0,6.0,1.0,6.0,6.0,4.0,2.0,1.0,Completed,4.0,1.25,4.13,1.26,4.26,1.29,3.92,1.24,9106,983
9108,1107,1068,1068,2024-05-20,2024-05-20,0,bai|z / day|k,Rabat,Morocco Open,R32,R32,0.13333333333333333,1.0,1.0,1.0,52.333333333333336,22,Rabat,Morocco Open,2024-05-20,WTA250,Outdoor,Clay,1st Round,3,Bai Z.,Day K.,99.0,100.0,757.0,749.0,6.0,3.0,7.0,6.0,,,2.0,0.0,Completed,2.1,1.73,2.12,1.76,2.25,1.76,2.11,1.71,9108,984
9109,1108,1070,1070,2024-05-20,2024-05-20,0,cocciaretto|e / kabbaj|y,Rabat,Morocco Open,R32,R32,0.13333333333333333,1.0,1.0,1.0,52.333333333333336,22,Rabat,Morocco Open,2024-05-20,WTA250,Outdoor,Clay,1st Round,3,Cocciaretto E.,Kabbaj Y.,52.0,566.0,1124.0,86.0,6.0,3.0,6.0,4.0,,,2.0,0.0,Completed,1.05,11.0,1.04,15.02,1.07,15.02,1.04,11.57,9109,985
9111,1110,1069,1069,2024-05-20,2024-05-20,0,maria|t / podoroska|n,Rabat,Morocco Open,R32,R32,0.13333333333333333,1.0,1.0,1.0,52.333333333333336,22,Rabat,Morocco Open,2024-05-20,WTA250,Outdoor,Clay,1st Round,3,Podoroska N.,Maria T.,59.0,64.0,1076.0,1024.0,6.0,2.0,6.0,4.0,,,2.0,0.0,Completed,1.53,2.5,1.51,2.66,1.54,2.75,1.49,2.58,9111,986
9115,1114,1071,1071,2024-05-20,2024-05-20,0,krunic|a / stearns|p,Rabat,Morocco Open,R32,R32,0.13333333333333333,1.0,1.0,1.0,52.333333333333336,22,Rabat,Morocco Open,2024-05-20,WTA250,Outdoor,Clay,1st Round,3,Stearns P.,Krunic A.,81.0,471.0,850.0,126.0,5.0,7.0,6.0,2.0,6.0,1.0,2.0,1.0,Completed,1.5,2.63,1.56,2.55,1.57,2.63,1.52,2.5,9115,987
9121,1120,1074,1074,2024-05-20,2024-05-20,0,blinkova|a / siegemund|l,Rabat,Morocco Open,R32,R32,0.13333333333333333,1.0,1.0,1.0,52.333333333333336,22,Rabat,Morocco Open,2024-05-20,WTA250,Outdoor,Clay,1st Round,3,Siegemund L.,Blinkova A.,78.0,45.0,879.0,1275.0,6.0,1.0,7.0,6.0,,,2.0,0.0,Completed,1.4,3.0,1.45,2.91,1.53,3.0,1.43,2.76,9121,988
9137,1136,1105,1105,2024-05-20,2024-05-20,0,frech|m / stephens|s,Strasbourg,Internationaux de Strasbourg,R32,R32,0.42105263157894735,1.0,1.0,1.0,68.15789473684211,23,Strasbourg,Internationaux de Strasbourg,2024-05-20,WTA500,Outdoor,Clay,1st Round,3,Frech M.,Stephens S.,54.0,35.0,1108.0,1527.0,6.0,3.0,6.0,3.0,,,2.0,0.0,Completed,2.63,1.5,2.67,1.52,2.7,1.53,2.58,1.5,9137,989
9138,1137,1106,1106,2024-05-20,2024-05-20,0,andreeva|e / ferro|f,Strasbourg,Internationaux de Strasbourg,R32,R32,0.42105263157894735,1.0,1.0,1.0,68.15789473684211,23,Strasbourg,Internationaux de Strasbourg,2024-05-20,WTA500,Outdoor,Clay,1st Round,3,Ferro F.,Andreeva E.,142.0,101.0,526.0,744.0,6.0,2.0,6.0,2.0,,,2.0,0.0,Completed,2.3,1.62,2.32,1.66,2.36,1.67,2.27,1.62,9138,990
9140,1139,1102,1102,2024-05-20,2024-05-20,0,putintseva|y / siniakova|k,Strasbourg,Internationaux de Strasbourg,R32,R32,0.42105263157894735,1.0,1.0,1.0,68.15789473684211,23,Strasbourg,Internationaux de Strasbourg,2024-05-20,WTA500,Outdoor,Clay,1st Round,3,Siniakova K.,Putintseva Y.,34.0,37.0,1535.0,1423.0,6.0,0.0,7.0,5.0,,,2.0,0.0,Completed,2.38,1.57,2.49,1.58,2.5,1.67,2.38,1.57,9140,991
9142,1141,1104,1104,2024-05-20,2024-05-20,0,parry|d / svitolina|e,Strasbourg,Internationaux de Strasbourg,R32,R32,0.42105263157894735,1.0,1.0,1.0,68.15789473684211,23,Strasbourg,Internationaux de Strasbourg,2024-05-20,WTA500,Outdoor,Clay,1st Round,3,Svitolina E.,Parry D.,17.0,61.0,2510.0,1036.0,6.0,3.0,6.0,4.0,,,2.0,0.0,Completed,1.36,3.2,1.42,3.03,1.42,3.6,1.35,3.22,9142,992
9143,1142,1103,1103,2024-05-20,2024-05-20,0,alexandrova|e / bucsa|c,Strasbourg,Internationaux de Strasbourg,R32,R32,0.42105263157894735,1.0,1.0,1.0,68.15789473684211,23,Strasbourg,Internationaux de Strasbourg,2024-05-20,WTA500,Outdoor,Clay,1st Round,3,Alexandrova E.,Bucsa C.,18.0,72.0,2450.0,924.0,6.0,0.0,7.0,5.0,,,2.0,0.0,Completed,1.57,2.38,1.65,2.35,1.66,2.45,1.6,2.33,9143,993
9144,1143,1099,1099,2024-05-20,2024-05-20,0,cirstea|s / linette|m,Strasbourg,Internationaux de Strasbourg,R32,R32,0.42105263157894735,1.0,1.0,1.0,68.15789473684211,23,Strasbourg,Internationaux de Strasbourg,2024-05-20,WTA500,Outdoor,Clay,1st Round,3,Linette M.,Cirstea S.,50.0,30.0,1158.0,1704.0,7.0,5.0,7.0,5.0,,,2.0,0.0,Completed,2.5,1.53,2.5,1.58,2.51,1.59,2.41,1.56,9144,994
9146,1145,1101,1101,2024-05-20,2024-05-20,0,krejcikova|b / samsonova|l,Strasbourg,Internationaux de Strasbourg,R32,R32,0.42105263157894735,1.0,1.0,1.0,68.15789473684211,23,Strasbourg,Internationaux de Strasbourg,2024-05-20,WTA500,Outdoor,Clay,1st Round,3,Samsonova L.,Krejcikova B.,19.0,26.0,2440.0,1767.0,6.0,2.0,6.0,7.0,6.0,4.0,2.0,1.0,Completed,2.0,1.8,1.96,1.91,2.05,1.91,2.01,1.79,9146,995
9148,1147,1107,1107,2024-05-20,2024-05-20,0,cornet|a / navarro|e,Strasbourg,Internationaux de Strasbourg,R32,R32,0.42105263157894735,1.0,1.0,1.0,68.15789473684211,23,Strasbourg,Internationaux de Strasbourg,2024-05-20,WTA500,Outdoor,Clay,1st Round,3,Navarro E.,Cornet A.,24.0,107.0,2068.0,720.0,6.0,4.0,6.0,1.0,,,2.0,0.0,Completed,1.11,6.5,1.12,7.05,1.13,7.05,1.11,6.4,9148,996
9099,1098,1082,1082,2024-05-20,2024-05-21,1,bai|z / cocciaretto|e,Rabat,Morocco Open,R16,R16,0.13333333333333333,1.0,1.0,0.9523809523809523,52.095238095238095,22,Rabat,Morocco Open,2024-05-21,WTA250,Outdoor,Clay,2nd Round,3,Cocciaretto E.,Bai Z.,52.0,99.0,1124.0,757.0,6.0,4.0,6.0,2.0,,,2.0,0.0,Completed,1.3,3.5,1.29,3.93,1.31,4.01,1.27,3.71,9099,997
9100,1099,1081,1081,2024-05-20,2024-05-21,1,podoroska|n / sorribes tormo|s <> podoroska|n / tormo|s,Rabat,Morocco Open,R16,R16,0.13333333333333333,1.0,1.0,0.9523809523809523,52.095238095238095,22,Rabat,Morocco Open,2024-05-21,WTA250,Outdoor,Clay,2nd Round,3,Sorribes Tormo S.,Podoroska N.,46.0,59.0,1246.0,1076.0,7.0,5.0,3.0,6.0,6.0,3.0,2.0,1.0,Completed,1.4,3.0,1.47,2.86,1.47,3.0,1.43,2.79,9100,998
9112,1111,1078,1078,2024-05-20,2024-05-21,1,aouni|a / sherif|m <> el aouni|a / sherif|m,Rabat,Morocco Open,R32,R32,0.13333333333333333,1.0,1.0,0.9523809523809523,52.095238095238095,22,Rabat,Morocco Open,2024-05-21,WTA250,Outdoor,Clay,1st Round,3,Sherif M.,El Aouni A.,66.0,629.0,980.0,68.0,6.0,2.0,6.0,1.0,,,2.0,0.0,Completed,1.05,11.0,1.06,12.38,1.06,12.38,1.05,9.72,9112,999
9113,1112,1076,1076,2024-05-20,2024-05-21,1,carle|m / rus|a,Rabat,Morocco Open,R32,R32,0.13333333333333333,1.0,1.0,0.9523809523809523,52.095238095238095,22,Rabat,Morocco Open,2024-05-21,WTA250,Outdoor,Clay,1st Round,3,Carle M.,Rus A.,83.0,49.0,848.0,1159.0,6.0,3.0,6.0,3.0,,,2.0,0.0,Completed,1.8,2.0,1.89,1.97,1.89,2.02,1.84,1.95,9113,1000
9116,1115,1079,1079,2024-05-20,2024-05-21,1,hibino|n / trevisan|m,Rabat,Morocco Open,R32,R32,0.13333333333333333,1.0,1.0,0.9523809523809523,52.095238095238095,22,Rabat,Morocco Open,2024-05-21,WTA250,Outdoor,Clay,1st Round,3,Trevisan M.,Hibino N.,88.0,96.0,808.0,764.0,7.0,5.0,4.0,6.0,6.0,3.0,2.0,1.0,Completed,1.3,3.5,1.34,3.48,1.35,3.6,1.31,3.4,9116,1001
9117,1116,1075,1075,2024-05-20,2024-05-21,1,allami|m / bronzetti|l <> bronzetti|l / el allami|m,Rabat,Morocco Open,R32,R32,0.13333333333333333,1.0,1.0,0.9523809523809523,52.095238095238095,22,Rabat,Morocco Open,2024-05-21,WTA250,Outdoor,Clay,1st Round,3,Bronzetti L.,El Allami M.,48.0,1143.0,1209.0,11.0,6.0,1.0,6.0,0.0,,,2.0,0.0,Completed,1.03,17.0,1.03,19.02,1.03,19.02,1.02,14.39,9117,1002
9118,1117,1077,1077,2024-05-20,2024-05-21,1,wang|y / zhu|l,Rabat,Morocco Open,R32,R32,0.13333333333333333,1.0,1.0,0.9523809523809523,52.095238095238095,22,Rabat,Morocco Open,2024-05-21,WTA250,Outdoor,Clay,1st Round,3,Wang Y.,Zhu L.,68.0,58.0,962.0,1077.0,4.0,6.0,6.0,0.0,6.0,2.0,2.0,1.0,Completed,2.0,1.8,1.89,1.98,2,1.98,1.9,1.88,9118,1003
9119,1118,1080,1080,2024-05-20,2024-05-21,1,cengiz|b / tomova|v,Rabat,Morocco Open,R32,R32,0.13333333333333333,1.0,1.0,0.9523809523809523,52.095238095238095,22,Rabat,Morocco Open,2024-05-21,WTA250,Outdoor,Clay,1st Round,3,Tomova V.,Cengiz B.,84.0,347.0,846.0,187.0,6.0,2.0,6.0,1.0,,,2.0,0.0,Completed,1.22,4.33,1.28,3.99,1.28,4.33,1.25,3.86,9119,1004
9135,1134,1108,1108,2024-05-20,2024-05-21,1,fernandez|l / samsonova|l,Strasbourg,Internationaux de Strasbourg,R16,R16,0.42105263157894735,1.0,1.0,0.9523809523809523,67.91979949874687,23,Strasbourg,Internationaux de Strasbourg,2024-05-21,WTA500,Outdoor,Clay,2nd Round,3,Samsonova L.,Fernandez L.A.,19.0,33.0,2440.0,1535.0,4.0,6.0,6.0,4.0,6.0,2.0,2.0,1.0,Completed,1.73,2.1,1.76,2.17,1.87,2.17,1.75,2.06,9135,1005
9098,1097,1088,1088,2024-05-20,2024-05-22,2,rakhimova|k / rosatello|c,Rabat,Morocco Open,R16,R16,0.13333333333333333,1.0,1.0,0.9047619047619048,51.85714285714286,22,Rabat,Morocco Open,2024-05-22,WTA250,Outdoor,Clay,2nd Round,3,Rakhimova K.,Rosatello C.,105.0,294.0,736.0,236.0,4.0,0.0,,,,,0.0,0.0,Retired,1.33,3.4,1.33,3.61,1.36,3.61,1.31,3.37,9098,1006
9101,1100,1087,1087,2024-05-20,2024-05-22,2,carle|m / sherif|m,Rabat,Morocco Open,R16,R16,0.13333333333333333,1.0,1.0,0.9047619047619048,51.85714285714286,22,Rabat,Morocco Open,2024-05-22,WTA250,Outdoor,Clay,2nd Round,3,Sherif M.,Carle M.,66.0,83.0,980.0,848.0,6.0,3.0,6.0,2.0,,,2.0,0.0,Completed,1.62,2.3,1.7,2.26,1.7,2.38,1.64,2.23,9101,1007
9103,1102,1084,1084,2024-05-20,2024-05-22,2,bronzetti|l / trevisan|m,Rabat,Morocco Open,R16,R16,0.13333333333333333,1.0,1.0,0.9047619047619048,51.85714285714286,22,Rabat,Morocco Open,2024-05-22,WTA250,Outdoor,Clay,2nd Round,3,Bronzetti L.,Trevisan M.,48.0,88.0,1209.0,808.0,6.0,2.0,6.0,3.0,,,2.0,0.0,Completed,2.0,1.8,1.95,1.93,2.02,1.93,1.94,1.85,9103,1008
9104,1103,1083,1083,2024-05-20,2024-05-22,2,tomova|v / wang|y,Rabat,Morocco Open,R16,R16,0.13333333333333333,1.0,1.0,0.9047619047619048,51.85714285714286,22,Rabat,Morocco Open,2024-05-22,WTA250,Outdoor,Clay,2nd Round,3,Tomova V.,Wang Y.,84.0,68.0,846.0,962.0,7.0,6.0,6.0,0.0,,,2.0,0.0,Completed,1.53,2.5,1.49,2.8,1.54,2.8,1.48,2.62,9104,1009
9129,1128,1112,1112,2024-05-20,2024-05-22,2,frech|m / vondrousova|m,Strasbourg,Internationaux de Strasbourg,R16,R16,0.42105263157894735,1.0,1.0,0.9047619047619048,67.68170426065163,23,Strasbourg,Internationaux de Strasbourg,2024-05-22,WTA500,Outdoor,Clay,2nd Round,3,Vondrousova M.,Frech M.,6.0,54.0,4035.0,1108.0,5.0,7.0,6.0,1.0,6.0,0.0,2.0,1.0,Completed,1.3,3.5,1.3,3.83,1.31,3.83,1.29,3.56,9129,1010
9130,1129,1113,1113,2024-05-20,2024-05-22,2,ferro|f / kalinina|a,Strasbourg,Internationaux de Strasbourg,R16,R16,0.42105263157894735,1.0,1.0,0.9047619047619048,67.68170426065163,23,Strasbourg,Internationaux de Strasbourg,2024-05-22,WTA500,Outdoor,Clay,2nd Round,3,Kalinina A.,Ferro F.,56.0,142.0,1081.0,526.0,6.0,3.0,3.0,6.0,6.0,0.0,2.0,1.0,Completed,1.36,3.2,1.38,3.28,1.38,3.28,1.36,3.1,9130,1011
9131,1130,1115,1115,2024-05-20,2024-05-22,2,collins|d / siniakova|k,Strasbourg,Internationaux de Strasbourg,R16,R16,0.42105263157894735,1.0,1.0,0.9047619047619048,67.68170426065163,23,Strasbourg,Internationaux de Strasbourg,2024-05-22,WTA500,Outdoor,Clay,2nd Round,3,Collins D.,Siniakova K.,12.0,34.0,3148.0,1535.0,6.0,1.0,6.0,2.0,,,2.0,0.0,Completed,1.4,3.0,1.37,3.32,1.4,3.32,1.38,2.98,9131,1012
9132,1131,1114,1114,2024-05-20,2024-05-22,2,burel|c / svitolina|e,Strasbourg,Internationaux de Strasbourg,R16,R16,0.42105263157894735,1.0,1.0,0.9047619047619048,67.68170426065163,23,Strasbourg,Internationaux de Strasbourg,2024-05-22,WTA500,Outdoor,Clay,2nd Round,3,Burel C.,Svitolina E.,43.0,17.0,1290.0,2510.0,7.0,6.0,4.0,6.0,6.0,1.0,2.0,1.0,Completed,3.75,1.29,3.83,1.3,4.08,1.3,3.65,1.28,9132,1013
9133,1132,1111,1111,2024-05-20,2024-05-22,2,alexandrova|e / linette|m,Strasbourg,Internationaux de Strasbourg,R16,R16,0.42105263157894735,1.0,1.0,0.9047619047619048,67.68170426065163,23,Strasbourg,Internationaux de Strasbourg,2024-05-22,WTA500,Outdoor,Clay,2nd Round,3,Linette M.,Alexandrova E.,50.0,18.0,1158.0,2450.0,6.0,7.0,6.0,3.0,6.0,3.0,2.0,1.0,Completed,1.8,2.0,1.79,2.13,1.82,2.13,1.77,2.03,9133,1014
9136,1135,1110,1110,2024-05-20,2024-05-22,2,haddad maia|b / navarro|e <> maia|b / navarro|e,Strasbourg,Internationaux de Strasbourg,R16,R16,0.42105263157894735,1.0,1.0,0.9047619047619048,67.68170426065163,23,Strasbourg,Internationaux de Strasbourg,2024-05-22,WTA500,Outdoor,Clay,2nd Round,3,Haddad Maia B.,Navarro E.,14.0,24.0,2885.0,2068.0,6.0,4.0,7.0,6.0,,,2.0,0.0,Completed,2.1,1.73,1.96,1.91,2.1,1.91,1.95,1.84,9136,1015
9094,1093,1092,1092,2024-05-20,2024-05-23,3,cocciaretto|e / rakhimova|k,Rabat,Morocco Open,QF,QF,0.13333333333333333,1.0,1.0,0.8571428571428572,51.61904761904762,22,Rabat,Morocco Open,2024-05-23,WTA250,Outdoor,Clay,Quarterfinals,3,Rakhimova K.,Cocciaretto E.,105.0,52.0,736.0,1124.0,7.0,5.0,7.0,5.0,,,2.0,0.0,Completed,3.2,1.36,3.33,1.38,3.44,1.38,3.22,1.34,9094,1016
9095,1094,1091,1091,2024-05-20,2024-05-23,3,sherif|m / sorribes tormo|s <> sherif|m / tormo|s,Rabat,Morocco Open,QF,QF,0.13333333333333333,1.0,1.0,0.8571428571428572,51.61904761904762,22,Rabat,Morocco Open,2024-05-23,WTA250,Outdoor,Clay,Quarterfinals,3,Sherif M.,Sorribes Tormo S.,66.0,46.0,980.0,1246.0,6.0,3.0,6.0,3.0,,,2.0,0.0,Completed,2.1,1.73,2.16,1.78,2.16,1.78,2.09,1.73,9095,1017
9096,1095,1090,1090,2024-05-20,2024-05-23,3,bronzetti|l / stearns|p,Rabat,Morocco Open,QF,QF,0.13333333333333333,1.0,1.0,0.8571428571428572,51.61904761904762,22,Rabat,Morocco Open,2024-05-23,WTA250,Outdoor,Clay,Quarterfinals,3,Stearns P.,Bronzetti L.,81.0,48.0,850.0,1209.0,6.0,4.0,4.0,6.0,7.0,5.0,2.0,1.0,Completed,1.67,2.2,1.74,2.22,1.75,2.23,1.7,2.14,9096,1018
9097,1096,1089,1089,2024-05-20,2024-05-23,3,siegemund|l / tomova|v,Rabat,Morocco Open,QF,QF,0.13333333333333333,1.0,1.0,0.8571428571428572,51.61904761904762,22,Rabat,Morocco Open,2024-05-23,WTA250,Outdoor,Clay,Quarterfinals,3,Tomova V.,Siegemund L.,84.0,78.0,846.0,879.0,6.0,4.0,6.0,3.0,,,2.0,0.0,Completed,3.0,1.4,2.99,1.45,3,1.47,2.83,1.42,9097,1019
9126,1125,1118,1118,2024-05-20,2024-05-23,3,burel|c / collins|d,Strasbourg,Internationaux de Strasbourg,QF,QF,0.42105263157894735,1.0,1.0,0.8571428571428572,67.44360902255639,23,Strasbourg,Internationaux de Strasbourg,2024-05-23,WTA500,Outdoor,Clay,Quarterfinals,3,Collins D.,Burel C.,12.0,43.0,3148.0,1290.0,6.0,1.0,6.0,3.0,,,2.0,0.0,Completed,1.14,5.5,1.18,5.75,1.18,5.92,1.16,5.18,9126,1020
9127,1126,1117,1117,2024-05-20,2024-05-23,3,keys|m / linette|m,Strasbourg,Internationaux de Strasbourg,QF,QF,0.42105263157894735,1.0,1.0,0.8571428571428572,67.44360902255639,23,Strasbourg,Internationaux de Strasbourg,2024-05-23,WTA500,Outdoor,Clay,Quarterfinals,3,Keys M.,Linette M.,16.0,50.0,2783.0,1158.0,6.0,1.0,6.0,3.0,,,2.0,0.0,Completed,1.36,3.2,1.39,3.26,1.44,3.35,1.37,3.04,9127,1021
9128,1127,1116,1116,2024-05-20,2024-05-23,3,haddad maia|b / samsonova|l <> maia|b / samsonova|l,Strasbourg,Internationaux de Strasbourg,QF,QF,0.42105263157894735,1.0,1.0,0.8571428571428572,67.44360902255639,23,Strasbourg,Internationaux de Strasbourg,2024-05-23,WTA500,Outdoor,Clay,Quarterfinals,3,Samsonova L.,Haddad Maia B.,19.0,14.0,2440.0,2885.0,6.0,3.0,6.0,0.0,,,2.0,0.0,Completed,2.3,1.62,2.26,1.72,2.35,1.72,2.22,1.65,9128,1022
9092,1091,1094,1094,2024-05-20,2024-05-24,4,rakhimova|k / sherif|m,Rabat,Morocco Open,SF,SF,0.13333333333333333,1.0,1.0,0.8095238095238095,51.38095238095238,22,Rabat,Morocco Open,2024-05-24,WTA250,Outdoor,Clay,Semifinals,3,Sherif M.,Rakhimova K.,66.0,105.0,980.0,736.0,6.0,0.0,6.0,1.0,,,2.0,0.0,Completed,1.29,3.75,1.33,3.64,1.33,3.75,1.3,3.48,9092,1023
9093,1092,1093,1093,2024-05-20,2024-05-24,4,stearns|p / tomova|v,Rabat,Morocco Open,SF,SF,0.13333333333333333,1.0,1.0,0.8095238095238095,51.38095238095238,22,Rabat,Morocco Open,2024-05-24,WTA250,Outdoor,Clay,Semifinals,3,Stearns P.,Tomova V.,81.0,84.0,850.0,846.0,6.0,7.0,7.0,5.0,7.0,6.0,2.0,1.0,Completed,1.73,2.1,1.7,2.28,1.74,2.34,1.66,2.2,9093,1024
9123,1122,1121,1121,2024-05-20,2024-05-24,4,collins|d / kalinina|a,Strasbourg,Internationaux de Strasbourg,SF,SF,0.42105263157894735,1.0,1.0,0.8095238095238095,67.20551378446115,23,Strasbourg,Internationaux de Strasbourg,2024-05-24,WTA500,Outdoor,Clay,Semifinals,3,Collins D.,Kalinina A.,12.0,56.0,3148.0,1081.0,7.0,6.0,6.0,2.0,,,2.0,0.0,Completed,1.2,4.5,1.2,5.1,1.26,5.11,1.2,4.53,9123,1025
9124,1123,1120,1120,2024-05-20,2024-05-24,4,keys|m / samsonova|l,Strasbourg,Internationaux de Strasbourg,SF,SF,0.42105263157894735,1.0,1.0,0.8095238095238095,67.20551378446115,23,Strasbourg,Internationaux de Strasbourg,2024-05-24,WTA500,Outdoor,Clay,Semifinals,3,Keys M.,Samsonova L.,16.0,19.0,2783.0,2440.0,6.0,1.0,6.0,3.0,,,2.0,0.0,Completed,1.5,2.63,1.52,2.73,1.53,2.81,1.5,2.6,9124,1026
9125,1124,1119,1119,2024-05-20,2024-05-24,4,kalinina|a / vondrousova|m,Strasbourg,Internationaux de Strasbourg,QF,QF,0.42105263157894735,1.0,1.0,0.8095238095238095,67.20551378446115,23,Strasbourg,Internationaux de Strasbourg,2024-05-24,WTA500,Outdoor,Clay,Quarterfinals,3,Kalinina A.,Vondrousova M.,56.0,6.0,1081.0,4035.0,5.0,7.0,6.0,3.0,6.0,2.0,2.0,1.0,Completed,3.0,1.4,2.94,1.46,3,1.55,2.78,1.44,9125,1027
9091,1090,1095,1095,2024-05-20,2024-05-25,5,sherif|m / stearns|p,Rabat,Morocco Open,F,F,0.13333333333333333,1.0,1.0,0.7619047619047619,51.142857142857146,22,Rabat,Morocco Open,2024-05-25,WTA250,Outdoor,Clay,The Final,3,Stearns P.,Sherif M.,81.0,66.0,850.0,980.0,6.0,2.0,6.0,1.0,,,2.0,0.0,Completed,3.4,1.33,3.11,1.42,3.4,1.43,3.13,1.36,9091,1028
9122,1121,1122,1122,2024-05-20,2024-05-25,5,collins|d / keys|m,Strasbourg,Internationaux de Strasbourg,F,F,0.42105263157894735,1.0,1.0,0.7619047619047619,66.9674185463659,23,Strasbourg,Internationaux de Strasbourg,2024-05-25,WTA500,Outdoor,Clay,The Final,3,Keys M.,Collins D.,16.0,12.0,2783.0,3148.0,6.0,1.0,6.0,2.0,,,2.0,0.0,Completed,2.38,1.57,2.45,1.62,x`2.51,1.63,2.36,1.58,9122,1029
9150,1149,1127,1127,2024-05-27,2024-05-26,-1,bronzetti|l / osaka|n,Roland Garros,French Open,R128,R128,1.0,1.0,1.0,0.6666666666666667,98.33333333333333,24,Paris,French Open,2024-05-26,Grand Slam,Outdoor,Clay,1st Round,3,Osaka N.,Bronzetti L.,134.0,67.0,544.0,983.0,6.0,1.0,4.0,6.0,7.0,5.0,2.0,1.0,Completed,1.2,4.5,1.23,4.69,1.23,4.69,1.21,4.47,9150,1030
9151,1150,1129,1129,2024-05-27,2024-05-26,-1,bouzas maneiro|j / fett|j <> fett|j / maneiro|j,Roland Garros,French Open,R128,R128,1.0,1.0,1.0,0.6666666666666667,98.33333333333333,24,Paris,French Open,2024-05-26,Grand Slam,Outdoor,Clay,1st Round,3,Fett J.,Bouzas Maneiro J.,135.0,86.0,541.0,811.0,6.0,2.0,3.0,6.0,7.0,5.0,2.0,1.0,Completed,2.38,1.57,2.53,1.58,2.53,1.66,2.41,1.57,9151,1031
9152,1151,1123,1123,2024-05-27,2024-05-26,-1,bouzkova|m / kudermetova|v,Roland Garros,French Open,R128,R128,1.0,1.0,1.0,0.6666666666666667,98.33333333333333,24,Paris,French Open,2024-05-26,Grand Slam,Outdoor,Clay,1st Round,3,Bouzkova M.,Kudermetova V.,42.0,31.0,1305.0,1623.0,6.0,2.0,6.0,4.0,,,2.0,0.0,Completed,2.1,1.73,2.09,1.81,2.15,1.83,2.07,1.77,9152,1032
9153,1152,1139,1139,2024-05-27,2024-05-26,-1,golubic|v / krejcikova|b,Roland Garros,French Open,R128,R128,1.0,1.0,1.0,0.6666666666666667,98.33333333333333,24,Paris,French Open,2024-05-26,Grand Slam,Outdoor,Clay,1st Round,3,Golubic V.,Krejcikova B.,76.0,26.0,908.0,1768.0,7.0,6.0,6.0,4.0,,,2.0,0.0,Completed,5.5,1.14,5.87,1.17,6.5,1.17,5.61,1.15,9153,1033
9158,1157,1140,1140,2024-05-27,2024-05-26,-1,danilovic|o / trevisan|m,Roland Garros,French Open,R128,R128,1.0,1.0,1.0,0.6666666666666667,98.33333333333333,24,Paris,French Open,2024-05-26,Grand Slam,Outdoor,Clay,1st Round,3,Danilovic O.,Trevisan M.,125.0,92.0,588.0,778.0,6.0,1.0,6.0,2.0,,,2.0,0.0,Completed,1.44,2.75,1.48,2.82,1.49,2.82,1.46,2.74,9158,1034
9159,1158,1124,1124,2024-05-27,2024-05-26,-1,tsurenko|l / vekic|d,Roland Garros,French Open,R128,R128,1.0,1.0,1.0,0.6666666666666667,98.33333333333333,24,Paris,French Open,2024-05-26,Grand Slam,Outdoor,Clay,1st Round,3,Vekic D.,Tsurenko L.,40.0,45.0,1358.0,1278.0,6.0,5.0,,,,,0.0,0.0,Retired,1.67,2.2,1.63,2.41,1.67,2.42,1.64,2.28,9159,1035
9160,1159,1128,1128,2024-05-27,2024-05-26,-1,kostyuk|m / pigossi|l,Roland Garros,French Open,R128,R128,1.0,1.0,1.0,0.6666666666666667,98.33333333333333,24,Paris,French Open,2024-05-26,Grand Slam,Outdoor,Clay,1st Round,3,Kostyuk M.,Pigossi L.,20.0,119.0,2180.0,645.0,7.0,5.0,6.0,7.0,6.0,4.0,2.0,1.0,Completed,1.17,5.0,1.18,5.42,1.2,5.42,1.17,5.03,9160,1036
9161,1160,1132,1132,2024-05-27,2024-05-26,-1,galfi|d / siniakova|k,Roland Garros,French Open,R128,R128,1.0,1.0,1.0,0.6666666666666667,98.33333333333333,24,Paris,French Open,2024-05-26,Grand Slam,Outdoor,Clay,1st Round,3,Siniakova K.,Galfi D.,33.0,145.0,1585.0,509.0,7.0,5.0,7.0,6.0,,,2.0,0.0,Completed,1.13,6.0,1.13,7.06,1.15,7.06,1.13,6.28,9161,1037
9162,1161,1136,1136,2024-05-27,2024-05-26,-1,paquet|c / shnaider|d,Roland Garros,French Open,R128,R128,1.0,1.0,1.0,0.6666666666666667,98.33333333333333,24,Paris,French Open,2024-05-26,Grand Slam,Outdoor,Clay,1st Round,3,Paquet C.,Shnaider D.,136.0,47.0,540.0,1236.0,6.0,3.0,6.0,1.0,,,2.0,0.0,Completed,5.0,1.17,5.93,1.16,6,1.2,5.35,1.16,9162,1038
9163,1162,1142,1142,2024-05-27,2024-05-26,-1,krunic|a / volynets|k,Roland Garros,French Open,R128,R128,1.0,1.0,1.0,0.6666666666666667,98.33333333333333,24,Paris,French Open,2024-05-26,Grand Slam,Outdoor,Clay,1st Round,3,Volynets K.,Krunic A.,108.0,425.0,717.0,144.0,7.0,6.0,6.0,2.0,,,2.0,0.0,Completed,1.29,3.75,1.31,3.79,1.33,4.0,1.29,3.68,9163,1039
9166,1165,1138,1138,2024-05-27,2024-05-26,-1,van uytvanck|a / zidansek|t,Roland Garros,French Open,R128,R128,1.0,1.0,1.0,0.6666666666666667,98.33333333333333,24,Paris,French Open,2024-05-26,Grand Slam,Outdoor,Clay,1st Round,3,Zidansek T.,Van Uytvanck A.,131.0,397.0,556.0,158.0,6.0,2.0,2.0,6.0,6.0,1.0,2.0,1.0,Completed,1.33,3.4,1.38,3.29,1.38,3.4,1.35,3.24,9166,1040
9167,1166,1125,1125,2024-05-27,2024-05-26,-1,timofeeva|m / wang|y,Roland Garros,French Open,R128,R128,1.0,1.0,1.0,0.6666666666666667,98.33333333333333,24,Paris,French Open,2024-05-26,Grand Slam,Outdoor,Clay,1st Round,3,Wang Y.,Timofeeva M.,68.0,105.0,979.0,722.0,6.0,3.0,6.0,3.0,,,2.0,0.0,Completed,2.0,1.8,2.07,1.83,2.14,1.85,2.02,1.8,9167,1041
9168,1167,1126,1126,2024-05-27,2024-05-26,-1,tomljanovic|a / yastremska|d,Roland Garros,French Open,R128,R128,1.0,1.0,1.0,0.6666666666666667,98.33333333333333,24,Paris,French Open,2024-05-26,Grand Slam,Outdoor,Clay,1st Round,3,Yastremska D.,Tomljanovic A.,32.0,202.0,1622.0,357.0,3.0,6.0,6.0,3.0,6.0,3.0,2.0,1.0,Completed,1.33,3.4,1.38,3.28,1.38,3.44,1.35,3.25,9168,1042
9170,1169,1134,1134,2024-05-27,2024-05-26,-1,anisimova|a / sramkova|r,Roland Garros,French Open,R128,R128,1.0,1.0,1.0,0.6666666666666667,98.33333333333333,24,Paris,French Open,2024-05-26,Grand Slam,Outdoor,Clay,1st Round,3,Anisimova A.,Sramkova R.,231.0,101.0,322.0,745.0,7.0,6.0,6.0,4.0,,,2.0,0.0,Completed,1.67,2.2,1.71,2.24,1.81,2.25,1.69,2.19,9170,1043
9173,1172,1130,1130,2024-05-27,2024-05-26,-1,cristian|j / ostapenko|j,Roland Garros,French Open,R128,R128,1.0,1.0,1.0,0.6666666666666667,98.33333333333333,24,Paris,French Open,2024-05-26,Grand Slam,Outdoor,Clay,1st Round,3,Ostapenko J.,Cristian J.,11.0,69.0,3318.0,965.0,6.0,4.0,7.0,5.0,,,2.0,0.0,Completed,1.44,2.75,1.49,2.81,1.55,2.9,1.46,2.73,9173,1044
9174,1173,1137,1137,2024-05-27,2024-05-26,-1,maria|t / tauson|c,Roland Garros,French Open,R128,R128,1.0,1.0,1.0,0.6666666666666667,98.33333333333333,24,Paris,French Open,2024-05-26,Grand Slam,Outdoor,Clay,1st Round,3,Tauson C.,Maria T.,72.0,65.0,924.0,1024.0,6.0,2.0,6.0,3.0,,,2.0,0.0,Completed,1.29,3.75,1.32,3.67,1.34,3.9,1.31,3.53,9174,1045
9175,1174,1131,1131,2024-05-27,2024-05-26,-1,kenin|s / siegemund|l,Roland Garros,French Open,R128,R128,1.0,1.0,1.0,0.6666666666666667,98.33333333333333,24,Paris,French Open,2024-05-26,Grand Slam,Outdoor,Clay,1st Round,3,Kenin S.,Siegemund L.,56.0,71.0,1094.0,932.0,4.0,6.0,6.0,2.0,6.0,2.0,2.0,1.0,Completed,2.3,1.62,2.46,1.61,2.46,1.69,2.31,1.62,9175,1046
9176,1175,1133,1133,2024-05-27,2024-05-26,-1,garcia|c / lys|e,Roland Garros,French Open,R128,R128,1.0,1.0,1.0,0.6666666666666667,98.33333333333333,24,Paris,French Open,2024-05-26,Grand Slam,Outdoor,Clay,1st Round,3,Garcia C.,Lys E.,23.0,143.0,2068.0,516.0,4.0,6.0,7.0,5.0,6.0,2.0,2.0,1.0,Completed,1.25,4.0,1.27,4.16,1.28,4.16,1.26,3.96,9176,1047
9149,1148,1149,1149,2024-05-27,2024-05-27,0,jeanjean|l / swiatek|i,Roland Garros,French Open,R128,R128,1.0,1.0,1.0,1.0,100.0,24,Paris,French Open,2024-05-27,Grand Slam,Outdoor,Clay,1st Round,3,Swiatek I.,Jeanjean L.,1.0,148.0,11695.0,498.0,6.0,1.0,6.0,2.0,,,2.0,0.0,Completed,1.002,41.0,1.01,43.69,1.02,44.06,1.0,26.74,9149,1048
9154,1153,1144,1144,2024-05-27,2024-05-27,0,potapova|a / rakhimova|k,Roland Garros,French Open,R128,R128,1.0,1.0,1.0,1.0,100.0,24,Paris,French Open,2024-05-27,Grand Slam,Outdoor,Clay,1st Round,3,Potapova A.,Rakhimova K.,41.0,87.0,1317.0,804.0,6.0,2.0,6.0,3.0,,,2.0,0.0,Completed,1.22,4.33,1.26,4.22,1.32,4.34,1.25,4.0,9154,1049
9156,1155,1150,1150,2024-05-27,2024-05-27,0,alexandrova|e / tomova|v,Roland Garros,French Open,R128,R128,1.0,1.0,1.0,1.0,100.0,24,Paris,French Open,2024-05-27,Grand Slam,Outdoor,Clay,1st Round,3,Tomova V.,Alexandrova E.,75.0,18.0,914.0,2480.0,6.0,3.0,7.0,6.0,,,2.0,0.0,Completed,2.75,1.44,2.67,1.53,2.78,1.6,2.64,1.5,9156,1050
9157,1156,1153,1153,2024-05-27,2024-05-27,0,collins|d / dolehide|c,Roland Garros,French Open,R128,R128,1.0,1.0,1.0,1.0,100.0,24,Paris,French Open,2024-05-27,Grand Slam,Outdoor,Clay,1st Round,3,Collins D.,Dolehide C.,10.0,60.0,3472.0,1068.0,6.0,3.0,6.0,4.0,,,2.0,0.0,Completed,1.08,8.0,1.08,10.51,1.09,11.01,1.07,8.94,9157,1051
9164,1163,1145,1145,2024-05-27,2024-05-27,0,masarova|r / vondrousova|m,Roland Garros,French Open,R128,R128,1.0,1.0,1.0,1.0,100.0,24,Paris,French Open,2024-05-27,Grand Slam,Outdoor,Clay,1st Round,3,Vondrousova M.,Masarova R.,6.0,94.0,4143.0,772.0,6.0,1.0,6.0,3.0,,,2.0,0.0,Completed,1.14,5.5,1.16,5.9,1.17,6.34,1.15,5.52,9164,1052
9165,1164,1152,1152,2024-05-27,2024-05-27,0,avdeeva|j / gauff|c,Roland Garros,French Open,R128,R128,1.0,1.0,1.0,1.0,100.0,24,Paris,French Open,2024-05-27,Grand Slam,Outdoor,Clay,1st Round,3,Gauff C.,Avdeeva J.,3.0,208.0,7638.0,352.0,6.0,1.0,6.0,1.0,,,2.0,0.0,Completed,1.03,17.0,1.02,26.77,1.03,26.77,1.02,17.48,9165,1053
9169,1168,1146,1146,2024-05-27,2024-05-27,0,linette|m / samsonova|l,Roland Garros,French Open,R128,R128,1.0,1.0,1.0,1.0,100.0,24,Paris,French Open,2024-05-27,Grand Slam,Outdoor,Clay,1st Round,3,Samsonova L.,Linette M.,17.0,46.0,2580.0,1236.0,6.0,1.0,6.0,1.0,,,2.0,0.0,Completed,1.57,2.38,1.57,2.56,1.6,2.56,1.56,2.45,9169,1054
9171,1170,1162,1162,2024-05-27,2024-05-27,0,bucsa|c / starodubtseva|y,Roland Garros,French Open,R128,R128,1.0,1.0,1.0,1.0,100.0,24,Paris,French Open,2024-05-27,Grand Slam,Outdoor,Clay,1st Round,3,Bucsa C.,Starodubtseva Y.,73.0,142.0,924.0,518.0,6.0,4.0,6.0,1.0,,,2.0,0.0,Completed,1.62,2.3,1.71,2.25,1.81,2.32,1.69,2.19,9171,1055
9172,1171,1166,1166,2024-05-27,2024-05-27,0,cocciaretto|e / haddad maia|b <> cocciaretto|e / maia|b,Roland Garros,French Open,R128,R128,1.0,1.0,1.0,1.0,100.0,24,Paris,French Open,2024-05-27,Grand Slam,Outdoor,Clay,1st Round,3,Cocciaretto E.,Haddad Maia B.,51.0,14.0,1149.0,2983.0,3.0,6.0,6.0,4.0,6.0,1.0,2.0,1.0,Completed,3.0,1.4,3.08,1.42,3.08,1.45,2.94,1.41,9172,1056
9177,1176,1151,1151,2024-05-27,2024-05-27,0,fernandez|l / ponchet|j,Roland Garros,French Open,R128,R128,1.0,1.0,1.0,1.0,100.0,24,Paris,French Open,2024-05-27,Grand Slam,Outdoor,Clay,1st Round,3,Fernandez L.A.,Ponchet J.,34.0,147.0,1565.0,502.0,6.0,2.0,6.0,0.0,,,2.0,0.0,Completed,1.17,5.0,1.21,5.02,1.21,5.31,1.18,4.93,9177,1057
9180,1179,1148,1148,2024-05-27,2024-05-27,0,jabeur|o / vickery|s,Roland Garros,French Open,R128,R128,1.0,1.0,1.0,1.0,100.0,24,Paris,French Open,2024-05-27,Grand Slam,Outdoor,Clay,1st Round,3,Jabeur O.,Vickery S.,9.0,124.0,3748.0,607.0,6.0,3.0,6.0,2.0,,,2.0,0.0,Completed,1.17,5.0,1.16,6.04,1.18,6.2,1.15,5.55,9180,1058
9185,1184,1155,1155,2024-05-27,2024-05-27,0,burel|c / kalinskaya|a,Roland Garros,French Open,R128,R128,1.0,1.0,1.0,1.0,100.0,24,Paris,French Open,2024-05-27,Grand Slam,Outdoor,Clay,1st Round,3,Kalinskaya A.,Burel C.,25.0,44.0,1916.0,1288.0,7.0,6.0,7.0,5.0,,,2.0,0.0,Completed,1.67,2.2,1.68,2.31,1.71,2.31,1.67,2.22,9185,1059
9186,1185,1158,1158,2024-05-27,2024-05-27,0,andreescu|b / sorribes tormo|s <> andreescu|b / tormo|s,Roland Garros,French Open,R128,R128,1.0,1.0,1.0,1.0,100.0,24,Paris,French Open,2024-05-27,Grand Slam,Outdoor,Clay,1st Round,3,Andreescu B.,Sorribes Tormo S.,228.0,43.0,323.0,1299.0,7.0,5.0,6.0,1.0,,,2.0,0.0,Completed,3.5,1.3,3.98,1.29,3.98,1.32,3.69,1.29,9186,1060
9187,1186,1147,1147,2024-05-27,2024-05-27,0,baptiste|h / day|k,Roland Garros,French Open,R128,R128,1.0,1.0,1.0,1.0,100.0,24,Paris,French Open,2024-05-27,Grand Slam,Outdoor,Clay,1st Round,3,Baptiste H.,Day K.,107.0,99.0,719.0,749.0,4.0,6.0,6.0,2.0,6.0,2.0,2.0,1.0,Completed,1.62,2.3,1.51,2.72,1.69,2.72,1.58,2.4,9187,1061
9188,1187,1143,1143,2024-05-27,2024-05-27,0,paolini|j / saville|d,Roland Garros,French Open,R128,R128,1.0,1.0,1.0,1.0,100.0,24,Paris,French Open,2024-05-27,Grand Slam,Outdoor,Clay,1st Round,3,Paolini J.,Saville D.,15.0,84.0,2898.0,820.0,6.0,3.0,6.0,4.0,,,2.0,0.0,Completed,1.2,4.5,1.24,4.48,1.25,4.54,1.22,4.31,9188,1062
9190,1189,1161,1161,2024-05-27,2024-05-27,0,ferro|f / parry|d,Roland Garros,French Open,R128,R128,1.0,1.0,1.0,1.0,100.0,24,Paris,French Open,2024-05-27,Grand Slam,Outdoor,Clay,1st Round,3,Parry D.,Ferro F.,63.0,126.0,1036.0,584.0,3.0,6.0,6.0,3.0,6.0,3.0,2.0,1.0,Completed,1.53,2.5,1.57,2.56,1.58,2.6,1.53,2.51,9190,1063
9191,1190,1164,1164,2024-05-27,2024-05-27,0,bogdan|a / jacquemot|e,Roland Garros,French Open,R128,R128,1.0,1.0,1.0,1.0,100.0,24,Paris,French Open,2024-05-27,Grand Slam,Outdoor,Clay,1st Round,3,Bogdan A.,Jacquemot E.,64.0,149.0,1029.0,493.0,6.0,1.0,6.0,3.0,,,2.0,0.0,Completed,1.5,2.63,1.54,2.63,1.54,2.66,1.51,2.59,9191,1064
9192,1191,1154,1154,2024-05-27,2024-05-27,0,pavlyuchenkova|a / udvardy|p,Roland Garros,French Open,R128,R128,1.0,1.0,1.0,1.0,100.0,24,Paris,French Open,2024-05-27,Grand Slam,Outdoor,Clay,1st Round,3,Pavlyuchenkova A.,Udvardy P.,22.0,132.0,2116.0,552.0,6.0,3.0,6.0,4.0,,,2.0,0.0,Completed,1.17,5.0,1.15,6.43,1.18,6.44,1.14,5.82,9192,1065
9197,1196,1159,1159,2024-05-27,2024-05-27,0,gracheva|v / sakkari|m,Roland Garros,French Open,R128,R128,1.0,1.0,1.0,1.0,100.0,24,Paris,French Open,2024-05-27,Grand Slam,Outdoor,Clay,1st Round,3,Gracheva V.,Sakkari M.,88.0,7.0,800.0,3980.0,3.0,6.0,6.0,4.0,6.0,3.0,2.0,1.0,Completed,5.0,1.17,5.17,1.2,5.25,1.2,4.83,1.18,9197,1066
9198,1197,1165,1165,2024-05-27,2024-05-27,0,hibino|n / pera|b,Roland Garros,French Open,R128,R128,1.0,1.0,1.0,1.0,100.0,24,Paris,French Open,2024-05-27,Grand Slam,Outdoor,Clay,1st Round,3,Pera B.,Hibino N.,80.0,96.0,871.0,764.0,6.0,2.0,6.0,0.0,,,2.0,0.0,Completed,1.22,4.33,1.22,4.78,1.23,5.06,1.21,4.5,9198,1067
9199,1198,1163,1163,2024-05-27,2024-05-27,0,begu|i / riera|j,Roland Garros,French Open,R128,R128,1.0,1.0,1.0,1.0,100.0,24,Paris,French Open,2024-05-27,Grand Slam,Outdoor,Clay,1st Round,3,Begu I.,Riera J.,127.0,115.0,581.0,676.0,6.0,2.0,6.0,2.0,,,2.0,0.0,Completed,1.57,2.38,1.61,2.46,1.67,2.46,1.58,2.39,9199,1068
9200,1199,1160,1160,2024-05-27,2024-05-27,0,dart|h / noskova|l,Roland Garros,French Open,R128,R128,1.0,1.0,1.0,1.0,100.0,24,Paris,French Open,2024-05-27,Grand Slam,Outdoor,Clay,1st Round,3,Noskova L.,Dart H.,29.0,90.0,1714.0,789.0,7.0,6.0,6.0,4.0,,,2.0,0.0,Completed,1.08,8.0,1.09,9.08,1.1,9.08,1.08,8.09,9200,1069
9181,1180,1168,1168,2024-05-27,2024-05-28,1,cornet|a / zheng|q,Roland Garros,French Open,R128,R128,1.0,1.0,1.0,0.9523809523809523,99.76190476190476,24,Paris,French Open,2024-05-28,Grand Slam,Outdoor,Clay,1st Round,3,Zheng Q.,Cornet A.,8.0,106.0,3945.0,720.0,6.0,2.0,6.0,1.0,,,2.0,0.0,Completed,1.07,9.0,1.07,11.23,1.14,11.23,1.07,9.11,9181,1070
9182,1181,1170,1170,2024-05-27,2024-05-28,1,korpatsch|t / krueger|a,Roland Garros,French Open,R128,R128,1.0,1.0,1.0,0.9523809523809523,99.76190476190476,24,Paris,French Open,2024-05-28,Grand Slam,Outdoor,Clay,1st Round,3,Korpatsch T.,Krueger A.,79.0,66.0,897.0,994.0,4.0,6.0,6.0,4.0,7.0,6.0,2.0,1.0,Completed,4.0,1.25,4.26,1.26,4.33,1.26,4.07,1.25,9182,1071
9183,1182,1173,1173,2024-05-27,2024-05-28,1,avanesyan|e / zhu|l,Roland Garros,French Open,R128,R128,1.0,1.0,1.0,0.9523809523809523,99.76190476190476,24,Paris,French Open,2024-05-28,Grand Slam,Outdoor,Clay,1st Round,3,Avanesyan E.,Zhu L.,70.0,58.0,956.0,1077.0,6.0,2.0,6.0,4.0,,,2.0,0.0,Completed,1.36,3.2,1.33,3.63,1.38,3.63,1.34,3.3,9183,1072
9184,1183,1169,1169,2024-05-27,2024-05-28,1,blinkova|a / cirstea|s,Roland Garros,French Open,R128,R128,1.0,1.0,1.0,0.9523809523809523,99.76190476190476,24,Paris,French Open,2024-05-28,Grand Slam,Outdoor,Clay,1st Round,3,Blinkova A.,Cirstea S.,55.0,30.0,1096.0,1704.0,6.0,3.0,3.0,6.0,7.0,6.0,2.0,1.0,Completed,3.2,1.36,3.26,1.38,3.26,1.47,3.06,1.39,9184,1073
9193,1192,1171,1171,2024-05-27,2024-05-28,1,carle|m / mertens|e,Roland Garros,French Open,R128,R128,1.0,1.0,1.0,0.9523809523809523,99.76190476190476,24,Paris,French Open,2024-05-28,Grand Slam,Outdoor,Clay,1st Round,3,Mertens E.,Carle M.,27.0,82.0,1739.0,863.0,6.0,3.0,7.0,6.0,,,2.0,0.0,Completed,1.44,2.75,1.5,2.78,1.51,2.8,1.47,2.71,9193,1074
9194,1193,1172,1172,2024-05-27,2024-05-28,1,martic|p / mladenovic|k,Roland Garros,French Open,R128,R128,1.0,1.0,1.0,0.9523809523809523,99.76190476190476,24,Paris,French Open,2024-05-28,Grand Slam,Outdoor,Clay,1st Round,3,Martic P.,Mladenovic K.,81.0,212.0,863.0,348.0,6.0,4.0,6.0,4.0,,,2.0,0.0,Completed,1.2,4.5,1.21,4.96,1.23,5.2,1.19,4.79,9194,1075
9195,1194,1174,1174,2024-05-27,2024-05-28,1,kerber|a / rus|a,Roland Garros,French Open,R128,R128,1.0,1.0,1.0,0.9523809523809523,99.76190476190476,24,Paris,French Open,2024-05-28,Grand Slam,Outdoor,Clay,1st Round,3,Rus A.,Kerber A.,50.0,232.0,1159.0,322.0,6.0,4.0,6.0,3.0,,,2.0,0.0,Completed,2.5,1.53,2.41,1.63,2.62,1.63,2.42,1.56,9195,1076
9196,1195,1167,1167,2024-05-27,2024-05-28,1,minnen|g / rybakina|e,Roland Garros,French Open,R128,R128,1.0,1.0,1.0,0.9523809523809523,99.76190476190476,24,Paris,French Open,2024-05-28,Grand Slam,Outdoor,Clay,1st Round,3,Rybakina E.,Minnen G.,4.0,85.0,5673.0,812.0,6.0,2.0,6.0,3.0,,,2.0,0.0,Completed,1.05,11.0,1.04,16.81,1.06,16.81,1.04,12.04,9196,1077
9201,1200,1184,1184,2024-05-27,2024-05-28,1,azarenka|v / podoroska|n,Roland Garros,French Open,R128,R128,1.0,1.0,1.0,0.9523809523809523,99.76190476190476,24,Paris,French Open,2024-05-28,Grand Slam,Outdoor,Clay,1st Round,3,Azarenka V.,Podoroska N.,21.0,59.0,2174.0,1076.0,6.0,1.0,6.0,0.0,,,2.0,0.0,Completed,1.2,4.5,1.23,4.66,1.26,4.66,1.21,4.41,9201,1078
9202,1201,1179,1179,2024-05-27,2024-05-28,1,andreeva|m / bektas|e,Roland Garros,French Open,R128,R128,1.0,1.0,1.0,0.9523809523809523,99.76190476190476,24,Paris,French Open,2024-05-28,Grand Slam,Outdoor,Clay,1st Round,3,Andreeva M.,Bektas E.,38.0,98.0,1407.0,761.0,6.0,2.0,6.0,3.0,,,2.0,0.0,Completed,1.05,11.0,1.06,12.41,1.08,12.41,1.06,10.18,9202,1079
9203,1202,1176,1176,2024-05-27,2024-05-28,1,bagaric|l / stearns|p <> ciric bagaric|l / stearns|p,Roland Garros,French Open,R128,R128,1.0,1.0,1.0,0.9523809523809523,99.76190476190476,24,Paris,French Open,2024-05-28,Grand Slam,Outdoor,Clay,1st Round,3,Stearns P.,Ciric Bagaric L.,62.0,184.0,1040.0,401.0,6.0,3.0,6.0,7.0,7.0,6.0,2.0,1.0,Completed,1.44,2.75,1.49,2.81,1.5,2.81,1.47,2.73,9203,1080
9204,1203,1177,1177,2024-05-27,2024-05-28,1,frech|m / kasatkina|d,Roland Garros,French Open,R128,R128,1.0,1.0,1.0,0.9523809523809523,99.76190476190476,24,Paris,French Open,2024-05-28,Grand Slam,Outdoor,Clay,1st Round,3,Kasatkina D.,Frech M.,13.0,49.0,3258.0,1166.0,7.0,5.0,6.0,1.0,,,2.0,0.0,Completed,1.3,3.5,1.33,3.6,1.33,3.8,1.31,3.51,9204,1081
9205,1204,1178,1178,2024-05-27,2024-05-28,1,keys|m / zarazua|r,Roland Garros,French Open,R128,R128,1.0,1.0,1.0,0.9523809523809523,99.76190476190476,24,Paris,French Open,2024-05-28,Grand Slam,Outdoor,Clay,1st Round,3,Keys M.,Zarazua R.,12.0,102.0,3283.0,743.0,6.0,3.0,6.0,2.0,,,2.0,0.0,Completed,1.1,7.0,1.1,8.37,1.12,8.37,1.09,7.28,9205,1082
9206,1205,1182,1182,2024-05-27,2024-05-28,1,sherif|m / yuan|y,Roland Garros,French Open,R128,R128,1.0,1.0,1.0,0.9523809523809523,99.76190476190476,24,Paris,French Open,2024-05-28,Grand Slam,Outdoor,Clay,1st Round,3,Sherif M.,Yuan Y.,53.0,36.0,1113.0,1442.0,6.0,1.0,6.0,3.0,,,2.0,0.0,Completed,1.25,4.0,1.28,4.02,1.3,4.06,1.27,3.86,9206,1083
9207,1206,1183,1183,2024-05-27,2024-05-28,1,errani|s / schmiedlova|a,Roland Garros,French Open,R128,R128,1.0,1.0,1.0,0.9523809523809523,99.76190476190476,24,Paris,French Open,2024-05-28,Grand Slam,Outdoor,Clay,1st Round,3,Errani S.,Schmiedlova A.,95.0,54.0,765.0,1110.0,6.0,3.0,6.0,2.0,,,2.0,0.0,Completed,2.1,1.73,2.09,1.82,2.12,1.83,2.05,1.78,9207,1084
9208,1207,1180,1180,2024-05-27,2024-05-28,1,navarro|e / sonmez|z,Roland Garros,French Open,R128,R128,1.0,1.0,1.0,0.9523809523809523,99.76190476190476,24,Paris,French Open,2024-05-28,Grand Slam,Outdoor,Clay,1st Round,3,Navarro E.,Sonmez Z.,24.0,163.0,2068.0,460.0,6.0,2.0,6.0,0.0,,,2.0,0.0,Completed,1.11,6.5,1.14,6.65,1.14,7.0,1.12,6.29,9208,1085
9209,1208,1186,1186,2024-05-27,2024-05-28,1,badosa|p / boulter|k,Roland Garros,French Open,R128,R128,1.0,1.0,1.0,0.9523809523809523,99.76190476190476,24,Paris,French Open,2024-05-28,Grand Slam,Outdoor,Clay,1st Round,3,Badosa P.,Boulter K.,139.0,28.0,532.0,1730.0,4.0,6.0,7.0,5.0,6.0,4.0,2.0,1.0,Completed,1.25,4.0,1.25,4.35,1.27,5.12,1.24,4.11,9209,1086
9210,1209,1185,1185,2024-05-27,2024-05-28,1,putintseva|y / stephens|s,Roland Garros,French Open,R128,R128,1.0,1.0,1.0,0.9523809523809523,99.76190476190476,24,Paris,French Open,2024-05-28,Grand Slam,Outdoor,Clay,1st Round,3,Putintseva Y.,Stephens S.,39.0,35.0,1393.0,1447.0,6.0,1.0,6.0,2.0,,,2.0,0.0,Completed,1.73,2.1,1.71,2.25,1.73,2.26,1.7,2.16,9210,1087
9211,1210,1181,1181,2024-05-27,2024-05-28,1,burillo escorihuela|i / uchijima|m <> escorihuela|i / uchijima|m,Roland Garros,French Open,R128,R128,1.0,1.0,1.0,0.9523809523809523,99.76190476190476,24,Paris,French Open,2024-05-28,Grand Slam,Outdoor,Clay,1st Round,3,Uchijima M.,Burillo Escorihuela I.,83.0,302.0,855.0,226.0,6.0,1.0,6.0,1.0,,,2.0,0.0,Completed,1.22,4.33,1.23,4.7,1.24,4.89,1.21,4.47,9211,1088
9212,1211,1175,1175,2024-05-27,2024-05-28,1,andreeva|e / sabalenka|a,Roland Garros,French Open,R128,R128,1.0,1.0,1.0,0.9523809523809523,99.76190476190476,24,Paris,French Open,2024-05-28,Grand Slam,Outdoor,Clay,1st Round,3,Sabalenka A.,Andreeva E.,2.0,100.0,8138.0,749.0,6.0,1.0,6.0,2.0,,,2.0,0.0,Completed,1.04,13.0,1.04,16.65,1.08,16.65,1.04,12.6,9212,1089
9213,1212,1189,1189,2024-05-27,2024-05-29,2,osaka|n / swiatek|i,Roland Garros,French Open,R64,R64,1.0,1.0,1.0,0.9047619047619048,99.52380952380952,24,Paris,French Open,2024-05-29,Grand Slam,Outdoor,Clay,2nd Round,3,Swiatek I.,Osaka N.,1.0,134.0,11695.0,544.0,7.0,6.0,1.0,6.0,7.0,5.0,2.0,1.0,Completed,1.04,13.0,1.05,14.78,1.05,15.0,1.04,12.05,9213,1090
9221,1220,1190,1190,2024-05-27,2024-05-29,2,gauff|c / zidansek|t,Roland Garros,French Open,R64,R64,1.0,1.0,1.0,0.9047619047619048,99.52380952380952,24,Paris,French Open,2024-05-29,Grand Slam,Outdoor,Clay,2nd Round,3,Gauff C.,Zidansek T.,3.0,131.0,7638.0,556.0,6.0,3.0,6.0,4.0,,,2.0,0.0,Completed,1.03,15.0,1.04,17.63,1.04,17.63,1.03,13.59,9221,1091
9226,1225,1187,1187,2024-05-27,2024-05-29,2,garcia|c / kenin|s,Roland Garros,French Open,R64,R64,1.0,1.0,1.0,0.9047619047619048,99.52380952380952,24,Paris,French Open,2024-05-29,Grand Slam,Outdoor,Clay,2nd Round,3,Kenin S.,Garcia C.,56.0,23.0,1094.0,2068.0,6.0,3.0,6.0,3.0,,,2.0,0.0,Completed,2.5,1.53,2.45,1.62,2.5,1.62,2.4,1.58,9226,1092
9214,1213,1208,1208,2024-05-27,2024-05-30,3,bouzkova|m / fett|j,Roland Garros,French Open,R64,R64,1.0,1.0,1.0,0.8571428571428572,99.28571428571429,24,Paris,French Open,2024-05-30,Grand Slam,Outdoor,Clay,2nd Round,3,Bouzkova M.,Fett J.,42.0,135.0,1305.0,541.0,6.0,2.0,6.0,2.0,,,2.0,0.0,Completed,1.3,3.5,1.34,3.6,1.34,3.6,1.31,3.47,9214,1093
9215,1214,1193,1193,2024-05-27,2024-05-30,3,golubic|v / potapova|a,Roland Garros,French Open,R64,R64,1.0,1.0,1.0,0.8571428571428572,99.28571428571429,24,Paris,French Open,2024-05-30,Grand Slam,Outdoor,Clay,2nd Round,3,Potapova A.,Golubic V.,41.0,76.0,1317.0,908.0,6.0,2.0,6.0,2.0,,,2.0,0.0,Completed,1.2,4.5,1.18,5.58,1.21,5.58,1.18,5.04,9215,1094
9217,1216,1199,1199,2024-05-27,2024-05-30,3,collins|d / danilovic|o,Roland Garros,French Open,R64,R64,1.0,1.0,1.0,0.8571428571428572,99.28571428571429,24,Paris,French Open,2024-05-30,Grand Slam,Outdoor,Clay,2nd Round,3,Danilovic O.,Collins D.,125.0,10.0,588.0,3472.0,6.0,7.0,7.0,5.0,6.0,4.0,2.0,1.0,Completed,4.5,1.2,4.43,1.25,4.6,1.25,4.32,1.22,9217,1095
9218,1217,1191,1191,2024-05-27,2024-05-30,3,kostyuk|m / vekic|d,Roland Garros,French Open,R64,R64,1.0,1.0,1.0,0.8571428571428572,99.28571428571429,24,Paris,French Open,2024-05-30,Grand Slam,Outdoor,Clay,2nd Round,3,Vekic D.,Kostyuk M.,40.0,20.0,1358.0,2180.0,7.0,5.0,6.0,4.0,,,2.0,0.0,Completed,2.5,1.53,2.66,1.54,2.66,1.56,2.53,1.53,9218,1096
9219,1218,1194,1194,2024-05-27,2024-05-30,3,paquet|c / siniakova|k,Roland Garros,French Open,R64,R64,1.0,1.0,1.0,0.8571428571428572,99.28571428571429,24,Paris,French Open,2024-05-30,Grand Slam,Outdoor,Clay,2nd Round,3,Paquet C.,Siniakova K.,136.0,33.0,540.0,1585.0,3.0,6.0,7.0,6.0,7.0,6.0,2.0,1.0,Completed,4.0,1.25,4.54,1.24,4.59,1.26,4.21,1.23,9219,1097
9220,1219,1203,1203,2024-05-27,2024-05-30,3,volynets|k / vondrousova|m,Roland Garros,French Open,R64,R64,1.0,1.0,1.0,0.8571428571428572,99.28571428571429,24,Paris,French Open,2024-05-30,Grand Slam,Outdoor,Clay,2nd Round,3,Vondrousova M.,Volynets K.,6.0,108.0,4143.0,717.0,0.0,6.0,6.0,1.0,6.0,4.0,2.0,1.0,Completed,1.2,4.5,1.22,4.82,1.23,4.82,1.21,4.47,9220,1098
9222,1221,1195,1195,2024-05-27,2024-05-30,3,wang|y / yastremska|d,Roland Garros,French Open,R64,R64,1.0,1.0,1.0,0.8571428571428572,99.28571428571429,24,Paris,French Open,2024-05-30,Grand Slam,Outdoor,Clay,2nd Round,3,Yastremska D.,Wang Y.,32.0,68.0,1622.0,979.0,6.0,2.0,6.0,0.0,,,2.0,0.0,Completed,1.4,3.0,1.43,3.08,1.47,3.08,1.41,2.94,9222,1099
9223,1222,1201,1201,2024-05-27,2024-05-30,3,anisimova|a / samsonova|l,Roland Garros,French Open,R64,R64,1.0,1.0,1.0,0.8571428571428572,99.28571428571429,24,Paris,French Open,2024-05-30,Grand Slam,Outdoor,Clay,2nd Round,3,Samsonova L.,Anisimova A.,17.0,231.0,2580.0,322.0,6.0,2.0,6.0,1.0,,,2.0,0.0,Completed,1.53,2.5,1.57,2.59,1.57,2.6,1.53,2.52,9223,1100
9224,1223,1207,1207,2024-05-27,2024-05-30,3,bucsa|c / cocciaretto|e,Roland Garros,French Open,R64,R64,1.0,1.0,1.0,0.8571428571428572,99.28571428571429,24,Paris,French Open,2024-05-30,Grand Slam,Outdoor,Clay,2nd Round,3,Cocciaretto E.,Bucsa C.,51.0,73.0,1149.0,924.0,6.0,1.0,6.0,4.0,,,2.0,0.0,Completed,1.5,2.63,1.5,2.79,1.53,2.79,1.47,2.68,9224,1101
9225,1224,1202,1202,2024-05-27,2024-05-30,3,ostapenko|j / tauson|c,Roland Garros,French Open,R64,R64,1.0,1.0,1.0,0.8571428571428572,99.28571428571429,24,Paris,French Open,2024-05-30,Grand Slam,Outdoor,Clay,2nd Round,3,Tauson C.,Ostapenko J.,72.0,11.0,924.0,3318.0,7.0,6.0,4.0,6.0,6.0,3.0,2.0,1.0,Completed,2.38,1.57,2.47,1.61,2.47,1.62,2.39,1.58,9225,1102
9229,1228,1212,1212,2024-05-27,2024-05-30,3,korpatsch|t / zheng|q,Roland Garros,French Open,R64,R64,1.0,1.0,1.0,0.8571428571428572,99.28571428571429,24,Paris,French Open,2024-05-30,Grand Slam,Outdoor,Clay,2nd Round,3,Zheng Q.,Korpatsch T.,8.0,79.0,3945.0,897.0,6.0,2.0,6.0,2.0,,,2.0,0.0,Completed,1.05,11.0,1.07,12.3,1.07,13.26,1.05,10.41,9229,1103
9230,1229,1209,1209,2024-05-27,2024-05-30,3,avanesyan|e / blinkova|a,Roland Garros,French Open,R64,R64,1.0,1.0,1.0,0.8571428571428572,99.28571428571429,24,Paris,French Open,2024-05-30,Grand Slam,Outdoor,Clay,2nd Round,3,Avanesyan E.,Blinkova A.,70.0,55.0,956.0,1096.0,6.0,3.0,6.0,0.0,,,2.0,0.0,Completed,1.73,2.1,1.75,2.21,1.8,2.21,1.74,2.1,9230,1104
9231,1230,1215,1215,2024-05-27,2024-05-30,3,andreescu|b / kalinskaya|a,Roland Garros,French Open,R64,R64,1.0,1.0,1.0,0.8571428571428572,99.28571428571429,24,Paris,French Open,2024-05-30,Grand Slam,Outdoor,Clay,2nd Round,3,Andreescu B.,Kalinskaya A.,228.0,25.0,323.0,1916.0,1.0,6.0,7.0,5.0,6.0,3.0,2.0,1.0,Completed,2.3,1.62,2.55,1.58,2.6,1.63,2.46,1.55,9231,1105
9232,1231,1214,1214,2024-05-27,2024-05-30,3,baptiste|h / paolini|j,Roland Garros,French Open,R64,R64,1.0,1.0,1.0,0.8571428571428572,99.28571428571429,24,Paris,French Open,2024-05-30,Grand Slam,Outdoor,Clay,2nd Round,3,Paolini J.,Baptiste H.,15.0,107.0,2898.0,719.0,6.0,4.0,7.0,6.0,,,2.0,0.0,Completed,1.2,4.5,1.22,4.84,1.22,5.06,1.2,4.66,9232,1106
9233,1232,1200,1200,2024-05-27,2024-05-30,3,parry|d / svitolina|e,Roland Garros,French Open,R64,R64,1.0,1.0,1.0,0.8571428571428572,99.28571428571429,24,Paris,French Open,2024-05-30,Grand Slam,Outdoor,Clay,2nd Round,3,Svitolina E.,Parry D.,19.0,63.0,2290.0,1036.0,6.0,4.0,7.0,6.0,,,2.0,0.0,Completed,1.33,3.4,1.36,3.43,1.36,3.44,1.34,3.29,9233,1107
9234,1233,1217,1217,2024-05-27,2024-05-30,3,bogdan|a / pavlyuchenkova|a,Roland Garros,French Open,R64,R64,1.0,1.0,1.0,0.8571428571428572,99.28571428571429,24,Paris,French Open,2024-05-30,Grand Slam,Outdoor,Clay,2nd Round,3,Bogdan A.,Pavlyuchenkova A.,64.0,22.0,1029.0,2116.0,6.0,4.0,6.0,4.0,,,2.0,0.0,Completed,3.0,1.4,3.02,1.44,3.1,1.5,2.88,1.42,9234,1108
9235,1234,1206,1206,2024-05-27,2024-05-30,3,martic|p / mertens|e,Roland Garros,French Open,R64,R64,1.0,1.0,1.0,0.8571428571428572,99.28571428571429,24,Paris,French Open,2024-05-30,Grand Slam,Outdoor,Clay,2nd Round,3,Mertens E.,Martic P.,27.0,81.0,1739.0,863.0,6.0,4.0,6.0,3.0,,,2.0,0.0,Completed,1.36,3.2,1.31,3.8,1.37,3.8,1.33,3.37,9235,1109
9236,1235,1198,1198,2024-05-27,2024-05-30,3,rus|a / rybakina|e,Roland Garros,French Open,R64,R64,1.0,1.0,1.0,0.8571428571428572,99.28571428571429,24,Paris,French Open,2024-05-30,Grand Slam,Outdoor,Clay,2nd Round,3,Rybakina E.,Rus A.,4.0,50.0,5673.0,1159.0,6.0,3.0,6.0,4.0,,,2.0,0.0,Completed,1.07,9.0,1.07,11.24,1.09,11.24,1.06,9.26,9236,1110
9237,1236,1216,1216,2024-05-27,2024-05-30,3,gracheva|v / pera|b,Roland Garros,French Open,R64,R64,1.0,1.0,1.0,0.8571428571428572,99.28571428571429,24,Paris,French Open,2024-05-30,Grand Slam,Outdoor,Clay,2nd Round,3,Gracheva V.,Pera B.,88.0,80.0,800.0,871.0,6.0,1.0,6.0,3.0,,,2.0,0.0,Completed,2.2,1.67,2.37,1.66,2.37,1.76,2.25,1.65,9237,1111
9238,1237,1211,1211,2024-05-27,2024-05-30,3,begu|i / noskova|l,Roland Garros,French Open,R64,R64,1.0,1.0,1.0,0.8571428571428572,99.28571428571429,24,Paris,French Open,2024-05-30,Grand Slam,Outdoor,Clay,2nd Round,3,Begu I.,Noskova L.,127.0,29.0,581.0,1714.0,6.0,4.0,6.0,2.0,,,2.0,0.0,Completed,2.1,1.73,2.19,1.76,2.21,1.76,2.12,1.72,9238,1112
9239,1238,1218,1218,2024-05-27,2024-05-30,3,andreeva|m / azarenka|v,Roland Garros,French Open,R64,R64,1.0,1.0,1.0,0.8571428571428572,99.28571428571429,24,Paris,French Open,2024-05-30,Grand Slam,Outdoor,Clay,2nd Round,3,Andreeva M.,Azarenka V.,38.0,21.0,1407.0,2174.0,6.0,3.0,3.0,6.0,7.0,5.0,2.0,1.0,Completed,1.91,1.91,2.0,1.91,2.03,1.94,1.93,1.88,9239,1113
9240,1239,1213,1213,2024-05-27,2024-05-30,3,kasatkina|d / stearns|p,Roland Garros,French Open,R64,R64,1.0,1.0,1.0,0.8571428571428572,99.28571428571429,24,Paris,French Open,2024-05-30,Grand Slam,Outdoor,Clay,2nd Round,3,Stearns P.,Kasatkina D.,62.0,13.0,1040.0,3258.0,7.0,5.0,6.0,2.0,,,2.0,0.0,Completed,3.0,1.4,3.12,1.42,3.34,1.42,3.03,1.39,9240,1114
9241,1240,1205,1205,2024-05-27,2024-05-30,3,keys|m / sherif|m,Roland Garros,French Open,R64,R64,1.0,1.0,1.0,0.8571428571428572,99.28571428571429,24,Paris,French Open,2024-05-30,Grand Slam,Outdoor,Clay,2nd Round,3,Keys M.,Sherif M.,12.0,53.0,3283.0,1113.0,6.0,0.0,7.0,6.0,,,2.0,0.0,Completed,1.22,4.33,1.26,4.3,1.29,4.33,1.26,3.93,9241,1115
9242,1241,1210,1210,2024-05-27,2024-05-30,3,errani|s / navarro|e,Roland Garros,French Open,R64,R64,1.0,1.0,1.0,0.8571428571428572,99.28571428571429,24,Paris,French Open,2024-05-30,Grand Slam,Outdoor,Clay,2nd Round,3,Navarro E.,Errani S.,24.0,95.0,2068.0,765.0,6.0,2.0,7.0,5.0,,,2.0,0.0,Completed,1.14,5.5,1.15,6.66,1.15,6.72,1.13,5.96,9242,1116
9243,1242,1192,1192,2024-05-27,2024-05-30,3,badosa|p / putintseva|y,Roland Garros,French Open,R64,R64,1.0,1.0,1.0,0.8571428571428572,99.28571428571429,24,Paris,French Open,2024-05-30,Grand Slam,Outdoor,Clay,2nd Round,3,Badosa P.,Putintseva Y.,139.0,39.0,532.0,1393.0,4.0,6.0,6.0,1.0,7.0,5.0,2.0,1.0,Completed,1.73,2.1,1.85,2.06,1.94,2.2,1.77,2.07,9243,1117
9244,1243,1197,1197,2024-05-27,2024-05-30,3,sabalenka|a / uchijima|m,Roland Garros,French Open,R64,R64,1.0,1.0,1.0,0.8571428571428572,99.28571428571429,24,Paris,French Open,2024-05-30,Grand Slam,Outdoor,Clay,2nd Round,3,Sabalenka A.,Uchijima M.,2.0,83.0,8138.0,855.0,6.0,2.0,6.0,2.0,,,2.0,0.0,Completed,1.07,9.0,1.07,11.61,1.07,12.27,1.06,9.9,9244,1118
9245,1244,1226,1226,2024-05-27,2024-05-31,4,bouzkova|m / swiatek|i,Roland Garros,French Open,R32,R32,1.0,1.0,1.0,0.8095238095238095,99.04761904761905,24,Paris,French Open,2024-05-31,Grand Slam,Outdoor,Clay,3rd Round,3,Swiatek I.,Bouzkova M.,1.0,42.0,11695.0,1305.0,6.0,4.0,6.0,2.0,,,2.0,0.0,Completed,1.03,15.0,1.03,22.25,1.05,22.25,1.02,15.44,9245,1119
9247,1246,1219,1219,2024-05-27,2024-05-31,4,danilovic|o / vekic|d,Roland Garros,French Open,R32,R32,1.0,1.0,1.0,0.8095238095238095,99.04761904761905,24,Paris,French Open,2024-05-31,Grand Slam,Outdoor,Clay,3rd Round,3,Danilovic O.,Vekic D.,125.0,40.0,588.0,1358.0,0.0,6.0,7.0,5.0,7.0,6.0,2.0,1.0,Completed,1.73,2.1,1.83,2.09,1.83,2.12,1.77,2.07,9247,1120
9248,1247,1223,1223,2024-05-27,2024-05-31,4,paquet|c / vondrousova|m,Roland Garros,French Open,R32,R32,1.0,1.0,1.0,0.8095238095238095,99.04761904761905,24,Paris,French Open,2024-05-31,Grand Slam,Outdoor,Clay,3rd Round,3,Vondrousova M.,Paquet C.,6.0,136.0,4143.0,540.0,6.0,1.0,6.0,3.0,,,2.0,0.0,Completed,1.13,6.0,1.16,6.27,1.17,6.27,1.14,5.72,9248,1121
9249,1248,1221,1221,2024-05-27,2024-05-31,4,gauff|c / yastremska|d,Roland Garros,French Open,R32,R32,1.0,1.0,1.0,0.8095238095238095,99.04761904761905,24,Paris,French Open,2024-05-31,Grand Slam,Outdoor,Clay,3rd Round,3,Gauff C.,Yastremska D.,3.0,32.0,7638.0,1622.0,6.0,2.0,6.0,4.0,,,2.0,0.0,Completed,1.11,6.5,1.11,8.08,1.13,8.08,1.1,7.03,9249,1122
9250,1249,1220,1220,2024-05-27,2024-05-31,4,cocciaretto|e / samsonova|l,Roland Garros,French Open,R32,R32,1.0,1.0,1.0,0.8095238095238095,99.04761904761905,24,Paris,French Open,2024-05-31,Grand Slam,Outdoor,Clay,3rd Round,3,Cocciaretto E.,Samsonova L.,51.0,17.0,1149.0,2580.0,7.0,6.0,6.0,2.0,,,2.0,0.0,Completed,3.0,1.4,3.07,1.43,3.1,1.44,2.94,1.41,9250,1123
9251,1250,1224,1224,2024-05-27,2024-05-31,4,kenin|s / tauson|c,Roland Garros,French Open,R32,R32,1.0,1.0,1.0,0.8095238095238095,99.04761904761905,24,Paris,French Open,2024-05-31,Grand Slam,Outdoor,Clay,3rd Round,3,Tauson C.,Kenin S.,72.0,56.0,924.0,1094.0,6.0,2.0,7.0,5.0,,,2.0,0.0,Completed,1.73,2.1,1.73,2.24,1.77,2.24,1.72,2.14,9251,1124
9252,1251,1225,1225,2024-05-27,2024-05-31,4,fernandez|l / jabeur|o,Roland Garros,French Open,R32,R32,1.0,1.0,1.0,0.8095238095238095,99.04761904761905,24,Paris,French Open,2024-05-31,Grand Slam,Outdoor,Clay,3rd Round,3,Jabeur O.,Fernandez L.A.,9.0,34.0,3748.0,1565.0,6.0,4.0,7.0,6.0,,,2.0,0.0,Completed,1.67,2.2,1.73,2.24,1.73,2.39,1.68,2.2,9252,1125
9253,1252,1227,1227,2024-05-27,2024-06-01,5,avanesyan|e / zheng|q,Roland Garros,French Open,R32,R32,1.0,1.0,1.0,0.7619047619047619,98.80952380952381,24,Paris,French Open,2024-06-01,Grand Slam,Outdoor,Clay,3rd Round,3,Avanesyan E.,Zheng Q.,70.0,8.0,956.0,3945.0,3.0,6.0,6.0,3.0,7.0,6.0,2.0,1.0,Completed,6.5,1.11,6.48,1.15,6.65,1.15,6.01,1.13,9253,1126
9254,1253,1232,1232,2024-05-27,2024-06-01,5,andreescu|b / paolini|j,Roland Garros,French Open,R32,R32,1.0,1.0,1.0,0.7619047619047619,98.80952380952381,24,Paris,French Open,2024-06-01,Grand Slam,Outdoor,Clay,3rd Round,3,Paolini J.,Andreescu B.,15.0,228.0,2898.0,323.0,6.0,1.0,3.0,6.0,6.0,0.0,2.0,1.0,Completed,1.44,2.75,1.49,2.83,1.49,2.83,1.46,2.73,9254,1127
9255,1254,1233,1233,2024-05-27,2024-06-01,5,bogdan|a / svitolina|e,Roland Garros,French Open,R32,R32,1.0,1.0,1.0,0.7619047619047619,98.80952380952381,24,Paris,French Open,2024-06-01,Grand Slam,Outdoor,Clay,3rd Round,3,Svitolina E.,Bogdan A.,19.0,64.0,2290.0,1029.0,7.0,5.0,6.0,2.0,,,2.0,0.0,Completed,1.33,3.4,1.41,3.19,1.41,3.4,1.36,3.17,9255,1128
9256,1255,1229,1229,2024-05-27,2024-06-01,5,mertens|e / rybakina|e,Roland Garros,French Open,R32,R32,1.0,1.0,1.0,0.7619047619047619,98.80952380952381,24,Paris,French Open,2024-06-01,Grand Slam,Outdoor,Clay,3rd Round,3,Rybakina E.,Mertens E.,4.0,27.0,5673.0,1739.0,6.0,4.0,6.0,2.0,,,2.0,0.0,Completed,1.17,5.0,1.18,5.75,1.2,6.03,1.17,5.18,9256,1129
9257,1256,1228,1228,2024-05-27,2024-06-01,5,begu|i / gracheva|v,Roland Garros,French Open,R32,R32,1.0,1.0,1.0,0.7619047619047619,98.80952380952381,24,Paris,French Open,2024-06-01,Grand Slam,Outdoor,Clay,3rd Round,3,Gracheva V.,Begu I.,88.0,127.0,800.0,581.0,7.0,5.0,6.0,3.0,,,2.0,0.0,Completed,2.63,1.5,2.72,1.52,2.75,1.54,2.63,1.5,9257,1130
9258,1257,1231,1231,2024-05-27,2024-06-01,5,andreeva|m / stearns|p,Roland Garros,French Open,R32,R32,1.0,1.0,1.0,0.7619047619047619,98.80952380952381,24,Paris,French Open,2024-06-01,Grand Slam,Outdoor,Clay,3rd Round,3,Andreeva M.,Stearns P.,38.0,62.0,1407.0,1040.0,6.0,2.0,6.0,1.0,,,2.0,0.0,Completed,1.36,3.2,1.4,3.21,1.4,3.21,1.38,3.07,9258,1131
9259,1258,1234,1234,2024-05-27,2024-06-01,5,keys|m / navarro|e,Roland Garros,French Open,R32,R32,1.0,1.0,1.0,0.7619047619047619,98.80952380952381,24,Paris,French Open,2024-06-01,Grand Slam,Outdoor,Clay,3rd Round,3,Navarro E.,Keys M.,24.0,12.0,2068.0,3283.0,7.0,6.0,7.0,6.0,,,2.0,0.0,Completed,2.5,1.53,2.48,1.58,2.59,1.6,2.45,1.55,9259,1132
9260,1259,1230,1230,2024-05-27,2024-06-01,5,badosa|p / sabalenka|a,Roland Garros,French Open,R32,R32,1.0,1.0,1.0,0.7619047619047619,98.80952380952381,24,Paris,French Open,2024-06-01,Grand Slam,Outdoor,Clay,3rd Round,3,Sabalenka A.,Badosa P.,2.0,139.0,8138.0,532.0,7.0,5.0,6.0,1.0,,,2.0,0.0,Completed,1.22,4.33,1.28,4.16,1.28,4.34,1.25,4.0,9260,1133
9261,1260,1235,1235,2024-05-27,2024-06-02,6,potapova|a / swiatek|i,Roland Garros,French Open,R16,R16,1.0,1.0,1.0,0.7142857142857143,98.57142857142857,24,Paris,French Open,2024-06-02,Grand Slam,Outdoor,Clay,4th Round,3,Swiatek I.,Potapova A.,1.0,41.0,11695.0,1317.0,6.0,0.0,6.0,0.0,,,2.0,0.0,Completed,1.02,19.0,1.03,20.49,1.04,20.49,1.03,14.39,9261,1134
9262,1261,1236,1236,2024-05-27,2024-06-02,6,danilovic|o / vondrousova|m,Roland Garros,French Open,R16,R16,1.0,1.0,1.0,0.7142857142857143,98.57142857142857,24,Paris,French Open,2024-06-02,Grand Slam,Outdoor,Clay,4th Round,3,Vondrousova M.,Danilovic O.,6.0,125.0,4143.0,588.0,6.0,4.0,6.0,2.0,,,2.0,0.0,Completed,1.3,3.5,1.32,3.72,1.38,3.72,1.32,3.46,9262,1135
9263,1262,1237,1237,2024-05-27,2024-06-02,6,cocciaretto|e / gauff|c,Roland Garros,French Open,R16,R16,1.0,1.0,1.0,0.7142857142857143,98.57142857142857,24,Paris,French Open,2024-06-02,Grand Slam,Outdoor,Clay,4th Round,3,Gauff C.,Cocciaretto E.,3.0,51.0,7638.0,1149.0,6.0,1.0,6.0,2.0,,,2.0,0.0,Completed,1.11,6.5,1.15,6.66,1.15,6.78,1.13,6.19,9263,1136
9264,1263,1238,1238,2024-05-27,2024-06-02,6,jabeur|o / tauson|c,Roland Garros,French Open,R16,R16,1.0,1.0,1.0,0.7142857142857143,98.57142857142857,24,Paris,French Open,2024-06-02,Grand Slam,Outdoor,Clay,4th Round,3,Jabeur O.,Tauson C.,9.0,72.0,3748.0,924.0,6.0,4.0,6.0,4.0,,,2.0,0.0,Completed,1.57,2.38,1.64,2.41,1.64,2.43,1.59,2.36,9264,1137
9265,1264,1240,1240,2024-05-27,2024-06-03,7,avanesyan|e / paolini|j,Roland Garros,French Open,R16,R16,1.0,1.0,1.0,0.6666666666666667,98.33333333333333,24,Paris,French Open,2024-06-03,Grand Slam,Outdoor,Clay,4th Round,3,Paolini J.,Avanesyan E.,15.0,70.0,2898.0,956.0,4.0,6.0,6.0,0.0,6.0,1.0,2.0,1.0,Completed,1.29,3.75,1.28,3.91,1.32,3.93,1.28,3.68,9265,1138
9266,1265,1239,1239,2024-05-27,2024-06-03,7,rybakina|e / svitolina|e,Roland Garros,French Open,R16,R16,1.0,1.0,1.0,0.6666666666666667,98.33333333333333,24,Paris,French Open,2024-06-03,Grand Slam,Outdoor,Clay,4th Round,3,Rybakina E.,Svitolina E.,4.0,19.0,5673.0,2290.0,6.0,4.0,6.0,3.0,,,2.0,0.0,Completed,1.3,3.5,1.35,3.5,1.38,3.56,1.33,3.36,9266,1139
9267,1266,1242,1242,2024-05-27,2024-06-03,7,andreeva|m / gracheva|v,Roland Garros,French Open,R16,R16,1.0,1.0,1.0,0.6666666666666667,98.33333333333333,24,Paris,French Open,2024-06-03,Grand Slam,Outdoor,Clay,4th Round,3,Andreeva M.,Gracheva V.,38.0,88.0,1407.0,800.0,7.0,5.0,6.0,2.0,,,2.0,0.0,Completed,1.25,4.0,1.24,4.53,1.29,4.53,1.25,3.97,9267,1140
9268,1267,1241,1241,2024-05-27,2024-06-03,7,navarro|e / sabalenka|a,Roland Garros,French Open,R16,R16,1.0,1.0,1.0,0.6666666666666667,98.33333333333333,24,Paris,French Open,2024-06-03,Grand Slam,Outdoor,Clay,4th Round,3,Sabalenka A.,Navarro E.,2.0,24.0,8138.0,2068.0,6.0,2.0,6.0,3.0,,,2.0,0.0,Completed,1.29,3.75,1.34,3.57,1.34,3.75,1.3,3.54,9268,1141
9269,1268,1244,1244,2024-05-27,2024-06-04,8,swiatek|i / vondrousova|m,Roland Garros,French Open,QF,QF,1.0,1.0,1.0,0.6190476190476191,98.0952380952381,24,Paris,French Open,2024-06-04,Grand Slam,Outdoor,Clay,Quarterfinals,3,Swiatek I.,Vondrousova M.,1.0,6.0,11695.0,4143.0,6.0,0.0,6.0,2.0,,,2.0,0.0,Completed,1.06,10.0,1.08,10.56,1.08,10.56,1.07,9.05,9269,1142
9270,1269,1243,1243,2024-05-27,2024-06-04,8,gauff|c / jabeur|o,Roland Garros,French Open,QF,QF,1.0,1.0,1.0,0.6190476190476191,98.0952380952381,24,Paris,French Open,2024-06-04,Grand Slam,Outdoor,Clay,Quarterfinals,3,Gauff C.,Jabeur O.,3.0,9.0,7638.0,3748.0,4.0,6.0,6.0,2.0,6.0,3.0,2.0,1.0,Completed,1.22,4.33,1.28,4.1,1.28,4.76,1.24,4.11,9270,1143
9271,1270,1245,1245,2024-05-27,2024-06-05,9,paolini|j / rybakina|e,Roland Garros,French Open,QF,QF,1.0,1.0,1.0,0.5714285714285714,97.85714285714286,24,Paris,French Open,2024-06-05,Grand Slam,Outdoor,Clay,Quarterfinals,3,Paolini J.,Rybakina E.,15.0,4.0,2898.0,5673.0,6.0,2.0,4.0,6.0,6.0,4.0,2.0,1.0,Completed,4.0,1.25,3.82,1.31,4,1.31,3.82,1.27,9271,1144
9272,1271,1246,1246,2024-05-27,2024-06-05,9,andreeva|m / sabalenka|a,Roland Garros,French Open,QF,QF,1.0,1.0,1.0,0.5714285714285714,97.85714285714286,24,Paris,French Open,2024-06-05,Grand Slam,Outdoor,Clay,Quarterfinals,3,Andreeva M.,Sabalenka A.,38.0,2.0,1407.0,8138.0,6.0,7.0,6.0,4.0,6.0,4.0,2.0,1.0,Completed,5.0,1.17,4.98,1.22,5,1.22,4.74,1.19,9272,1145
9273,1272,1247,1247,2024-05-27,2024-06-06,10,gauff|c / swiatek|i,Roland Garros,French Open,SF,SF,1.0,1.0,1.0,0.5238095238095238,97.61904761904762,24,Paris,French Open,2024-06-06,Grand Slam,Outdoor,Clay,Semifinals,3,Swiatek I.,Gauff C.,1.0,3.0,11695.0,7638.0,6.0,2.0,6.0,4.0,,,2.0,0.0,Completed,1.13,6.0,1.16,6.13,1.17,6.36,1.14,5.82,9273,1146
9274,1273,1248,1248,2024-05-27,2024-06-06,10,andreeva|m / paolini|j,Roland Garros,French Open,SF,SF,1.0,1.0,1.0,0.5238095238095238,97.61904761904762,24,Paris,French Open,2024-06-06,Grand Slam,Outdoor,Clay,Semifinals,3,Paolini J.,Andreeva M.,15.0,38.0,2898.0,1407.0,6.0,3.0,6.0,1.0,,,2.0,0.0,Completed,2.0,1.8,1.98,1.88,2.14,1.9,1.98,1.84,9274,1147
9275,1274,1249,1249,2024-05-27,2024-06-08,12,paolini|j / swiatek|i,Roland Garros,French Open,F,F,1.0,1.0,1.0,0.4285714285714286,97.14285714285714,24,Paris,French Open,2024-06-08,Grand Slam,Outdoor,Clay,The Final,3,Swiatek I.,Paolini J.,1.0,15.0,11695.0,2898.0,6.0,2.0,6.0,1.0,,,2.0,0.0,Completed,1.06,11.0,1.07,10.96,1.09,11.0,1.06,9.5,9275,1148
9303,1302,1250,1250,2024-06-10,2024-06-10,0,korpatsch|t / vekic|d,s Hertogenbosch,Rosmalen Grass Court Championships,R32,R32,0.18285714285714286,1.0,1.0,1.0,55.05714285714286,25,'s-Hertogenbosch,Rosmalen Grass Court Championships,2024-06-10,WTA250,Outdoor,Grass,1st Round,3,Vekic D.,Korpatsch T.,39.0,74.0,1418.0,951.0,6.0,1.0,6.0,3.0,,,2.0,0.0,Completed,1.13,6.0,1.11,7.44,1.14,7.49,1.12,6.33,9303,1149
9304,1303,1251,1251,2024-06-10,2024-06-10,0,masarova|r / minnen|g,s Hertogenbosch,Rosmalen Grass Court Championships,R32,R32,0.18285714285714286,1.0,1.0,1.0,55.05714285714286,25,'s-Hertogenbosch,Rosmalen Grass Court Championships,2024-06-10,WTA250,Outdoor,Grass,1st Round,3,Minnen G.,Masarova R.,85.0,103.0,812.0,717.0,6.0,2.0,6.0,4.0,,,2.0,0.0,Completed,1.8,2.0,1.81,2.05,1.85,2.2,1.79,2.01,9304,1150
9323,1322,1287,1287,2024-06-10,2024-06-10,0,fruhvirtova|l / miyazaki|y,Nottingham,Nottingham Open,R32,R32,1.0,1.0,1.0,1.0,100.0,26,Nottingham,Nottingham Open,2024-06-10,WTA250,Outdoor,Grass,1st Round,3,Fruhvirtova L.,Miyazaki Y.,139.0,145.0,526.0,505.0,6.0,4.0,7.0,5.0,,,2.0,0.0,Completed,1.53,2.5,1.67,2.26,1.68,2.57,1.58,2.35,9323,1151
9324,1323,1282,1282,2024-06-10,2024-06-10,0,day|k / watson|h,Nottingham,Nottingham Open,R32,R32,1.0,1.0,1.0,1.0,100.0,26,Nottingham,Nottingham Open,2024-06-10,WTA250,Outdoor,Grass,1st Round,3,Watson H.,Day K.,158.0,130.0,476.0,589.0,4.0,6.0,6.0,0.0,6.0,4.0,2.0,1.0,Completed,1.44,2.75,1.42,2.99,1.46,3.16,1.41,2.87,9324,1152
9326,1325,1281,1281,2024-06-10,2024-06-10,0,burel|c / saville|d,Nottingham,Nottingham Open,R32,R32,1.0,1.0,1.0,1.0,100.0,26,Nottingham,Nottingham Open,2024-06-10,WTA250,Outdoor,Grass,1st Round,3,Saville D.,Burel C.,84.0,42.0,815.0,1288.0,6.0,3.0,6.0,3.0,,,2.0,0.0,Completed,2.2,1.67,2.46,1.57,2.5,1.67,2.31,1.6,9326,1153
9327,1326,1283,1283,2024-06-10,2024-06-10,0,bucsa|c / parry|d,Nottingham,Nottingham Open,R32,R32,1.0,1.0,1.0,1.0,100.0,26,Nottingham,Nottingham Open,2024-06-10,WTA250,Outdoor,Grass,1st Round,3,Parry D.,Bucsa C.,64.0,67.0,999.0,984.0,6.0,3.0,6.0,2.0,,,2.0,0.0,Completed,1.73,2.1,1.71,2.19,1.76,2.21,1.7,2.13,9327,1154
9328,1327,1288,1288,2024-06-10,2024-06-10,0,appleton|e / birrell|k,Nottingham,Nottingham Open,R32,R32,1.0,1.0,1.0,1.0,100.0,26,Nottingham,Nottingham Open,2024-06-10,WTA250,Outdoor,Grass,1st Round,3,Birrell K.,Appleton E.,148.0,356.0,500.0,178.0,6.0,3.0,7.0,5.0,,,2.0,0.0,Completed,1.5,2.63,1.53,2.59,1.54,2.75,1.48,2.59,9328,1155
9329,1328,1284,1284,2024-06-10,2024-06-10,0,stefanini|l / zhu|l,Nottingham,Nottingham Open,R32,R32,1.0,1.0,1.0,1.0,100.0,26,Nottingham,Nottingham Open,2024-06-10,WTA250,Outdoor,Grass,1st Round,3,Stefanini L.,Zhu L.,153.0,53.0,487.0,1077.0,7.0,6.0,3.0,6.0,7.0,5.0,2.0,1.0,Completed,2.1,1.73,2.09,1.78,2.2,1.8,2.09,1.72,9329,1156
9333,1332,1285,1285,2024-06-10,2024-06-10,0,boulter|k / dart|h,Nottingham,Nottingham Open,R32,R32,1.0,1.0,1.0,1.0,100.0,26,Nottingham,Nottingham Open,2024-06-10,WTA250,Outdoor,Grass,1st Round,3,Boulter K.,Dart H.,30.0,92.0,1671.0,779.0,6.0,7.0,6.0,4.0,7.0,5.0,2.0,1.0,Completed,1.3,3.5,1.29,3.76,1.35,3.76,1.31,3.35,9333,1157
9291,1290,1253,1253,2024-06-10,2024-06-11,1,pegula|j / sasnovich|a,s Hertogenbosch,Rosmalen Grass Court Championships,R32,R32,0.18285714285714286,1.0,1.0,0.9523809523809523,54.819047619047616,25,'s-Hertogenbosch,Rosmalen Grass Court Championships,2024-06-11,WTA250,Outdoor,Grass,1st Round,3,Pegula J.,Sasnovich A.,5.0,98.0,4625.0,748.0,6.0,2.0,6.0,2.0,,,2.0,0.0,Completed,1.2,4.5,1.24,4.29,1.25,4.5,1.22,4.18,9291,1158
9292,1291,1252,1252,2024-06-10,2024-06-11,1,krunic|a / ponchet|j,s Hertogenbosch,Rosmalen Grass Court Championships,R32,R32,0.18285714285714286,1.0,1.0,0.9523809523809523,54.819047619047616,25,'s-Hertogenbosch,Rosmalen Grass Court Championships,2024-06-11,WTA250,Outdoor,Grass,1st Round,3,Krunic A.,Ponchet J.,400.0,147.0,154.0,502.0,4.0,6.0,6.0,2.0,6.0,1.0,2.0,1.0,Completed,2.1,1.73,2.1,1.76,2.12,1.8,2.06,1.74,9292,1159
9293,1292,1261,1261,2024-06-10,2024-06-11,1,galfi|d / rus|a,s Hertogenbosch,Rosmalen Grass Court Championships,R32,R32,0.18285714285714286,1.0,1.0,0.9523809523809523,54.819047619047616,25,'s-Hertogenbosch,Rosmalen Grass Court Championships,2024-06-11,WTA250,Outdoor,Grass,1st Round,3,Galfi D.,Rus A.,138.0,57.0,529.0,1054.0,6.0,0.0,6.0,3.0,,,2.0,0.0,Completed,2.0,1.8,1.92,1.92,2.1,1.95,1.93,1.85,9293,1160
9295,1294,1255,1255,2024-06-10,2024-06-11,1,mertens|e / osaka|n,s Hertogenbosch,Rosmalen Grass Court Championships,R32,R32,0.18285714285714286,1.0,1.0,0.9523809523809523,54.819047619047616,25,'s-Hertogenbosch,Rosmalen Grass Court Championships,2024-06-11,WTA250,Outdoor,Grass,1st Round,3,Osaka N.,Mertens E.,125.0,32.0,614.0,1629.0,6.0,2.0,6.0,4.0,,,2.0,0.0,Completed,1.44,2.75,1.47,2.79,1.48,2.81,1.45,2.71,9295,1161
9296,1295,1260,1260,2024-06-10,2024-06-11,1,lamens|s / pera|b,s Hertogenbosch,Rosmalen Grass Court Championships,R32,R32,0.18285714285714286,1.0,1.0,0.9523809523809523,54.819047619047616,25,'s-Hertogenbosch,Rosmalen Grass Court Championships,2024-06-11,WTA250,Outdoor,Grass,1st Round,3,Lamens S.,Pera B.,140.0,106.0,523.0,701.0,4.0,6.0,6.0,2.0,6.0,4.0,2.0,1.0,Completed,2.5,1.53,2.47,1.57,2.5,1.58,2.48,1.53,9296,1162
9297,1296,1256,1256,2024-06-10,2024-06-11,1,andreescu|b / vedder|e,s Hertogenbosch,Rosmalen Grass Court Championships,R32,R32,0.18285714285714286,1.0,1.0,0.9523809523809523,54.819047619047616,25,'s-Hertogenbosch,Rosmalen Grass Court Championships,2024-06-11,WTA250,Outdoor,Grass,1st Round,3,Andreescu B.,Vedder E.,228.0,392.0,323.0,158.0,4.0,6.0,6.0,3.0,6.0,2.0,2.0,1.0,Completed,1.17,5.0,1.16,5.67,1.18,5.71,1.16,5.08,9297,1163
9298,1297,1254,1254,2024-06-10,2024-06-11,1,shnaider|d / yuan|y,s Hertogenbosch,Rosmalen Grass Court Championships,R32,R32,0.18285714285714286,1.0,1.0,0.9523809523809523,54.819047619047616,25,'s-Hertogenbosch,Rosmalen Grass Court Championships,2024-06-11,WTA250,Outdoor,Grass,1st Round,3,Yuan Y.,Shnaider D.,38.0,48.0,1422.0,1176.0,1.0,6.0,6.0,4.0,6.0,3.0,2.0,1.0,Completed,2.0,1.8,2.03,1.82,2.1,1.83,2.01,1.78,9298,1164
9301,1300,1257,1257,2024-06-10,2024-06-11,1,bektas|e / blinkova|a,s Hertogenbosch,Rosmalen Grass Court Championships,R32,R32,0.18285714285714286,1.0,1.0,0.9523809523809523,54.819047619047616,25,'s-Hertogenbosch,Rosmalen Grass Court Championships,2024-06-11,WTA250,Outdoor,Grass,1st Round,3,Bektas E.,Blinkova A.,96.0,60.0,769.0,1036.0,6.0,4.0,6.0,0.0,,,2.0,0.0,Completed,2.1,1.73,2.21,1.69,2.23,1.75,2.15,1.69,9301,1165
9305,1304,1258,1258,2024-06-10,2024-06-11,1,mandlik|e / naef|c,s Hertogenbosch,Rosmalen Grass Court Championships,R32,R32,0.18285714285714286,1.0,1.0,0.9523809523809523,54.819047619047616,25,'s-Hertogenbosch,Rosmalen Grass Court Championships,2024-06-11,WTA250,Outdoor,Grass,1st Round,3,Naef C.,Mandlik E.,161.0,150.0,468.0,496.0,7.0,6.0,1.0,6.0,6.0,4.0,2.0,1.0,Completed,1.73,2.1,1.7,2.2,1.82,2.25,1.65,2.17,9305,1166
9330,1329,1290,1290,2024-06-10,2024-06-11,1,frech|m / hibino|n,Nottingham,Nottingham Open,R32,R32,1.0,1.0,1.0,0.9523809523809523,99.76190476190476,26,Nottingham,Nottingham Open,2024-06-11,WTA250,Outdoor,Grass,1st Round,3,Frech M.,Hibino N.,52.0,95.0,1106.0,770.0,6.0,1.0,6.0,4.0,,,2.0,0.0,Completed,1.36,3.2,1.35,3.32,1.38,3.32,1.35,3.13,9330,1167
9331,1330,1289,1289,2024-06-10,2024-06-11,1,arango|e / maria|t,Nottingham,Nottingham Open,R32,R32,1.0,1.0,1.0,0.9523809523809523,99.76190476190476,26,Nottingham,Nottingham Open,2024-06-11,WTA250,Outdoor,Grass,1st Round,3,Maria T.,Arango E.,56.0,120.0,1059.0,658.0,4.0,6.0,7.0,6.0,7.0,6.0,2.0,1.0,Completed,1.29,3.75,1.25,4.13,1.3,4.13,1.27,3.65,9331,1168
9332,1331,1292,1292,2024-06-10,2024-06-11,1,golubic|v / marino|r,Nottingham,Nottingham Open,R32,R32,1.0,1.0,1.0,0.9523809523809523,99.76190476190476,26,Nottingham,Nottingham Open,2024-06-11,WTA250,Outdoor,Grass,1st Round,3,Marino R.,Golubic V.,157.0,73.0,478.0,952.0,6.0,1.0,6.0,4.0,,,2.0,0.0,Completed,1.8,2.0,1.84,2.0,1.91,2.02,1.81,1.97,9332,1169
9334,1333,1296,1296,2024-06-10,2024-06-11,1,dolehide|c / jones|f,Nottingham,Nottingham Open,R32,R32,1.0,1.0,1.0,0.9523809523809523,99.76190476190476,26,Nottingham,Nottingham Open,2024-06-11,WTA250,Outdoor,Grass,1st Round,3,Jones F.,Dolehide C.,249.0,58.0,291.0,1049.0,7.0,6.0,6.0,3.0,,,2.0,0.0,Completed,2.3,1.62,2.5,1.56,2.5,1.63,2.32,1.58,9334,1170
9335,1334,1293,1293,2024-06-10,2024-06-11,1,krueger|a / wang|y,Nottingham,Nottingham Open,R32,R32,1.0,1.0,1.0,0.9523809523809523,99.76190476190476,26,Nottingham,Nottingham Open,2024-06-11,WTA250,Outdoor,Grass,1st Round,3,Krueger A.,Wang Y.,70.0,72.0,974.0,962.0,6.0,3.0,6.0,3.0,,,2.0,0.0,Completed,1.5,2.63,1.47,2.79,1.52,2.81,1.47,2.64,9335,1171
9336,1335,1294,1294,2024-06-10,2024-06-11,1,raducanu|e / shibahara|e,Nottingham,Nottingham Open,R32,R32,1.0,1.0,1.0,0.9523809523809523,99.76190476190476,26,Nottingham,Nottingham Open,2024-06-11,WTA250,Outdoor,Grass,1st Round,3,Raducanu E.,Shibahara E.,209.0,274.0,353.0,258.0,6.0,1.0,6.0,4.0,,,2.0,0.0,Completed,1.29,3.75,1.25,4.1,1.3,4.17,1.25,3.8,9336,1172
9337,1336,1291,1291,2024-06-10,2024-06-11,1,kostyuk|m / snigur|d,Nottingham,Nottingham Open,R32,R32,1.0,1.0,1.0,0.9523809523809523,99.76190476190476,26,Nottingham,Nottingham Open,2024-06-11,WTA250,Outdoor,Grass,1st Round,3,Snigur D.,Kostyuk M.,127.0,17.0,608.0,2240.0,6.0,3.0,6.0,3.0,,,2.0,0.0,Completed,3.5,1.3,3.25,1.36,3.55,1.38,3.28,1.33,9337,1173
9285,1284,1268,1268,2024-06-10,2024-06-12,2,lamens|s / osaka|n,s Hertogenbosch,Rosmalen Grass Court Championships,R16,R16,0.18285714285714286,1.0,1.0,0.9047619047619048,54.58095238095238,25,'s-Hertogenbosch,Rosmalen Grass Court Championships,2024-06-12,WTA250,Outdoor,Grass,2nd Round,3,Osaka N.,Lamens S.,125.0,140.0,614.0,523.0,6.0,2.0,6.0,2.0,,,2.0,0.0,Completed,1.1,7.0,1.1,7.74,1.12,7.81,1.1,6.82,9285,1174
9286,1285,1266,1266,2024-06-10,2024-06-12,2,andreescu|b / yuan|y,s Hertogenbosch,Rosmalen Grass Court Championships,R16,R16,0.18285714285714286,1.0,1.0,0.9047619047619048,54.58095238095238,25,'s-Hertogenbosch,Rosmalen Grass Court Championships,2024-06-12,WTA250,Outdoor,Grass,2nd Round,3,Andreescu B.,Yuan Y.,228.0,38.0,323.0,1422.0,6.0,4.0,6.0,4.0,,,2.0,0.0,Completed,1.62,2.3,1.68,2.25,1.7,2.38,1.62,2.26,9286,1175
9289,1288,1267,1267,2024-06-10,2024-06-12,2,minnen|g / vekic|d,s Hertogenbosch,Rosmalen Grass Court Championships,R16,R16,0.18285714285714286,1.0,1.0,0.9047619047619048,54.58095238095238,25,'s-Hertogenbosch,Rosmalen Grass Court Championships,2024-06-12,WTA250,Outdoor,Grass,2nd Round,3,Minnen G.,Vekic D.,85.0,39.0,812.0,1418.0,6.0,1.0,0.0,6.0,7.0,5.0,2.0,1.0,Completed,2.75,1.44,2.85,1.46,2.9,1.5,2.72,1.45,9289,1176
9294,1293,1264,1264,2024-06-10,2024-06-12,2,bai|z / kudermetova|v,s Hertogenbosch,Rosmalen Grass Court Championships,R32,R32,0.18285714285714286,1.0,1.0,0.9047619047619048,54.58095238095238,25,'s-Hertogenbosch,Rosmalen Grass Court Championships,2024-06-12,WTA250,Outdoor,Grass,1st Round,3,Kudermetova V.,Bai Z.,34.0,93.0,1623.0,773.0,7.0,5.0,6.0,1.0,,,2.0,0.0,Completed,1.4,3.0,1.41,3.03,1.41,3.15,1.38,2.97,9294,1177
9299,1298,1265,1265,2024-06-10,2024-06-12,2,linette|m / montgomery|r,s Hertogenbosch,Rosmalen Grass Court Championships,R32,R32,0.18285714285714286,1.0,1.0,0.9047619047619048,54.58095238095238,25,'s-Hertogenbosch,Rosmalen Grass Court Championships,2024-06-12,WTA250,Outdoor,Grass,1st Round,3,Montgomery R.,Linette M.,173.0,44.0,437.0,1236.0,6.0,7.0,6.0,3.0,7.0,5.0,2.0,1.0,Completed,1.91,1.91,1.84,2.0,1.91,2.21,1.83,1.95,9299,1178
9300,1299,1262,1262,2024-06-10,2024-06-12,2,niemeier|j / tauson|c,s Hertogenbosch,Rosmalen Grass Court Championships,R32,R32,0.18285714285714286,1.0,1.0,0.9047619047619048,54.58095238095238,25,'s-Hertogenbosch,Rosmalen Grass Court Championships,2024-06-12,WTA250,Outdoor,Grass,1st Round,3,Niemeier J.,Tauson C.,91.0,65.0,791.0,994.0,6.0,4.0,6.0,7.0,6.0,4.0,2.0,1.0,Completed,2.1,1.73,2.22,1.69,2.25,1.74,2.14,1.68,9300,1179
9306,1305,1263,1263,2024-06-10,2024-06-12,2,samsonova|l / van uytvanck|a,s Hertogenbosch,Rosmalen Grass Court Championships,R32,R32,0.18285714285714286,1.0,1.0,0.9047619047619048,54.58095238095238,25,'s-Hertogenbosch,Rosmalen Grass Court Championships,2024-06-12,WTA250,Outdoor,Grass,1st Round,3,Samsonova L.,Van Uytvanck A.,15.0,266.0,2640.0,268.0,6.0,1.0,6.0,3.0,,,2.0,0.0,Completed,1.57,2.38,1.58,2.45,1.63,2.56,1.55,2.4,9306,1180
9316,1315,1298,1298,2024-06-10,2024-06-12,2,parry|d / saville|d,Nottingham,Nottingham Open,R16,R16,1.0,1.0,1.0,0.9047619047619048,99.52380952380952,26,Nottingham,Nottingham Open,2024-06-12,WTA250,Outdoor,Grass,2nd Round,3,Parry D.,Saville D.,64.0,84.0,999.0,815.0,6.0,4.0,6.0,1.0,,,2.0,0.0,Completed,1.62,2.3,1.65,2.31,1.67,2.45,1.62,2.26,9316,1181
9317,1316,1297,1297,2024-06-10,2024-06-12,2,birrell|k / stefanini|l,Nottingham,Nottingham Open,R16,R16,1.0,1.0,1.0,0.9047619047619048,99.52380952380952,26,Nottingham,Nottingham Open,2024-06-12,WTA250,Outdoor,Grass,2nd Round,3,Birrell K.,Stefanini L.,148.0,153.0,500.0,487.0,6.0,4.0,6.0,7.0,6.0,0.0,2.0,1.0,Completed,1.57,2.38,1.56,2.52,1.62,2.67,1.55,2.41,9317,1182
9319,1318,1299,1299,2024-06-10,2024-06-12,2,boulter|k / marino|r,Nottingham,Nottingham Open,R16,R16,1.0,1.0,1.0,0.9047619047619048,99.52380952380952,26,Nottingham,Nottingham Open,2024-06-12,WTA250,Outdoor,Grass,2nd Round,3,Boulter K.,Marino R.,30.0,157.0,1671.0,478.0,6.0,4.0,6.0,3.0,,,2.0,0.0,Completed,1.3,3.5,1.27,4.0,1.32,4.0,1.29,3.58,9319,1183
9283,1282,1271,1271,2024-06-10,2024-06-13,3,krunic|a / pegula|j,s Hertogenbosch,Rosmalen Grass Court Championships,R16,R16,0.18285714285714286,1.0,1.0,0.8571428571428572,54.34285714285714,25,'s-Hertogenbosch,Rosmalen Grass Court Championships,2024-06-13,WTA250,Outdoor,Grass,2nd Round,3,Krunic A.,Pegula J.,400.0,5.0,154.0,4625.0,7.0,6.0,6.0,7.0,6.0,4.0,2.0,1.0,Completed,7.0,1.1,7.51,1.12,8,1.12,6.8,1.1,9283,1184
9284,1283,1269,1269,2024-06-10,2024-06-13,3,galfi|d / kudermetova|v,s Hertogenbosch,Rosmalen Grass Court Championships,R16,R16,0.18285714285714286,1.0,1.0,0.8571428571428572,54.34285714285714,25,'s-Hertogenbosch,Rosmalen Grass Court Championships,2024-06-13,WTA250,Outdoor,Grass,2nd Round,3,Galfi D.,Kudermetova V.,138.0,34.0,529.0,1623.0,6.0,3.0,3.0,6.0,7.0,5.0,2.0,1.0,Completed,3.0,1.4,3.3,1.38,3.3,1.42,2.97,1.38,9284,1185
9287,1286,1273,1273,2024-06-10,2024-06-13,3,montgomery|r / niemeier|j,s Hertogenbosch,Rosmalen Grass Court Championships,R16,R16,0.18285714285714286,1.0,1.0,0.8571428571428572,54.34285714285714,25,'s-Hertogenbosch,Rosmalen Grass Court Championships,2024-06-13,WTA250,Outdoor,Grass,2nd Round,3,Montgomery R.,Niemeier J.,173.0,91.0,437.0,791.0,6.0,3.0,6.0,3.0,,,2.0,0.0,Completed,1.73,2.1,1.8,2.11,1.87,2.11,1.79,2.0,9287,1186
9288,1287,1270,1270,2024-06-10,2024-06-13,3,alexandrova|e / bektas|e,s Hertogenbosch,Rosmalen Grass Court Championships,R16,R16,0.18285714285714286,1.0,1.0,0.8571428571428572,54.34285714285714,25,'s-Hertogenbosch,Rosmalen Grass Court Championships,2024-06-13,WTA250,Outdoor,Grass,2nd Round,3,Alexandrova E.,Bektas E.,16.0,96.0,2360.0,769.0,7.0,5.0,6.0,4.0,,,2.0,0.0,Completed,1.3,3.5,1.33,3.58,1.38,3.75,1.31,3.42,9288,1187
9290,1289,1272,1272,2024-06-10,2024-06-13,3,naef|c / samsonova|l,s Hertogenbosch,Rosmalen Grass Court Championships,R16,R16,0.18285714285714286,1.0,1.0,0.8571428571428572,54.34285714285714,25,'s-Hertogenbosch,Rosmalen Grass Court Championships,2024-06-13,WTA250,Outdoor,Grass,2nd Round,3,Samsonova L.,Naef C.,15.0,161.0,2640.0,468.0,7.0,5.0,6.0,2.0,,,2.0,0.0,Completed,1.25,4.0,1.26,4.26,1.27,4.5,1.24,3.93,9290,1188
9318,1317,1301,1301,2024-06-10,2024-06-13,3,frech|m / maria|t,Nottingham,Nottingham Open,R16,R16,1.0,1.0,1.0,0.8571428571428572,99.28571428571429,26,Nottingham,Nottingham Open,2024-06-13,WTA250,Outdoor,Grass,2nd Round,3,Frech M.,Maria T.,52.0,56.0,1106.0,1059.0,3.0,6.0,6.0,3.0,6.0,1.0,2.0,1.0,Completed,1.73,2.1,1.76,2.17,1.83,2.17,1.74,2.07,9318,1189
9321,1320,1302,1302,2024-06-10,2024-06-13,3,raducanu|e / snigur|d,Nottingham,Nottingham Open,R16,R16,1.0,1.0,1.0,0.8571428571428572,99.28571428571429,26,Nottingham,Nottingham Open,2024-06-13,WTA250,Outdoor,Grass,2nd Round,3,Raducanu E.,Snigur D.,209.0,127.0,353.0,608.0,6.0,2.0,6.0,2.0,,,2.0,0.0,Completed,1.3,3.5,1.37,3.32,1.37,3.5,1.32,3.32,9321,1190
9279,1278,1274,1274,2024-06-10,2024-06-14,4,galfi|d / krunic|a,s Hertogenbosch,Rosmalen Grass Court Championships,QF,QF,0.18285714285714286,1.0,1.0,0.8095238095238095,54.1047619047619,25,'s-Hertogenbosch,Rosmalen Grass Court Championships,2024-06-14,WTA250,Outdoor,Grass,Quarterfinals,3,Galfi D.,Krunic A.,138.0,400.0,529.0,154.0,7.0,5.0,6.0,3.0,,,2.0,0.0,Completed,1.73,2.1,1.74,2.23,1.8,2.28,1.69,2.14,9279,1191
9280,1279,1276,1276,2024-06-10,2024-06-14,4,andreescu|b / osaka|n,s Hertogenbosch,Rosmalen Grass Court Championships,QF,QF,0.18285714285714286,1.0,1.0,0.8095238095238095,54.1047619047619,25,'s-Hertogenbosch,Rosmalen Grass Court Championships,2024-06-14,WTA250,Outdoor,Grass,Quarterfinals,3,Andreescu B.,Osaka N.,228.0,125.0,323.0,614.0,6.0,4.0,3.0,6.0,7.0,6.0,2.0,1.0,Completed,4.33,1.22,4.18,1.27,4.33,1.28,3.98,1.24,9280,1192
9282,1281,1275,1275,2024-06-10,2024-06-14,4,minnen|g / samsonova|l,s Hertogenbosch,Rosmalen Grass Court Championships,QF,QF,0.18285714285714286,1.0,1.0,0.8095238095238095,54.1047619047619,25,'s-Hertogenbosch,Rosmalen Grass Court Championships,2024-06-14,WTA250,Outdoor,Grass,Quarterfinals,3,Samsonova L.,Minnen G.,15.0,85.0,2640.0,812.0,6.0,4.0,7.0,5.0,,,2.0,0.0,Completed,1.3,3.5,1.4,3.21,1.41,3.6,1.31,3.38,9282,1193
9312,1311,1305,1305,2024-06-10,2024-06-14,4,boulter|k / frech|m,Nottingham,Nottingham Open,QF,QF,1.0,1.0,1.0,0.8095238095238095,99.04761904761905,26,Nottingham,Nottingham Open,2024-06-14,WTA250,Outdoor,Grass,Quarterfinals,3,Boulter K.,Frech M.,30.0,52.0,1671.0,1106.0,6.0,2.0,6.0,4.0,,,2.0,0.0,Completed,1.5,2.63,1.48,2.85,1.52,2.85,1.48,2.62,9312,1194
9314,1313,1304,1304,2024-06-10,2024-06-14,4,fruhvirtova|l / jabeur|o,Nottingham,Nottingham Open,R16,R16,1.0,1.0,1.0,0.8095238095238095,99.04761904761905,26,Nottingham,Nottingham Open,2024-06-14,WTA250,Outdoor,Grass,2nd Round,3,Jabeur O.,Fruhvirtova L.,10.0,139.0,3748.0,526.0,6.0,2.0,6.0,1.0,,,2.0,0.0,Completed,1.08,8.0,1.12,7.64,1.12,8.0,1.1,6.86,9314,1195
9320,1319,1303,1303,2024-06-10,2024-06-14,4,jones|f / krueger|a,Nottingham,Nottingham Open,R16,R16,1.0,1.0,1.0,0.8095238095238095,99.04761904761905,26,Nottingham,Nottingham Open,2024-06-14,WTA250,Outdoor,Grass,2nd Round,3,Jones F.,Krueger A.,249.0,70.0,291.0,974.0,6.0,4.0,4.0,6.0,7.0,5.0,2.0,1.0,Completed,3.2,1.36,3.25,1.38,3.55,1.38,3.13,1.35,9320,1196
9277,1276,1278,1278,2024-06-10,2024-06-15,5,andreescu|b / galfi|d,s Hertogenbosch,Rosmalen Grass Court Championships,SF,SF,0.18285714285714286,1.0,1.0,0.7619047619047619,53.86666666666667,25,'s-Hertogenbosch,Rosmalen Grass Court Championships,2024-06-15,WTA250,Outdoor,Grass,Semifinals,3,Andreescu B.,Galfi D.,228.0,138.0,323.0,529.0,6.0,4.0,6.0,2.0,,,2.0,0.0,Completed,1.4,3.0,1.4,3.21,1.47,3.21,1.38,3.0,9277,1197
9281,1280,1277,1277,2024-06-10,2024-06-15,5,alexandrova|e / montgomery|r,s Hertogenbosch,Rosmalen Grass Court Championships,QF,QF,0.18285714285714286,1.0,1.0,0.7619047619047619,53.86666666666667,25,'s-Hertogenbosch,Rosmalen Grass Court Championships,2024-06-15,WTA250,Outdoor,Grass,Quarterfinals,3,Alexandrova E.,Montgomery R.,16.0,173.0,2360.0,437.0,6.0,4.0,6.0,3.0,,,2.0,0.0,Completed,1.53,2.5,1.55,2.65,1.57,2.65,1.52,2.47,9281,1198
9311,1310,1308,1308,2024-06-10,2024-06-15,5,birrell|k / parry|d,Nottingham,Nottingham Open,QF,QF,1.0,1.0,1.0,0.7619047619047619,98.80952380952381,26,Nottingham,Nottingham Open,2024-06-15,WTA250,Outdoor,Grass,Quarterfinals,3,Parry D.,Birrell K.,64.0,148.0,999.0,500.0,6.0,3.0,7.0,6.0,,,2.0,0.0,Completed,1.44,2.75,1.52,2.69,1.52,2.75,1.47,2.64,9311,1199
9313,1312,1306,1306,2024-06-10,2024-06-15,5,jones|f / raducanu|e,Nottingham,Nottingham Open,QF,QF,1.0,1.0,1.0,0.7619047619047619,98.80952380952381,26,Nottingham,Nottingham Open,2024-06-15,WTA250,Outdoor,Grass,Quarterfinals,3,Raducanu E.,Jones F.,209.0,249.0,353.0,291.0,,,,,,,,,Walkover,1.2,4.5,1.19,5.53,1.22,5.53,1.18,4.81,9313,1200
9276,1275,1280,1280,2024-06-10,2024-06-16,6,andreescu|b / samsonova|l,s Hertogenbosch,Rosmalen Grass Court Championships,F,F,0.18285714285714286,1.0,1.0,0.7142857142857143,53.628571428571426,25,'s-Hertogenbosch,Rosmalen Grass Court Championships,2024-06-16,WTA250,Outdoor,Grass,The Final,3,Samsonova L.,Andreescu B.,15.0,228.0,2640.0,323.0,4.0,6.0,6.0,3.0,7.0,5.0,2.0,1.0,Completed,1.62,2.3,1.67,2.33,1.69,2.33,1.63,2.24,9276,1201
9278,1277,1279,1279,2024-06-10,2024-06-16,6,alexandrova|e / samsonova|l,s Hertogenbosch,Rosmalen Grass Court Championships,SF,SF,0.18285714285714286,1.0,1.0,0.7142857142857143,53.628571428571426,25,'s-Hertogenbosch,Rosmalen Grass Court Championships,2024-06-16,WTA250,Outdoor,Grass,Semifinals,3,Samsonova L.,Alexandrova E.,15.0,16.0,2640.0,2360.0,6.0,3.0,6.0,7.0,6.0,1.0,2.0,1.0,Completed,1.8,2.0,1.95,1.93,1.95,2.1,1.83,1.95,9278,1202
9309,1308,1310,1310,2024-06-10,2024-06-16,6,boulter|k / raducanu|e,Nottingham,Nottingham Open,SF,SF,1.0,1.0,1.0,0.7142857142857143,98.57142857142857,26,Nottingham,Nottingham Open,2024-06-16,WTA250,Outdoor,Grass,Semifinals,3,Boulter K.,Raducanu E.,30.0,209.0,1671.0,353.0,6.0,7.0,6.0,3.0,6.0,4.0,2.0,1.0,Completed,2.1,1.73,2.26,1.7,2.27,1.73,2.14,1.7,9309,1203
9357,1356,1316,1316,2024-06-17,2024-06-17,0,navarro|e / siniakova|k,Berlin,German Open,R32,R32,0.4,1.0,1.0,1.0,67.0,27,Berlin,German Open,2024-06-17,WTA500,Outdoor,Grass,1st Round,3,Siniakova K.,Navarro E.,30.0,17.0,1645.0,2238.0,6.0,4.0,6.0,3.0,,,2.0,0.0,Completed,1.8,2.0,1.85,2.02,1.88,2.05,1.81,1.98,9357,1204
9360,1359,1312,1312,2024-06-17,2024-06-17,0,rus|a / sonmez|z,Berlin,German Open,R32,R32,0.4,1.0,1.0,1.0,67.0,27,Berlin,German Open,2024-06-17,WTA500,Outdoor,Grass,1st Round,3,Sonmez Z.,Rus A.,157.0,58.0,475.0,1054.0,3.0,6.0,6.0,2.0,6.0,1.0,2.0,1.0,Completed,1.91,1.91,1.92,1.95,1.92,2.03,1.86,1.91,9360,1205
9362,1361,1315,1315,2024-06-17,2024-06-17,0,masarova|r / vondrousova|m,Berlin,German Open,R32,R32,0.4,1.0,1.0,1.0,67.0,27,Berlin,German Open,2024-06-17,WTA500,Outdoor,Grass,1st Round,3,Vondrousova M.,Masarova R.,6.0,100.0,4503.0,717.0,6.0,4.0,6.0,3.0,,,2.0,0.0,Completed,1.2,4.5,1.23,4.58,1.3,4.66,1.21,4.33,9362,1206
9363,1362,1314,1314,2024-06-17,2024-06-17,0,hibino|n / kalinskaya|a,Berlin,German Open,R32,R32,0.4,1.0,1.0,1.0,67.0,27,Berlin,German Open,2024-06-17,WTA500,Outdoor,Grass,1st Round,3,Kalinskaya A.,Hibino N.,24.0,93.0,1986.0,770.0,2.0,6.0,6.0,4.0,6.0,2.0,2.0,1.0,Completed,1.22,4.33,1.25,4.29,1.29,4.34,1.24,4.03,9363,1207
9364,1363,1313,1313,2024-06-17,2024-06-17,0,kasatkina|d / kostyuk|m,Berlin,German Open,R32,R32,0.4,1.0,1.0,1.0,67.0,27,Berlin,German Open,2024-06-17,WTA500,Outdoor,Grass,1st Round,3,Kasatkina D.,Kostyuk M.,14.0,16.0,3088.0,2240.0,4.0,6.0,7.0,6.0,6.0,3.0,2.0,1.0,Completed,1.8,2.0,1.78,2.12,1.86,2.12,1.77,2.01,9364,1208
9380,1379,1341,1341,2024-06-17,2024-06-17,0,cocciaretto|e / ostapenko|j,Birmingham,Rothesay Classic ,R32,R32,0.06153846153846154,1.0,1.0,1.0,48.38461538461539,28,Birmingham,Rothesay Classic ,2024-06-17,WTA250,Outdoor,Grass,1st Round,3,Cocciaretto E.,Ostapenko J.,44.0,13.0,1259.0,3318.0,6.0,3.0,6.0,3.0,,,2.0,0.0,Completed,3.5,1.3,3.76,1.3,3.94,1.33,3.54,1.29,9380,1209
9381,1380,1340,1340,2024-06-17,2024-06-17,0,stephens|s / yuan|y,Birmingham,Rothesay Classic ,R32,R32,0.06153846153846154,1.0,1.0,1.0,48.38461538461539,28,Birmingham,Rothesay Classic ,2024-06-17,WTA250,Outdoor,Grass,1st Round,3,Stephens S.,Yuan Y.,48.0,38.0,1217.0,1422.0,6.0,3.0,6.0,3.0,,,2.0,0.0,Completed,1.91,1.91,1.86,2.01,1.92,2.01,1.84,1.92,9381,1210
9388,1387,1346,1346,2024-06-17,2024-06-17,0,fernandez|l / sorribes tormo|s <> fernandez|l / tormo|s,Birmingham,Rothesay Classic ,R32,R32,0.06153846153846154,1.0,1.0,1.0,48.38461538461539,28,Birmingham,Rothesay Classic ,2024-06-17,WTA250,Outdoor,Grass,1st Round,3,Fernandez L.A.,Sorribes Tormo S.,33.0,57.0,1625.0,1055.0,6.0,1.0,6.0,1.0,,,2.0,0.0,Completed,1.44,2.75,1.38,3.21,1.46,3.21,1.4,2.88,9388,1211
9390,1389,1344,1344,2024-06-17,2024-06-17,0,blinkova|a / tomljanovic|a,Birmingham,Rothesay Classic ,R32,R32,0.06153846153846154,1.0,1.0,1.0,48.38461538461539,28,Birmingham,Rothesay Classic ,2024-06-17,WTA250,Outdoor,Grass,1st Round,3,Tomljanovic A.,Blinkova A.,190.0,60.0,393.0,1036.0,6.0,2.0,6.0,1.0,,,2.0,0.0,Completed,1.62,2.3,1.7,2.24,1.78,2.32,1.65,2.2,9390,1212
9391,1390,1343,1343,2024-06-17,2024-06-17,0,cirstea|s / zhu|l,Birmingham,Rothesay Classic ,R32,R32,0.06153846153846154,1.0,1.0,1.0,48.38461538461539,28,Birmingham,Rothesay Classic ,2024-06-17,WTA250,Outdoor,Grass,1st Round,3,Zhu L.,Cirstea S.,54.0,29.0,1077.0,1704.0,7.0,6.0,6.0,2.0,,,2.0,0.0,Completed,2.75,1.44,2.87,1.46,2.87,1.46,2.75,1.43,9391,1213
9392,1391,1342,1342,2024-06-17,2024-06-17,0,avanesyan|e / potapova|a,Birmingham,Rothesay Classic ,R32,R32,0.06153846153846154,1.0,1.0,1.0,48.38461538461539,28,Birmingham,Rothesay Classic ,2024-06-17,WTA250,Outdoor,Grass,1st Round,3,Potapova A.,Avanesyan E.,36.0,74.0,1427.0,926.0,6.0,4.0,6.0,4.0,,,2.0,0.0,Completed,1.5,2.63,1.47,2.83,1.5,2.83,1.47,2.65,9392,1214
9393,1392,1339,1339,2024-06-17,2024-06-17,0,bronzetti|l / frech|m,Birmingham,Rothesay Classic ,R32,R32,0.06153846153846154,1.0,1.0,1.0,48.38461538461539,28,Birmingham,Rothesay Classic ,2024-06-17,WTA250,Outdoor,Grass,1st Round,3,Bronzetti L.,Frech M.,67.0,52.0,983.0,1100.0,2.0,6.0,6.0,3.0,6.0,4.0,2.0,1.0,Completed,3.2,1.36,3.12,1.4,3.26,1.42,3.06,1.37,9393,1215
9353,1352,1319,1319,2024-06-17,2024-06-18,1,alexandrova|e / haddad maia|b <> alexandrova|e / maia|b,Berlin,German Open,R32,R32,0.4,1.0,1.0,0.9523809523809523,66.76190476190476,27,Berlin,German Open,2024-06-18,WTA500,Outdoor,Grass,1st Round,3,Alexandrova E.,Haddad Maia B.,20.0,18.0,2178.0,2213.0,6.0,4.0,6.0,4.0,,,2.0,0.0,Completed,1.8,2.0,1.83,2.05,1.88,2.1,1.77,2.01,9353,1216
9354,1353,1320,1320,2024-06-17,2024-06-18,1,kerber|a / noskova|l,Berlin,German Open,R32,R32,0.4,1.0,1.0,0.9523809523809523,66.76190476190476,27,Berlin,German Open,2024-06-18,WTA500,Outdoor,Grass,1st Round,3,Noskova L.,Kerber A.,28.0,224.0,1710.0,332.0,7.0,6.0,2.0,6.0,6.0,4.0,2.0,1.0,Completed,2.1,1.73,2.14,1.76,2.25,1.8,2.08,1.72,9354,1217
9356,1355,1317,1317,2024-06-17,2024-06-18,1,niemeier|j / vekic|d,Berlin,German Open,R32,R32,0.4,1.0,1.0,0.9523809523809523,66.76190476190476,27,Berlin,German Open,2024-06-18,WTA500,Outdoor,Grass,1st Round,3,Vekic D.,Niemeier J.,39.0,88.0,1418.0,809.0,1.0,6.0,6.0,1.0,6.0,3.0,2.0,1.0,Completed,1.53,2.5,1.52,2.67,1.54,2.75,1.49,2.58,9356,1218
9358,1357,1318,1318,2024-06-17,2024-06-18,1,osaka|n / zheng|q,Berlin,German Open,R32,R32,0.4,1.0,1.0,0.9523809523809523,66.76190476190476,27,Berlin,German Open,2024-06-18,WTA500,Outdoor,Grass,1st Round,3,Zheng Q.,Osaka N.,8.0,113.0,4005.0,668.0,6.0,4.0,3.0,6.0,6.0,3.0,2.0,1.0,Completed,2.75,1.44,2.82,1.47,3,1.52,2.73,1.44,9358,1219
9359,1358,1322,1322,2024-06-17,2024-06-18,1,azarenka|v / sakkari|m,Berlin,German Open,R32,R32,0.4,1.0,1.0,0.9523809523809523,66.76190476190476,27,Berlin,German Open,2024-06-18,WTA500,Outdoor,Grass,1st Round,3,Azarenka V.,Sakkari M.,19.0,9.0,2205.0,3980.0,6.0,4.0,6.0,2.0,,,2.0,0.0,Completed,1.73,2.1,1.72,2.21,1.78,2.21,1.72,2.08,9359,1220
9361,1360,1321,1321,2024-06-17,2024-06-18,1,kudermetova|v / samsonova|l,Berlin,German Open,R32,R32,0.4,1.0,1.0,0.9523809523809523,66.76190476190476,27,Berlin,German Open,2024-06-18,WTA500,Outdoor,Grass,1st Round,3,Kudermetova V.,Samsonova L.,35.0,15.0,1503.0,2830.0,3.0,6.0,6.0,4.0,6.0,4.0,2.0,1.0,Completed,2.3,1.62,2.42,1.61,2.42,1.68,2.26,1.62,9361,1221
9382,1381,1351,1351,2024-06-17,2024-06-18,1,rajecki|a / shnaider|d,Birmingham,Rothesay Classic ,R32,R32,0.06153846153846154,1.0,1.0,0.9523809523809523,48.146520146520146,28,Birmingham,Rothesay Classic ,2024-06-18,WTA250,Outdoor,Grass,1st Round,3,Shnaider D.,Rajecki A.,49.0,884.0,1176.0,26.0,7.0,5.0,6.0,3.0,,,2.0,0.0,Completed,1.29,3.75,1.33,3.53,1.33,3.75,1.3,3.48,9382,1222
9383,1382,1349,1349,2024-06-17,2024-06-18,1,bouzkova|m / watson|h,Birmingham,Rothesay Classic ,R32,R32,0.06153846153846154,1.0,1.0,0.9523809523809523,48.146520146520146,28,Birmingham,Rothesay Classic ,2024-06-18,WTA250,Outdoor,Grass,1st Round,3,Bouzkova M.,Watson H.,37.0,198.0,1425.0,378.0,3.0,6.0,6.0,4.0,7.0,5.0,2.0,1.0,Completed,1.44,2.75,1.46,2.86,1.5,2.95,1.43,2.74,9383,1223
9384,1383,1354,1354,2024-06-17,2024-06-18,1,boulter|k / kalinina|a,Birmingham,Rothesay Classic ,R32,R32,0.06153846153846154,1.0,1.0,0.9523809523809523,48.146520146520146,28,Birmingham,Rothesay Classic ,2024-06-18,WTA250,Outdoor,Grass,1st Round,3,Kalinina A.,Boulter K.,47.0,31.0,1221.0,1641.0,6.0,3.0,,,,,1.0,0.0,Retired,3.0,1.4,2.97,1.43,3,1.49,2.83,1.42,9384,1224
9385,1384,1353,1353,2024-06-17,2024-06-18,1,burel|c / putintseva|y,Birmingham,Rothesay Classic ,R32,R32,0.06153846153846154,1.0,1.0,0.9523809523809523,48.146520146520146,28,Birmingham,Rothesay Classic ,2024-06-18,WTA250,Outdoor,Grass,1st Round,3,Putintseva Y.,Burel C.,41.0,43.0,1333.0,1288.0,6.0,3.0,6.0,4.0,,,2.0,0.0,Completed,1.62,2.3,1.59,2.47,1.63,2.52,1.56,2.38,9385,1225
9387,1386,1347,1347,2024-06-17,2024-06-18,1,mertens|e / wozniacki|c,Birmingham,Rothesay Classic ,R32,R32,0.06153846153846154,1.0,1.0,0.9523809523809523,48.146520146520146,28,Birmingham,Rothesay Classic ,2024-06-18,WTA250,Outdoor,Grass,1st Round,3,Mertens E.,Wozniacki C.,32.0,114.0,1629.0,665.0,6.0,4.0,6.0,1.0,,,2.0,0.0,Completed,1.73,2.1,1.74,2.19,1.74,2.24,1.7,2.12,9387,1226
9394,1393,1350,1350,2024-06-17,2024-06-18,1,dart|h / uchijima|m,Birmingham,Rothesay Classic ,R32,R32,0.06153846153846154,1.0,1.0,0.9523809523809523,48.146520146520146,28,Birmingham,Rothesay Classic ,2024-06-18,WTA250,Outdoor,Grass,1st Round,3,Dart H.,Uchijima M.,101.0,72.0,716.0,935.0,6.0,3.0,6.0,3.0,,,2.0,0.0,Completed,1.62,2.3,1.57,2.51,1.71,2.52,1.59,2.32,9394,1227
9395,1394,1348,1348,2024-06-17,2024-06-18,1,krejcikova|b / saville|d,Birmingham,Rothesay Classic ,R32,R32,0.06153846153846154,1.0,1.0,0.9523809523809523,48.146520146520146,28,Birmingham,Rothesay Classic ,2024-06-18,WTA250,Outdoor,Grass,1st Round,3,Krejcikova B.,Saville D.,25.0,85.0,1768.0,830.0,6.0,1.0,7.0,6.0,,,2.0,0.0,Completed,1.57,2.38,1.68,2.28,1.68,2.4,1.62,2.25,9395,1228
9349,1348,1324,1324,2024-06-17,2024-06-19,2,azarenka|v / sonmez|z,Berlin,German Open,R16,R16,0.4,1.0,1.0,0.9047619047619048,66.52380952380952,27,Berlin,German Open,2024-06-19,WTA500,Outdoor,Grass,2nd Round,3,Azarenka V.,Sonmez Z.,19.0,157.0,2205.0,475.0,6.0,3.0,6.0,3.0,,,2.0,0.0,Completed,1.08,8.0,1.1,8.8,1.1,8.98,1.08,7.8,9349,1229
9372,1371,1356,1356,2024-06-17,2024-06-19,2,cocciaretto|e / stephens|s,Birmingham,Rothesay Classic ,R16,R16,0.06153846153846154,1.0,1.0,0.9047619047619048,47.90842490842491,28,Birmingham,Rothesay Classic ,2024-06-19,WTA250,Outdoor,Grass,2nd Round,3,Cocciaretto E.,Stephens S.,44.0,48.0,1259.0,1217.0,6.0,4.0,6.0,2.0,,,2.0,0.0,Completed,1.91,1.91,2.02,1.87,2.02,2.0,1.9,1.87,9372,1230
9376,1375,1357,1357,2024-06-17,2024-06-19,2,fernandez|l / golubic|v,Birmingham,Rothesay Classic ,R16,R16,0.06153846153846154,1.0,1.0,0.9047619047619048,47.90842490842491,28,Birmingham,Rothesay Classic ,2024-06-19,WTA250,Outdoor,Grass,2nd Round,3,Fernandez L.A.,Golubic V.,33.0,78.0,1625.0,893.0,4.0,6.0,7.0,5.0,6.0,3.0,2.0,1.0,Completed,1.36,3.2,1.35,3.46,1.37,3.46,1.34,3.2,9376,1231
9377,1376,1355,1355,2024-06-17,2024-06-19,2,tomljanovic|a / zhu|l,Birmingham,Rothesay Classic ,R16,R16,0.06153846153846154,1.0,1.0,0.9047619047619048,47.90842490842491,28,Birmingham,Rothesay Classic ,2024-06-19,WTA250,Outdoor,Grass,2nd Round,3,Tomljanovic A.,Zhu L.,190.0,54.0,393.0,1077.0,6.0,7.0,6.0,1.0,6.0,4.0,2.0,1.0,Completed,1.5,2.63,1.51,2.75,1.55,2.77,1.48,2.62,9377,1232
9378,1377,1358,1358,2024-06-17,2024-06-19,2,bronzetti|l / potapova|a,Birmingham,Rothesay Classic ,R16,R16,0.06153846153846154,1.0,1.0,0.9047619047619048,47.90842490842491,28,Birmingham,Rothesay Classic ,2024-06-19,WTA250,Outdoor,Grass,2nd Round,3,Potapova A.,Bronzetti L.,36.0,67.0,1427.0,983.0,6.0,3.0,7.0,5.0,,,2.0,0.0,Completed,1.29,3.75,1.34,3.55,1.34,3.75,1.3,3.43,9378,1233
9345,1344,1328,1328,2024-06-17,2024-06-20,3,alexandrova|e / gauff|c,Berlin,German Open,R16,R16,0.4,1.0,1.0,0.8571428571428572,66.28571428571429,27,Berlin,German Open,2024-06-20,WTA500,Outdoor,Grass,2nd Round,3,Gauff C.,Alexandrova E.,2.0,20.0,7988.0,2178.0,7.0,6.0,6.0,2.0,,,2.0,0.0,Completed,1.53,2.5,1.51,2.72,1.59,2.75,1.5,2.54,9345,1234
9346,1345,1330,1330,2024-06-17,2024-06-20,3,jabeur|o / noskova|l,Berlin,German Open,R16,R16,0.4,1.0,1.0,0.8571428571428572,66.28571428571429,27,Berlin,German Open,2024-06-20,WTA500,Outdoor,Grass,2nd Round,3,Jabeur O.,Noskova L.,10.0,28.0,3748.0,1710.0,6.0,7.0,6.0,3.0,6.0,4.0,2.0,1.0,Completed,1.36,3.2,1.43,3.01,1.45,3.2,1.4,2.91,9346,1235
9347,1346,1329,1329,2024-06-17,2024-06-20,3,pegula|j / vekic|d,Berlin,German Open,R16,R16,0.4,1.0,1.0,0.8571428571428572,66.28571428571429,27,Berlin,German Open,2024-06-20,WTA500,Outdoor,Grass,2nd Round,3,Pegula J.,Vekic D.,5.0,39.0,4625.0,1418.0,6.0,4.0,7.0,5.0,,,2.0,0.0,Completed,1.67,2.2,1.59,2.49,1.68,2.49,1.63,2.24,9347,1236
9348,1347,1327,1327,2024-06-17,2024-06-20,3,siniakova|k / zheng|q,Berlin,German Open,R16,R16,0.4,1.0,1.0,0.8571428571428572,66.28571428571429,27,Berlin,German Open,2024-06-20,WTA500,Outdoor,Grass,2nd Round,3,Siniakova K.,Zheng Q.,30.0,8.0,1645.0,4005.0,6.0,4.0,6.0,4.0,,,2.0,0.0,Completed,1.91,1.91,2.02,1.87,2.02,1.91,1.92,1.87,9348,1237
9350,1349,1326,1326,2024-06-17,2024-06-20,3,kudermetova|v / rybakina|e,Berlin,German Open,R16,R16,0.4,1.0,1.0,0.8571428571428572,66.28571428571429,27,Berlin,German Open,2024-06-20,WTA500,Outdoor,Grass,2nd Round,3,Rybakina E.,Kudermetova V.,4.0,35.0,5973.0,1503.0,6.0,4.0,7.0,5.0,,,2.0,0.0,Completed,1.29,3.75,1.28,4.0,1.29,4.0,1.28,3.64,9350,1238
9351,1350,1325,1325,2024-06-17,2024-06-20,3,kalinskaya|a / vondrousova|m,Berlin,German Open,R16,R16,0.4,1.0,1.0,0.8571428571428572,66.28571428571429,27,Berlin,German Open,2024-06-20,WTA500,Outdoor,Grass,2nd Round,3,Kalinskaya A.,Vondrousova M.,24.0,6.0,1986.0,4503.0,5.0,5.0,,,,,0.0,0.0,Retired,2.75,1.44,2.68,1.52,2.78,1.61,2.63,1.49,9351,1239
9352,1351,1331,1331,2024-06-17,2024-06-20,3,kasatkina|d / sabalenka|a,Berlin,German Open,R16,R16,0.4,1.0,1.0,0.8571428571428572,66.28571428571429,27,Berlin,German Open,2024-06-20,WTA500,Outdoor,Grass,2nd Round,3,Sabalenka A.,Kasatkina D.,3.0,14.0,7788.0,3088.0,6.0,1.0,6.0,4.0,,,2.0,0.0,Completed,1.17,5.0,1.17,5.81,1.19,6.0,1.16,5.17,9352,1240
9373,1372,1360,1360,2024-06-17,2024-06-20,3,bouzkova|m / shnaider|d,Birmingham,Rothesay Classic ,R16,R16,0.06153846153846154,1.0,1.0,0.8571428571428572,47.67032967032967,28,Birmingham,Rothesay Classic ,2024-06-20,WTA250,Outdoor,Grass,2nd Round,3,Shnaider D.,Bouzkova M.,49.0,37.0,1176.0,1425.0,7.0,6.0,6.0,3.0,,,2.0,0.0,Completed,2.38,1.57,2.57,1.56,2.57,1.57,2.48,1.52,9373,1241
9374,1373,1359,1359,2024-06-17,2024-06-20,3,kalinina|a / putintseva|y,Birmingham,Rothesay Classic ,R16,R16,0.06153846153846154,1.0,1.0,0.8571428571428572,47.67032967032967,28,Birmingham,Rothesay Classic ,2024-06-20,WTA250,Outdoor,Grass,2nd Round,3,Putintseva Y.,Kalinina A.,41.0,47.0,1333.0,1221.0,6.0,3.0,6.0,0.0,,,2.0,0.0,Completed,1.73,2.1,1.69,2.29,1.74,2.31,1.67,2.18,9374,1242
9375,1374,1362,1362,2024-06-17,2024-06-20,3,dolehide|c / mertens|e,Birmingham,Rothesay Classic ,R16,R16,0.06153846153846154,1.0,1.0,0.8571428571428572,47.67032967032967,28,Birmingham,Rothesay Classic ,2024-06-20,WTA250,Outdoor,Grass,2nd Round,3,Dolehide C.,Mertens E.,61.0,32.0,1035.0,1629.0,6.0,3.0,3.0,0.0,,,1.0,0.0,Retired,3.75,1.29,3.94,1.29,4,1.32,3.67,1.27,9375,1243
9379,1378,1361,1361,2024-06-17,2024-06-20,3,dart|h / krejcikova|b,Birmingham,Rothesay Classic ,R16,R16,0.06153846153846154,1.0,1.0,0.8571428571428572,47.67032967032967,28,Birmingham,Rothesay Classic ,2024-06-20,WTA250,Outdoor,Grass,2nd Round,3,Krejcikova B.,Dart H.,25.0,101.0,1768.0,716.0,6.0,3.0,6.0,4.0,,,2.0,0.0,Completed,1.62,2.3,1.63,2.41,1.67,2.41,1.62,2.26,9379,1244
9343,1342,1332,1332,2024-06-17,2024-06-21,4,azarenka|v / rybakina|e,Berlin,German Open,QF,QF,0.4,1.0,1.0,0.8095238095238095,66.04761904761905,27,Berlin,German Open,2024-06-21,WTA500,Outdoor,Grass,Quarterfinals,3,Azarenka V.,Rybakina E.,19.0,4.0,2205.0,5973.0,3.0,1.0,,,,,0.0,0.0,Retired,3.0,1.4,2.97,1.45,3.13,1.45,2.91,1.4,9343,1245
9368,1367,1363,1363,2024-06-17,2024-06-21,4,cocciaretto|e / shnaider|d,Birmingham,Rothesay Classic ,QF,QF,0.06153846153846154,1.0,1.0,0.8095238095238095,47.43223443223444,28,Birmingham,Rothesay Classic ,2024-06-21,WTA250,Outdoor,Grass,Quarterfinals,3,Cocciaretto E.,Shnaider D.,44.0,49.0,1259.0,1176.0,5.0,7.0,6.0,4.0,6.0,2.0,2.0,1.0,Completed,1.62,2.3,1.63,2.43,1.64,2.43,1.59,2.32,9368,1246
9369,1368,1365,1365,2024-06-17,2024-06-21,4,dolehide|c / putintseva|y,Birmingham,Rothesay Classic ,QF,QF,0.06153846153846154,1.0,1.0,0.8095238095238095,47.43223443223444,28,Birmingham,Rothesay Classic ,2024-06-21,WTA250,Outdoor,Grass,Quarterfinals,3,Putintseva Y.,Dolehide C.,41.0,61.0,1333.0,1035.0,6.0,3.0,6.0,7.0,6.0,1.0,2.0,1.0,Completed,1.33,3.4,1.37,3.42,1.37,3.5,1.33,3.31,9369,1247
9370,1369,1366,1366,2024-06-17,2024-06-21,4,fernandez|l / tomljanovic|a,Birmingham,Rothesay Classic ,QF,QF,0.06153846153846154,1.0,1.0,0.8095238095238095,47.43223443223444,28,Birmingham,Rothesay Classic ,2024-06-21,WTA250,Outdoor,Grass,Quarterfinals,3,Tomljanovic A.,Fernandez L.A.,190.0,33.0,393.0,1625.0,1.0,6.0,6.0,3.0,6.0,2.0,2.0,1.0,Completed,2.3,1.62,2.45,1.62,2.68,1.63,2.38,1.57,9370,1248
9371,1370,1364,1364,2024-06-17,2024-06-21,4,krejcikova|b / potapova|a,Birmingham,Rothesay Classic ,QF,QF,0.06153846153846154,1.0,1.0,0.8095238095238095,47.43223443223444,28,Birmingham,Rothesay Classic ,2024-06-21,WTA250,Outdoor,Grass,Quarterfinals,3,Potapova A.,Krejcikova B.,36.0,25.0,1427.0,1768.0,6.0,1.0,6.0,4.0,,,2.0,0.0,Completed,1.73,2.1,1.9,2.01,1.9,2.12,1.8,2.0,9371,1249
9340,1339,1336,1336,2024-06-17,2024-06-22,5,azarenka|v / kalinskaya|a,Berlin,German Open,SF,SF,0.4,1.0,1.0,0.7619047619047619,65.80952380952381,27,Berlin,German Open,2024-06-22,WTA500,Outdoor,Grass,Semifinals,3,Kalinskaya A.,Azarenka V.,24.0,19.0,1986.0,2205.0,6.0,1.0,6.0,7.0,6.0,1.0,2.0,1.0,Completed,2.38,1.57,2.57,1.56,2.57,1.63,2.4,1.56,9340,1250
9341,1340,1334,1334,2024-06-17,2024-06-22,5,gauff|c / jabeur|o,Berlin,German Open,QF,QF,0.4,1.0,1.0,0.7619047619047619,65.80952380952381,27,Berlin,German Open,2024-06-22,WTA500,Outdoor,Grass,Quarterfinals,3,Gauff C.,Jabeur O.,2.0,10.0,7988.0,3748.0,7.0,6.0,,,,,1.0,0.0,Retired,1.53,2.5,1.57,2.58,1.59,2.58,1.54,2.46,9341,1251
9342,1341,1335,1335,2024-06-17,2024-06-22,5,pegula|j / siniakova|k,Berlin,German Open,QF,QF,0.4,1.0,1.0,0.7619047619047619,65.80952380952381,27,Berlin,German Open,2024-06-22,WTA500,Outdoor,Grass,Quarterfinals,3,Pegula J.,Siniakova K.,5.0,30.0,4625.0,1645.0,7.0,6.0,3.0,6.0,6.0,3.0,2.0,1.0,Completed,1.8,2.0,1.88,2.04,1.88,2.12,1.78,2.03,9342,1252
9344,1343,1333,1333,2024-06-17,2024-06-22,5,kalinskaya|a / sabalenka|a,Berlin,German Open,QF,QF,0.4,1.0,1.0,0.7619047619047619,65.80952380952381,27,Berlin,German Open,2024-06-22,WTA500,Outdoor,Grass,Quarterfinals,3,Kalinskaya A.,Sabalenka A.,24.0,3.0,1986.0,7788.0,5.0,1.0,,,,,0.0,0.0,Retired,6.0,1.13,6.4,1.15,6.4,1.15,5.71,1.13,9344,1253
9366,1365,1367,1367,2024-06-17,2024-06-22,5,cocciaretto|e / putintseva|y,Birmingham,Rothesay Classic ,SF,SF,0.06153846153846154,1.0,1.0,0.7619047619047619,47.1941391941392,28,Birmingham,Rothesay Classic ,2024-06-22,WTA250,Outdoor,Grass,Semifinals,3,Putintseva Y.,Cocciaretto E.,41.0,44.0,1333.0,1259.0,6.0,2.0,6.0,2.0,,,2.0,0.0,Completed,1.8,2.0,1.77,2.18,1.82,2.18,1.76,2.05,9366,1254
9367,1366,1368,1368,2024-06-17,2024-06-22,5,potapova|a / tomljanovic|a,Birmingham,Rothesay Classic ,SF,SF,0.06153846153846154,1.0,1.0,0.7619047619047619,47.1941391941392,28,Birmingham,Rothesay Classic ,2024-06-22,WTA250,Outdoor,Grass,Semifinals,3,Tomljanovic A.,Potapova A.,190.0,36.0,393.0,1427.0,7.0,6.0,6.0,4.0,,,2.0,0.0,Completed,2.63,1.5,2.68,1.54,2.68,1.54,2.57,1.5,9367,1255
9338,1337,1338,1338,2024-06-17,2024-06-23,6,kalinskaya|a / pegula|j,Berlin,German Open,F,F,0.4,1.0,1.0,0.7142857142857143,65.57142857142857,27,Berlin,German Open,2024-06-23,WTA500,Outdoor,Grass,The Final,3,Pegula J.,Kalinskaya A.,5.0,24.0,4625.0,1986.0,6.0,7.0,6.0,4.0,7.0,6.0,2.0,1.0,Completed,1.44,2.75,1.62,2.43,1.62,3.01,1.46,2.67,9338,1256
9339,1338,1337,1337,2024-06-17,2024-06-23,6,gauff|c / pegula|j,Berlin,German Open,SF,SF,0.4,1.0,1.0,0.7142857142857143,65.57142857142857,27,Berlin,German Open,2024-06-23,WTA500,Outdoor,Grass,Semifinals,3,Pegula J.,Gauff C.,5.0,2.0,4625.0,7988.0,7.0,5.0,7.0,6.0,,,2.0,0.0,Completed,3.0,1.4,3.04,1.43,3.04,1.44,2.9,1.4,9339,1257
9365,1364,1369,1369,2024-06-17,2024-06-23,6,putintseva|y / tomljanovic|a,Birmingham,Rothesay Classic ,F,F,0.06153846153846154,1.0,1.0,0.7142857142857143,46.956043956043956,28,Birmingham,Rothesay Classic ,2024-06-23,WTA250,Outdoor,Grass,The Final,3,Putintseva Y.,Tomljanovic A.,41.0,190.0,1333.0,393.0,6.0,1.0,7.0,6.0,,,2.0,0.0,Completed,1.57,2.38,1.59,2.53,1.62,2.53,1.56,2.39,9365,1258
9412,1411,1372,1372,2024-06-24,2024-06-23,-1,badosa|p / rus|a,Bad Homburg,Bad Homburg Open,R32,R32,1.0,1.0,1.0,0.6666666666666667,98.33333333333333,29,Bad Homburg,Bad Homburg Open,2024-06-23,WTA250,Outdoor,Grass,1st Round,3,Badosa P.,Rus A.,113.0,55.0,662.0,1054.0,6.0,4.0,6.0,1.0,,,2.0,0.0,Completed,1.3,3.5,1.28,3.92,1.33,3.92,1.28,3.62,9412,1259
9414,1413,1371,1371,2024-06-24,2024-06-23,-1,andreeva|m / yastremska|d,Bad Homburg,Bad Homburg Open,R32,R32,1.0,1.0,1.0,0.6666666666666667,98.33333333333333,29,Bad Homburg,Bad Homburg Open,2024-06-23,WTA250,Outdoor,Grass,1st Round,3,Yastremska D.,Andreeva M.,28.0,24.0,1710.0,2017.0,4.0,6.0,6.0,4.0,6.0,3.0,2.0,1.0,Completed,3.75,1.29,3.69,1.31,3.81,1.31,3.57,1.28,9414,1260
9415,1414,1375,1375,2024-06-24,2024-06-23,-1,cristian|j / navarro|e,Bad Homburg,Bad Homburg Open,R32,R32,1.0,1.0,1.0,0.6666666666666667,98.33333333333333,29,Bad Homburg,Bad Homburg Open,2024-06-23,WTA250,Outdoor,Grass,1st Round,3,Navarro E.,Cristian J.,19.0,62.0,2238.0,986.0,6.0,3.0,6.0,1.0,,,2.0,0.0,Completed,1.22,4.33,1.23,4.55,1.25,4.98,1.21,4.27,9415,1261
9420,1419,1373,1373,2024-06-24,2024-06-23,-1,maria|t / tomova|v,Bad Homburg,Bad Homburg Open,R32,R32,1.0,1.0,1.0,0.6666666666666667,98.33333333333333,29,Bad Homburg,Bad Homburg Open,2024-06-23,WTA250,Outdoor,Grass,1st Round,3,Tomova V.,Maria T.,58.0,61.0,1035.0,994.0,6.0,1.0,6.0,3.0,,,2.0,0.0,Completed,2.1,1.73,2.06,1.83,2.12,1.83,2.05,1.75,9420,1262
9423,1422,1370,1370,2024-06-24,2024-06-23,-1,alexandrova|e / podoroska|n,Bad Homburg,Bad Homburg Open,R32,R32,1.0,1.0,1.0,0.6666666666666667,98.33333333333333,29,Bad Homburg,Bad Homburg Open,2024-06-23,WTA250,Outdoor,Grass,1st Round,3,Alexandrova E.,Podoroska N.,22.0,65.0,2053.0,983.0,6.0,3.0,6.0,0.0,,,2.0,0.0,Completed,1.17,5.0,1.19,5.28,1.19,5.28,1.17,4.91,9423,1263
9424,1423,1374,1374,2024-06-24,2024-06-23,-1,bronzetti|l / vekic|d,Bad Homburg,Bad Homburg Open,R32,R32,1.0,1.0,1.0,0.6666666666666667,98.33333333333333,29,Bad Homburg,Bad Homburg Open,2024-06-23,WTA250,Outdoor,Grass,1st Round,3,Vekic D.,Bronzetti L.,49.0,64.0,1173.0,983.0,6.0,3.0,6.0,4.0,,,2.0,0.0,Completed,1.53,2.5,1.56,2.54,1.56,3.33,1.45,2.73,9424,1264
9411,1410,1376,1376,2024-06-24,2024-06-24,0,niemeier|j / sakkari|m,Bad Homburg,Bad Homburg Open,R32,R32,1.0,1.0,1.0,1.0,100.0,29,Bad Homburg,Bad Homburg Open,2024-06-24,WTA250,Outdoor,Grass,1st Round,3,Niemeier J.,Sakkari M.,96.0,9.0,741.0,3805.0,2.0,6.0,6.0,2.0,7.0,6.0,2.0,1.0,Completed,3.75,1.29,,,3.75,1.29,3.75,1.29,9411,1265
9413,1412,1382,1382,2024-06-24,2024-06-24,0,kerber|a / shnaider|d,Bad Homburg,Bad Homburg Open,R32,R32,1.0,1.0,1.0,1.0,100.0,29,Bad Homburg,Bad Homburg Open,2024-06-24,WTA250,Outdoor,Grass,1st Round,3,Shnaider D.,Kerber A.,47.0,221.0,1210.0,333.0,7.0,5.0,6.0,3.0,,,2.0,0.0,Completed,2.63,1.5,2.53,1.57,2.63,1.57,2.47,1.52,9413,1266
9419,1418,1378,1378,2024-06-24,2024-06-24,0,noskova|l / townsend|t,Bad Homburg,Bad Homburg Open,R32,R32,1.0,1.0,1.0,1.0,100.0,29,Bad Homburg,Bad Homburg Open,2024-06-24,WTA250,Outdoor,Grass,1st Round,3,Noskova L.,Townsend T.,26.0,79.0,1745.0,864.0,7.0,5.0,6.0,1.0,,,2.0,0.0,Completed,1.33,3.4,1.35,3.42,1.36,3.5,1.32,3.28,9419,1267
9421,1420,1381,1381,2024-06-24,2024-06-24,0,andreescu|b / blinkova|a,Bad Homburg,Bad Homburg Open,R32,R32,1.0,1.0,1.0,1.0,100.0,29,Bad Homburg,Bad Homburg Open,2024-06-24,WTA250,Outdoor,Grass,1st Round,3,Blinkova A.,Andreescu B.,66.0,165.0,982.0,455.0,6.0,4.0,6.0,2.0,,,2.0,0.0,Completed,3.5,1.3,3.86,1.29,4,1.3,3.68,1.27,9421,1268
9422,1421,1380,1380,2024-06-24,2024-06-24,0,haddad maia|b / korpatsch|t <> korpatsch|t / maia|b,Bad Homburg,Bad Homburg Open,R32,R32,1.0,1.0,1.0,1.0,100.0,29,Bad Homburg,Bad Homburg Open,2024-06-24,WTA250,Outdoor,Grass,1st Round,3,Haddad Maia B.,Korpatsch T.,20.0,75.0,2213.0,895.0,6.0,1.0,7.0,6.0,,,2.0,0.0,Completed,1.1,7.0,1.12,7.42,1.12,8.48,1.1,6.79,9422,1269
9425,1424,1379,1379,2024-06-24,2024-06-24,0,burel|c / siniakova|k,Bad Homburg,Bad Homburg Open,R32,R32,1.0,1.0,1.0,1.0,100.0,29,Bad Homburg,Bad Homburg Open,2024-06-24,WTA250,Outdoor,Grass,1st Round,3,Siniakova K.,Burel C.,27.0,43.0,1718.0,1288.0,6.0,3.0,6.0,7.0,6.0,1.0,2.0,1.0,Completed,1.25,4.0,1.28,3.94,1.3,4.04,1.26,3.77,9425,1270
9426,1425,1377,1377,2024-06-24,2024-06-24,0,samsonova|l / sorribes tormo|s <> samsonova|l / tormo|s,Bad Homburg,Bad Homburg Open,R32,R32,1.0,1.0,1.0,1.0,100.0,29,Bad Homburg,Bad Homburg Open,2024-06-24,WTA250,Outdoor,Grass,1st Round,3,Samsonova L.,Sorribes Tormo S.,15.0,54.0,2830.0,1055.0,6.0,3.0,6.0,1.0,,,2.0,0.0,Completed,1.14,5.5,1.17,5.62,1.22,5.62,1.16,5.03,9426,1271
9442,1441,1403,1403,2024-06-24,2024-06-24,0,bouzkova|m / dart|h,Eastbourne,Rothesay International,R32,R32,0.17777777777777778,1.0,1.0,1.0,54.77777777777778,30,Eastbourne,Rothesay International,2024-06-24,WTA500,Outdoor,Grass,1st Round,3,Dart H.,Bouzkova M.,105.0,37.0,686.0,1445.0,7.0,5.0,6.0,7.0,6.0,4.0,2.0,1.0,Completed,2.63,1.5,2.73,1.5,2.75,1.51,2.6,1.48,9442,1272
9444,1443,1406,1406,2024-06-24,2024-06-24,0,fernandez|l / krejcikova|b,Eastbourne,Rothesay International,R32,R32,0.17777777777777778,1.0,1.0,1.0,54.77777777777778,30,Eastbourne,Rothesay International,2024-06-24,WTA500,Outdoor,Grass,1st Round,3,Fernandez L.A.,Krejcikova B.,30.0,31.0,1649.0,1642.0,6.0,2.0,3.0,6.0,6.0,2.0,2.0,1.0,Completed,1.73,2.1,1.75,2.16,1.78,2.16,1.72,2.09,9444,1273
9445,1444,1401,1401,2024-06-24,2024-06-24,0,cirstea|s / kalinina|a,Eastbourne,Rothesay International,R32,R32,0.17777777777777778,1.0,1.0,1.0,54.77777777777778,30,Eastbourne,Rothesay International,2024-06-24,WTA500,Outdoor,Grass,1st Round,3,Kalinina A.,Cirstea S.,44.0,29.0,1221.0,1675.0,6.0,3.0,6.0,2.0,,,2.0,0.0,Completed,1.73,2.1,1.83,2.05,1.83,2.1,1.79,2.0,9445,1274
9447,1446,1402,1402,2024-06-24,2024-06-24,0,linette|m / pavlyuchenkova|a,Eastbourne,Rothesay International,R32,R32,0.17777777777777778,1.0,1.0,1.0,54.77777777777778,30,Eastbourne,Rothesay International,2024-06-24,WTA500,Outdoor,Grass,1st Round,3,Linette M.,Pavlyuchenkova A.,46.0,25.0,1216.0,1756.0,1.0,6.0,7.0,6.0,6.0,4.0,2.0,1.0,Completed,2.1,1.73,2.09,1.8,2.12,1.8,2.05,1.75,9447,1275
9448,1447,1404,1404,2024-06-24,2024-06-24,0,minnen|g / ostapenko|j,Eastbourne,Rothesay International,R32,R32,0.17777777777777778,1.0,1.0,1.0,54.77777777777778,30,Eastbourne,Rothesay International,2024-06-24,WTA500,Outdoor,Grass,1st Round,3,Ostapenko J.,Minnen G.,13.0,85.0,3098.0,824.0,7.0,6.0,6.0,1.0,,,2.0,0.0,Completed,1.36,3.2,1.35,3.39,1.42,3.39,1.37,3.04,9448,1276
9452,1451,1405,1405,2024-06-24,2024-06-24,0,potapova|a / yuan|y,Eastbourne,Rothesay International,R32,R32,0.17777777777777778,1.0,1.0,1.0,54.77777777777778,30,Eastbourne,Rothesay International,2024-06-24,WTA500,Outdoor,Grass,1st Round,3,Yuan Y.,Potapova A.,38.0,39.0,1422.0,1415.0,6.0,3.0,6.0,6.0,,,1.0,0.0,Retired,2.75,1.44,2.92,1.45,2.98,1.5,2.79,1.42,9452,1277
9403,1402,1388,1388,2024-06-24,2024-06-25,1,badosa|p / niemeier|j,Bad Homburg,Bad Homburg Open,R16,R16,1.0,1.0,1.0,0.9523809523809523,99.76190476190476,29,Bad Homburg,Bad Homburg Open,2024-06-25,WTA250,Outdoor,Grass,2nd Round,3,Badosa P.,Niemeier J.,113.0,96.0,662.0,741.0,4.0,6.0,6.0,2.0,6.0,1.0,2.0,1.0,Completed,1.53,2.5,1.53,2.65,1.54,2.65,1.52,2.48,9403,1278
9407,1406,1386,1386,2024-06-24,2024-06-25,1,noskova|l / tomova|v,Bad Homburg,Bad Homburg Open,R16,R16,1.0,1.0,1.0,0.9523809523809523,99.76190476190476,29,Bad Homburg,Bad Homburg Open,2024-06-25,WTA250,Outdoor,Grass,2nd Round,3,Tomova V.,Noskova L.,58.0,26.0,1035.0,1745.0,6.0,4.0,6.0,2.0,,,2.0,0.0,Completed,2.75,1.44,2.69,1.52,2.78,1.53,2.63,1.47,9407,1279
9409,1408,1387,1387,2024-06-24,2024-06-25,1,alexandrova|e / vekic|d,Bad Homburg,Bad Homburg Open,R16,R16,1.0,1.0,1.0,0.9523809523809523,99.76190476190476,29,Bad Homburg,Bad Homburg Open,2024-06-25,WTA250,Outdoor,Grass,2nd Round,3,Vekic D.,Alexandrova E.,49.0,22.0,1173.0,2053.0,6.0,4.0,3.0,6.0,6.0,3.0,2.0,1.0,Completed,2.2,1.67,2.25,1.71,2.25,1.71,2.18,1.66,9409,1280
9416,1415,1383,1383,2024-06-24,2024-06-25,1,stearns|p / stusek|j,Bad Homburg,Bad Homburg Open,R32,R32,1.0,1.0,1.0,0.9523809523809523,99.76190476190476,29,Bad Homburg,Bad Homburg Open,2024-06-25,WTA250,Outdoor,Grass,1st Round,3,Stearns P.,Stusek J.,59.0,913.0,1023.0,24.0,6.0,2.0,7.0,5.0,,,2.0,0.0,Completed,,,,,,,,,9416,1281
9417,1416,1384,1384,2024-06-24,2024-06-25,1,kudermetova|v / parry|d,Bad Homburg,Bad Homburg Open,R32,R32,1.0,1.0,1.0,0.9523809523809523,99.76190476190476,29,Bad Homburg,Bad Homburg Open,2024-06-25,WTA250,Outdoor,Grass,1st Round,3,Kudermetova V.,Parry D.,36.0,53.0,1488.0,1077.0,3.0,6.0,7.0,5.0,6.0,1.0,2.0,1.0,Completed,1.5,2.63,1.52,2.68,1.56,2.75,1.49,2.57,9417,1282
9418,1417,1385,1385,2024-06-24,2024-06-25,1,svitolina|e / wozniacki|c,Bad Homburg,Bad Homburg Open,R32,R32,1.0,1.0,1.0,0.9523809523809523,99.76190476190476,29,Bad Homburg,Bad Homburg Open,2024-06-25,WTA250,Outdoor,Grass,1st Round,3,Wozniacki C.,Svitolina E.,112.0,21.0,666.0,2099.0,6.0,3.0,6.0,7.0,7.0,5.0,2.0,1.0,Completed,2.63,1.5,2.75,1.49,2.75,1.53,2.57,1.5,9418,1283
9443,1442,1407,1407,2024-06-24,2024-06-25,1,golubic|v / krueger|a,Eastbourne,Rothesay International,R32,R32,0.17777777777777778,1.0,1.0,0.9523809523809523,54.53968253968254,30,Eastbourne,Rothesay International,2024-06-25,WTA500,Outdoor,Grass,1st Round,3,Krueger A.,Golubic V.,87.0,69.0,804.0,940.0,6.0,1.0,6.0,7.0,7.0,5.0,2.0,1.0,Completed,2.0,1.8,1.96,1.91,2.13,1.91,2.04,1.75,9443,1284
9446,1445,1410,1410,2024-06-24,2024-06-25,1,avanesyan|e / muchova|k,Eastbourne,Rothesay International,R32,R32,0.17777777777777778,1.0,1.0,0.9523809523809523,54.53968253968254,30,Eastbourne,Rothesay International,2024-06-25,WTA500,Outdoor,Grass,1st Round,3,Muchova K.,Avanesyan E.,35.0,81.0,1510.0,831.0,3.0,1.0,,,,,0.0,0.0,Retired,1.91,1.91,2.0,1.87,2,1.95,1.93,1.84,9446,1285
9449,1448,1411,1411,2024-06-24,2024-06-25,1,boulter|k / martic|p,Eastbourne,Rothesay International,R32,R32,0.17777777777777778,1.0,1.0,0.9523809523809523,54.53968253968254,30,Eastbourne,Rothesay International,2024-06-25,WTA500,Outdoor,Grass,1st Round,3,Boulter K.,Martic P.,32.0,74.0,1641.0,911.0,6.0,1.0,7.0,6.0,,,2.0,0.0,Completed,1.44,2.75,1.35,3.4,1.46,3.4,1.4,2.9,9449,1286
9450,1449,1408,1408,2024-06-24,2024-06-25,1,mertens|e / miyazaki|y,Eastbourne,Rothesay International,R32,R32,0.17777777777777778,1.0,1.0,0.9523809523809523,54.53968253968254,30,Eastbourne,Rothesay International,2024-06-25,WTA500,Outdoor,Grass,1st Round,3,Mertens E.,Miyazaki Y.,33.0,148.0,1629.0,512.0,6.0,1.0,6.0,2.0,,,2.0,0.0,Completed,1.25,4.0,1.24,4.45,1.26,4.45,1.22,4.13,9450,1287
9453,1452,1409,1409,2024-06-24,2024-06-25,1,raducanu|e / stephens|s,Eastbourne,Rothesay International,R32,R32,0.17777777777777778,1.0,1.0,0.9523809523809523,54.53968253968254,30,Eastbourne,Rothesay International,2024-06-25,WTA500,Outdoor,Grass,1st Round,3,Raducanu E.,Stephens S.,168.0,45.0,451.0,1217.0,6.0,4.0,6.0,0.0,,,2.0,0.0,Completed,1.44,2.75,1.42,3.03,1.46,3.11,1.4,2.87,9453,1288
9404,1403,1389,1389,2024-06-24,2024-06-26,2,shnaider|d / yastremska|d,Bad Homburg,Bad Homburg Open,R16,R16,1.0,1.0,1.0,0.9047619047619048,99.52380952380952,29,Bad Homburg,Bad Homburg Open,2024-06-26,WTA250,Outdoor,Grass,2nd Round,3,Shnaider D.,Yastremska D.,47.0,28.0,1210.0,1710.0,6.0,2.0,6.0,2.0,,,2.0,0.0,Completed,1.8,2.0,1.81,2.11,1.81,2.11,1.78,2.01,9404,1289
9405,1404,1391,1391,2024-06-24,2024-06-26,2,navarro|e / stearns|p,Bad Homburg,Bad Homburg Open,R16,R16,1.0,1.0,1.0,0.9047619047619048,99.52380952380952,29,Bad Homburg,Bad Homburg Open,2024-06-26,WTA250,Outdoor,Grass,2nd Round,3,Navarro E.,Stearns P.,19.0,59.0,2238.0,1023.0,6.0,4.0,6.0,1.0,,,2.0,0.0,Completed,1.3,3.5,1.35,3.44,1.35,3.6,1.3,3.43,9405,1290
9406,1405,1392,1392,2024-06-24,2024-06-26,2,kudermetova|v / wozniacki|c,Bad Homburg,Bad Homburg Open,R16,R16,1.0,1.0,1.0,0.9047619047619048,99.52380952380952,29,Bad Homburg,Bad Homburg Open,2024-06-26,WTA250,Outdoor,Grass,2nd Round,3,Wozniacki C.,Kudermetova V.,112.0,36.0,666.0,1488.0,6.0,2.0,6.0,4.0,,,2.0,0.0,Completed,2.1,1.73,2.71,1.52,2.71,1.74,2.21,1.65,9406,1291
9410,1409,1390,1390,2024-06-24,2024-06-26,2,samsonova|l / siniakova|k,Bad Homburg,Bad Homburg Open,R16,R16,1.0,1.0,1.0,0.9047619047619048,99.52380952380952,29,Bad Homburg,Bad Homburg Open,2024-06-26,WTA250,Outdoor,Grass,2nd Round,3,Siniakova K.,Samsonova L.,27.0,15.0,1718.0,2830.0,6.0,3.0,6.0,7.0,6.0,3.0,2.0,1.0,Completed,2.0,1.8,2.13,1.79,2.2,1.86,2.05,1.77,9410,1292
9434,1433,1417,1417,2024-06-24,2024-06-26,2,dart|h / kenin|s,Eastbourne,Rothesay International,R16,R16,0.17777777777777778,1.0,1.0,0.9047619047619048,54.301587301587304,30,Eastbourne,Rothesay International,2024-06-26,WTA500,Outdoor,Grass,2nd Round,3,Dart H.,Kenin S.,105.0,48.0,686.0,1208.0,6.0,3.0,6.0,7.0,6.0,0.0,2.0,1.0,Completed,2.0,1.8,2.0,1.89,2.1,1.89,1.97,1.81,9434,1293
9435,1434,1416,1416,2024-06-24,2024-06-26,2,fernandez|l / krueger|a,Eastbourne,Rothesay International,R16,R16,0.17777777777777778,1.0,1.0,0.9047619047619048,54.301587301587304,30,Eastbourne,Rothesay International,2024-06-26,WTA500,Outdoor,Grass,2nd Round,3,Fernandez L.A.,Krueger A.,30.0,87.0,1649.0,804.0,6.0,2.0,6.0,1.0,,,2.0,0.0,Completed,1.5,2.63,1.51,2.74,1.55,2.75,1.47,2.64,9435,1294
9436,1435,1413,1413,2024-06-24,2024-06-26,2,kalinina|a / keys|m,Eastbourne,Rothesay International,R16,R16,0.17777777777777778,1.0,1.0,0.9047619047619048,54.301587301587304,30,Eastbourne,Rothesay International,2024-06-26,WTA500,Outdoor,Grass,2nd Round,3,Keys M.,Kalinina A.,12.0,44.0,3343.0,1221.0,7.0,6.0,6.0,1.0,,,2.0,0.0,Completed,1.29,3.75,1.29,3.9,1.33,3.9,1.29,3.55,9436,1295
9437,1436,1414,1414,2024-06-24,2024-06-26,2,linette|m / muchova|k,Eastbourne,Rothesay International,R16,R16,0.17777777777777778,1.0,1.0,0.9047619047619048,54.301587301587304,30,Eastbourne,Rothesay International,2024-06-26,WTA500,Outdoor,Grass,2nd Round,3,Muchova K.,Linette M.,35.0,46.0,1510.0,1216.0,6.0,4.0,6.0,1.0,,,2.0,0.0,Completed,1.67,2.2,1.72,2.23,1.74,2.23,1.68,2.15,9437,1296
9438,1437,1415,1415,2024-06-24,2024-06-26,2,boulter|k / ostapenko|j,Eastbourne,Rothesay International,R16,R16,0.17777777777777778,1.0,1.0,0.9047619047619048,54.301587301587304,30,Eastbourne,Rothesay International,2024-06-26,WTA500,Outdoor,Grass,2nd Round,3,Boulter K.,Ostapenko J.,32.0,13.0,1641.0,3098.0,6.0,4.0,7.0,5.0,,,2.0,0.0,Completed,2.0,1.8,2.03,1.86,2.03,1.91,1.97,1.81,9438,1297
9439,1438,1420,1420,2024-06-24,2024-06-26,2,mertens|e / paolini|j,Eastbourne,Rothesay International,R16,R16,0.17777777777777778,1.0,1.0,0.9047619047619048,54.301587301587304,30,Eastbourne,Rothesay International,2024-06-26,WTA500,Outdoor,Grass,2nd Round,3,Paolini J.,Mertens E.,7.0,33.0,4068.0,1629.0,5.0,2.0,,,,,0.0,0.0,Retired,2.1,1.73,2.17,1.76,2.2,1.81,2.12,1.7,9439,1298
9440,1439,1419,1419,2024-06-24,2024-06-26,2,kasatkina|d / yuan|y,Eastbourne,Rothesay International,R16,R16,0.17777777777777778,1.0,1.0,0.9047619047619048,54.301587301587304,30,Eastbourne,Rothesay International,2024-06-26,WTA500,Outdoor,Grass,2nd Round,3,Kasatkina D.,Yuan Y.,14.0,38.0,3088.0,1422.0,3.0,6.0,6.0,4.0,6.0,0.0,2.0,1.0,Completed,1.4,3.0,1.42,3.1,1.44,3.1,1.4,2.92,9440,1299
9441,1440,1418,1418,2024-06-24,2024-06-26,2,pegula|j / raducanu|e,Eastbourne,Rothesay International,R16,R16,0.17777777777777778,1.0,1.0,0.9047619047619048,54.301587301587304,30,Eastbourne,Rothesay International,2024-06-26,WTA500,Outdoor,Grass,2nd Round,3,Raducanu E.,Pegula J.,168.0,5.0,451.0,5025.0,4.0,6.0,7.0,6.0,7.0,5.0,2.0,1.0,Completed,2.0,1.8,2.08,1.82,2.1,1.82,2.01,1.78,9441,1300
9399,1398,1394,1394,2024-06-24,2024-06-27,3,badosa|p / shnaider|d,Bad Homburg,Bad Homburg Open,QF,QF,1.0,1.0,1.0,0.8571428571428572,99.28571428571429,29,Bad Homburg,Bad Homburg Open,2024-06-27,WTA250,Outdoor,Grass,Quarterfinals,3,Shnaider D.,Badosa P.,47.0,113.0,1210.0,662.0,6.0,3.0,7.0,6.0,,,2.0,0.0,Completed,2.63,1.5,2.85,1.49,2.87,1.54,2.63,1.48,9399,1301
9400,1399,1396,1396,2024-06-24,2024-06-27,3,navarro|e / wozniacki|c,Bad Homburg,Bad Homburg Open,QF,QF,1.0,1.0,1.0,0.8571428571428572,99.28571428571429,29,Bad Homburg,Bad Homburg Open,2024-06-27,WTA250,Outdoor,Grass,Quarterfinals,3,Navarro E.,Wozniacki C.,19.0,112.0,2238.0,666.0,4.0,6.0,6.0,1.0,1.0,0.0,1.0,1.0,Retired,1.53,2.5,1.56,2.61,1.61,2.61,1.53,2.47,9400,1302
9401,1400,1397,1397,2024-06-24,2024-06-27,3,blinkova|a / tomova|v,Bad Homburg,Bad Homburg Open,QF,QF,1.0,1.0,1.0,0.8571428571428572,99.28571428571429,29,Bad Homburg,Bad Homburg Open,2024-06-27,WTA250,Outdoor,Grass,Quarterfinals,3,Tomova V.,Blinkova A.,58.0,66.0,1035.0,982.0,2.0,6.0,6.0,1.0,7.0,6.0,2.0,1.0,Completed,1.8,2.0,1.93,1.96,1.93,2.1,1.79,2.0,9401,1303
9402,1401,1395,1395,2024-06-24,2024-06-27,3,siniakova|k / vekic|d,Bad Homburg,Bad Homburg Open,QF,QF,1.0,1.0,1.0,0.8571428571428572,99.28571428571429,29,Bad Homburg,Bad Homburg Open,2024-06-27,WTA250,Outdoor,Grass,Quarterfinals,3,Vekic D.,Siniakova K.,49.0,27.0,1173.0,1718.0,,,,,,,,,Walkover,2.2,1.67,2.2,1.75,2.32,1.75,2.17,1.65,9402,1304
9408,1407,1393,1393,2024-06-24,2024-06-27,3,blinkova|a / haddad maia|b <> blinkova|a / maia|b,Bad Homburg,Bad Homburg Open,R16,R16,1.0,1.0,1.0,0.8571428571428572,99.28571428571429,29,Bad Homburg,Bad Homburg Open,2024-06-27,WTA250,Outdoor,Grass,2nd Round,3,Blinkova A.,Haddad Maia B.,66.0,20.0,982.0,2213.0,6.0,3.0,7.0,5.0,,,2.0,0.0,Completed,2.75,1.44,2.93,1.45,3,1.47,2.78,1.43,9408,1305
9430,1429,1421,1421,2024-06-24,2024-06-27,3,dart|h / fernandez|l,Eastbourne,Rothesay International,QF,QF,0.17777777777777778,1.0,1.0,0.8571428571428572,54.06349206349206,30,Eastbourne,Rothesay International,2024-06-27,WTA500,Outdoor,Grass,Quarterfinals,3,Fernandez L.A.,Dart H.,30.0,105.0,1649.0,686.0,6.0,2.0,6.0,1.0,,,2.0,0.0,Completed,1.3,3.5,1.33,3.64,1.34,3.64,1.31,3.41,9430,1306
9431,1430,1424,1424,2024-06-24,2024-06-27,3,keys|m / muchova|k,Eastbourne,Rothesay International,QF,QF,0.17777777777777778,1.0,1.0,0.8571428571428572,54.06349206349206,30,Eastbourne,Rothesay International,2024-06-27,WTA500,Outdoor,Grass,Quarterfinals,3,Keys M.,Muchova K.,12.0,35.0,3343.0,1510.0,,,,,,,,,Walkover,1.44,2.75,1.52,2.74,1.52,3.0,1.45,2.72,9431,1307
9432,1431,1422,1422,2024-06-24,2024-06-27,3,boulter|k / paolini|j,Eastbourne,Rothesay International,QF,QF,0.17777777777777778,1.0,1.0,0.8571428571428572,54.06349206349206,30,Eastbourne,Rothesay International,2024-06-27,WTA500,Outdoor,Grass,Quarterfinals,3,Paolini J.,Boulter K.,7.0,32.0,4068.0,1641.0,6.0,1.0,7.0,6.0,,,2.0,0.0,Completed,2.75,1.44,2.71,1.53,2.75,1.55,2.58,1.49,9432,1308
9433,1432,1423,1423,2024-06-24,2024-06-27,3,kasatkina|d / raducanu|e,Eastbourne,Rothesay International,QF,QF,0.17777777777777778,1.0,1.0,0.8571428571428572,54.06349206349206,30,Eastbourne,Rothesay International,2024-06-27,WTA500,Outdoor,Grass,Quarterfinals,3,Kasatkina D.,Raducanu E.,14.0,168.0,3088.0,451.0,6.0,2.0,6.0,2.0,,,2.0,0.0,Completed,2.38,1.57,2.41,1.64,2.41,1.68,2.32,1.59,9433,1309
9397,1396,1398,1398,2024-06-24,2024-06-28,4,navarro|e / shnaider|d,Bad Homburg,Bad Homburg Open,SF,SF,1.0,1.0,1.0,0.8095238095238095,99.04761904761905,29,Bad Homburg,Bad Homburg Open,2024-06-28,WTA250,Outdoor,Grass,Semifinals,3,Shnaider D.,Navarro E.,47.0,19.0,1210.0,2238.0,7.0,5.0,2.0,6.0,6.0,3.0,2.0,1.0,Completed,2.3,1.62,2.76,1.51,2.76,1.68,2.41,1.56,9397,1310
9398,1397,1399,1399,2024-06-24,2024-06-28,4,tomova|v / vekic|d,Bad Homburg,Bad Homburg Open,SF,SF,1.0,1.0,1.0,0.8095238095238095,99.04761904761905,29,Bad Homburg,Bad Homburg Open,2024-06-28,WTA250,Outdoor,Grass,Semifinals,3,Vekic D.,Tomova V.,49.0,58.0,1173.0,1035.0,6.0,0.0,7.0,6.0,,,2.0,0.0,Completed,1.36,3.2,1.43,3.07,1.45,3.2,1.4,2.92,9398,1311
9428,1427,1425,1425,2024-06-24,2024-06-28,4,fernandez|l / keys|m,Eastbourne,Rothesay International,SF,SF,0.17777777777777778,1.0,1.0,0.8095238095238095,53.82539682539682,30,Eastbourne,Rothesay International,2024-06-28,WTA500,Outdoor,Grass,Semifinals,3,Fernandez L.A.,Keys M.,30.0,12.0,1649.0,3343.0,6.0,3.0,3.0,6.0,6.0,3.0,2.0,1.0,Completed,2.75,1.44,2.9,1.47,2.9,1.55,2.68,1.46,9428,1312
9429,1428,1426,1426,2024-06-24,2024-06-28,4,kasatkina|d / paolini|j,Eastbourne,Rothesay International,SF,SF,0.17777777777777778,1.0,1.0,0.8095238095238095,53.82539682539682,30,Eastbourne,Rothesay International,2024-06-28,WTA500,Outdoor,Grass,Semifinals,3,Kasatkina D.,Paolini J.,14.0,7.0,3088.0,4068.0,3.0,6.0,7.0,5.0,6.0,3.0,2.0,1.0,Completed,1.73,2.1,1.73,2.24,1.8,2.24,1.7,2.12,9429,1313
9396,1395,1400,1400,2024-06-24,2024-06-29,5,shnaider|d / vekic|d,Bad Homburg,Bad Homburg Open,F,F,1.0,1.0,1.0,0.7619047619047619,98.80952380952381,29,Bad Homburg,Bad Homburg Open,2024-06-29,WTA250,Outdoor,Grass,The Final,3,Shnaider D.,Vekic D.,47.0,49.0,1210.0,1173.0,6.0,3.0,2.0,6.0,6.0,3.0,2.0,1.0,Completed,2.2,1.67,2.42,1.64,2.42,1.7,2.22,1.65,9396,1314
9427,1426,1427,1427,2024-06-24,2024-06-29,5,fernandez|l / kasatkina|d,Eastbourne,Rothesay International,F,F,0.17777777777777778,1.0,1.0,0.7619047619047619,53.58730158730159,30,Eastbourne,Rothesay International,2024-06-29,WTA500,Outdoor,Grass,The Final,3,Kasatkina D.,Fernandez L.A.,14.0,30.0,3088.0,1649.0,6.0,3.0,6.0,4.0,,,2.0,0.0,Completed,1.91,1.91,2.04,1.87,2.04,1.99,1.92,1.86,9427,1315
9486,1485,1446,1446,2024-07-01,2024-07-01,0,sun|l / zheng|q,Wimbledon,Wimbledon,R128,R128,1.0,1.0,1.0,1.0,100.0,31,London,Wimbledon,2024-07-01,Grand Slam,Outdoor,Grass,1st Round,3,Sun L.,Zheng Q.,123.0,8.0,616.0,4055.0,4.0,6.0,6.0,2.0,6.0,4.0,2.0,1.0,Completed,5.0,1.17,5.21,1.19,5.38,1.2,4.93,1.18,9486,1316
9487,1486,1451,1451,2024-07-01,2024-07-01,0,starodubtseva|y / van uytvanck|a,Wimbledon,Wimbledon,R128,R128,1.0,1.0,1.0,1.0,100.0,31,London,Wimbledon,2024-07-01,Grand Slam,Outdoor,Grass,1st Round,3,Starodubtseva Y.,Van Uytvanck A.,153.0,254.0,490.0,284.0,6.0,4.0,6.0,3.0,,,2.0,0.0,Completed,2.1,1.73,2.1,1.81,2.13,1.81,2.06,1.78,9487,1317
9488,1487,1430,1430,2024-07-01,2024-07-01,0,begu|i / zhu|l,Wimbledon,Wimbledon,R128,R128,1.0,1.0,1.0,1.0,100.0,31,London,Wimbledon,2024-07-01,Grand Slam,Outdoor,Grass,1st Round,3,Zhu L.,Begu I.,61.0,126.0,997.0,596.0,6.0,0.0,6.0,4.0,,,2.0,0.0,Completed,2.2,1.67,2.2,1.74,2.22,1.75,2.16,1.7,9488,1318
9489,1488,1429,1429,2024-07-01,2024-07-01,0,pavlyuchenkova|a / townsend|t,Wimbledon,Wimbledon,R128,R128,1.0,1.0,1.0,1.0,100.0,31,London,Wimbledon,2024-07-01,Grand Slam,Outdoor,Grass,1st Round,3,Pavlyuchenkova A.,Townsend T.,28.0,76.0,1756.0,864.0,7.0,6.0,6.0,1.0,,,2.0,0.0,Completed,1.36,3.2,1.4,3.15,1.44,3.2,1.39,3.01,9489,1319
9490,1489,1449,1449,2024-07-01,2024-07-01,0,raducanu|e / zarazua|r,Wimbledon,Wimbledon,R128,R128,1.0,1.0,1.0,1.0,100.0,31,London,Wimbledon,2024-07-01,Grand Slam,Outdoor,Grass,1st Round,3,Raducanu E.,Zarazua R.,135.0,98.0,559.0,750.0,7.0,6.0,6.0,3.0,,,2.0,0.0,Completed,1.1,7.0,1.09,8.61,1.11,8.77,1.09,7.61,9490,1320
9491,1490,1437,1437,2024-07-01,2024-07-01,0,hibino|n / mertens|e,Wimbledon,Wimbledon,R128,R128,1.0,1.0,1.0,1.0,100.0,31,London,Wimbledon,2024-07-01,Grand Slam,Outdoor,Grass,1st Round,3,Mertens E.,Hibino N.,33.0,94.0,1629.0,770.0,2.0,6.0,6.0,2.0,6.0,4.0,2.0,1.0,Completed,1.3,3.5,1.3,3.88,1.31,3.92,1.28,3.7,9491,1321
9492,1491,1438,1438,2024-07-01,2024-07-01,0,rus|a / yuan|y,Wimbledon,Wimbledon,R128,R128,1.0,1.0,1.0,1.0,100.0,31,London,Wimbledon,2024-07-01,Grand Slam,Outdoor,Grass,1st Round,3,Rus A.,Yuan Y.,56.0,39.0,1054.0,1452.0,6.0,2.0,6.0,3.0,,,2.0,0.0,Completed,2.75,1.44,2.86,1.47,2.93,1.49,2.76,1.45,9492,1322
9493,1492,1428,1428,2024-07-01,2024-07-01,0,kessler|m / sakkari|m,Wimbledon,Wimbledon,R128,R128,1.0,1.0,1.0,1.0,100.0,31,London,Wimbledon,2024-07-01,Grand Slam,Outdoor,Grass,1st Round,3,Sakkari M.,Kessler M.,9.0,119.0,3805.0,631.0,6.0,3.0,6.0,1.0,,,2.0,0.0,Completed,1.17,5.0,1.23,4.69,1.23,5.0,1.2,4.63,9493,1323
9494,1493,1436,1436,2024-07-01,2024-07-01,0,kasatkina|d / zhang|s,Wimbledon,Wimbledon,R128,R128,1.0,1.0,1.0,1.0,100.0,31,London,Wimbledon,2024-07-01,Grand Slam,Outdoor,Grass,1st Round,3,Kasatkina D.,Zhang S.,12.0,680.0,3283.0,54.0,6.0,3.0,6.0,0.0,,,2.0,0.0,Completed,1.04,13.0,1.04,17.69,1.05,17.69,1.03,12.76,9494,1324
9495,1494,1452,1452,2024-07-01,2024-07-01,0,korpatsch|t / miyazaki|y,Wimbledon,Wimbledon,R128,R128,1.0,1.0,1.0,1.0,100.0,31,London,Wimbledon,2024-07-01,Grand Slam,Outdoor,Grass,1st Round,3,Miyazaki Y.,Korpatsch T.,148.0,73.0,512.0,895.0,6.0,2.0,6.0,1.0,,,2.0,0.0,Completed,1.62,2.3,1.74,2.2,1.8,2.32,1.68,2.19,9495,1325
9496,1495,1458,1458,2024-07-01,2024-07-01,0,badosa|p / muchova|k,Wimbledon,Wimbledon,R128,R128,1.0,1.0,1.0,1.0,100.0,31,London,Wimbledon,2024-07-01,Grand Slam,Outdoor,Grass,1st Round,3,Badosa P.,Muchova K.,93.0,34.0,770.0,1618.0,6.0,3.0,6.0,2.0,,,2.0,0.0,Completed,2.0,1.8,2.08,1.83,2.11,1.91,2.02,1.8,9496,1326
9497,1496,1454,1454,2024-07-01,2024-07-01,0,andreeva|m / fruhvirtova|b,Wimbledon,Wimbledon,R128,R128,1.0,1.0,1.0,1.0,100.0,31,London,Wimbledon,2024-07-01,Grand Slam,Outdoor,Grass,1st Round,3,Fruhvirtova B.,Andreeva M.,88.0,23.0,801.0,2018.0,1.0,6.0,6.0,3.0,6.0,2.0,2.0,1.0,Completed,5.0,1.17,5.83,1.17,5.97,1.18,5.33,1.16,9497,1327
9498,1497,1433,1433,2024-07-01,2024-07-01,0,podoroska|n / yastremska|d,Wimbledon,Wimbledon,R128,R128,1.0,1.0,1.0,1.0,100.0,31,London,Wimbledon,2024-07-01,Grand Slam,Outdoor,Grass,1st Round,3,Yastremska D.,Podoroska N.,27.0,65.0,1760.0,983.0,6.0,1.0,7.0,6.0,,,2.0,0.0,Completed,1.36,3.2,1.41,3.13,1.41,3.2,1.39,3.02,9498,1328
9499,1498,1432,1432,2024-07-01,2024-07-01,0,gracheva|v / tsurenko|l,Wimbledon,Wimbledon,R128,R128,1.0,1.0,1.0,1.0,100.0,31,London,Wimbledon,2024-07-01,Grand Slam,Outdoor,Grass,1st Round,3,Gracheva V.,Tsurenko L.,70.0,59.0,920.0,1048.0,6.0,3.0,6.0,1.0,,,2.0,0.0,Completed,1.73,2.1,1.83,2.07,1.87,2.22,1.74,2.09,9499,1329
9501,1500,1448,1448,2024-07-01,2024-07-01,0,andreeva|e / bektas|e,Wimbledon,Wimbledon,R128,R128,1.0,1.0,1.0,1.0,100.0,31,London,Wimbledon,2024-07-01,Grand Slam,Outdoor,Grass,1st Round,3,Andreeva E.,Bektas E.,101.0,107.0,729.0,686.0,7.0,6.0,3.0,6.0,6.0,3.0,2.0,1.0,Completed,2.38,1.57,2.15,1.76,2.38,1.76,2.24,1.66,9501,1330
9502,1501,1439,1439,2024-07-01,2024-07-01,0,paolini|j / sorribes tormo|s <> paolini|j / tormo|s,Wimbledon,Wimbledon,R128,R128,1.0,1.0,1.0,1.0,100.0,31,London,Wimbledon,2024-07-01,Grand Slam,Outdoor,Grass,1st Round,3,Paolini J.,Sorribes Tormo S.,7.0,55.0,4228.0,1055.0,7.0,5.0,6.0,3.0,,,2.0,0.0,Completed,1.14,5.5,1.18,5.63,1.18,5.9,1.16,5.4,9502,1331
9503,1502,1431,1431,2024-07-01,2024-07-01,0,minnen|g / watson|h,Wimbledon,Wimbledon,R128,R128,1.0,1.0,1.0,1.0,100.0,31,London,Wimbledon,2024-07-01,Grand Slam,Outdoor,Grass,1st Round,3,Minnen G.,Watson H.,80.0,199.0,848.0,366.0,7.0,5.0,6.0,4.0,,,2.0,0.0,Completed,1.57,2.38,1.7,2.26,1.7,2.4,1.62,2.29,9503,1332
9504,1503,1455,1455,2024-07-01,2024-07-01,0,andreescu|b / cristian|j,Wimbledon,Wimbledon,R128,R128,1.0,1.0,1.0,1.0,100.0,31,London,Wimbledon,2024-07-01,Grand Slam,Outdoor,Grass,1st Round,3,Andreescu B.,Cristian J.,176.0,62.0,426.0,996.0,6.0,4.0,6.0,2.0,,,2.0,0.0,Completed,1.25,4.0,1.28,4.01,1.29,4.12,1.26,3.88,9504,1333
9505,1504,1459,1459,2024-07-01,2024-07-01,0,errani|s / noskova|l,Wimbledon,Wimbledon,R128,R128,1.0,1.0,1.0,1.0,100.0,31,London,Wimbledon,2024-07-01,Grand Slam,Outdoor,Grass,1st Round,3,Noskova L.,Errani S.,26.0,86.0,1775.0,810.0,7.0,6.0,6.0,1.0,,,2.0,0.0,Completed,1.25,4.0,1.23,4.66,1.25,4.66,1.23,4.23,9505,1334
9506,1505,1435,1435,2024-07-01,2024-07-01,0,kostyuk|m / sramkova|r,Wimbledon,Wimbledon,R128,R128,1.0,1.0,1.0,1.0,100.0,31,London,Wimbledon,2024-07-01,Grand Slam,Outdoor,Grass,1st Round,3,Kostyuk M.,Sramkova R.,19.0,105.0,2240.0,695.0,6.0,3.0,6.0,2.0,,,2.0,0.0,Completed,1.22,4.33,1.24,4.55,1.25,4.55,1.23,4.27,9506,1335
9507,1506,1444,1444,2024-07-01,2024-07-01,0,saville|d / stearns|p,Wimbledon,Wimbledon,R128,R128,1.0,1.0,1.0,1.0,100.0,31,London,Wimbledon,2024-07-01,Grand Slam,Outdoor,Grass,1st Round,3,Saville D.,Stearns P.,82.0,52.0,830.0,1082.0,6.0,4.0,6.0,2.0,,,2.0,0.0,Completed,2.2,1.67,2.38,1.65,2.38,1.68,2.23,1.66,9507,1336
9508,1507,1440,1440,2024-07-01,2024-07-01,0,schmiedlova|a / wang|y,Wimbledon,Wimbledon,R128,R128,1.0,1.0,1.0,1.0,100.0,31,London,Wimbledon,2024-07-01,Grand Slam,Outdoor,Grass,1st Round,3,Wang Y.,Schmiedlova A.,71.0,74.0,919.0,880.0,6.0,0.0,3.0,6.0,6.0,4.0,2.0,1.0,Completed,1.62,2.3,1.56,2.57,1.63,2.57,1.58,2.4,9508,1337
9509,1508,1442,1442,2024-07-01,2024-07-01,0,keys|m / trevisan|m,Wimbledon,Wimbledon,R128,R128,1.0,1.0,1.0,1.0,100.0,31,London,Wimbledon,2024-07-01,Grand Slam,Outdoor,Grass,1st Round,3,Keys M.,Trevisan M.,13.0,89.0,3068.0,793.0,6.0,4.0,7.0,6.0,,,2.0,0.0,Completed,1.03,17.0,1.03,19.98,1.04,26.56,1.02,15.02,9509,1338
9510,1509,1450,1450,2024-07-01,2024-07-01,0,jacquemot|e / stephens|s,Wimbledon,Wimbledon,R128,R128,1.0,1.0,1.0,1.0,100.0,31,London,Wimbledon,2024-07-01,Grand Slam,Outdoor,Grass,1st Round,3,Stephens S.,Jacquemot E.,50.0,151.0,1217.0,503.0,6.0,3.0,6.0,3.0,,,2.0,0.0,Completed,1.44,2.75,,,1.44,3.15,1.38,3.0,9510,1339
9512,1511,1443,1443,2024-07-01,2024-07-01,0,osaka|n / parry|d,Wimbledon,Wimbledon,R128,R128,1.0,1.0,1.0,1.0,100.0,31,London,Wimbledon,2024-07-01,Grand Slam,Outdoor,Grass,1st Round,3,Osaka N.,Parry D.,113.0,53.0,669.0,1077.0,6.0,1.0,1.0,6.0,6.0,4.0,2.0,1.0,Completed,1.25,4.0,1.25,4.33,1.26,4.4,1.24,4.06,9512,1340
9513,1512,1457,1457,2024-07-01,2024-07-01,0,navarro|e / wang|q,Wimbledon,Wimbledon,R128,R128,1.0,1.0,1.0,1.0,100.0,31,London,Wimbledon,2024-07-01,Grand Slam,Outdoor,Grass,1st Round,3,Navarro E.,Wang Q.,17.0,479.0,2323.0,118.0,6.0,0.0,6.0,2.0,,,2.0,0.0,Completed,1.06,10.0,1.06,12.63,1.06,12.68,1.05,10.2,9513,1341
9514,1513,1453,1453,2024-07-01,2024-07-01,0,cirstea|s / kartal|s,Wimbledon,Wimbledon,R128,R128,1.0,1.0,1.0,1.0,100.0,31,London,Wimbledon,2024-07-01,Grand Slam,Outdoor,Grass,1st Round,3,Kartal S.,Cirstea S.,298.0,31.0,228.0,1675.0,3.0,6.0,6.0,2.0,6.0,0.0,2.0,1.0,Completed,1.91,1.91,1.97,1.92,2,2.0,1.92,1.89,9514,1342
9515,1514,1445,1445,2024-07-01,2024-07-01,0,burel|c / lys|e,Wimbledon,Wimbledon,R128,R128,1.0,1.0,1.0,1.0,100.0,31,London,Wimbledon,2024-07-01,Grand Slam,Outdoor,Grass,1st Round,3,Burel C.,Lys E.,45.0,129.0,1288.0,592.0,6.0,2.0,6.0,4.0,,,2.0,0.0,Completed,2.2,1.67,2.07,1.83,2.22,1.83,2.1,1.74,9515,1343
9516,1515,1434,1434,2024-07-01,2024-07-01,0,danilovic|o / todoni|a,Wimbledon,Wimbledon,R128,R128,1.0,1.0,1.0,1.0,100.0,31,London,Wimbledon,2024-07-01,Grand Slam,Outdoor,Grass,1st Round,3,Todoni A.,Danilovic O.,142.0,116.0,541.0,641.0,7.0,5.0,6.0,1.0,,,2.0,0.0,Completed,1.91,1.91,1.98,1.91,1.99,1.95,1.93,1.89,9516,1344
9517,1516,1456,1456,2024-07-01,2024-07-01,0,dolehide|c / gauff|c,Wimbledon,Wimbledon,R128,R128,1.0,1.0,1.0,1.0,100.0,31,London,Wimbledon,2024-07-01,Grand Slam,Outdoor,Grass,1st Round,3,Gauff C.,Dolehide C.,2.0,51.0,7943.0,1100.0,6.0,1.0,6.0,2.0,,,2.0,0.0,Completed,1.05,11.0,1.04,16.07,1.06,16.07,1.04,11.5,9517,1345
9454,1453,1474,1474,2024-07-01,2024-07-02,1,kenin|s / swiatek|i,Wimbledon,Wimbledon,R128,R128,1.0,1.0,1.0,0.9523809523809523,99.76190476190476,31,London,Wimbledon,2024-07-02,Grand Slam,Outdoor,Grass,1st Round,3,Swiatek I.,Kenin S.,1.0,49.0,11585.0,1221.0,6.0,3.0,6.0,4.0,,,2.0,0.0,Completed,1.06,10.0,1.07,11.43,1.07,11.68,1.06,9.63,9454,1346
9455,1454,1478,1478,2024-07-01,2024-07-02,1,jones|f / martic|p,Wimbledon,Wimbledon,R128,R128,1.0,1.0,1.0,0.9523809523809523,99.76190476190476,31,London,Wimbledon,2024-07-02,Grand Slam,Outdoor,Grass,1st Round,3,Martic P.,Jones F.,85.0,215.0,811.0,345.0,3.0,6.0,6.0,1.0,6.0,2.0,2.0,1.0,Completed,1.4,3.0,1.46,2.9,1.49,3.02,1.42,2.87,9455,1347
9456,1455,1479,1479,2024-07-01,2024-07-02,1,kerber|a / putintseva|y,Wimbledon,Wimbledon,R128,R128,1.0,1.0,1.0,0.9523809523809523,99.76190476190476,31,London,Wimbledon,2024-07-02,Grand Slam,Outdoor,Grass,1st Round,3,Putintseva Y.,Kerber A.,35.0,221.0,1553.0,334.0,7.0,5.0,6.0,3.0,,,2.0,0.0,Completed,1.5,2.63,1.52,2.71,1.57,2.75,1.49,2.62,9456,1348
9457,1456,1483,1483,2024-07-01,2024-07-02,1,siniakova|k / stakusic|m,Wimbledon,Wimbledon,R128,R128,1.0,1.0,1.0,0.9523809523809523,99.76190476190476,31,London,Wimbledon,2024-07-02,Grand Slam,Outdoor,Grass,1st Round,3,Siniakova K.,Stakusic M.,36.0,164.0,1546.0,456.0,6.0,4.0,6.0,2.0,,,2.0,0.0,Completed,1.22,4.33,1.27,4.11,1.34,4.34,1.24,4.05,9457,1349
9458,1457,1476,1476,2024-07-01,2024-07-02,1,blinkova|a / garcia|c,Wimbledon,Wimbledon,R128,R128,1.0,1.0,1.0,0.9523809523809523,99.76190476190476,31,London,Wimbledon,2024-07-02,Grand Slam,Outdoor,Grass,1st Round,3,Garcia C.,Blinkova A.,24.0,60.0,1938.0,1030.0,6.0,4.0,7.0,5.0,,,2.0,0.0,Completed,1.67,2.2,1.67,2.33,1.74,2.33,1.7,2.15,9458,1350
9459,1458,1468,1468,2024-07-01,2024-07-02,1,pera|b / potapova|a,Wimbledon,Wimbledon,R128,R128,1.0,1.0,1.0,0.9523809523809523,99.76190476190476,31,London,Wimbledon,2024-07-02,Grand Slam,Outdoor,Grass,1st Round,3,Pera B.,Potapova A.,97.0,41.0,752.0,1415.0,6.0,7.0,6.0,4.0,7.0,6.0,2.0,1.0,Completed,3.2,1.36,3.24,1.39,3.35,1.39,3.18,1.36,9459,1351
9460,1459,1482,1482,2024-07-01,2024-07-02,1,dodin|o / snigur|d,Wimbledon,Wimbledon,R128,R128,1.0,1.0,1.0,0.9523809523809523,99.76190476190476,31,London,Wimbledon,2024-07-02,Grand Slam,Outdoor,Grass,1st Round,3,Snigur D.,Dodin O.,130.0,79.0,592.0,849.0,6.0,4.0,6.0,0.0,,,2.0,0.0,Completed,1.29,3.75,1.31,3.73,1.31,3.88,1.29,3.64,9460,1352
9461,1460,1472,1472,2024-07-01,2024-07-02,1,ostapenko|j / tomljanovic|a,Wimbledon,Wimbledon,R128,R128,1.0,1.0,1.0,0.9523809523809523,99.76190476190476,31,London,Wimbledon,2024-07-02,Grand Slam,Outdoor,Grass,1st Round,3,Ostapenko J.,Tomljanovic A.,14.0,136.0,3058.0,556.0,6.0,1.0,6.0,2.0,,,2.0,0.0,Completed,1.5,2.63,1.5,2.75,1.54,2.8,1.49,2.64,9461,1353
9463,1462,1480,1480,2024-07-01,2024-07-02,1,galfi|d / sherif|m,Wimbledon,Wimbledon,R128,R128,1.0,1.0,1.0,0.9523809523809523,99.76190476190476,31,London,Wimbledon,2024-07-02,Grand Slam,Outdoor,Grass,1st Round,3,Galfi D.,Sherif M.,127.0,78.0,595.0,855.0,6.0,1.0,6.0,2.0,,,2.0,0.0,Completed,1.5,2.63,1.59,2.51,1.59,2.75,1.52,2.55,9463,1354
9468,1467,1462,1462,2024-07-01,2024-07-02,1,bogdan|a / bucsa|c,Wimbledon,Wimbledon,R128,R128,1.0,1.0,1.0,0.9523809523809523,99.76190476190476,31,London,Wimbledon,2024-07-02,Grand Slam,Outdoor,Grass,1st Round,3,Bucsa C.,Bogdan A.,64.0,57.0,984.0,1053.0,6.0,4.0,4.0,6.0,7.0,6.0,2.0,1.0,Completed,2.5,1.53,2.48,1.6,2.51,1.66,2.44,1.56,9468,1355
9469,1468,1466,1466,2024-07-01,2024-07-02,1,bouzas maneiro|j / vondrousova|m <> maneiro|j / vondrousova|m,Wimbledon,Wimbledon,R128,R128,1.0,1.0,1.0,0.9523809523809523,99.76190476190476,31,London,Wimbledon,2024-07-02,Grand Slam,Outdoor,Grass,1st Round,3,Bouzas Maneiro J.,Vondrousova M.,83.0,6.0,828.0,4463.0,6.0,4.0,6.0,2.0,,,2.0,0.0,Completed,6.0,1.13,5.92,1.16,6.49,1.16,5.79,1.14,9469,1356
9470,1469,1465,1465,2024-07-01,2024-07-02,1,ruse|e / rybakina|e,Wimbledon,Wimbledon,R128,R128,1.0,1.0,1.0,0.9523809523809523,99.76190476190476,31,London,Wimbledon,2024-07-02,Grand Slam,Outdoor,Grass,1st Round,3,Rybakina E.,Ruse E.G.,4.0,152.0,6026.0,491.0,6.0,3.0,6.0,1.0,,,2.0,0.0,Completed,1.07,9.0,1.1,7.93,1.12,9.0,1.08,7.92,9470,1357
9471,1470,1464,1464,2024-07-01,2024-07-02,1,baindl|k / siegemund|l,Wimbledon,Wimbledon,R128,R128,1.0,1.0,1.0,0.9523809523809523,99.76190476190476,31,London,Wimbledon,2024-07-02,Grand Slam,Outdoor,Grass,1st Round,3,Siegemund L.,Baindl K.,72.0,184.0,917.0,416.0,6.0,4.0,6.0,1.0,,,2.0,0.0,Completed,1.29,3.75,1.29,3.78,1.29,4.04,1.28,3.72,9471,1358
9472,1471,1481,1481,2024-07-01,2024-07-02,1,parks|a / wozniacki|c,Wimbledon,Wimbledon,R128,R128,1.0,1.0,1.0,0.9523809523809523,99.76190476190476,31,London,Wimbledon,2024-07-02,Grand Slam,Outdoor,Grass,1st Round,3,Wozniacki C.,Parks A.,91.0,121.0,774.0,624.0,6.0,2.0,6.0,0.0,,,2.0,0.0,Completed,1.62,2.3,1.61,2.46,1.67,2.46,1.6,2.33,9472,1359
9473,1472,1475,1475,2024-07-01,2024-07-02,1,bronzetti|l / fernandez|l,Wimbledon,Wimbledon,R128,R128,1.0,1.0,1.0,0.9523809523809523,99.76190476190476,31,London,Wimbledon,2024-07-02,Grand Slam,Outdoor,Grass,1st Round,3,Fernandez L.A.,Bronzetti L.,25.0,81.0,1920.0,833.0,6.0,4.0,6.0,3.0,,,2.0,0.0,Completed,1.22,4.33,1.22,4.81,1.25,5.08,1.21,4.49,9473,1360
9474,1473,1470,1470,2024-07-01,2024-07-02,1,kalinskaya|a / udvardy|p,Wimbledon,Wimbledon,R128,R128,1.0,1.0,1.0,0.9523809523809523,99.76190476190476,31,London,Wimbledon,2024-07-02,Grand Slam,Outdoor,Grass,1st Round,3,Kalinskaya A.,Udvardy P.,18.0,134.0,2310.0,562.0,6.0,3.0,6.0,2.0,,,2.0,0.0,Completed,1.11,6.5,1.14,6.51,1.14,7.36,1.12,6.23,9474,1361
9475,1474,1471,1471,2024-07-01,2024-07-02,1,bouzkova|m / riera|j,Wimbledon,Wimbledon,R128,R128,1.0,1.0,1.0,0.9523809523809523,99.76190476190476,31,London,Wimbledon,2024-07-02,Grand Slam,Outdoor,Grass,1st Round,3,Bouzkova M.,Riera J.,40.0,106.0,1445.0,687.0,6.0,2.0,6.0,1.0,,,2.0,0.0,Completed,1.14,5.5,1.21,4.98,1.21,5.75,1.16,5.2,9475,1362
9476,1475,1473,1473,2024-07-01,2024-07-02,1,avanesyan|e / kalinina|a,Wimbledon,Wimbledon,R128,R128,1.0,1.0,1.0,0.9523809523809523,99.76190476190476,31,London,Wimbledon,2024-07-02,Grand Slam,Outdoor,Grass,1st Round,3,Avanesyan E.,Kalinina A.,77.0,47.0,855.0,1246.0,6.0,2.0,6.0,3.0,,,2.0,0.0,Completed,2.0,1.8,2.05,1.85,2.13,1.85,2.01,1.8,9476,1363
9477,1476,1467,1467,2024-07-01,2024-07-02,1,masarova|r / samsonova|l,Wimbledon,Wimbledon,R128,R128,1.0,1.0,1.0,0.9523809523809523,99.76190476190476,31,London,Wimbledon,2024-07-02,Grand Slam,Outdoor,Grass,1st Round,3,Samsonova L.,Masarova R.,15.0,109.0,2830.0,682.0,6.0,3.0,4.0,6.0,6.0,2.0,2.0,1.0,Completed,1.17,5.0,1.2,5.16,1.21,5.5,1.18,4.89,9477,1364
9478,1477,1484,1484,2024-07-01,2024-07-02,1,jabeur|o / uchijima|m,Wimbledon,Wimbledon,R128,R128,1.0,1.0,1.0,0.9523809523809523,99.76190476190476,31,London,Wimbledon,2024-07-02,Grand Slam,Outdoor,Grass,1st Round,3,Jabeur O.,Uchijima M.,10.0,68.0,3801.0,940.0,6.0,3.0,6.0,1.0,,,2.0,0.0,Completed,1.07,9.0,1.09,9.62,1.1,10.87,1.07,8.69,9478,1365
9479,1478,1477,1477,2024-07-01,2024-07-02,1,gadecki|o / montgomery|r,Wimbledon,Wimbledon,R128,R128,1.0,1.0,1.0,0.9523809523809523,99.76190476190476,31,London,Wimbledon,2024-07-02,Grand Slam,Outdoor,Grass,1st Round,3,Montgomery R.,Gadecki O.,161.0,173.0,464.0,432.0,6.0,4.0,6.0,4.0,,,2.0,0.0,Completed,1.5,2.63,1.52,2.71,1.55,2.75,1.5,2.61,9479,1366
9482,1481,1469,1469,2024-07-01,2024-07-02,1,boulter|k / maria|t,Wimbledon,Wimbledon,R128,R128,1.0,1.0,1.0,0.9523809523809523,99.76190476190476,31,London,Wimbledon,2024-07-02,Grand Slam,Outdoor,Grass,1st Round,3,Boulter K.,Maria T.,29.0,63.0,1748.0,994.0,7.0,6.0,7.0,5.0,,,2.0,0.0,Completed,1.2,4.5,1.24,4.55,1.24,4.64,1.21,4.36,9482,1367
9483,1482,1461,1461,2024-07-01,2024-07-02,1,bai|z / dart|h,Wimbledon,Wimbledon,R128,R128,1.0,1.0,1.0,0.9523809523809523,99.76190476190476,31,London,Wimbledon,2024-07-02,Grand Slam,Outdoor,Grass,1st Round,3,Dart H.,Bai Z.,100.0,95.0,739.0,756.0,6.0,4.0,6.0,0.0,,,2.0,0.0,Completed,1.5,2.63,1.53,2.66,1.53,2.75,1.5,2.6,9483,1368
9485,1484,1463,1463,2024-07-01,2024-07-02,1,krueger|a / pegula|j,Wimbledon,Wimbledon,R128,R128,1.0,1.0,1.0,0.9523809523809523,99.76190476190476,31,London,Wimbledon,2024-07-02,Grand Slam,Outdoor,Grass,1st Round,3,Pegula J.,Krueger A.,5.0,75.0,5025.0,869.0,6.0,2.0,6.0,0.0,,,2.0,0.0,Completed,1.14,5.5,1.18,5.42,1.22,5.55,1.18,4.93,9485,1369
9462,1461,1491,1491,2024-07-01,2024-07-03,2,collins|d / tauson|c,Wimbledon,Wimbledon,R128,R128,1.0,1.0,1.0,0.9047619047619048,99.52380952380952,31,London,Wimbledon,2024-07-03,Grand Slam,Outdoor,Grass,1st Round,3,Collins D.,Tauson C.,11.0,66.0,3532.0,981.0,6.0,3.0,7.0,6.0,,,2.0,0.0,Completed,1.36,3.2,1.41,3.14,1.42,3.2,1.38,3.04,9462,1370
9465,1464,1488,1488,2024-07-01,2024-07-03,2,frech|m / haddad maia|b <> frech|m / maia|b,Wimbledon,Wimbledon,R128,R128,1.0,1.0,1.0,0.9047619047619048,99.52380952380952,31,London,Wimbledon,2024-07-03,Grand Slam,Outdoor,Grass,1st Round,3,Haddad Maia B.,Frech M.,20.0,58.0,2218.0,1049.0,7.0,5.0,6.0,3.0,,,2.0,0.0,Completed,1.5,2.63,1.57,2.55,1.57,2.63,1.54,2.51,9465,1371
9466,1465,1487,1487,2024-07-01,2024-07-03,2,krejcikova|b / kudermetova|v,Wimbledon,Wimbledon,R128,R128,1.0,1.0,1.0,0.9047619047619048,99.52380952380952,31,London,Wimbledon,2024-07-03,Grand Slam,Outdoor,Grass,1st Round,3,Krejcikova B.,Kudermetova V.,32.0,38.0,1643.0,1488.0,7.0,6.0,6.0,7.0,7.0,5.0,2.0,1.0,Completed,2.2,1.67,2.29,1.69,2.31,1.73,2.22,1.67,9466,1372
9467,1466,1490,1490,2024-07-01,2024-07-03,2,carle|m / volynets|k,Wimbledon,Wimbledon,R128,R128,1.0,1.0,1.0,0.9047619047619048,99.52380952380952,31,London,Wimbledon,2024-07-03,Grand Slam,Outdoor,Grass,1st Round,3,Volynets K.,Carle M.,69.0,87.0,927.0,809.0,6.0,2.0,7.0,5.0,,,2.0,0.0,Completed,1.3,3.5,1.35,3.49,1.35,3.76,1.31,3.47,9467,1373
9480,1479,1486,1486,2024-07-01,2024-07-03,2,golubic|v / niemeier|j,Wimbledon,Wimbledon,R128,R128,1.0,1.0,1.0,0.9047619047619048,99.52380952380952,31,London,Wimbledon,2024-07-03,Grand Slam,Outdoor,Grass,1st Round,3,Niemeier J.,Golubic V.,90.0,67.0,790.0,964.0,6.0,2.0,6.0,1.0,,,2.0,0.0,Completed,1.8,2.0,1.81,2.11,1.85,2.15,1.79,2.03,9480,1374
9481,1480,1485,1485,2024-07-01,2024-07-03,2,linette|m / svitolina|e,Wimbledon,Wimbledon,R128,R128,1.0,1.0,1.0,0.9047619047619048,99.52380952380952,31,London,Wimbledon,2024-07-03,Grand Slam,Outdoor,Grass,1st Round,3,Svitolina E.,Linette M.,21.0,44.0,2100.0,1291.0,7.0,5.0,6.0,7.0,6.0,3.0,2.0,1.0,Completed,1.4,3.0,1.47,2.88,1.47,3.0,1.43,2.89,9481,1375
9534,1533,1502,1502,2024-07-01,2024-07-03,2,starodubtseva|y / sun|l,Wimbledon,Wimbledon,R64,R64,1.0,1.0,1.0,0.9047619047619048,99.52380952380952,31,London,Wimbledon,2024-07-03,Grand Slam,Outdoor,Grass,2nd Round,3,Sun L.,Starodubtseva Y.,123.0,153.0,616.0,490.0,4.0,6.0,6.0,3.0,6.0,2.0,2.0,1.0,Completed,1.91,1.91,1.91,2.0,2,2.0,1.9,1.91,9534,1376
9535,1534,1499,1499,2024-07-01,2024-07-03,2,pavlyuchenkova|a / zhu|l,Wimbledon,Wimbledon,R64,R64,1.0,1.0,1.0,0.9047619047619048,99.52380952380952,31,London,Wimbledon,2024-07-03,Grand Slam,Outdoor,Grass,2nd Round,3,Zhu L.,Pavlyuchenkova A.,61.0,28.0,997.0,1756.0,6.0,4.0,6.0,3.0,,,2.0,0.0,Completed,3.2,1.36,3.3,1.39,3.38,1.43,3.14,1.37,9535,1377
9536,1535,1496,1496,2024-07-01,2024-07-03,2,mertens|e / raducanu|e,Wimbledon,Wimbledon,R64,R64,1.0,1.0,1.0,0.9047619047619048,99.52380952380952,31,London,Wimbledon,2024-07-03,Grand Slam,Outdoor,Grass,2nd Round,3,Raducanu E.,Mertens E.,135.0,33.0,559.0,1629.0,6.0,1.0,6.0,2.0,,,2.0,0.0,Completed,1.44,2.75,1.51,2.75,1.6,2.78,1.5,2.62,9536,1378
9537,1536,1498,1498,2024-07-01,2024-07-03,2,rus|a / sakkari|m,Wimbledon,Wimbledon,R64,R64,1.0,1.0,1.0,0.9047619047619048,99.52380952380952,31,London,Wimbledon,2024-07-03,Grand Slam,Outdoor,Grass,2nd Round,3,Sakkari M.,Rus A.,9.0,56.0,3805.0,1054.0,7.0,5.0,6.0,3.0,,,2.0,0.0,Completed,1.14,5.5,1.14,7.02,1.16,7.02,1.13,6.12,9537,1379
9540,1539,1501,1501,2024-07-01,2024-07-03,2,gracheva|v / yastremska|d,Wimbledon,Wimbledon,R64,R64,1.0,1.0,1.0,0.9047619047619048,99.52380952380952,31,London,Wimbledon,2024-07-03,Grand Slam,Outdoor,Grass,2nd Round,3,Yastremska D.,Gracheva V.,27.0,70.0,1760.0,920.0,3.0,6.0,6.0,4.0,7.0,6.0,2.0,1.0,Completed,1.62,2.3,1.65,2.4,1.67,2.4,1.62,2.3,9540,1380
9541,1540,1500,1500,2024-07-01,2024-07-03,2,andreeva|e / vekic|d,Wimbledon,Wimbledon,R64,R64,1.0,1.0,1.0,0.9047619047619048,99.52380952380952,31,London,Wimbledon,2024-07-03,Grand Slam,Outdoor,Grass,2nd Round,3,Vekic D.,Andreeva E.,37.0,101.0,1488.0,729.0,6.0,2.0,6.0,3.0,,,2.0,0.0,Completed,1.2,4.5,1.21,5.05,1.25,5.05,1.2,4.54,9541,1381
9542,1541,1503,1503,2024-07-01,2024-07-03,2,minnen|g / paolini|j,Wimbledon,Wimbledon,R64,R64,1.0,1.0,1.0,0.9047619047619048,99.52380952380952,31,London,Wimbledon,2024-07-03,Grand Slam,Outdoor,Grass,2nd Round,3,Paolini J.,Minnen G.,7.0,80.0,4228.0,848.0,7.0,6.0,6.0,2.0,,,2.0,0.0,Completed,1.36,3.2,1.39,3.27,1.41,3.27,1.38,3.07,9542,1382
9543,1542,1494,1494,2024-07-01,2024-07-03,2,andreescu|b / noskova|l,Wimbledon,Wimbledon,R64,R64,1.0,1.0,1.0,0.9047619047619048,99.52380952380952,31,London,Wimbledon,2024-07-03,Grand Slam,Outdoor,Grass,2nd Round,3,Andreescu B.,Noskova L.,176.0,26.0,426.0,1775.0,6.0,3.0,7.0,6.0,,,2.0,0.0,Completed,2.0,1.8,2.05,1.86,2.06,1.86,2.0,1.82,9543,1383
9546,1545,1495,1495,2024-07-01,2024-07-03,2,shnaider|d / stephens|s,Wimbledon,Wimbledon,R64,R64,1.0,1.0,1.0,0.9047619047619048,99.52380952380952,31,London,Wimbledon,2024-07-03,Grand Slam,Outdoor,Grass,2nd Round,3,Shnaider D.,Stephens S.,30.0,50.0,1690.0,1217.0,6.0,1.0,6.0,1.0,,,2.0,0.0,Completed,1.57,2.38,1.61,2.48,1.63,2.5,1.57,2.41,9546,1384
9547,1546,1497,1497,2024-07-01,2024-07-03,2,navarro|e / osaka|n,Wimbledon,Wimbledon,R64,R64,1.0,1.0,1.0,0.9047619047619048,99.52380952380952,31,London,Wimbledon,2024-07-03,Grand Slam,Outdoor,Grass,2nd Round,3,Navarro E.,Osaka N.,17.0,113.0,2323.0,669.0,6.0,4.0,6.0,1.0,,,2.0,0.0,Completed,2.2,1.67,2.2,1.76,2.25,1.76,2.16,1.7,9547,1385
9548,1547,1493,1493,2024-07-01,2024-07-03,2,burel|c / kartal|s,Wimbledon,Wimbledon,R64,R64,1.0,1.0,1.0,0.9047619047619048,99.52380952380952,31,London,Wimbledon,2024-07-03,Grand Slam,Outdoor,Grass,2nd Round,3,Kartal S.,Burel C.,298.0,45.0,228.0,1288.0,6.0,3.0,5.0,7.0,6.0,3.0,2.0,1.0,Completed,1.62,2.3,1.66,2.37,1.68,2.37,1.65,2.26,9548,1386
9549,1548,1492,1492,2024-07-01,2024-07-03,2,gauff|c / todoni|a,Wimbledon,Wimbledon,R64,R64,1.0,1.0,1.0,0.9047619047619048,99.52380952380952,31,London,Wimbledon,2024-07-03,Grand Slam,Outdoor,Grass,2nd Round,3,Gauff C.,Todoni A.,2.0,142.0,7943.0,541.0,6.0,2.0,6.0,1.0,,,2.0,0.0,Completed,1.03,15.0,1.05,16.53,1.05,22.53,1.04,12.21,9549,1387
9518,1517,1521,1521,2024-07-01,2024-07-04,3,martic|p / swiatek|i,Wimbledon,Wimbledon,R64,R64,1.0,1.0,1.0,0.8571428571428572,99.28571428571429,31,London,Wimbledon,2024-07-04,Grand Slam,Outdoor,Grass,2nd Round,3,Swiatek I.,Martic P.,1.0,85.0,11585.0,811.0,6.0,4.0,6.0,3.0,,,2.0,0.0,Completed,1.02,19.0,1.02,27.34,1.04,27.34,1.02,15.49,9518,1388
9519,1518,1510,1510,2024-07-01,2024-07-04,3,putintseva|y / siniakova|k,Wimbledon,Wimbledon,R64,R64,1.0,1.0,1.0,0.8571428571428572,99.28571428571429,31,London,Wimbledon,2024-07-04,Grand Slam,Outdoor,Grass,2nd Round,3,Putintseva Y.,Siniakova K.,35.0,36.0,1553.0,1546.0,6.0,0.0,4.0,6.0,6.0,2.0,2.0,1.0,Completed,2.1,1.73,2.2,1.76,2.2,1.76,2.11,1.74,9519,1389
9520,1519,1519,1519,2024-07-01,2024-07-04,3,garcia|c / pera|b,Wimbledon,Wimbledon,R64,R64,1.0,1.0,1.0,0.8571428571428572,99.28571428571429,31,London,Wimbledon,2024-07-04,Grand Slam,Outdoor,Grass,2nd Round,3,Pera B.,Garcia C.,97.0,24.0,752.0,1938.0,3.0,6.0,6.0,3.0,6.0,4.0,2.0,1.0,Completed,2.3,1.62,2.4,1.65,2.41,1.67,2.3,1.63,9520,1390
9521,1520,1516,1516,2024-07-01,2024-07-04,3,ostapenko|j / snigur|d,Wimbledon,Wimbledon,R64,R64,1.0,1.0,1.0,0.8571428571428572,99.28571428571429,31,London,Wimbledon,2024-07-04,Grand Slam,Outdoor,Grass,2nd Round,3,Ostapenko J.,Snigur D.,14.0,130.0,3058.0,592.0,6.0,3.0,6.0,0.0,,,2.0,0.0,Completed,1.3,3.5,1.31,3.87,1.32,3.88,1.3,3.59,9521,1391
9522,1521,1517,1517,2024-07-01,2024-07-04,3,collins|d / galfi|d,Wimbledon,Wimbledon,R64,R64,1.0,1.0,1.0,0.8571428571428572,99.28571428571429,31,London,Wimbledon,2024-07-04,Grand Slam,Outdoor,Grass,2nd Round,3,Collins D.,Galfi D.,11.0,127.0,3532.0,595.0,6.0,3.0,6.0,4.0,,,2.0,0.0,Completed,1.25,4.0,1.29,4.04,1.3,4.42,1.27,3.82,9522,1392
9524,1523,1508,1508,2024-07-01,2024-07-04,3,krejcikova|b / volynets|k,Wimbledon,Wimbledon,R64,R64,1.0,1.0,1.0,0.8571428571428572,99.28571428571429,31,London,Wimbledon,2024-07-04,Grand Slam,Outdoor,Grass,2nd Round,3,Krejcikova B.,Volynets K.,32.0,69.0,1643.0,927.0,7.0,6.0,7.0,6.0,,,2.0,0.0,Completed,1.57,2.38,1.72,2.25,1.72,2.68,1.62,2.32,9524,1393
9525,1524,1509,1509,2024-07-01,2024-07-04,3,bouzas maneiro|j / bucsa|c <> bucsa|c / maneiro|j,Wimbledon,Wimbledon,R64,R64,1.0,1.0,1.0,0.8571428571428572,99.28571428571429,31,London,Wimbledon,2024-07-04,Grand Slam,Outdoor,Grass,2nd Round,3,Bouzas Maneiro J.,Bucsa C.,83.0,64.0,828.0,984.0,7.0,6.0,6.0,3.0,,,2.0,0.0,Completed,1.67,2.2,1.79,2.15,1.79,2.25,1.71,2.16,9525,1394
9526,1525,1520,1520,2024-07-01,2024-07-04,3,rybakina|e / siegemund|l,Wimbledon,Wimbledon,R64,R64,1.0,1.0,1.0,0.8571428571428572,99.28571428571429,31,London,Wimbledon,2024-07-04,Grand Slam,Outdoor,Grass,2nd Round,3,Rybakina E.,Siegemund L.,4.0,72.0,6026.0,917.0,6.0,3.0,3.0,6.0,6.0,3.0,2.0,1.0,Completed,1.04,13.0,1.06,14.07,1.07,14.07,1.05,11.04,9526,1395
9527,1526,1523,1523,2024-07-01,2024-07-04,3,fernandez|l / wozniacki|c,Wimbledon,Wimbledon,R64,R64,1.0,1.0,1.0,0.8571428571428572,99.28571428571429,31,London,Wimbledon,2024-07-04,Grand Slam,Outdoor,Grass,2nd Round,3,Wozniacki C.,Fernandez L.A.,91.0,25.0,774.0,1920.0,6.0,3.0,2.0,6.0,7.0,5.0,2.0,1.0,Completed,2.2,1.67,2.33,1.68,2.4,1.73,2.28,1.63,9527,1396
9528,1527,1514,1514,2024-07-01,2024-07-04,3,bouzkova|m / kalinskaya|a,Wimbledon,Wimbledon,R64,R64,1.0,1.0,1.0,0.8571428571428572,99.28571428571429,31,London,Wimbledon,2024-07-04,Grand Slam,Outdoor,Grass,2nd Round,3,Kalinskaya A.,Bouzkova M.,18.0,40.0,2310.0,1445.0,6.0,4.0,6.0,1.0,,,2.0,0.0,Completed,1.62,2.3,1.65,2.39,1.66,2.41,1.63,2.29,9528,1397
9529,1528,1522,1522,2024-07-01,2024-07-04,3,avanesyan|e / samsonova|l,Wimbledon,Wimbledon,R64,R64,1.0,1.0,1.0,0.8571428571428572,99.28571428571429,31,London,Wimbledon,2024-07-04,Grand Slam,Outdoor,Grass,2nd Round,3,Samsonova L.,Avanesyan E.,15.0,77.0,2830.0,855.0,6.0,3.0,6.0,3.0,,,2.0,0.0,Completed,1.25,4.0,1.26,4.29,1.29,4.29,1.25,3.99,9529,1398
9530,1529,1515,1515,2024-07-01,2024-07-04,3,jabeur|o / montgomery|r,Wimbledon,Wimbledon,R64,R64,1.0,1.0,1.0,0.8571428571428572,99.28571428571429,31,London,Wimbledon,2024-07-04,Grand Slam,Outdoor,Grass,2nd Round,3,Jabeur O.,Montgomery R.,10.0,161.0,3801.0,464.0,6.0,1.0,7.0,5.0,,,2.0,0.0,Completed,1.2,4.5,1.22,4.96,1.24,4.96,1.2,4.55,9530,1399
9531,1530,1518,1518,2024-07-01,2024-07-04,3,niemeier|j / svitolina|e,Wimbledon,Wimbledon,R64,R64,1.0,1.0,1.0,0.8571428571428572,99.28571428571429,31,London,Wimbledon,2024-07-04,Grand Slam,Outdoor,Grass,2nd Round,3,Svitolina E.,Niemeier J.,21.0,90.0,2100.0,790.0,6.0,3.0,6.0,4.0,,,2.0,0.0,Completed,1.62,2.3,1.65,2.4,1.65,2.46,1.6,2.35,9531,1400
9532,1531,1512,1512,2024-07-01,2024-07-04,3,boulter|k / dart|h,Wimbledon,Wimbledon,R64,R64,1.0,1.0,1.0,0.8571428571428572,99.28571428571429,31,London,Wimbledon,2024-07-04,Grand Slam,Outdoor,Grass,2nd Round,3,Dart H.,Boulter K.,100.0,29.0,739.0,1748.0,4.0,6.0,6.0,1.0,7.0,6.0,2.0,1.0,Completed,4.0,1.25,4.07,1.28,4.09,1.3,3.84,1.27,9532,1401
9538,1537,1506,1506,2024-07-01,2024-07-04,3,kasatkina|d / miyazaki|y,Wimbledon,Wimbledon,R64,R64,1.0,1.0,1.0,0.8571428571428572,99.28571428571429,31,London,Wimbledon,2024-07-04,Grand Slam,Outdoor,Grass,2nd Round,3,Kasatkina D.,Miyazaki Y.,12.0,148.0,3283.0,512.0,6.0,0.0,6.0,0.0,,,2.0,0.0,Completed,1.06,10.0,1.07,11.5,1.08,13.25,1.06,9.64,9538,1402
9539,1538,1507,1507,2024-07-01,2024-07-04,3,badosa|p / fruhvirtova|b,Wimbledon,Wimbledon,R64,R64,1.0,1.0,1.0,0.8571428571428572,99.28571428571429,31,London,Wimbledon,2024-07-04,Grand Slam,Outdoor,Grass,2nd Round,3,Badosa P.,Fruhvirtova B.,93.0,88.0,770.0,801.0,6.0,4.0,6.0,2.0,,,2.0,0.0,Completed,1.4,3.0,1.4,3.24,1.45,3.24,1.38,3.04,9539,1403
9544,1543,1505,1505,2024-07-01,2024-07-04,3,kostyuk|m / saville|d,Wimbledon,Wimbledon,R64,R64,1.0,1.0,1.0,0.8571428571428572,99.28571428571429,31,London,Wimbledon,2024-07-04,Grand Slam,Outdoor,Grass,2nd Round,3,Kostyuk M.,Saville D.,19.0,82.0,2240.0,830.0,4.0,6.0,7.0,6.0,6.0,4.0,2.0,1.0,Completed,1.33,3.4,1.32,3.78,1.36,3.81,1.32,3.41,9544,1404
9545,1544,1504,1504,2024-07-01,2024-07-04,3,keys|m / wang|y,Wimbledon,Wimbledon,R64,R64,1.0,1.0,1.0,0.8571428571428572,99.28571428571429,31,London,Wimbledon,2024-07-04,Grand Slam,Outdoor,Grass,2nd Round,3,Keys M.,Wang Y.,13.0,71.0,3068.0,919.0,6.0,2.0,6.0,2.0,,,2.0,0.0,Completed,1.07,9.0,1.07,11.41,1.1,11.41,1.07,9.11,9545,1405
9558,1557,1525,1525,2024-07-01,2024-07-05,4,sun|l / zhu|l,Wimbledon,Wimbledon,R32,R32,1.0,1.0,1.0,0.8095238095238095,99.04761904761905,31,London,Wimbledon,2024-07-05,Grand Slam,Outdoor,Grass,3rd Round,3,Sun L.,Zhu L.,123.0,61.0,616.0,997.0,7.0,6.0,7.0,6.0,,,2.0,0.0,Completed,2.0,1.8,1.97,1.93,2,1.95,1.91,1.9,9558,1406
9559,1558,1530,1530,2024-07-01,2024-07-05,4,raducanu|e / sakkari|m,Wimbledon,Wimbledon,R32,R32,1.0,1.0,1.0,0.8095238095238095,99.04761904761905,31,London,Wimbledon,2024-07-05,Grand Slam,Outdoor,Grass,3rd Round,3,Raducanu E.,Sakkari M.,135.0,9.0,559.0,3805.0,6.0,2.0,6.0,3.0,,,2.0,0.0,Completed,1.67,2.2,1.7,2.28,1.73,2.28,1.67,2.22,9559,1407
9560,1559,1526,1526,2024-07-01,2024-07-05,4,badosa|p / kasatkina|d,Wimbledon,Wimbledon,R32,R32,1.0,1.0,1.0,0.8095238095238095,99.04761904761905,31,London,Wimbledon,2024-07-05,Grand Slam,Outdoor,Grass,3rd Round,3,Badosa P.,Kasatkina D.,93.0,12.0,770.0,3283.0,7.0,6.0,4.0,6.0,6.0,4.0,2.0,1.0,Completed,2.1,1.73,2.24,1.74,2.24,1.8,2.08,1.75,9560,1408
9561,1560,1531,1531,2024-07-01,2024-07-05,4,vekic|d / yastremska|d,Wimbledon,Wimbledon,R32,R32,1.0,1.0,1.0,0.8095238095238095,99.04761904761905,31,London,Wimbledon,2024-07-05,Grand Slam,Outdoor,Grass,3rd Round,3,Vekic D.,Yastremska D.,37.0,27.0,1488.0,1760.0,7.0,6.0,6.0,7.0,6.0,1.0,2.0,1.0,Completed,1.36,3.2,1.39,3.27,1.41,3.27,1.38,3.08,9561,1409
9562,1561,1524,1524,2024-07-01,2024-07-05,4,andreescu|b / paolini|j,Wimbledon,Wimbledon,R32,R32,1.0,1.0,1.0,0.8095238095238095,99.04761904761905,31,London,Wimbledon,2024-07-05,Grand Slam,Outdoor,Grass,3rd Round,3,Paolini J.,Andreescu B.,7.0,176.0,4228.0,426.0,7.0,6.0,6.0,1.0,,,2.0,0.0,Completed,1.73,2.1,1.84,2.08,1.84,2.25,1.74,2.1,9562,1410
9563,1562,1528,1528,2024-07-01,2024-07-05,4,keys|m / kostyuk|m,Wimbledon,Wimbledon,R32,R32,1.0,1.0,1.0,0.8095238095238095,99.04761904761905,31,London,Wimbledon,2024-07-05,Grand Slam,Outdoor,Grass,3rd Round,3,Keys M.,Kostyuk M.,13.0,19.0,3068.0,2240.0,6.0,4.0,6.0,3.0,,,2.0,0.0,Completed,1.25,4.0,1.27,4.24,1.29,4.24,1.26,3.84,9563,1411
9564,1563,1527,1527,2024-07-01,2024-07-05,4,navarro|e / shnaider|d,Wimbledon,Wimbledon,R32,R32,1.0,1.0,1.0,0.8095238095238095,99.04761904761905,31,London,Wimbledon,2024-07-05,Grand Slam,Outdoor,Grass,3rd Round,3,Navarro E.,Shnaider D.,17.0,30.0,2323.0,1690.0,2.0,6.0,6.0,3.0,6.0,4.0,2.0,1.0,Completed,1.67,2.2,1.65,2.4,1.73,2.4,1.66,2.25,9564,1412
9565,1564,1529,1529,2024-07-01,2024-07-05,4,gauff|c / kartal|s,Wimbledon,Wimbledon,R32,R32,1.0,1.0,1.0,0.8095238095238095,99.04761904761905,31,London,Wimbledon,2024-07-05,Grand Slam,Outdoor,Grass,3rd Round,3,Gauff C.,Kartal S.,2.0,298.0,7943.0,228.0,6.0,4.0,6.0,0.0,,,2.0,0.0,Completed,1.07,9.0,1.08,10.63,1.09,10.63,1.07,8.7,9565,1413
9550,1549,1536,1536,2024-07-01,2024-07-06,5,putintseva|y / swiatek|i,Wimbledon,Wimbledon,R32,R32,1.0,1.0,1.0,0.7619047619047619,98.80952380952381,31,London,Wimbledon,2024-07-06,Grand Slam,Outdoor,Grass,3rd Round,3,Putintseva Y.,Swiatek I.,35.0,1.0,1553.0,11585.0,3.0,6.0,6.0,1.0,6.0,2.0,2.0,1.0,Completed,8.0,1.08,7.84,1.12,8.58,1.14,7.16,1.1,9550,1414
9551,1550,1533,1533,2024-07-01,2024-07-06,5,ostapenko|j / pera|b,Wimbledon,Wimbledon,R32,R32,1.0,1.0,1.0,0.7619047619047619,98.80952380952381,31,London,Wimbledon,2024-07-06,Grand Slam,Outdoor,Grass,3rd Round,3,Ostapenko J.,Pera B.,14.0,97.0,3058.0,752.0,6.0,1.0,6.0,3.0,,,2.0,0.0,Completed,1.2,4.5,1.21,5.09,1.23,5.09,1.2,4.59,9551,1415
9552,1551,1538,1538,2024-07-01,2024-07-06,5,collins|d / haddad maia|b <> collins|d / maia|b,Wimbledon,Wimbledon,R32,R32,1.0,1.0,1.0,0.7619047619047619,98.80952380952381,31,London,Wimbledon,2024-07-06,Grand Slam,Outdoor,Grass,3rd Round,3,Collins D.,Haddad Maia B.,11.0,20.0,3532.0,2218.0,6.0,4.0,6.0,4.0,,,2.0,0.0,Completed,1.57,2.38,1.53,2.68,1.57,2.68,1.53,2.5,9552,1416
9553,1552,1532,1532,2024-07-01,2024-07-06,5,bouzas maneiro|j / krejcikova|b <> krejcikova|b / maneiro|j,Wimbledon,Wimbledon,R32,R32,1.0,1.0,1.0,0.7619047619047619,98.80952380952381,31,London,Wimbledon,2024-07-06,Grand Slam,Outdoor,Grass,3rd Round,3,Krejcikova B.,Bouzas Maneiro J.,32.0,83.0,1643.0,828.0,6.0,0.0,4.0,3.0,,,1.0,0.0,Retired,1.36,3.2,1.41,3.15,1.43,3.2,1.39,3.03,9553,1417
9554,1553,1539,1539,2024-07-01,2024-07-06,5,rybakina|e / wozniacki|c,Wimbledon,Wimbledon,R32,R32,1.0,1.0,1.0,0.7619047619047619,98.80952380952381,31,London,Wimbledon,2024-07-06,Grand Slam,Outdoor,Grass,3rd Round,3,Rybakina E.,Wozniacki C.,4.0,91.0,6026.0,774.0,6.0,0.0,6.0,1.0,,,2.0,0.0,Completed,1.29,3.75,1.29,3.97,1.34,3.97,1.29,3.69,9554,1418
9555,1554,1535,1535,2024-07-01,2024-07-06,5,kalinskaya|a / samsonova|l,Wimbledon,Wimbledon,R32,R32,1.0,1.0,1.0,0.7619047619047619,98.80952380952381,31,London,Wimbledon,2024-07-06,Grand Slam,Outdoor,Grass,3rd Round,3,Kalinskaya A.,Samsonova L.,18.0,15.0,2310.0,2830.0,7.0,6.0,6.0,2.0,,,2.0,0.0,Completed,2.1,1.73,2.23,1.74,2.3,1.75,2.14,1.71,9555,1419
9556,1555,1537,1537,2024-07-01,2024-07-06,5,jabeur|o / svitolina|e,Wimbledon,Wimbledon,R32,R32,1.0,1.0,1.0,0.7619047619047619,98.80952380952381,31,London,Wimbledon,2024-07-06,Grand Slam,Outdoor,Grass,3rd Round,3,Svitolina E.,Jabeur O.,21.0,10.0,2100.0,3801.0,6.0,1.0,7.0,6.0,,,2.0,0.0,Completed,2.63,1.5,2.75,1.51,2.76,1.56,2.63,1.49,9556,1420
9570,1569,1542,1542,2024-07-01,2024-07-07,6,raducanu|e / sun|l,Wimbledon,Wimbledon,R16,R16,1.0,1.0,1.0,0.7142857142857143,98.57142857142857,31,London,Wimbledon,2024-07-07,Grand Slam,Outdoor,Grass,4th Round,3,Sun L.,Raducanu E.,123.0,135.0,616.0,559.0,6.0,2.0,5.0,7.0,6.0,2.0,2.0,1.0,Completed,5.0,1.17,5.86,1.17,5.86,1.22,4.97,1.18,9570,1421
9571,1570,1540,1540,2024-07-01,2024-07-07,6,badosa|p / vekic|d,Wimbledon,Wimbledon,R16,R16,1.0,1.0,1.0,0.7142857142857143,98.57142857142857,31,London,Wimbledon,2024-07-07,Grand Slam,Outdoor,Grass,4th Round,3,Vekic D.,Badosa P.,37.0,93.0,1488.0,770.0,6.0,2.0,1.0,6.0,6.0,4.0,2.0,1.0,Completed,2.1,1.73,2.08,1.84,2.1,1.84,2.02,1.79,9571,1422
9572,1571,1541,1541,2024-07-01,2024-07-07,6,keys|m / paolini|j,Wimbledon,Wimbledon,R16,R16,1.0,1.0,1.0,0.7142857142857143,98.57142857142857,31,London,Wimbledon,2024-07-07,Grand Slam,Outdoor,Grass,4th Round,3,Paolini J.,Keys M.,7.0,13.0,4228.0,3068.0,6.0,3.0,6.0,7.0,5.0,5.0,1.0,1.0,Retired,3.0,1.4,3.23,1.4,3.23,1.44,2.97,1.4,9572,1423
9573,1572,1543,1543,2024-07-01,2024-07-07,6,gauff|c / navarro|e,Wimbledon,Wimbledon,R16,R16,1.0,1.0,1.0,0.7142857142857143,98.57142857142857,31,London,Wimbledon,2024-07-07,Grand Slam,Outdoor,Grass,4th Round,3,Navarro E.,Gauff C.,17.0,2.0,2323.0,7943.0,6.0,4.0,6.0,3.0,,,2.0,0.0,Completed,3.75,1.29,3.75,1.32,4,1.32,3.69,1.29,9573,1424
9566,1565,1546,1546,2024-07-01,2024-07-08,7,ostapenko|j / putintseva|y,Wimbledon,Wimbledon,R16,R16,1.0,1.0,1.0,0.6666666666666667,98.33333333333333,31,London,Wimbledon,2024-07-08,Grand Slam,Outdoor,Grass,4th Round,3,Ostapenko J.,Putintseva Y.,14.0,35.0,3058.0,1553.0,6.0,2.0,6.0,3.0,,,2.0,0.0,Completed,1.73,2.1,1.76,2.19,1.83,2.25,1.73,2.11,9566,1425
9567,1566,1547,1547,2024-07-01,2024-07-08,7,collins|d / krejcikova|b,Wimbledon,Wimbledon,R16,R16,1.0,1.0,1.0,0.6666666666666667,98.33333333333333,31,London,Wimbledon,2024-07-08,Grand Slam,Outdoor,Grass,4th Round,3,Krejcikova B.,Collins D.,32.0,11.0,1643.0,3532.0,7.0,5.0,6.0,3.0,,,2.0,0.0,Completed,2.75,1.44,3.07,1.43,3.07,1.48,2.88,1.42,9567,1426
9568,1567,1544,1544,2024-07-01,2024-07-08,7,kalinskaya|a / rybakina|e,Wimbledon,Wimbledon,R16,R16,1.0,1.0,1.0,0.6666666666666667,98.33333333333333,31,London,Wimbledon,2024-07-08,Grand Slam,Outdoor,Grass,4th Round,3,Rybakina E.,Kalinskaya A.,4.0,18.0,6026.0,2310.0,6.0,3.0,3.0,0.0,,,1.0,0.0,Retired,1.29,3.75,1.3,3.92,1.33,3.92,1.29,3.61,9568,1427
9576,1575,1548,1548,2024-07-01,2024-07-09,8,sun|l / vekic|d,Wimbledon,Wimbledon,QF,QF,1.0,1.0,1.0,0.6190476190476191,98.0952380952381,31,London,Wimbledon,2024-07-09,Grand Slam,Outdoor,Grass,Quarterfinals,3,Vekic D.,Sun L.,37.0,123.0,1488.0,616.0,5.0,7.0,6.0,4.0,6.0,1.0,2.0,1.0,Completed,1.3,3.5,1.34,3.58,1.35,3.58,1.32,3.4,9576,1428
9577,1576,1549,1549,2024-07-01,2024-07-09,8,navarro|e / paolini|j,Wimbledon,Wimbledon,QF,QF,1.0,1.0,1.0,0.6190476190476191,98.0952380952381,31,London,Wimbledon,2024-07-09,Grand Slam,Outdoor,Grass,Quarterfinals,3,Paolini J.,Navarro E.,7.0,17.0,4228.0,2323.0,6.0,2.0,6.0,1.0,,,2.0,0.0,Completed,2.38,1.57,2.42,1.64,2.5,1.65,2.36,1.6,9577,1429
9574,1573,1550,1550,2024-07-01,2024-07-10,9,krejcikova|b / ostapenko|j,Wimbledon,Wimbledon,QF,QF,1.0,1.0,1.0,0.5714285714285714,97.85714285714286,31,London,Wimbledon,2024-07-10,Grand Slam,Outdoor,Grass,Quarterfinals,3,Krejcikova B.,Ostapenko J.,32.0,14.0,1643.0,3058.0,6.0,4.0,7.0,6.0,,,2.0,0.0,Completed,2.75,1.44,3.01,1.44,3.01,1.46,2.83,1.43,9574,1430
9575,1574,1551,1551,2024-07-01,2024-07-10,9,rybakina|e / svitolina|e,Wimbledon,Wimbledon,QF,QF,1.0,1.0,1.0,0.5714285714285714,97.85714285714286,31,London,Wimbledon,2024-07-10,Grand Slam,Outdoor,Grass,Quarterfinals,3,Rybakina E.,Svitolina E.,4.0,21.0,6026.0,2100.0,6.0,3.0,6.0,2.0,,,2.0,0.0,Completed,1.29,3.75,1.27,4.26,1.33,4.26,1.29,3.7,9575,1431
9578,1577,1553,1553,2024-07-01,2024-07-11,10,krejcikova|b / rybakina|e,Wimbledon,Wimbledon,SF,SF,1.0,1.0,1.0,0.5238095238095238,97.61904761904762,31,London,Wimbledon,2024-07-11,Grand Slam,Outdoor,Grass,Semifinals,3,Krejcikova B.,Rybakina E.,32.0,4.0,1643.0,6026.0,3.0,6.0,6.0,3.0,6.0,4.0,2.0,1.0,Completed,4.5,1.2,5.61,1.18,5.66,1.23,4.95,1.18,9578,1432
9579,1578,1552,1552,2024-07-01,2024-07-11,10,paolini|j / vekic|d,Wimbledon,Wimbledon,SF,SF,1.0,1.0,1.0,0.5238095238095238,97.61904761904762,31,London,Wimbledon,2024-07-11,Grand Slam,Outdoor,Grass,Semifinals,3,Paolini J.,Vekic D.,7.0,37.0,4228.0,1488.0,2.0,6.0,6.0,4.0,7.0,6.0,2.0,1.0,Completed,1.53,2.5,1.67,2.35,1.67,2.51,1.59,2.37,9579,1433
9580,1579,1554,1554,2024-07-01,2024-07-13,12,krejcikova|b / paolini|j,Wimbledon,Wimbledon,F,F,1.0,1.0,1.0,0.4285714285714286,97.14285714285714,31,London,Wimbledon,2024-07-13,Grand Slam,Outdoor,Grass,The Final,3,Krejcikova B.,Paolini J.,32.0,7.0,1643.0,4228.0,6.0,2.0,2.0,6.0,6.0,4.0,2.0,1.0,Completed,1.73,2.2,1.79,2.15,1.8,2.25,1.74,2.13,9580,1434
9604,1603,1556,1556,2024-07-15,2024-07-15,0,avanesyan|e / frech|m,Budapest,Budapest Open,R32,R32,1.0,1.0,1.0,1.0,100.0,32,Budapest,Budapest Open,2024-07-15,WTA250,Outdoor,Clay,1st Round,3,Avanesyan E.,Frech M.,75.0,56.0,905.0,1049.0,7.0,6.0,6.0,4.0,,,2.0,0.0,Completed,1.67,2.2,1.69,2.26,1.7,2.28,1.65,2.21,9604,1435
9605,1604,1558,1558,2024-07-15,2024-07-15,0,masarova|r / szabanin|n,Budapest,Budapest Open,R32,R32,1.0,1.0,1.0,1.0,100.0,32,Budapest,Budapest Open,2024-07-15,WTA250,Outdoor,Clay,1st Round,3,Masarova R.,Szabanin N.,117.0,572.0,622.0,80.0,6.0,2.0,6.0,3.0,,,2.0,0.0,Completed,1.1,7.0,1.13,6.75,1.13,8.0,1.1,6.69,9605,1436
9606,1605,1559,1559,2024-07-15,2024-07-15,0,rakhimova|k / schmiedlova|a,Budapest,Budapest Open,R32,R32,1.0,1.0,1.0,1.0,100.0,32,Budapest,Budapest Open,2024-07-15,WTA250,Outdoor,Clay,1st Round,3,Schmiedlova A.,Rakhimova K.,79.0,104.0,880.0,706.0,3.0,6.0,6.0,4.0,6.0,0.0,2.0,1.0,Completed,1.62,2.3,1.74,2.19,1.74,2.38,1.62,2.26,9606,1437
9607,1606,1560,1560,2024-07-15,2024-07-15,0,sorribes tormo|s / topalova|g <> topalova|g / tormo|s,Budapest,Budapest Open,R32,R32,1.0,1.0,1.0,1.0,100.0,32,Budapest,Budapest Open,2024-07-15,WTA250,Outdoor,Clay,1st Round,3,Sorribes Tormo S.,Topalova G.,59.0,234.0,995.0,320.0,4.0,6.0,6.0,3.0,7.0,5.0,2.0,1.0,Completed,1.11,6.5,1.13,6.93,1.13,6.93,1.11,6.19,9607,1438
9608,1607,1555,1555,2024-07-15,2024-07-15,0,gracheva|v / lamens|s,Budapest,Budapest Open,R32,R32,1.0,1.0,1.0,1.0,100.0,32,Budapest,Budapest Open,2024-07-15,WTA250,Outdoor,Clay,1st Round,3,Lamens S.,Gracheva V.,137.0,72.0,556.0,920.0,6.0,3.0,6.0,0.0,,,2.0,0.0,Completed,3.2,1.36,3.02,1.42,3.2,1.44,2.91,1.39,9608,1439
9609,1608,1557,1557,2024-07-15,2024-07-15,0,monnet|c / toth|a,Budapest,Budapest Open,R32,R32,1.0,1.0,1.0,1.0,100.0,32,Budapest,Budapest Open,2024-07-15,WTA250,Outdoor,Clay,1st Round,3,Monnet C.,Toth A.,221.0,371.0,339.0,164.0,6.0,1.0,6.0,1.0,,,2.0,0.0,Completed,2.0,1.8,2.25,1.7,2.25,1.8,2.06,1.74,9609,1440
9610,1609,1561,1561,2024-07-15,2024-07-15,0,timofeeva|m / waltert|s,Budapest,Budapest Open,R32,R32,1.0,1.0,1.0,1.0,100.0,32,Budapest,Budapest Open,2024-07-15,WTA250,Outdoor,Clay,1st Round,3,Timofeeva M.,Waltert S.,103.0,248.0,722.0,301.0,7.0,5.0,7.0,6.0,,,2.0,0.0,Completed,1.91,1.91,2.05,1.83,2.1,1.91,1.94,1.83,9610,1441
9611,1610,1562,1562,2024-07-15,2024-07-15,0,sasnovich|a / tomova|v,Budapest,Budapest Open,R32,R32,1.0,1.0,1.0,1.0,100.0,32,Budapest,Budapest Open,2024-07-15,WTA250,Outdoor,Clay,1st Round,3,Sasnovich A.,Tomova V.,134.0,49.0,564.0,1166.0,2.0,6.0,6.0,2.0,6.0,4.0,2.0,1.0,Completed,2.63,1.5,2.61,1.54,2.8,1.56,2.58,1.49,9611,1442
9632,1631,1588,1588,2024-07-15,2024-07-15,0,ristic|m / teichmann|j,Palermo,Internazionali Femminili di Palermo,R32,R32,0.26666666666666666,1.0,1.0,1.0,59.666666666666664,33,Palermo,Internazionali Femminili di Palermo,2024-07-15,WTA250,Outdoor,Clay,1st Round,3,Teichmann J.,Ristic M.,211.0,301.0,348.0,218.0,6.0,1.0,6.0,1.0,,,2.0,0.0,Completed,1.22,4.33,1.22,4.74,1.24,4.74,1.2,4.35,9632,1443
9639,1638,1587,1587,2024-07-15,2024-07-15,0,blinkova|a / sharma|a,Palermo,Internazionali Femminili di Palermo,R32,R32,0.26666666666666666,1.0,1.0,1.0,59.666666666666664,33,Palermo,Internazionali Femminili di Palermo,2024-07-15,WTA250,Outdoor,Clay,1st Round,3,Sharma A.,Blinkova A.,151.0,74.0,497.0,910.0,6.0,0.0,7.0,5.0,,,2.0,0.0,Completed,2.3,1.62,2.34,1.65,2.38,1.68,2.28,1.61,9639,1444
9641,1640,1586,1586,2024-07-15,2024-07-15,0,akugue|n / barthel|m <> barthel|m / noha akugue|n,Palermo,Internazionali Femminili di Palermo,R32,R32,0.26666666666666666,1.0,1.0,1.0,59.666666666666664,33,Palermo,Internazionali Femminili di Palermo,2024-07-15,WTA250,Outdoor,Clay,1st Round,3,Noha Akugue N.,Barthel M.,197.0,202.0,383.0,370.0,6.0,4.0,2.0,6.0,6.0,2.0,2.0,1.0,Completed,1.67,2.2,1.86,2.01,2.1,2.31,1.82,1.98,9641,1445
9642,1641,1589,1589,2024-07-15,2024-07-15,0,kawa|k / muchova|k,Palermo,Internazionali Femminili di Palermo,R32,R32,0.26666666666666666,1.0,1.0,1.0,59.666666666666664,33,Palermo,Internazionali Femminili di Palermo,2024-07-15,WTA250,Outdoor,Clay,1st Round,3,Muchova K.,Kawa K.,35.0,192.0,1618.0,389.0,7.0,6.0,5.0,1.0,,,1.0,0.0,Retired,1.17,5.0,1.18,5.36,1.23,5.47,1.17,4.82,9642,1446
9596,1595,1567,1567,2024-07-15,2024-07-16,1,shnaider|d / stollar|f,Budapest,Budapest Open,R32,R32,1.0,1.0,1.0,0.9523809523809523,99.76190476190476,32,Budapest,Budapest Open,2024-07-16,WTA250,Outdoor,Clay,1st Round,3,Shnaider D.,Stollar F.,28.0,280.0,1795.0,239.0,6.0,3.0,3.0,6.0,6.0,4.0,2.0,1.0,Completed,1.1,7.0,1.1,8.39,1.1,8.39,1.09,7.17,9596,1447
9597,1596,1563,1563,2024-07-15,2024-07-16,1,babos|t / makarova|e,Budapest,Budapest Open,R32,R32,1.0,1.0,1.0,0.9523809523809523,99.76190476190476,32,Budapest,Budapest Open,2024-07-16,WTA250,Outdoor,Clay,1st Round,3,Makarova E.,Babos T.,183.0,259.0,402.0,280.0,6.0,3.0,6.0,1.0,,,2.0,0.0,Completed,2.5,1.53,2.62,1.53,2.85,1.54,2.54,1.5,9597,1448
9598,1597,1570,1570,2024-07-15,2024-07-16,1,bondar|a / danilovic|o,Budapest,Budapest Open,R32,R32,1.0,1.0,1.0,0.9523809523809523,99.76190476190476,32,Budapest,Budapest Open,2024-07-16,WTA250,Outdoor,Clay,1st Round,3,Bondar A.,Danilovic O.,98.0,150.0,759.0,509.0,7.0,6.0,6.0,4.0,,,2.0,0.0,Completed,2.63,1.5,2.67,1.52,2.68,1.57,2.52,1.51,9598,1449
9599,1598,1568,1568,2024-07-15,2024-07-16,1,seidel|e / uchijima|m,Budapest,Budapest Open,R32,R32,1.0,1.0,1.0,0.9523809523809523,99.76190476190476,32,Budapest,Budapest Open,2024-07-16,WTA250,Outdoor,Clay,1st Round,3,Seidel E.,Uchijima M.,166.0,69.0,446.0,930.0,6.0,1.0,1.0,0.0,,,1.0,0.0,Retired,3.0,1.4,3.04,1.4,3.15,1.41,2.95,1.38,9599,1450
9601,1600,1565,1565,2024-07-15,2024-07-16,1,bulgaru|m / sramkova|r,Budapest,Budapest Open,R32,R32,1.0,1.0,1.0,0.9523809523809523,99.76190476190476,32,Budapest,Budapest Open,2024-07-16,WTA250,Outdoor,Clay,1st Round,3,Sramkova R.,Bulgaru M.,109.0,206.0,679.0,356.0,6.0,3.0,4.0,6.0,6.0,4.0,2.0,1.0,Completed,1.4,3.0,1.42,3.03,1.45,3.05,1.39,2.92,9601,1451
9602,1601,1566,1566,2024-07-15,2024-07-16,1,korpatsch|t / pera|b,Budapest,Budapest Open,R32,R32,1.0,1.0,1.0,0.9523809523809523,99.76190476190476,32,Budapest,Budapest Open,2024-07-16,WTA250,Outdoor,Clay,1st Round,3,Pera B.,Korpatsch T.,82.0,89.0,872.0,831.0,7.0,5.0,2.0,6.0,6.0,2.0,2.0,1.0,Completed,1.36,3.2,1.39,3.18,1.4,3.3,1.35,3.13,9602,1452
9603,1602,1564,1564,2024-07-15,2024-07-16,1,lys|e / podoroska|n,Budapest,Budapest Open,R32,R32,1.0,1.0,1.0,0.9523809523809523,99.76190476190476,32,Budapest,Budapest Open,2024-07-16,WTA250,Outdoor,Clay,1st Round,3,Lys E.,Podoroska N.,129.0,71.0,584.0,923.0,6.0,3.0,6.0,0.0,,,2.0,0.0,Completed,1.8,2.0,1.81,2.07,1.81,2.15,1.76,2.03,9603,1453
9627,1626,1597,1597,2024-07-15,2024-07-16,1,errani|s / zheng|q,Palermo,Internazionali Femminili di Palermo,R32,R32,0.26666666666666666,1.0,1.0,0.9523809523809523,59.42857142857142,33,Palermo,Internazionali Femminili di Palermo,2024-07-16,WTA250,Outdoor,Clay,1st Round,3,Zheng Q.,Errani S.,7.0,96.0,4055.0,783.0,6.0,3.0,6.0,2.0,,,2.0,0.0,Completed,1.14,5.5,1.14,6.5,1.17,6.5,1.13,5.65,9627,1454
9628,1627,1596,1596,2024-07-15,2024-07-16,1,arango|e / martic|p,Palermo,Internazionali Femminili di Palermo,R32,R32,0.26666666666666666,1.0,1.0,0.9523809523809523,59.42857142857142,33,Palermo,Internazionali Femminili di Palermo,2024-07-16,WTA250,Outdoor,Clay,1st Round,3,Martic P.,Arango E.,99.0,120.0,751.0,616.0,6.0,2.0,6.0,3.0,,,2.0,0.0,Completed,1.53,2.5,1.61,2.42,1.63,2.6,1.55,2.41,9628,1455
9629,1628,1599,1599,2024-07-15,2024-07-16,1,bronzetti|l / jacquemot|e,Palermo,Internazionali Femminili di Palermo,R32,R32,0.26666666666666666,1.0,1.0,0.9523809523809523,59.42857142857142,33,Palermo,Internazionali Femminili di Palermo,2024-07-16,WTA250,Outdoor,Clay,1st Round,3,Bronzetti L.,Jacquemot E.,70.0,145.0,928.0,530.0,7.0,5.0,3.0,6.0,6.0,3.0,2.0,1.0,Completed,1.5,2.63,1.57,2.52,1.57,2.63,1.52,2.48,9629,1456
9630,1629,1600,1600,2024-07-15,2024-07-16,1,cristian|j / riera|j,Palermo,Internazionali Femminili di Palermo,R32,R32,0.26666666666666666,1.0,1.0,0.9523809523809523,59.42857142857142,33,Palermo,Internazionali Femminili di Palermo,2024-07-16,WTA250,Outdoor,Clay,1st Round,3,Cristian J.,Riera J.,66.0,113.0,936.0,650.0,6.0,3.0,6.0,2.0,,,2.0,0.0,Completed,1.62,2.3,1.6,2.44,1.63,2.44,1.59,2.31,9630,1457
9631,1630,1594,1594,2024-07-15,2024-07-16,1,gadecki|o / parry|d,Palermo,Internazionali Femminili di Palermo,R32,R32,0.26666666666666666,1.0,1.0,0.9523809523809523,59.42857142857142,33,Palermo,Internazionali Femminili di Palermo,2024-07-16,WTA250,Outdoor,Clay,1st Round,3,Parry D.,Gadecki O.,58.0,168.0,1019.0,442.0,4.0,6.0,6.0,4.0,6.0,4.0,2.0,1.0,Completed,1.53,2.5,1.52,2.68,1.54,2.75,1.5,2.57,9631,1458
9633,1632,1592,1592,2024-07-15,2024-07-16,1,paquet|c / zheng|s,Palermo,Internazionali Femminili di Palermo,R32,R32,0.26666666666666666,1.0,1.0,0.9523809523809523,59.42857142857142,33,Palermo,Internazionali Femminili di Palermo,2024-07-16,WTA250,Outdoor,Clay,1st Round,3,Paquet C.,Zheng S.,115.0,1332.0,647.0,4.0,6.0,3.0,6.0,3.0,,,2.0,0.0,Completed,1.06,10.0,1.1,8.12,1.1,10.0,1.07,8.41,9633,1459
9634,1633,1591,1591,2024-07-15,2024-07-16,1,carle|m / maria|t,Palermo,Internazionali Femminili di Palermo,R32,R32,0.26666666666666666,1.0,1.0,0.9523809523809523,59.42857142857142,33,Palermo,Internazionali Femminili di Palermo,2024-07-16,WTA250,Outdoor,Clay,1st Round,3,Carle M.,Maria T.,93.0,60.0,801.0,994.0,5.0,7.0,6.0,1.0,6.0,1.0,2.0,1.0,Completed,1.5,2.63,1.44,2.94,1.54,2.94,1.46,2.68,9634,1460
9635,1634,1593,1593,2024-07-15,2024-07-16,1,rus|a / trevisan|m,Palermo,Internazionali Femminili di Palermo,R32,R32,0.26666666666666666,1.0,1.0,0.9523809523809523,59.42857142857142,33,Palermo,Internazionali Femminili di Palermo,2024-07-16,WTA250,Outdoor,Clay,1st Round,3,Rus A.,Trevisan M.,62.0,77.0,969.0,903.0,6.0,7.0,6.0,4.0,6.0,2.0,2.0,1.0,Completed,2.0,1.8,2.05,1.83,2.08,1.83,2.0,1.79,9635,1461
9638,1637,1598,1598,2024-07-15,2024-07-16,1,li|a / stearns|p,Palermo,Internazionali Femminili di Palermo,R32,R32,0.26666666666666666,1.0,1.0,0.9523809523809523,59.42857142857142,33,Palermo,Internazionali Femminili di Palermo,2024-07-16,WTA250,Outdoor,Clay,1st Round,3,Li A.,Stearns P.,127.0,52.0,592.0,1082.0,3.0,6.0,7.0,6.0,6.0,2.0,2.0,1.0,Completed,2.63,1.5,2.59,1.54,2.75,1.58,2.48,1.52,9638,1462
9640,1639,1595,1595,2024-07-15,2024-07-16,1,sherif|m / tomljanovic|a,Palermo,Internazionali Femminili di Palermo,R32,R32,0.26666666666666666,1.0,1.0,0.9523809523809523,59.42857142857142,33,Palermo,Internazionali Femminili di Palermo,2024-07-16,WTA250,Outdoor,Clay,1st Round,3,Tomljanovic A.,Sherif M.,133.0,67.0,566.0,935.0,3.0,6.0,7.0,5.0,6.0,3.0,2.0,1.0,Completed,2.63,1.5,2.72,1.5,2.77,1.51,2.66,1.46,9640,1463
9592,1591,1573,1573,2024-07-15,2024-07-17,2,avanesyan|e / masarova|r,Budapest,Budapest Open,R16,R16,1.0,1.0,1.0,0.9047619047619048,99.52380952380952,32,Budapest,Budapest Open,2024-07-17,WTA250,Outdoor,Clay,2nd Round,3,Avanesyan E.,Masarova R.,75.0,117.0,905.0,622.0,2.0,6.0,7.0,5.0,6.0,1.0,2.0,1.0,Completed,1.44,2.75,1.51,2.74,1.5,2.94,1.44,2.73,9592,1464
9593,1592,1574,1574,2024-07-15,2024-07-17,2,schmiedlova|a / sorribes tormo|s <> schmiedlova|a / tormo|s,Budapest,Budapest Open,R16,R16,1.0,1.0,1.0,0.9047619047619048,99.52380952380952,32,Budapest,Budapest Open,2024-07-17,WTA250,Outdoor,Clay,2nd Round,3,Schmiedlova A.,Sorribes Tormo S.,79.0,59.0,880.0,995.0,2.0,6.0,6.0,2.0,6.0,2.0,2.0,1.0,Completed,2.3,1.62,2.37,1.65,2.38,1.7,2.28,1.61,9593,1465
9594,1593,1572,1572,2024-07-15,2024-07-17,2,lamens|s / monnet|c,Budapest,Budapest Open,R16,R16,1.0,1.0,1.0,0.9047619047619048,99.52380952380952,32,Budapest,Budapest Open,2024-07-17,WTA250,Outdoor,Clay,2nd Round,3,Lamens S.,Monnet C.,137.0,221.0,556.0,339.0,6.0,4.0,6.0,0.0,,,2.0,0.0,Completed,1.29,3.75,1.32,3.65,1.32,3.75,1.29,3.52,9594,1466
9595,1594,1571,1571,2024-07-15,2024-07-17,2,sasnovich|a / timofeeva|m,Budapest,Budapest Open,R16,R16,1.0,1.0,1.0,0.9047619047619048,99.52380952380952,32,Budapest,Budapest Open,2024-07-17,WTA250,Outdoor,Clay,2nd Round,3,Sasnovich A.,Timofeeva M.,134.0,103.0,564.0,722.0,6.0,3.0,6.0,4.0,,,2.0,0.0,Completed,1.67,2.2,1.63,2.4,1.69,2.4,1.63,2.25,9595,1467
9621,1620,1603,1603,2024-07-15,2024-07-17,2,parry|d / teichmann|j,Palermo,Internazionali Femminili di Palermo,R16,R16,0.26666666666666666,1.0,1.0,0.9047619047619048,59.19047619047619,33,Palermo,Internazionali Femminili di Palermo,2024-07-17,WTA250,Outdoor,Clay,2nd Round,3,Parry D.,Teichmann J.,58.0,211.0,1019.0,348.0,6.0,2.0,6.0,7.0,6.0,2.0,2.0,1.0,Completed,1.8,2.0,1.8,2.11,1.8,2.16,1.75,2.05,9621,1468
9623,1622,1602,1602,2024-07-15,2024-07-17,2,begu|i / rus|a,Palermo,Internazionali Femminili di Palermo,R16,R16,0.26666666666666666,1.0,1.0,0.9047619047619048,59.19047619047619,33,Palermo,Internazionali Femminili di Palermo,2024-07-17,WTA250,Outdoor,Clay,2nd Round,3,Begu I.,Rus A.,142.0,62.0,536.0,969.0,6.0,2.0,7.0,5.0,,,2.0,0.0,Completed,1.5,2.63,1.48,2.82,1.5,2.87,1.46,2.68,9623,1469
9625,1624,1605,1605,2024-07-15,2024-07-17,2,sharma|a / tomljanovic|a,Palermo,Internazionali Femminili di Palermo,R16,R16,0.26666666666666666,1.0,1.0,0.9047619047619048,59.19047619047619,33,Palermo,Internazionali Femminili di Palermo,2024-07-17,WTA250,Outdoor,Clay,2nd Round,3,Sharma A.,Tomljanovic A.,151.0,133.0,497.0,566.0,6.0,4.0,3.0,6.0,6.0,1.0,2.0,1.0,Completed,2.5,1.53,2.79,1.49,2.81,1.53,2.61,1.48,9625,1470
9626,1625,1604,1604,2024-07-15,2024-07-17,2,akugue|n / muchova|k <> muchova|k / noha akugue|n,Palermo,Internazionali Femminili di Palermo,R16,R16,0.26666666666666666,1.0,1.0,0.9047619047619048,59.19047619047619,33,Palermo,Internazionali Femminili di Palermo,2024-07-17,WTA250,Outdoor,Clay,2nd Round,3,Muchova K.,Noha Akugue N.,35.0,197.0,1618.0,383.0,6.0,7.0,6.0,2.0,6.0,3.0,2.0,1.0,Completed,1.14,5.5,1.15,6.49,1.17,6.49,1.14,5.64,9626,1471
9637,1636,1601,1601,2024-07-15,2024-07-17,2,andreeva|e / semenistaja|d,Palermo,Internazionali Femminili di Palermo,R32,R32,0.26666666666666666,1.0,1.0,0.9047619047619048,59.19047619047619,33,Palermo,Internazionali Femminili di Palermo,2024-07-17,WTA250,Outdoor,Clay,1st Round,3,Andreeva E.,Semenistaja D.,92.0,122.0,804.0,601.0,6.0,1.0,6.0,2.0,,,2.0,0.0,Completed,1.53,2.5,1.6,2.46,1.6,2.62,1.55,2.41,9637,1472
9588,1587,1577,1577,2024-07-15,2024-07-18,3,makarova|e / shnaider|d,Budapest,Budapest Open,R16,R16,1.0,1.0,1.0,0.8571428571428572,99.28571428571429,32,Budapest,Budapest Open,2024-07-18,WTA250,Outdoor,Clay,2nd Round,3,Shnaider D.,Makarova E.,28.0,183.0,1795.0,402.0,6.0,3.0,6.0,3.0,,,2.0,0.0,Completed,1.08,8.0,1.1,8.68,1.1,8.68,1.08,7.34,9588,1473
9589,1588,1578,1578,2024-07-15,2024-07-18,3,bondar|a / seidel|e,Budapest,Budapest Open,R16,R16,1.0,1.0,1.0,0.8571428571428572,99.28571428571429,32,Budapest,Budapest Open,2024-07-18,WTA250,Outdoor,Clay,2nd Round,3,Seidel E.,Bondar A.,166.0,98.0,446.0,759.0,7.0,5.0,7.0,5.0,,,2.0,0.0,Completed,2.5,1.53,2.67,1.53,2.77,1.58,2.49,1.52,9589,1474
9591,1590,1575,1575,2024-07-15,2024-07-18,3,lys|e / pera|b,Budapest,Budapest Open,R16,R16,1.0,1.0,1.0,0.8571428571428572,99.28571428571429,32,Budapest,Budapest Open,2024-07-18,WTA250,Outdoor,Clay,2nd Round,3,Lys E.,Pera B.,129.0,82.0,584.0,872.0,7.0,6.0,4.0,1.0,,,1.0,0.0,Retired,2.38,1.57,2.33,1.65,2.38,1.68,2.27,1.61,9591,1475
9619,1618,1609,1609,2024-07-15,2024-07-18,3,martic|p / zheng|q,Palermo,Internazionali Femminili di Palermo,R16,R16,0.26666666666666666,1.0,1.0,0.8571428571428572,58.95238095238095,33,Palermo,Internazionali Femminili di Palermo,2024-07-18,WTA250,Outdoor,Clay,2nd Round,3,Zheng Q.,Martic P.,7.0,99.0,4055.0,751.0,6.0,4.0,6.0,4.0,,,2.0,0.0,Completed,1.2,4.5,1.21,4.93,1.22,4.93,1.2,4.46,9619,1476
9620,1619,1608,1608,2024-07-15,2024-07-18,3,bronzetti|l / cristian|j,Palermo,Internazionali Femminili di Palermo,R16,R16,0.26666666666666666,1.0,1.0,0.8571428571428572,58.95238095238095,33,Palermo,Internazionali Femminili di Palermo,2024-07-18,WTA250,Outdoor,Clay,2nd Round,3,Cristian J.,Bronzetti L.,66.0,70.0,936.0,928.0,6.0,3.0,6.0,2.0,,,2.0,0.0,Completed,1.53,2.5,1.61,2.45,1.73,2.5,1.6,2.31,9620,1477
9622,1621,1607,1607,2024-07-15,2024-07-18,3,carle|m / paquet|c,Palermo,Internazionali Femminili di Palermo,R16,R16,0.26666666666666666,1.0,1.0,0.8571428571428572,58.95238095238095,33,Palermo,Internazionali Femminili di Palermo,2024-07-18,WTA250,Outdoor,Clay,2nd Round,3,Paquet C.,Carle M.,115.0,93.0,647.0,801.0,6.0,3.0,6.0,1.0,,,2.0,0.0,Completed,3.0,1.4,3.14,1.41,3.16,1.45,2.96,1.38,9622,1478
9624,1623,1606,1606,2024-07-15,2024-07-18,3,andreeva|e / li|a,Palermo,Internazionali Femminili di Palermo,R16,R16,0.26666666666666666,1.0,1.0,0.8571428571428572,58.95238095238095,33,Palermo,Internazionali Femminili di Palermo,2024-07-18,WTA250,Outdoor,Clay,2nd Round,3,Li A.,Andreeva E.,127.0,92.0,592.0,804.0,6.0,3.0,4.0,6.0,6.0,4.0,2.0,1.0,Completed,2.0,1.8,1.94,1.94,2,1.96,1.87,1.91,9624,1479
9584,1583,1581,1581,2024-07-15,2024-07-19,4,seidel|e / shnaider|d,Budapest,Budapest Open,QF,QF,1.0,1.0,1.0,0.8095238095238095,99.04761904761905,32,Budapest,Budapest Open,2024-07-19,WTA250,Outdoor,Clay,Quarterfinals,3,Shnaider D.,Seidel E.,28.0,166.0,1795.0,446.0,6.0,4.0,6.0,2.0,,,2.0,0.0,Completed,1.17,5.0,1.19,5.55,1.19,5.57,1.16,5.06,9584,1480
9585,1584,1582,1582,2024-07-15,2024-07-19,4,lys|e / sramkova|r,Budapest,Budapest Open,QF,QF,1.0,1.0,1.0,0.8095238095238095,99.04761904761905,32,Budapest,Budapest Open,2024-07-19,WTA250,Outdoor,Clay,Quarterfinals,3,Lys E.,Sramkova R.,129.0,109.0,584.0,679.0,4.0,6.0,6.0,3.0,7.0,6.0,2.0,1.0,Completed,1.62,2.3,1.66,2.36,1.67,2.42,1.61,2.28,9585,1481
9586,1585,1580,1580,2024-07-15,2024-07-19,4,avanesyan|e / schmiedlova|a,Budapest,Budapest Open,QF,QF,1.0,1.0,1.0,0.8095238095238095,99.04761904761905,32,Budapest,Budapest Open,2024-07-19,WTA250,Outdoor,Clay,Quarterfinals,3,Schmiedlova A.,Avanesyan E.,79.0,75.0,880.0,905.0,2.0,6.0,6.0,3.0,6.0,2.0,2.0,1.0,Completed,2.63,1.5,2.55,1.58,2.63,1.59,2.46,1.54,9586,1482
9587,1586,1579,1579,2024-07-15,2024-07-19,4,lamens|s / sasnovich|a,Budapest,Budapest Open,QF,QF,1.0,1.0,1.0,0.8095238095238095,99.04761904761905,32,Budapest,Budapest Open,2024-07-19,WTA250,Outdoor,Clay,Quarterfinals,3,Sasnovich A.,Lamens S.,134.0,137.0,564.0,556.0,6.0,4.0,2.0,6.0,6.0,4.0,2.0,1.0,Completed,1.91,1.91,1.87,2.04,1.91,2.1,1.84,1.95,9587,1483
9615,1614,1612,1612,2024-07-15,2024-07-19,4,cristian|j / zheng|q,Palermo,Internazionali Femminili di Palermo,QF,QF,0.26666666666666666,1.0,1.0,0.8095238095238095,58.71428571428571,33,Palermo,Internazionali Femminili di Palermo,2024-07-19,WTA250,Outdoor,Clay,Quarterfinals,3,Zheng Q.,Cristian J.,7.0,66.0,4055.0,936.0,6.0,1.0,6.0,1.0,,,2.0,0.0,Completed,1.33,3.4,1.36,3.47,1.37,3.47,1.34,3.23,9615,1484
9616,1615,1610,1610,2024-07-15,2024-07-19,4,paquet|c / parry|d,Palermo,Internazionali Femminili di Palermo,QF,QF,0.26666666666666666,1.0,1.0,0.8095238095238095,58.71428571428571,33,Palermo,Internazionali Femminili di Palermo,2024-07-19,WTA250,Outdoor,Clay,Quarterfinals,3,Parry D.,Paquet C.,58.0,115.0,1019.0,647.0,7.0,5.0,1.0,6.0,6.0,4.0,2.0,1.0,Completed,1.36,3.2,1.36,3.44,1.42,3.44,1.35,3.17,9616,1485
9617,1616,1611,1611,2024-07-15,2024-07-19,4,begu|i / li|a,Palermo,Internazionali Femminili di Palermo,QF,QF,0.26666666666666666,1.0,1.0,0.8095238095238095,58.71428571428571,33,Palermo,Internazionali Femminili di Palermo,2024-07-19,WTA250,Outdoor,Clay,Quarterfinals,3,Begu I.,Li A.,142.0,127.0,536.0,592.0,6.0,3.0,6.0,4.0,,,2.0,0.0,Completed,1.36,3.2,1.34,3.56,1.36,3.56,1.32,3.3,9617,1486
9618,1617,1613,1613,2024-07-15,2024-07-19,4,muchova|k / sharma|a,Palermo,Internazionali Femminili di Palermo,QF,QF,0.26666666666666666,1.0,1.0,0.8095238095238095,58.71428571428571,33,Palermo,Internazionali Femminili di Palermo,2024-07-19,WTA250,Outdoor,Clay,Quarterfinals,3,Muchova K.,Sharma A.,35.0,151.0,1618.0,497.0,7.0,6.0,7.0,6.0,,,2.0,0.0,Completed,1.4,3.0,1.39,3.26,1.4,3.26,1.37,3.05,9618,1487
9582,1581,1584,1584,2024-07-15,2024-07-20,5,lys|e / shnaider|d,Budapest,Budapest Open,SF,SF,1.0,1.0,1.0,0.7619047619047619,98.80952380952381,32,Budapest,Budapest Open,2024-07-20,WTA250,Outdoor,Clay,Semifinals,3,Shnaider D.,Lys E.,28.0,129.0,1795.0,584.0,6.0,3.0,6.0,3.0,,,2.0,0.0,Completed,1.33,3.4,1.32,3.72,1.34,3.73,1.31,3.36,9582,1488
9583,1582,1583,1583,2024-07-15,2024-07-20,5,sasnovich|a / schmiedlova|a,Budapest,Budapest Open,SF,SF,1.0,1.0,1.0,0.7619047619047619,98.80952380952381,32,Budapest,Budapest Open,2024-07-20,WTA250,Outdoor,Clay,Semifinals,3,Sasnovich A.,Schmiedlova A.,134.0,79.0,564.0,880.0,6.0,3.0,3.0,6.0,7.0,5.0,2.0,1.0,Completed,2.0,1.8,2.09,1.83,2.1,2.06,1.99,1.8,9583,1489
9613,1612,1614,1614,2024-07-15,2024-07-20,5,parry|d / zheng|q,Palermo,Internazionali Femminili di Palermo,SF,SF,0.26666666666666666,1.0,1.0,0.7619047619047619,58.476190476190474,33,Palermo,Internazionali Femminili di Palermo,2024-07-20,WTA250,Outdoor,Clay,Semifinals,3,Zheng Q.,Parry D.,7.0,58.0,4055.0,1019.0,7.0,5.0,6.0,4.0,,,2.0,0.0,Completed,1.25,4.0,1.25,4.46,1.29,4.46,1.24,3.93,9613,1490
9614,1613,1615,1615,2024-07-15,2024-07-20,5,begu|i / muchova|k,Palermo,Internazionali Femminili di Palermo,SF,SF,0.26666666666666666,1.0,1.0,0.7619047619047619,58.476190476190474,33,Palermo,Internazionali Femminili di Palermo,2024-07-20,WTA250,Outdoor,Clay,Semifinals,3,Muchova K.,Begu I.,35.0,142.0,1618.0,536.0,6.0,1.0,6.0,1.0,,,2.0,0.0,Completed,2.2,1.67,2.15,1.79,2.2,1.83,2.1,1.72,9614,1491
9581,1580,1585,1585,2024-07-15,2024-07-21,6,sasnovich|a / shnaider|d,Budapest,Budapest Open,F,F,1.0,1.0,1.0,0.7142857142857143,98.57142857142857,32,Budapest,Budapest Open,2024-07-21,WTA250,Outdoor,Clay,The Final,3,Shnaider D.,Sasnovich A.,28.0,134.0,1795.0,564.0,6.0,4.0,6.0,4.0,,,2.0,0.0,Completed,1.22,4.33,1.21,4.99,1.24,4.99,1.21,4.36,9581,1492
9612,1611,1616,1616,2024-07-15,2024-07-21,6,muchova|k / zheng|q,Palermo,Internazionali Femminili di Palermo,F,F,0.26666666666666666,1.0,1.0,0.7142857142857143,58.238095238095234,33,Palermo,Internazionali Femminili di Palermo,2024-07-21,WTA250,Outdoor,Clay,The Final,3,Zheng Q.,Muchova K.,7.0,35.0,4055.0,1618.0,6.0,4.0,4.0,6.0,6.0,2.0,2.0,1.0,Completed,1.57,2.38,1.67,2.35,1.67,2.38,1.6,2.3,9612,1493
9658,1657,1621,1621,2024-07-22,2024-07-21,-1,akugue|n / andreeva|m <> andreeva|m / noha akugue|n,Iasi,Iasi Open,R32,R32,1.0,1.0,1.0,0.6666666666666667,98.33333333333333,34,Iasi,Iasi Open,2024-07-21,WTA250,Outdoor,Clay,1st Round,3,Andreeva M.,Noha Akugue N.,32.0,169.0,1748.0,430.0,6.0,1.0,6.0,2.0,,,2.0,0.0,Completed,1.06,10.0,1.08,10.12,1.08,14.76,1.05,9.44,9658,1494
9661,1660,1619,1619,2024-07-22,2024-07-21,-1,blinkova|a / danilovic|o,Iasi,Iasi Open,R32,R32,1.0,1.0,1.0,0.6666666666666667,98.33333333333333,34,Iasi,Iasi Open,2024-07-21,WTA250,Outdoor,Clay,1st Round,3,Danilovic O.,Blinkova A.,148.0,72.0,509.0,910.0,6.0,2.0,5.0,7.0,6.0,1.0,2.0,1.0,Completed,1.5,2.63,1.51,2.68,1.52,2.75,1.48,2.59,9661,1495
9667,1666,1617,1617,2024-07-22,2024-07-21,-1,ruse|e / tikhonova|a,Iasi,Iasi Open,R32,R32,1.0,1.0,1.0,0.6666666666666667,98.33333333333333,34,Iasi,Iasi Open,2024-07-21,WTA250,Outdoor,Clay,1st Round,3,Ruse E.G.,Tikhonova A.,147.0,198.0,510.0,383.0,6.0,3.0,5.0,7.0,6.0,1.0,2.0,1.0,Completed,1.14,5.5,1.13,6.7,1.14,6.7,1.12,5.83,9667,1496
9672,1671,1620,1620,2024-07-22,2024-07-21,-1,bulgaru|m / maria|t,Iasi,Iasi Open,R32,R32,1.0,1.0,1.0,0.6666666666666667,98.33333333333333,34,Iasi,Iasi Open,2024-07-21,WTA250,Outdoor,Clay,1st Round,3,Bulgaru M.,Maria T.,203.0,59.0,369.0,994.0,6.0,4.0,6.0,2.0,,,2.0,0.0,Completed,2.0,1.8,2.11,1.79,2.13,1.82,2.02,1.76,9672,1497
9691,1690,1648,1648,2024-07-22,2024-07-21,-1,podoroska|n / seidel|e,Prague,Prague Open,R32,R32,1.0,1.0,1.0,0.6666666666666667,98.33333333333333,35,Prague,Prague Open,2024-07-21,WTA250,Outdoor,Clay,1st Round,3,Seidel E.,Podoroska N.,150.0,85.0,503.0,831.0,6.0,4.0,2.0,6.0,6.0,1.0,2.0,1.0,Completed,2.2,1.67,2.16,1.75,2.25,1.75,2.14,1.69,9691,1498
9693,1692,1651,1651,2024-07-22,2024-07-21,-1,lamens|s / masarova|r,Prague,Prague Open,R32,R32,1.0,1.0,1.0,0.6666666666666667,98.33333333333333,35,Prague,Prague Open,2024-07-21,WTA250,Outdoor,Clay,1st Round,3,Masarova R.,Lamens S.,111.0,121.0,650.0,604.0,2.0,6.0,6.0,2.0,7.0,6.0,2.0,1.0,Completed,1.57,2.38,1.65,2.34,1.74,2.45,1.6,2.3,9693,1499
9695,1694,1649,1649,2024-07-22,2024-07-21,-1,jamrichova|r / tomova|v,Prague,Prague Open,R32,R32,1.0,1.0,1.0,0.6666666666666667,98.33333333333333,35,Prague,Prague Open,2024-07-21,WTA250,Outdoor,Clay,1st Round,3,Tomova V.,Jamrichova R.,49.0,545.0,1166.0,89.0,7.0,6.0,6.0,3.0,,,2.0,0.0,Completed,1.3,3.5,1.29,3.84,1.33,3.84,1.3,3.45,9695,1500
9698,1697,1647,1647,2024-07-22,2024-07-21,-1,bouzas maneiro|j / jacquemot|e <> jacquemot|e / maneiro|j,Prague,Prague Open,R32,R32,1.0,1.0,1.0,0.6666666666666667,98.33333333333333,35,Prague,Prague Open,2024-07-21,WTA250,Outdoor,Clay,1st Round,3,Jacquemot E.,Bouzas Maneiro J.,142.0,81.0,530.0,851.0,6.0,3.0,6.0,4.0,,,2.0,0.0,Completed,2.38,1.57,2.39,1.63,2.4,1.67,2.28,1.61,9698,1501
9699,1698,1650,1650,2024-07-22,2024-07-21,-1,bejlek|s / kalinina|a,Prague,Prague Open,R32,R32,1.0,1.0,1.0,0.6666666666666667,98.33333333333333,35,Prague,Prague Open,2024-07-21,WTA250,Outdoor,Clay,1st Round,3,Kalinina A.,Bejlek S.,47.0,125.0,1186.0,592.0,7.0,5.0,6.0,7.0,6.0,2.0,2.0,1.0,Completed,1.44,2.75,1.47,2.81,1.52,2.81,1.46,2.66,9699,1502
9659,1658,1629,1629,2024-07-22,2024-07-22,0,boskovic|l / timofeeva|m,Iasi,Iasi Open,R32,R32,1.0,1.0,1.0,1.0,100.0,34,Iasi,Iasi Open,2024-07-22,WTA250,Outdoor,Clay,1st Round,3,Boskovic L.,Timofeeva M.,202.0,160.0,371.0,460.0,7.0,5.0,6.0,1.0,,,2.0,0.0,Completed,2.5,1.53,2.73,1.5,2.75,1.57,2.54,1.5,9659,1503
9660,1659,1630,1630,2024-07-22,2024-07-22,0,lepchenko|v / trevisan|m,Iasi,Iasi Open,R32,R32,1.0,1.0,1.0,1.0,100.0,34,Iasi,Iasi Open,2024-07-22,WTA250,Outdoor,Clay,1st Round,3,Lepchenko V.,Trevisan M.,187.0,74.0,393.0,903.0,5.0,7.0,6.0,4.0,6.0,3.0,2.0,1.0,Completed,2.75,1.44,2.95,1.44,2.95,1.5,2.79,1.42,9660,1504
9662,1661,1626,1626,2024-07-22,2024-07-22,0,falei|a / todoni|a,Iasi,Iasi Open,R32,R32,1.0,1.0,1.0,1.0,100.0,34,Iasi,Iasi Open,2024-07-22,WTA250,Outdoor,Clay,1st Round,3,Todoni A.,Falei A.,119.0,199.0,610.0,382.0,5.0,0.0,,,,,0.0,0.0,Retired,1.25,4.0,1.27,4.1,1.3,4.4,1.24,3.87,9662,1505
9664,1663,1628,1628,2024-07-22,2024-07-22,0,benoit|m / bondar|a,Iasi,Iasi Open,R32,R32,1.0,1.0,1.0,1.0,100.0,34,Iasi,Iasi Open,2024-07-22,WTA250,Outdoor,Clay,1st Round,3,Bondar A.,Benoit M.,99.0,250.0,759.0,286.0,6.0,3.0,6.0,1.0,,,2.0,0.0,Completed,1.67,2.2,1.67,2.31,1.67,2.31,1.64,2.22,9664,1506
9665,1664,1622,1622,2024-07-22,2024-07-22,0,avanesyan|e / gormaz|l <> avanesyan|e / romero gormaz|l,Iasi,Iasi Open,R32,R32,1.0,1.0,1.0,1.0,100.0,34,Iasi,Iasi Open,2024-07-22,WTA250,Outdoor,Clay,1st Round,3,Avanesyan E.,Romero Gormaz L.,76.0,179.0,899.0,418.0,6.0,1.0,6.0,2.0,,,2.0,0.0,Completed,1.25,4.0,1.27,4.05,1.33,4.38,1.25,3.82,9665,1507
9666,1665,1624,1624,2024-07-22,2024-07-22,0,diaz|n / martic|p <> martic|p / parrizas diaz|n,Iasi,Iasi Open,R32,R32,1.0,1.0,1.0,1.0,100.0,34,Iasi,Iasi Open,2024-07-22,WTA250,Outdoor,Clay,1st Round,3,Martic P.,Parrizas Diaz N.,97.0,137.0,768.0,535.0,6.0,4.0,6.0,4.0,,,2.0,0.0,Completed,1.5,2.63,1.45,2.9,1.5,2.9,1.45,2.69,9666,1508
9668,1667,1631,1631,2024-07-22,2024-07-22,0,brancaccio|n / cristian|j,Iasi,Iasi Open,R32,R32,1.0,1.0,1.0,1.0,100.0,34,Iasi,Iasi Open,2024-07-22,WTA250,Outdoor,Clay,1st Round,3,Cristian J.,Brancaccio N.,61.0,251.0,975.0,285.0,6.0,2.0,6.0,4.0,,,2.0,0.0,Completed,1.33,3.4,1.28,3.99,1.33,4.01,1.28,3.63,9668,1509
9669,1668,1623,1623,2024-07-22,2024-07-22,0,carle|m / paquet|c,Iasi,Iasi Open,R32,R32,1.0,1.0,1.0,1.0,100.0,34,Iasi,Iasi Open,2024-07-22,WTA250,Outdoor,Clay,1st Round,3,Paquet C.,Carle M.,106.0,89.0,693.0,816.0,6.0,4.0,6.0,2.0,,,2.0,0.0,Completed,2.3,1.62,2.33,1.65,2.4,1.71,2.28,1.6,9669,1510
9670,1669,1625,1625,2024-07-22,2024-07-22,0,makarova|e / waltert|s,Iasi,Iasi Open,R32,R32,1.0,1.0,1.0,1.0,100.0,34,Iasi,Iasi Open,2024-07-22,WTA250,Outdoor,Clay,1st Round,3,Waltert S.,Makarova E.,249.0,178.0,290.0,420.0,6.0,2.0,6.0,2.0,,,2.0,0.0,Completed,1.25,4.0,1.28,3.9,1.28,4.12,1.25,3.79,9670,1511
9671,1670,1627,1627,2024-07-22,2024-07-22,0,janicijevic|s / topalova|g,Iasi,Iasi Open,R32,R32,1.0,1.0,1.0,1.0,100.0,34,Iasi,Iasi Open,2024-07-22,WTA250,Outdoor,Clay,1st Round,3,Janicijevic S.,Topalova G.,188.0,229.0,393.0,320.0,6.0,1.0,6.0,2.0,,,2.0,0.0,Completed,1.53,2.5,1.54,2.61,1.54,2.65,1.5,2.51,9671,1512
9688,1687,1661,1661,2024-07-22,2024-07-22,0,noskova|l / zavatska|k,Prague,Prague Open,R32,R32,1.0,1.0,1.0,1.0,100.0,35,Prague,Prague Open,2024-07-22,WTA250,Outdoor,Clay,1st Round,3,Noskova L.,Zavatska K.,27.0,174.0,1835.0,425.0,6.0,3.0,6.0,2.0,,,2.0,0.0,Completed,1.17,5.0,1.17,5.62,1.18,5.62,1.16,5.14,9688,1513
9689,1688,1662,1662,2024-07-22,2024-07-22,0,lys|e / soboleva|a,Prague,Prague Open,R32,R32,1.0,1.0,1.0,1.0,100.0,35,Prague,Prague Open,2024-07-22,WTA250,Outdoor,Clay,1st Round,3,Lys E.,Soboleva A.,108.0,231.0,681.0,314.0,6.0,4.0,6.0,3.0,,,2.0,0.0,Completed,1.22,4.33,1.27,4.08,1.27,4.5,1.22,4.17,9689,1514
9690,1689,1656,1656,2024-07-22,2024-07-22,0,korpatsch|t / shibahara|e,Prague,Prague Open,R32,R32,1.0,1.0,1.0,1.0,100.0,35,Prague,Prague Open,2024-07-22,WTA250,Outdoor,Clay,1st Round,3,Shibahara E.,Korpatsch T.,257.0,92.0,274.0,802.0,7.0,6.0,3.0,6.0,7.0,5.0,2.0,1.0,Completed,2.5,1.53,2.63,1.53,2.63,1.59,2.49,1.52,9690,1515
9692,1691,1653,1653,2024-07-22,2024-07-22,0,barthel|m / linette|m,Prague,Prague Open,R32,R32,1.0,1.0,1.0,1.0,100.0,35,Prague,Prague Open,2024-07-22,WTA250,Outdoor,Clay,1st Round,3,Linette M.,Barthel M.,48.0,193.0,1171.0,386.0,7.0,6.0,6.0,4.0,,,2.0,0.0,Completed,1.25,4.0,1.26,4.42,1.29,4.42,1.24,3.86,9692,1516
9694,1693,1654,1654,2024-07-22,2024-07-22,0,fett|j / van uytvanck|a,Prague,Prague Open,R32,R32,1.0,1.0,1.0,1.0,100.0,35,Prague,Prague Open,2024-07-22,WTA250,Outdoor,Clay,1st Round,3,Fett J.,Van Uytvanck A.,116.0,245.0,630.0,294.0,6.0,2.0,6.0,2.0,,,2.0,0.0,Completed,2.0,1.8,2.13,1.78,2.13,1.82,2.03,1.75,9694,1517
9696,1695,1660,1660,2024-07-22,2024-07-22,0,frech|m / sharma|a,Prague,Prague Open,R32,R32,1.0,1.0,1.0,1.0,100.0,35,Prague,Prague Open,2024-07-22,WTA250,Outdoor,Clay,1st Round,3,Frech M.,Sharma A.,57.0,149.0,1049.0,503.0,6.0,4.0,2.0,6.0,6.0,2.0,2.0,1.0,Completed,1.5,2.63,1.49,2.76,1.53,2.8,1.47,2.63,9696,1518
9697,1696,1659,1659,2024-07-22,2024-07-22,0,salkova|d / sonmez|z,Prague,Prague Open,R32,R32,1.0,1.0,1.0,1.0,100.0,35,Prague,Prague Open,2024-07-22,WTA250,Outdoor,Clay,1st Round,3,Salkova D.,Sonmez Z.,135.0,130.0,545.0,568.0,6.0,4.0,6.0,0.0,,,2.0,0.0,Completed,1.91,1.91,2.04,1.84,2.09,1.91,1.97,1.81,9697,1519
9700,1699,1658,1658,2024-07-22,2024-07-22,0,schmiedlova|a / von deichmann|k,Prague,Prague Open,R32,R32,1.0,1.0,1.0,1.0,100.0,35,Prague,Prague Open,2024-07-22,WTA250,Outdoor,Clay,1st Round,3,Von Deichmann K.,Schmiedlova A.,241.0,70.0,297.0,918.0,6.0,4.0,6.0,4.0,,,2.0,0.0,Completed,4.0,1.25,3.87,1.29,4.3,1.29,3.86,1.25,9700,1520
9701,1700,1652,1652,2024-07-22,2024-07-22,0,palicova|b / selekhmeteva|o,Prague,Prague Open,R32,R32,1.0,1.0,1.0,1.0,100.0,35,Prague,Prague Open,2024-07-22,WTA250,Outdoor,Clay,1st Round,3,Selekhmeteva O.,Palicova B.,248.0,263.0,291.0,266.0,7.0,5.0,6.0,3.0,,,2.0,0.0,Completed,1.25,4.0,1.24,4.44,1.26,4.53,1.23,4.05,9701,1521
9703,1702,1655,1655,2024-07-22,2024-07-22,0,chirico|l / siniakova|k,Prague,Prague Open,R32,R32,1.0,1.0,1.0,1.0,100.0,35,Prague,Prague Open,2024-07-22,WTA250,Outdoor,Clay,1st Round,3,Siniakova K.,Chirico L.,38.0,228.0,1546.0,321.0,7.0,5.0,4.0,6.0,6.0,3.0,2.0,1.0,Completed,1.17,5.0,1.17,5.57,1.19,5.57,1.16,5.04,9703,1522
9650,1649,1638,1638,2024-07-22,2024-07-23,1,andreeva|m / sasnovich|a,Iasi,Iasi Open,R16,R16,1.0,1.0,1.0,0.9523809523809523,99.76190476190476,34,Iasi,Iasi Open,2024-07-23,WTA250,Outdoor,Clay,2nd Round,3,Andreeva M.,Sasnovich A.,32.0,104.0,1748.0,725.0,6.0,1.0,6.0,3.0,,,2.0,0.0,Completed,1.14,5.5,1.15,6.31,1.17,6.4,1.13,5.66,9650,1523
9651,1650,1637,1637,2024-07-22,2024-07-23,1,boskovic|l / lepchenko|v,Iasi,Iasi Open,R16,R16,1.0,1.0,1.0,0.9523809523809523,99.76190476190476,34,Iasi,Iasi Open,2024-07-23,WTA250,Outdoor,Clay,2nd Round,3,Boskovic L.,Lepchenko V.,202.0,187.0,371.0,393.0,6.0,3.0,6.0,4.0,,,2.0,0.0,Completed,2.2,1.67,2.12,1.79,2.22,1.79,2.11,1.71,9651,1524
9652,1651,1636,1636,2024-07-22,2024-07-23,1,danilovic|o / todoni|a,Iasi,Iasi Open,R16,R16,1.0,1.0,1.0,0.9523809523809523,99.76190476190476,34,Iasi,Iasi Open,2024-07-23,WTA250,Outdoor,Clay,2nd Round,3,Danilovic O.,Todoni A.,148.0,119.0,509.0,610.0,6.0,1.0,6.0,1.0,,,2.0,0.0,Completed,1.8,2.0,1.81,2.09,1.82,2.11,1.76,2.04,9652,1525
9654,1653,1635,1635,2024-07-22,2024-07-23,1,avanesyan|e / martic|p,Iasi,Iasi Open,R16,R16,1.0,1.0,1.0,0.9523809523809523,99.76190476190476,34,Iasi,Iasi Open,2024-07-23,WTA250,Outdoor,Clay,2nd Round,3,Avanesyan E.,Martic P.,76.0,97.0,899.0,768.0,6.0,2.0,5.0,7.0,6.0,4.0,2.0,1.0,Completed,1.57,2.38,1.56,2.58,1.67,2.63,1.56,2.39,9654,1526
9655,1654,1639,1639,2024-07-22,2024-07-23,1,cristian|j / ruse|e,Iasi,Iasi Open,R16,R16,1.0,1.0,1.0,0.9523809523809523,99.76190476190476,34,Iasi,Iasi Open,2024-07-23,WTA250,Outdoor,Clay,2nd Round,3,Cristian J.,Ruse E.G.,61.0,147.0,975.0,510.0,6.0,4.0,6.0,7.0,6.0,2.0,2.0,1.0,Completed,1.73,2.1,1.78,2.15,1.78,2.16,1.72,2.09,9655,1527
9656,1655,1633,1633,2024-07-22,2024-07-23,1,paquet|c / waltert|s,Iasi,Iasi Open,R16,R16,1.0,1.0,1.0,0.9523809523809523,99.76190476190476,34,Iasi,Iasi Open,2024-07-23,WTA250,Outdoor,Clay,2nd Round,3,Paquet C.,Waltert S.,106.0,249.0,693.0,290.0,6.0,1.0,7.0,5.0,,,2.0,0.0,Completed,1.8,2.0,1.93,1.96,1.93,2.02,1.84,1.94,9656,1528
9657,1656,1632,1632,2024-07-22,2024-07-23,1,bulgaru|m / janicijevic|s,Iasi,Iasi Open,R16,R16,1.0,1.0,1.0,0.9523809523809523,99.76190476190476,34,Iasi,Iasi Open,2024-07-23,WTA250,Outdoor,Clay,2nd Round,3,Janicijevic S.,Bulgaru M.,188.0,203.0,393.0,369.0,6.0,2.0,7.0,6.0,,,2.0,0.0,Completed,1.8,2.0,1.84,2.06,1.85,2.06,1.8,1.98,9657,1529
9680,1679,1670,1670,2024-07-22,2024-07-23,1,lys|e / noskova|l,Prague,Prague Open,R16,R16,1.0,1.0,1.0,0.9523809523809523,99.76190476190476,35,Prague,Prague Open,2024-07-23,WTA250,Outdoor,Clay,2nd Round,3,Noskova L.,Lys E.,27.0,108.0,1835.0,681.0,6.0,2.0,2.0,1.0,,,1.0,0.0,Retired,1.4,3.0,1.4,3.11,1.43,3.22,1.38,2.95,9680,1530
9681,1680,1669,1669,2024-07-22,2024-07-23,1,seidel|e / shibahara|e,Prague,Prague Open,R16,R16,1.0,1.0,1.0,0.9523809523809523,99.76190476190476,35,Prague,Prague Open,2024-07-23,WTA250,Outdoor,Clay,2nd Round,3,Seidel E.,Shibahara E.,150.0,257.0,503.0,274.0,6.0,2.0,7.0,5.0,,,2.0,0.0,Completed,1.36,3.2,1.39,3.17,1.4,3.25,1.36,3.07,9681,1531
9682,1681,1663,1663,2024-07-22,2024-07-23,1,linette|m / masarova|r,Prague,Prague Open,R16,R16,1.0,1.0,1.0,0.9523809523809523,99.76190476190476,35,Prague,Prague Open,2024-07-23,WTA250,Outdoor,Clay,2nd Round,3,Linette M.,Masarova R.,48.0,111.0,1171.0,650.0,6.0,3.0,6.0,4.0,,,2.0,0.0,Completed,1.53,2.5,1.58,2.5,1.62,2.6,1.55,2.39,9682,1532
9683,1682,1667,1667,2024-07-22,2024-07-23,1,fett|j / tomova|v,Prague,Prague Open,R16,R16,1.0,1.0,1.0,0.9523809523809523,99.76190476190476,35,Prague,Prague Open,2024-07-23,WTA250,Outdoor,Clay,2nd Round,3,Tomova V.,Fett J.,49.0,116.0,1166.0,630.0,6.0,3.0,6.0,4.0,,,2.0,0.0,Completed,1.4,3.0,1.49,2.77,1.49,3.0,1.43,2.79,9683,1533
9684,1683,1666,1666,2024-07-22,2024-07-23,1,frech|m / salkova|d,Prague,Prague Open,R16,R16,1.0,1.0,1.0,0.9523809523809523,99.76190476190476,35,Prague,Prague Open,2024-07-23,WTA250,Outdoor,Clay,2nd Round,3,Frech M.,Salkova D.,57.0,135.0,1049.0,545.0,6.0,4.0,6.0,7.0,2.0,2.0,1.0,1.0,Retired,1.57,2.38,1.59,2.47,1.63,2.47,1.58,2.33,9684,1534
9685,1684,1664,1664,2024-07-22,2024-07-23,1,jacquemot|e / kalinina|a,Prague,Prague Open,R16,R16,1.0,1.0,1.0,0.9523809523809523,99.76190476190476,35,Prague,Prague Open,2024-07-23,WTA250,Outdoor,Clay,2nd Round,3,Kalinina A.,Jacquemot E.,47.0,142.0,1186.0,530.0,7.0,5.0,3.0,6.0,6.0,2.0,2.0,1.0,Completed,1.4,3.0,1.4,3.1,1.43,3.13,1.38,2.95,9685,1535
9686,1685,1665,1665,2024-07-22,2024-07-23,1,selekhmeteva|o / von deichmann|k,Prague,Prague Open,R16,R16,1.0,1.0,1.0,0.9523809523809523,99.76190476190476,35,Prague,Prague Open,2024-07-23,WTA250,Outdoor,Clay,2nd Round,3,Selekhmeteva O.,Von Deichmann K.,248.0,241.0,291.0,297.0,6.0,1.0,6.0,2.0,,,2.0,0.0,Completed,1.14,5.5,1.16,5.76,1.2,6.23,1.14,5.36,9686,1536
9646,1645,1640,1640,2024-07-22,2024-07-24,2,andreeva|m / boskovic|l,Iasi,Iasi Open,QF,QF,1.0,1.0,1.0,0.9047619047619048,99.52380952380952,34,Iasi,Iasi Open,2024-07-24,WTA250,Outdoor,Clay,Quarterfinals,3,Andreeva M.,Boskovic L.,32.0,202.0,1748.0,371.0,6.0,2.0,6.0,0.0,,,2.0,0.0,Completed,1.04,13.0,1.07,12.22,1.07,13.0,1.05,9.93,9646,1537
9647,1646,1641,1641,2024-07-22,2024-07-24,2,bondar|a / danilovic|o,Iasi,Iasi Open,QF,QF,1.0,1.0,1.0,0.9047619047619048,99.52380952380952,34,Iasi,Iasi Open,2024-07-24,WTA250,Outdoor,Clay,Quarterfinals,3,Danilovic O.,Bondar A.,148.0,99.0,509.0,759.0,7.0,5.0,6.0,2.0,,,2.0,0.0,Completed,1.44,2.75,1.45,2.99,1.46,2.99,1.42,2.8,9647,1538
9649,1648,1642,1642,2024-07-22,2024-07-24,2,janicijevic|s / paquet|c,Iasi,Iasi Open,QF,QF,1.0,1.0,1.0,0.9047619047619048,99.52380952380952,34,Iasi,Iasi Open,2024-07-24,WTA250,Outdoor,Clay,Quarterfinals,3,Paquet C.,Janicijevic S.,106.0,188.0,693.0,393.0,0.0,6.0,6.0,2.0,6.0,1.0,2.0,1.0,Completed,1.62,2.3,1.64,2.41,1.64,2.42,1.59,2.31,9649,1539
9676,1675,1674,1674,2024-07-22,2024-07-24,2,noskova|l / seidel|e,Prague,Prague Open,QF,QF,1.0,1.0,1.0,0.9047619047619048,99.52380952380952,35,Prague,Prague Open,2024-07-24,WTA250,Outdoor,Clay,Quarterfinals,3,Noskova L.,Seidel E.,27.0,150.0,1835.0,503.0,6.0,1.0,6.0,3.0,,,2.0,0.0,Completed,1.17,5.0,1.17,5.97,1.21,5.97,1.16,5.09,9676,1540
9677,1676,1672,1672,2024-07-22,2024-07-24,2,linette|m / tomova|v,Prague,Prague Open,QF,QF,1.0,1.0,1.0,0.9047619047619048,99.52380952380952,35,Prague,Prague Open,2024-07-24,WTA250,Outdoor,Clay,Quarterfinals,3,Linette M.,Tomova V.,48.0,49.0,1171.0,1166.0,4.0,6.0,6.0,3.0,6.0,2.0,2.0,1.0,Completed,1.8,2.0,1.77,2.18,1.8,2.18,1.75,2.06,9677,1541
9678,1677,1671,1671,2024-07-22,2024-07-24,2,frech|m / kalinina|a,Prague,Prague Open,QF,QF,1.0,1.0,1.0,0.9047619047619048,99.52380952380952,35,Prague,Prague Open,2024-07-24,WTA250,Outdoor,Clay,Quarterfinals,3,Frech M.,Kalinina A.,57.0,47.0,1049.0,1186.0,2.0,6.0,6.0,0.0,6.0,1.0,2.0,1.0,Completed,2.1,1.73,2.33,1.68,2.38,1.73,2.2,1.65,9678,1542
9644,1643,1644,1644,2024-07-22,2024-07-25,3,andreeva|m / danilovic|o,Iasi,Iasi Open,SF,SF,1.0,1.0,1.0,0.8571428571428572,99.28571428571429,34,Iasi,Iasi Open,2024-07-25,WTA250,Outdoor,Clay,Semifinals,3,Andreeva M.,Danilovic O.,32.0,148.0,1748.0,509.0,3.0,6.0,6.0,3.0,7.0,6.0,2.0,1.0,Completed,1.25,4.0,1.26,4.3,1.27,4.53,1.24,3.97,9644,1543
9645,1644,1645,1645,2024-07-22,2024-07-25,3,avanesyan|e / paquet|c,Iasi,Iasi Open,SF,SF,1.0,1.0,1.0,0.8571428571428572,99.28571428571429,34,Iasi,Iasi Open,2024-07-25,WTA250,Outdoor,Clay,Semifinals,3,Avanesyan E.,Paquet C.,76.0,106.0,899.0,693.0,6.0,2.0,6.0,3.0,,,2.0,0.0,Completed,1.36,3.2,1.38,3.3,1.38,3.5,1.34,3.22,9645,1544
9648,1647,1643,1643,2024-07-22,2024-07-25,3,avanesyan|e / cristian|j,Iasi,Iasi Open,QF,QF,1.0,1.0,1.0,0.8571428571428572,99.28571428571429,34,Iasi,Iasi Open,2024-07-25,WTA250,Outdoor,Clay,Quarterfinals,3,Avanesyan E.,Cristian J.,76.0,61.0,899.0,975.0,7.0,5.0,6.0,4.0,,,2.0,0.0,Completed,1.8,2.0,1.81,2.12,1.81,2.12,1.77,2.06,9648,1545
9674,1673,1676,1676,2024-07-22,2024-07-25,3,linette|m / noskova|l,Prague,Prague Open,SF,SF,1.0,1.0,1.0,0.8571428571428572,99.28571428571429,35,Prague,Prague Open,2024-07-25,WTA250,Outdoor,Clay,Semifinals,3,Linette M.,Noskova L.,48.0,27.0,1171.0,1835.0,6.0,3.0,3.0,6.0,7.0,6.0,2.0,1.0,Completed,3.2,1.36,3.19,1.41,3.3,1.41,3.21,1.33,9674,1546
9643,1642,1646,1646,2024-07-22,2024-07-26,4,andreeva|m / avanesyan|e,Iasi,Iasi Open,F,F,1.0,1.0,1.0,0.8095238095238095,99.04761904761905,34,Iasi,Iasi Open,2024-07-26,WTA250,Outdoor,Clay,The Final,3,Andreeva M.,Avanesyan E.,32.0,76.0,1748.0,899.0,5.0,7.0,7.0,5.0,4.0,0.0,1.0,1.0,Retired,1.36,3.2,1.41,3.14,1.41,3.2,1.38,2.98,9643,1547
9673,1672,1677,1677,2024-07-22,2024-07-26,4,frech|m / linette|m,Prague,Prague Open,F,F,1.0,1.0,1.0,0.8095238095238095,99.04761904761905,35,Prague,Prague Open,2024-07-26,WTA250,Outdoor,Clay,The Final,3,Linette M.,Frech M.,48.0,57.0,1171.0,1049.0,6.0,2.0,6.0,1.0,,,2.0,0.0,Completed,1.73,2.1,1.72,2.26,1.73,2.26,1.69,2.16,9673,1548
9786,1785,1681,1681,2024-07-29,2024-07-29,0,montgomery|r / rogers|s,Washington,Citi Open,R32,R32,0.22857142857142856,1.0,1.0,1.0,57.57142857142857,36,Washington,Citi Open,2024-07-29,WTA500,Outdoor,Hard,1st Round,3,Montgomery R.,Rogers S.,131.0,376.0,554.0,159.0,7.0,5.0,6.0,3.0,,,2.0,0.0,Completed,1.57,2.38,1.55,2.53,1.58,2.55,1.54,2.43,9786,1549
9792,1791,1679,1679,2024-07-29,2024-07-29,0,krueger|a / pavlyuchenkova|a,Washington,Citi Open,R32,R32,0.22857142857142856,1.0,1.0,1.0,57.57142857142857,36,Washington,Citi Open,2024-07-29,WTA500,Outdoor,Hard,1st Round,3,Pavlyuchenkova A.,Krueger A.,33.0,81.0,1717.0,829.0,6.0,3.0,4.0,6.0,6.0,4.0,2.0,1.0,Completed,1.53,2.5,1.6,2.46,1.6,2.53,1.54,2.44,9792,1550
9794,1793,1678,1678,2024-07-29,2024-07-29,0,dolehide|c / tsurenko|l,Washington,Citi Open,R32,R32,0.22857142857142856,1.0,1.0,1.0,57.57142857142857,36,Washington,Citi Open,2024-07-29,WTA500,Outdoor,Hard,1st Round,3,Dolehide C.,Tsurenko L.,49.0,84.0,1100.0,818.0,6.0,1.0,3.0,6.0,6.0,4.0,2.0,1.0,Completed,1.91,1.91,1.96,1.91,2.11,2.0,1.9,1.88,9794,1551
9783,1782,1684,1684,2024-07-29,2024-07-30,1,rakhimova|k / volynets|k,Washington,Citi Open,R32,R32,0.22857142857142856,1.0,1.0,0.9523809523809523,57.33333333333333,36,Washington,Citi Open,2024-07-30,WTA500,Outdoor,Hard,1st Round,3,Rakhimova K.,Volynets K.,105.0,56.0,706.0,1027.0,6.0,4.0,6.0,3.0,,,2.0,0.0,Completed,3.0,1.4,2.93,1.44,3,1.45,2.84,1.41,9783,1552
9785,1784,1687,1687,2024-07-29,2024-07-30,1,azarenka|v / baptiste|h,Washington,Citi Open,R32,R32,0.22857142857142856,1.0,1.0,0.9523809523809523,57.33333333333333,36,Washington,Citi Open,2024-07-30,WTA500,Outdoor,Hard,1st Round,3,Azarenka V.,Baptiste H.,20.0,97.0,2159.0,744.0,7.0,6.0,7.0,6.0,,,2.0,0.0,Completed,1.25,4.0,1.26,4.15,1.26,4.15,1.24,3.95,9785,1553
9787,1786,1686,1686,2024-07-29,2024-07-30,1,bouzkova|m / kessler|m,Washington,Citi Open,R32,R32,0.22857142857142856,1.0,1.0,0.9523809523809523,57.33333333333333,36,Washington,Citi Open,2024-07-30,WTA500,Outdoor,Hard,1st Round,3,Bouzkova M.,Kessler M.,43.0,115.0,1275.0,636.0,6.0,4.0,4.0,6.0,6.0,2.0,2.0,1.0,Completed,1.33,3.4,1.42,3.03,1.42,3.4,1.38,3.01,9787,1554
9788,1787,1685,1685,2024-07-29,2024-07-30,1,potapova|a / townsend|t,Washington,Citi Open,R32,R32,0.22857142857142856,1.0,1.0,0.9523809523809523,57.33333333333333,36,Washington,Citi Open,2024-07-30,WTA500,Outdoor,Hard,1st Round,3,Townsend T.,Potapova A.,78.0,42.0,844.0,1295.0,6.0,2.0,6.0,2.0,,,2.0,0.0,Completed,2.38,1.57,2.55,1.56,2.65,1.59,2.43,1.54,9788,1555
9789,1788,1682,1682,2024-07-29,2024-07-30,1,mertens|e / raducanu|e,Washington,Citi Open,R32,R32,0.22857142857142856,1.0,1.0,0.9523809523809523,57.33333333333333,36,Washington,Citi Open,2024-07-30,WTA500,Outdoor,Hard,1st Round,3,Raducanu E.,Mertens E.,89.0,35.0,799.0,1629.0,6.0,2.0,3.0,6.0,6.0,4.0,2.0,1.0,Completed,1.4,3.0,1.46,2.86,1.48,3.0,1.44,2.75,9789,1556
9790,1789,1688,1688,2024-07-29,2024-07-30,1,ngounoue|c / stearns|p,Washington,Citi Open,R32,R32,0.22857142857142856,1.0,1.0,0.9523809523809523,57.33333333333333,36,Washington,Citi Open,2024-07-30,WTA500,Outdoor,Hard,1st Round,3,Stearns P.,Ngounoue C.,51.0,299.0,1082.0,222.0,6.0,3.0,7.0,6.0,,,2.0,0.0,Completed,1.33,3.4,1.41,3.09,1.41,3.4,1.35,3.16,9790,1557
9793,1792,1683,1683,2024-07-29,2024-07-30,1,anisimova|a / stephens|s,Washington,Citi Open,R32,R32,0.22857142857142856,1.0,1.0,0.9523809523809523,57.33333333333333,36,Washington,Citi Open,2024-07-30,WTA500,Outdoor,Hard,1st Round,3,Anisimova A.,Stephens S.,176.0,45.0,423.0,1217.0,6.0,3.0,7.0,5.0,,,2.0,0.0,Completed,1.53,2.5,1.52,2.66,1.57,2.66,1.52,2.47,9793,1558
9779,1778,1691,1691,2024-07-29,2024-07-31,2,raducanu|e / stearns|p,Washington,Citi Open,R16,R16,0.22857142857142856,1.0,1.0,0.9047619047619048,57.095238095238095,36,Washington,Citi Open,2024-07-31,WTA500,Outdoor,Hard,2nd Round,3,Raducanu E.,Stearns P.,89.0,51.0,799.0,1082.0,7.0,6.0,6.0,2.0,,,2.0,0.0,Completed,1.4,3.0,1.37,3.27,1.41,3.27,1.36,3.09,9779,1559
9781,1780,1690,1690,2024-07-29,2024-07-31,2,anisimova|a / pavlyuchenkova|a,Washington,Citi Open,R16,R16,0.22857142857142856,1.0,1.0,0.9047619047619048,57.095238095238095,36,Washington,Citi Open,2024-07-31,WTA500,Outdoor,Hard,2nd Round,3,Anisimova A.,Pavlyuchenkova A.,176.0,33.0,423.0,1717.0,6.0,1.0,6.0,7.0,6.0,4.0,2.0,1.0,Completed,1.8,2.0,1.83,2.06,1.87,2.1,1.81,1.98,9781,1560
9791,1790,1689,1689,2024-07-29,2024-07-31,2,badosa|p / kenin|s,Washington,Citi Open,R32,R32,0.22857142857142856,1.0,1.0,0.9047619047619048,57.095238095238095,36,Washington,Citi Open,2024-07-31,WTA500,Outdoor,Hard,1st Round,3,Badosa P.,Kenin S.,62.0,54.0,940.0,1061.0,6.0,1.0,7.0,6.0,,,2.0,0.0,Completed,1.3,3.5,1.27,4.01,1.34,4.01,1.29,3.53,9791,1561
9775,1774,1692,1692,2024-07-29,2024-08-01,3,rakhimova|k / sabalenka|a,Washington,Citi Open,R16,R16,0.22857142857142856,1.0,1.0,0.8571428571428572,56.857142857142854,36,Washington,Citi Open,2024-08-01,WTA500,Outdoor,Hard,2nd Round,3,Sabalenka A.,Rakhimova K.,3.0,105.0,7061.0,706.0,7.0,5.0,4.0,6.0,6.0,4.0,2.0,1.0,Completed,1.06,10.0,1.05,13.37,1.06,13.37,1.05,9.64,9775,1562
9776,1775,1694,1694,2024-07-29,2024-08-01,3,azarenka|v / wang|y,Washington,Citi Open,R16,R16,0.22857142857142856,1.0,1.0,0.8571428571428572,56.857142857142854,36,Washington,Citi Open,2024-08-01,WTA500,Outdoor,Hard,2nd Round,3,Azarenka V.,Wang Y.,20.0,73.0,2159.0,872.0,6.0,1.0,6.0,7.0,6.0,3.0,2.0,1.0,Completed,1.22,4.33,1.24,4.45,1.29,4.5,1.23,4.1,9776,1563
9778,1777,1696,1696,2024-07-29,2024-08-01,3,bouzkova|m / townsend|t,Washington,Citi Open,R16,R16,0.22857142857142856,1.0,1.0,0.8571428571428572,56.857142857142854,36,Washington,Citi Open,2024-08-01,WTA500,Outdoor,Hard,2nd Round,3,Bouzkova M.,Townsend T.,43.0,78.0,1275.0,844.0,7.0,5.0,7.0,6.0,,,2.0,0.0,Completed,1.8,2.0,1.76,2.14,1.8,2.15,1.73,2.08,9778,1564
9780,1779,1695,1695,2024-07-29,2024-08-01,3,badosa|p / samsonova|l,Washington,Citi Open,R16,R16,0.22857142857142856,1.0,1.0,0.8571428571428572,56.857142857142854,36,Washington,Citi Open,2024-08-01,WTA500,Outdoor,Hard,2nd Round,3,Badosa P.,Samsonova L.,62.0,13.0,940.0,2950.0,6.0,2.0,,,,,1.0,0.0,Retired,1.91,1.91,1.82,2.07,1.95,2.07,1.82,1.97,9780,1565
9782,1781,1693,1693,2024-07-29,2024-08-01,3,dolehide|c / kasatkina|d,Washington,Citi Open,R16,R16,0.22857142857142856,1.0,1.0,0.8571428571428572,56.857142857142854,36,Washington,Citi Open,2024-08-01,WTA500,Outdoor,Hard,2nd Round,3,Dolehide C.,Kasatkina D.,49.0,12.0,1100.0,3283.0,2.0,6.0,7.0,5.0,6.0,0.0,2.0,1.0,Completed,3.4,1.33,3.25,1.38,3.5,1.38,3.26,1.33,9782,1566
9772,1771,1700,1700,2024-07-29,2024-08-02,4,bouzkova|m / montgomery|r,Washington,Citi Open,QF,QF,0.22857142857142856,1.0,1.0,0.8095238095238095,56.61904761904762,36,Washington,Citi Open,2024-08-02,WTA500,Outdoor,Hard,Quarterfinals,3,Bouzkova M.,Montgomery R.,43.0,131.0,1275.0,554.0,6.0,3.0,6.0,1.0,,,2.0,0.0,Completed,1.53,2.5,1.58,2.56,1.58,2.75,1.5,2.54,9772,1567
9773,1772,1699,1699,2024-07-29,2024-08-02,4,badosa|p / raducanu|e,Washington,Citi Open,QF,QF,0.22857142857142856,1.0,1.0,0.8095238095238095,56.61904761904762,36,Washington,Citi Open,2024-08-02,WTA500,Outdoor,Hard,Quarterfinals,3,Badosa P.,Raducanu E.,62.0,89.0,940.0,799.0,4.0,6.0,7.0,5.0,6.0,4.0,2.0,1.0,Completed,1.91,1.91,1.98,1.93,1.98,1.95,1.9,1.87,9773,1568
9774,1773,1698,1698,2024-07-29,2024-08-02,4,anisimova|a / dolehide|c,Washington,Citi Open,QF,QF,0.22857142857142856,1.0,1.0,0.8095238095238095,56.61904761904762,36,Washington,Citi Open,2024-08-02,WTA500,Outdoor,Hard,Quarterfinals,3,Dolehide C.,Anisimova A.,49.0,176.0,1100.0,423.0,7.0,6.0,6.0,1.0,,,2.0,0.0,Completed,2.75,1.44,2.81,1.5,3,1.51,2.76,1.43,9774,1569
9777,1776,1697,1697,2024-07-29,2024-08-02,4,jabeur|o / montgomery|r,Washington,Citi Open,R16,R16,0.22857142857142856,1.0,1.0,0.8095238095238095,56.61904761904762,36,Washington,Citi Open,2024-08-02,WTA500,Outdoor,Hard,2nd Round,3,Montgomery R.,Jabeur O.,131.0,16.0,554.0,2631.0,,,,,,,,,Walkover,2.63,1.5,2.66,1.52,2.92,1.52,2.75,1.44,9777,1570
9769,1768,1703,1703,2024-07-29,2024-08-03,5,bouzkova|m / sabalenka|a,Washington,Citi Open,SF,SF,0.22857142857142856,1.0,1.0,0.7619047619047619,56.38095238095238,36,Washington,Citi Open,2024-08-03,WTA500,Outdoor,Hard,Semifinals,3,Bouzkova M.,Sabalenka A.,43.0,3.0,1275.0,7061.0,6.0,4.0,3.0,6.0,6.0,3.0,2.0,1.0,Completed,5.5,1.14,5.76,1.18,5.76,1.19,5.07,1.16,9769,1571
9770,1769,1702,1702,2024-07-29,2024-08-03,5,badosa|p / dolehide|c,Washington,Citi Open,SF,SF,0.22857142857142856,1.0,1.0,0.7619047619047619,56.38095238095238,36,Washington,Citi Open,2024-08-03,WTA500,Outdoor,Hard,Semifinals,3,Badosa P.,Dolehide C.,62.0,49.0,940.0,1100.0,6.0,3.0,6.0,3.0,,,2.0,0.0,Completed,1.3,3.5,1.27,4.17,1.34,4.25,1.27,3.74,9770,1572
9771,1770,1701,1701,2024-07-29,2024-08-03,5,azarenka|v / sabalenka|a,Washington,Citi Open,QF,QF,0.22857142857142856,1.0,1.0,0.7619047619047619,56.38095238095238,36,Washington,Citi Open,2024-08-03,WTA500,Outdoor,Hard,Quarterfinals,3,Sabalenka A.,Azarenka V.,3.0,20.0,7061.0,2159.0,6.0,4.0,6.0,4.0,,,2.0,0.0,Completed,1.33,3.4,1.32,3.72,1.36,3.89,1.31,3.4,9771,1573
9768,1767,1704,1704,2024-07-29,2024-08-04,6,badosa|p / bouzkova|m,Washington,Citi Open,F,F,0.22857142857142856,1.0,1.0,0.7142857142857143,56.14285714285714,36,Washington,Citi Open,2024-08-04,WTA500,Outdoor,Hard,The Final,3,Badosa P.,Bouzkova M.,62.0,43.0,940.0,1275.0,6.0,1.0,4.0,6.0,6.0,4.0,2.0,1.0,Completed,1.5,2.63,1.5,2.78,1.5,2.78,1.47,2.64,9768,1574
9826,1825,1709,1709,2024-08-05,2024-08-06,1,kenin|s / wang|y,Toronto,Canadian Open,R64,R64,0.10666666666666667,1.0,1.0,0.9523809523809523,50.628571428571426,37,Toronto,Canadian Open,2024-08-06,WTA1000,Outdoor,Hard,1st Round,3,Wang Y.,Kenin S.,72.0,55.0,903.0,1061.0,7.0,5.0,7.0,6.0,,,2.0,0.0,Completed,1.91,1.91,1.97,1.92,1.97,1.95,1.9,1.89,9826,1575
9827,1826,1706,1706,2024-08-05,2024-08-06,1,frech|m / potapova|a,Toronto,Canadian Open,R64,R64,0.10666666666666667,1.0,1.0,0.9523809523809523,50.628571428571426,37,Toronto,Canadian Open,2024-08-06,WTA1000,Outdoor,Hard,1st Round,3,Frech M.,Potapova A.,50.0,44.0,1185.0,1295.0,4.0,6.0,6.0,3.0,6.0,0.0,2.0,1.0,Completed,2.2,1.67,2.29,1.69,2.31,1.71,2.21,1.66,9827,1576
9831,1830,1707,1707,2024-08-05,2024-08-06,1,tomova|v / uchijima|m,Toronto,Canadian Open,R64,R64,0.10666666666666667,1.0,1.0,0.9523809523809523,50.628571428571426,37,Toronto,Canadian Open,2024-08-06,WTA1000,Outdoor,Hard,1st Round,3,Uchijima M.,Tomova V.,63.0,48.0,930.0,1200.0,7.0,6.0,6.0,2.0,,,2.0,0.0,Completed,2.2,1.67,2.49,1.6,2.49,1.68,2.26,1.63,9831,1577
9835,1834,1710,1710,2024-08-05,2024-08-06,1,azarenka|v / pavlyuchenkova|a,Toronto,Canadian Open,R64,R64,0.10666666666666667,1.0,1.0,0.9523809523809523,50.628571428571426,37,Toronto,Canadian Open,2024-08-06,WTA1000,Outdoor,Hard,1st Round,3,Azarenka V.,Pavlyuchenkova A.,19.0,29.0,2266.0,1776.0,6.0,2.0,6.0,2.0,,,2.0,0.0,Completed,1.36,3.2,1.38,3.26,1.4,3.37,1.37,3.06,9835,1578
9839,1838,1708,1708,2024-08-05,2024-08-06,1,rogers|s / svitolina|e,Toronto,Canadian Open,R64,R64,0.10666666666666667,1.0,1.0,0.9523809523809523,50.628571428571426,37,Toronto,Canadian Open,2024-08-06,WTA1000,Outdoor,Hard,1st Round,3,Svitolina E.,Rogers S.,34.0,379.0,1650.0,160.0,6.0,0.0,6.0,2.0,,,2.0,0.0,Completed,1.2,4.5,1.18,5.56,1.2,5.56,1.17,4.97,9839,1579
9840,1839,1705,1705,2024-08-05,2024-08-06,1,kostyuk|m / maria|t,Toronto,Canadian Open,R64,R64,0.10666666666666667,1.0,1.0,0.9523809523809523,50.628571428571426,37,Toronto,Canadian Open,2024-08-06,WTA1000,Outdoor,Hard,1st Round,3,Kostyuk M.,Maria T.,20.0,67.0,2141.0,914.0,6.0,0.0,6.0,2.0,,,2.0,0.0,Completed,1.1,7.0,1.12,7.52,1.12,7.52,1.1,6.8,9840,1580
9841,1840,1712,1712,2024-08-05,2024-08-06,1,townsend|t / yastremska|d,Toronto,Canadian Open,R64,R64,0.10666666666666667,1.0,1.0,0.9523809523809523,50.628571428571426,37,Toronto,Canadian Open,2024-08-06,WTA1000,Outdoor,Hard,1st Round,3,Townsend T.,Yastremska D.,71.0,27.0,903.0,1823.0,6.0,3.0,3.0,1.0,,,1.0,0.0,Retired,,,2.01,1.87,2.15,1.95,1.93,1.87,9841,1581
9828,1827,1720,1720,2024-08-05,2024-08-07,2,dart|h / shnaider|d,Toronto,Canadian Open,R64,R64,0.10666666666666667,1.0,1.0,0.9047619047619048,50.39047619047619,37,Toronto,Canadian Open,2024-08-07,WTA1000,Outdoor,Hard,1st Round,3,Shnaider D.,Dart H.,24.0,78.0,1930.0,859.0,6.0,3.0,3.0,6.0,7.0,6.0,2.0,1.0,Completed,1.3,3.5,1.3,3.82,1.33,3.82,1.29,3.53,9828,1582
9829,1828,1724,1724,2024-08-05,2024-08-07,2,jabeur|o / osaka|n,Toronto,Canadian Open,R64,R64,0.10666666666666667,1.0,1.0,0.9047619047619048,50.39047619047619,37,Toronto,Canadian Open,2024-08-07,WTA1000,Outdoor,Hard,1st Round,3,Osaka N.,Jabeur O.,95.0,16.0,739.0,2631.0,6.0,3.0,6.0,1.0,,,2.0,0.0,Completed,1.5,2.63,1.53,2.66,1.57,2.66,1.51,2.52,9829,1583
9830,1829,1716,1716,2024-08-05,2024-08-07,2,mertens|e / volynets|k,Toronto,Canadian Open,R64,R64,0.10666666666666667,1.0,1.0,0.9047619047619048,50.39047619047619,37,Toronto,Canadian Open,2024-08-07,WTA1000,Outdoor,Hard,1st Round,3,Mertens E.,Volynets K.,35.0,57.0,1629.0,1027.0,6.0,3.0,6.0,1.0,,,2.0,0.0,Completed,1.73,2.1,1.68,2.3,1.74,2.3,1.68,2.17,9830,1584
9833,1832,1725,1725,2024-08-05,2024-08-07,2,cocciaretto|e / krueger|a,Toronto,Canadian Open,R64,R64,0.10666666666666667,1.0,1.0,0.9047619047619048,50.39047619047619,37,Toronto,Canadian Open,2024-08-07,WTA1000,Outdoor,Hard,1st Round,3,Krueger A.,Cocciaretto E.,82.0,61.0,829.0,947.0,6.0,3.0,6.0,2.0,,,2.0,0.0,Completed,1.8,2.0,1.84,2.06,1.9,2.06,1.82,1.98,9833,1585
9836,1835,1715,1715,2024-08-05,2024-08-07,2,minnen|g / stephens|s,Toronto,Canadian Open,R64,R64,0.10666666666666667,1.0,1.0,0.9047619047619048,50.39047619047619,37,Toronto,Canadian Open,2024-08-07,WTA1000,Outdoor,Hard,1st Round,3,Minnen G.,Stephens S.,74.0,47.0,878.0,1217.0,6.0,2.0,6.0,2.0,,,2.0,0.0,Completed,2.3,1.62,2.21,1.74,2.3,1.74,2.19,1.66,9836,1586
9837,1836,1721,1721,2024-08-05,2024-08-07,2,blinkova|a / stearns|p,Toronto,Canadian Open,R64,R64,0.10666666666666667,1.0,1.0,0.9047619047619048,50.39047619047619,37,Toronto,Canadian Open,2024-08-07,WTA1000,Outdoor,Hard,1st Round,3,Stearns P.,Blinkova A.,53.0,68.0,1074.0,910.0,6.0,4.0,6.0,3.0,,,2.0,0.0,Completed,1.44,2.75,1.48,2.84,1.5,2.84,1.45,2.71,9837,1587
9838,1837,1723,1723,2024-08-05,2024-08-07,2,linette|m / marino|r,Toronto,Canadian Open,R64,R64,0.10666666666666667,1.0,1.0,0.9047619047619048,50.39047619047619,37,Toronto,Canadian Open,2024-08-07,WTA1000,Outdoor,Hard,1st Round,3,Linette M.,Marino R.,43.0,145.0,1361.0,532.0,6.0,3.0,6.0,4.0,,,2.0,0.0,Completed,1.3,3.5,1.35,3.46,1.4,3.55,1.34,3.25,9838,1588
9842,1841,1719,1719,2024-08-05,2024-08-07,2,andreeva|e / stakusic|m,Toronto,Canadian Open,R64,R64,0.10666666666666667,1.0,1.0,0.9047619047619048,50.39047619047619,37,Toronto,Canadian Open,2024-08-07,WTA1000,Outdoor,Hard,1st Round,3,Stakusic M.,Andreeva E.,160.0,88.0,471.0,804.0,6.0,7.0,6.0,1.0,6.0,4.0,2.0,1.0,Completed,2.0,1.8,2.12,1.79,2.12,1.81,2.03,1.77,9842,1589
9843,1842,1718,1718,2024-08-05,2024-08-07,2,badosa|p / tauson|c,Toronto,Canadian Open,R64,R64,0.10666666666666667,1.0,1.0,0.9047619047619048,50.39047619047619,37,Toronto,Canadian Open,2024-08-07,WTA1000,Outdoor,Hard,1st Round,3,Badosa P.,Tauson C.,40.0,62.0,1440.0,932.0,6.0,1.0,6.0,4.0,,,2.0,0.0,Completed,1.3,3.5,1.27,4.11,1.31,4.11,1.27,3.69,9843,1590
9844,1843,1722,1722,2024-08-05,2024-08-07,2,anisimova|a / dolehide|c,Toronto,Canadian Open,R64,R64,0.10666666666666667,1.0,1.0,0.9047619047619048,50.39047619047619,37,Toronto,Canadian Open,2024-08-07,WTA1000,Outdoor,Hard,1st Round,3,Anisimova A.,Dolehide C.,132.0,46.0,556.0,1247.0,6.0,1.0,6.0,4.0,,,2.0,0.0,Completed,1.57,2.38,1.6,2.49,1.6,2.49,1.56,2.38,9844,1591
9845,1844,1713,1713,2024-08-05,2024-08-07,2,andreescu|b / tsurenko|l,Toronto,Canadian Open,R64,R64,0.10666666666666667,1.0,1.0,0.9047619047619048,50.39047619047619,37,Toronto,Canadian Open,2024-08-07,WTA1000,Outdoor,Hard,1st Round,3,Tsurenko L.,Andreescu B.,85.0,175.0,818.0,425.0,0.0,6.0,6.0,3.0,6.0,4.0,2.0,1.0,Completed,4.33,1.22,4.34,1.25,4.34,1.27,4.04,1.23,9845,1592
9846,1845,1714,1714,2024-08-05,2024-08-07,2,chirico|l / kalinskaya|a,Toronto,Canadian Open,R64,R64,0.10666666666666667,1.0,1.0,0.9047619047619048,50.39047619047619,37,Toronto,Canadian Open,2024-08-07,WTA1000,Outdoor,Hard,1st Round,3,Kalinskaya A.,Chirico L.,17.0,218.0,2550.0,335.0,6.0,2.0,6.0,3.0,,,2.0,0.0,Completed,1.14,5.5,1.14,6.7,1.14,6.7,1.12,5.92,9846,1593
9847,1846,1717,1717,2024-08-05,2024-08-07,2,bouzkova|m / haddad maia|b <> bouzkova|m / maia|b,Toronto,Canadian Open,R64,R64,0.10666666666666667,1.0,1.0,0.9047619047619048,50.39047619047619,37,Toronto,Canadian Open,2024-08-07,WTA1000,Outdoor,Hard,1st Round,3,Haddad Maia B.,Bouzkova M.,22.0,36.0,2108.0,1587.0,5.0,7.0,6.0,2.0,7.0,6.0,2.0,1.0,Completed,2.1,1.73,2.22,1.73,2.22,1.76,2.13,1.7,9847,1594
9848,1847,1726,1726,2024-08-05,2024-08-07,2,boulter|k / pera|b,Toronto,Canadian Open,R64,R64,0.10666666666666667,1.0,1.0,0.9047619047619048,50.39047619047619,37,Toronto,Canadian Open,2024-08-07,WTA1000,Outdoor,Hard,1st Round,3,Boulter K.,Pera B.,33.0,80.0,1676.0,842.0,6.0,4.0,3.0,6.0,6.0,1.0,2.0,1.0,Completed,1.5,2.63,1.57,2.55,1.57,2.65,1.51,2.55,9848,1595
9849,1848,1727,1727,2024-08-05,2024-08-07,2,bucsa|c / yuan|y,Toronto,Canadian Open,R64,R64,0.10666666666666667,1.0,1.0,0.9047619047619048,50.39047619047619,37,Toronto,Canadian Open,2024-08-07,WTA1000,Outdoor,Hard,1st Round,3,Yuan Y.,Bucsa C.,42.0,60.0,1422.0,984.0,6.0,3.0,6.0,3.0,,,2.0,0.0,Completed,1.53,2.5,1.57,2.55,1.66,2.55,1.57,2.37,9849,1596
9810,1809,1734,1734,2024-08-05,2024-08-08,3,gauff|c / wang|y,Toronto,Canadian Open,R32,R32,0.10666666666666667,1.0,1.0,0.8571428571428572,50.15238095238095,37,Toronto,Canadian Open,2024-08-08,WTA1000,Outdoor,Hard,2nd Round,3,Gauff C.,Wang Y.,2.0,72.0,7703.0,903.0,6.0,4.0,6.0,4.0,,,2.0,0.0,Completed,1.1,7.0,1.09,9.14,1.1,9.22,1.09,7.41,9810,1597
9811,1810,1732,1732,2024-08-05,2024-08-08,3,frech|m / shnaider|d,Toronto,Canadian Open,R32,R32,0.10666666666666667,1.0,1.0,0.8571428571428572,50.15238095238095,37,Toronto,Canadian Open,2024-08-08,WTA1000,Outdoor,Hard,2nd Round,3,Shnaider D.,Frech M.,24.0,50.0,1930.0,1185.0,2.0,6.0,6.0,3.0,7.0,6.0,2.0,1.0,Completed,1.53,2.5,1.53,2.65,1.57,2.75,1.52,2.52,9811,1598
9813,1812,1733,1733,2024-08-05,2024-08-08,3,samsonova|l / uchijima|m,Toronto,Canadian Open,R32,R32,0.10666666666666667,1.0,1.0,0.8571428571428572,50.15238095238095,37,Toronto,Canadian Open,2024-08-08,WTA1000,Outdoor,Hard,2nd Round,3,Samsonova L.,Uchijima M.,13.0,63.0,2820.0,930.0,6.0,4.0,6.0,2.0,,,2.0,0.0,Completed,1.3,3.5,1.31,3.78,1.33,3.78,1.3,3.46,9813,1599
9815,1814,1738,1738,2024-08-05,2024-08-08,3,fernandez|l / krueger|a,Toronto,Canadian Open,R32,R32,0.10666666666666667,1.0,1.0,0.8571428571428572,50.15238095238095,37,Toronto,Canadian Open,2024-08-08,WTA1000,Outdoor,Hard,2nd Round,3,Krueger A.,Fernandez L.A.,82.0,25.0,829.0,1894.0,6.0,4.0,6.0,2.0,,,2.0,0.0,Completed,2.75,1.44,3.17,1.4,3.17,1.44,2.94,1.39,9815,1600
9817,1816,1737,1737,2024-08-05,2024-08-08,3,keys|m / stearns|p,Toronto,Canadian Open,R32,R32,0.10666666666666667,1.0,1.0,0.8571428571428572,50.15238095238095,37,Toronto,Canadian Open,2024-08-08,WTA1000,Outdoor,Hard,2nd Round,3,Stearns P.,Keys M.,53.0,14.0,1074.0,2778.0,3.0,6.0,7.0,5.0,3.0,0.0,1.0,1.0,Retired,3.2,1.36,3.13,1.41,3.2,1.43,3.02,1.37,9817,1601
9818,1817,1736,1736,2024-08-05,2024-08-08,3,linette|m / navarro|e,Toronto,Canadian Open,R32,R32,0.10666666666666667,1.0,1.0,0.8571428571428572,50.15238095238095,37,Toronto,Canadian Open,2024-08-08,WTA1000,Outdoor,Hard,2nd Round,3,Navarro E.,Linette M.,15.0,43.0,2729.0,1361.0,6.0,2.0,6.0,4.0,,,2.0,0.0,Completed,1.3,3.5,1.36,3.4,1.36,3.54,1.33,3.31,9818,1602
9819,1818,1731,1731,2024-08-05,2024-08-08,3,kostyuk|m / svitolina|e,Toronto,Canadian Open,R32,R32,0.10666666666666667,1.0,1.0,0.8571428571428572,50.15238095238095,37,Toronto,Canadian Open,2024-08-08,WTA1000,Outdoor,Hard,2nd Round,3,Kostyuk M.,Svitolina E.,20.0,34.0,2141.0,1650.0,6.0,2.0,2.0,6.0,6.0,2.0,2.0,1.0,Completed,2.38,1.57,2.37,1.65,2.5,1.65,2.35,1.58,9819,1603
9820,1819,1735,1735,2024-08-05,2024-08-08,3,stakusic|m / townsend|t,Toronto,Canadian Open,R32,R32,0.10666666666666667,1.0,1.0,0.8571428571428572,50.15238095238095,37,Toronto,Canadian Open,2024-08-08,WTA1000,Outdoor,Hard,2nd Round,3,Townsend T.,Stakusic M.,71.0,160.0,903.0,471.0,6.0,0.0,6.0,2.0,,,2.0,0.0,Completed,1.44,2.75,1.56,2.57,1.61,2.78,1.51,2.55,9820,1604
9821,1820,1741,1741,2024-08-05,2024-08-08,3,badosa|p / ostapenko|j,Toronto,Canadian Open,R32,R32,0.10666666666666667,1.0,1.0,0.8571428571428572,50.15238095238095,37,Toronto,Canadian Open,2024-08-08,WTA1000,Outdoor,Hard,2nd Round,3,Ostapenko J.,Badosa P.,11.0,40.0,3418.0,1440.0,3.0,6.0,7.0,6.0,6.0,2.0,2.0,1.0,Completed,2.75,1.44,2.89,1.47,2.89,1.6,2.67,1.46,9821,1605
9822,1821,1740,1740,2024-08-05,2024-08-08,3,anisimova|a / kasatkina|d,Toronto,Canadian Open,R32,R32,0.10666666666666667,1.0,1.0,0.8571428571428572,50.15238095238095,37,Toronto,Canadian Open,2024-08-08,WTA1000,Outdoor,Hard,2nd Round,3,Anisimova A.,Kasatkina D.,132.0,12.0,556.0,3283.0,6.0,4.0,6.0,3.0,,,2.0,0.0,Completed,1.8,2.0,1.85,2.04,1.87,2.1,1.8,2.0,9822,1606
9823,1822,1730,1730,2024-08-05,2024-08-08,3,kalinskaya|a / tsurenko|l,Toronto,Canadian Open,R32,R32,0.10666666666666667,1.0,1.0,0.8571428571428572,50.15238095238095,37,Toronto,Canadian Open,2024-08-08,WTA1000,Outdoor,Hard,2nd Round,3,Kalinskaya A.,Tsurenko L.,17.0,85.0,2550.0,818.0,6.0,2.0,6.0,2.0,,,2.0,0.0,Completed,1.25,4.0,1.27,4.17,1.27,4.25,1.25,3.94,9823,1607
9824,1823,1739,1739,2024-08-05,2024-08-08,3,boulter|k / haddad maia|b <> boulter|k / maia|b,Toronto,Canadian Open,R32,R32,0.10666666666666667,1.0,1.0,0.8571428571428572,50.15238095238095,37,Toronto,Canadian Open,2024-08-08,WTA1000,Outdoor,Hard,2nd Round,3,Boulter K.,Haddad Maia B.,33.0,22.0,1676.0,2108.0,1.0,1.0,,,,,0.0,0.0,Retired,1.73,2.1,1.79,2.13,1.8,2.13,1.75,2.06,9824,1608
9834,1833,1728,1728,2024-08-05,2024-08-08,3,fernandez|l / hibino|n,Toronto,Canadian Open,R64,R64,0.10666666666666667,1.0,1.0,0.8571428571428572,50.15238095238095,37,Toronto,Canadian Open,2024-08-08,WTA1000,Outdoor,Hard,1st Round,3,Fernandez L.A.,Hibino N.,25.0,159.0,1894.0,471.0,6.0,3.0,5.0,7.0,6.0,1.0,2.0,1.0,Completed,1.25,4.0,,,1.25,5.0,1.24,4.1,9834,1609
9803,1802,1750,1750,2024-08-05,2024-08-09,4,mertens|e / samsonova|l,Toronto,Canadian Open,R16,R16,0.10666666666666667,1.0,1.0,0.8095238095238095,49.91428571428571,37,Toronto,Canadian Open,2024-08-09,WTA1000,Outdoor,Hard,3rd Round,3,Samsonova L.,Mertens E.,13.0,35.0,2820.0,1629.0,6.0,2.0,6.0,4.0,,,2.0,0.0,Completed,1.73,2.1,1.73,2.24,1.74,2.25,1.7,2.13,9803,1610
9804,1803,1747,1747,2024-08-05,2024-08-09,4,krueger|a / pegula|j,Toronto,Canadian Open,R16,R16,0.10666666666666667,1.0,1.0,0.8095238095238095,49.91428571428571,37,Toronto,Canadian Open,2024-08-09,WTA1000,Outdoor,Hard,3rd Round,3,Pegula J.,Krueger A.,6.0,82.0,4515.0,829.0,6.0,2.0,6.0,4.0,,,2.0,0.0,Completed,1.29,3.75,1.27,4.23,1.29,4.23,1.25,3.86,9804,1611
9805,1804,1749,1749,2024-08-05,2024-08-09,4,azarenka|v / stearns|p,Toronto,Canadian Open,R16,R16,0.10666666666666667,1.0,1.0,0.8095238095238095,49.91428571428571,37,Toronto,Canadian Open,2024-08-09,WTA1000,Outdoor,Hard,3rd Round,3,Stearns P.,Azarenka V.,53.0,19.0,1074.0,2266.0,6.0,4.0,4.0,2.0,,,1.0,0.0,Retired,3.2,1.36,3.19,1.41,3.21,1.42,3.04,1.37,9805,1612
9806,1805,1746,1746,2024-08-05,2024-08-09,4,kostyuk|m / navarro|e,Toronto,Canadian Open,R16,R16,0.10666666666666667,1.0,1.0,0.8095238095238095,49.91428571428571,37,Toronto,Canadian Open,2024-08-09,WTA1000,Outdoor,Hard,3rd Round,3,Navarro E.,Kostyuk M.,15.0,20.0,2729.0,2141.0,7.0,5.0,7.0,5.0,,,2.0,0.0,Completed,1.62,2.3,1.66,2.38,1.69,2.46,1.61,2.3,9806,1613
9807,1806,1745,1745,2024-08-05,2024-08-09,4,ostapenko|j / townsend|t,Toronto,Canadian Open,R16,R16,0.10666666666666667,1.0,1.0,0.8095238095238095,49.91428571428571,37,Toronto,Canadian Open,2024-08-09,WTA1000,Outdoor,Hard,3rd Round,3,Townsend T.,Ostapenko J.,71.0,11.0,903.0,3418.0,6.0,2.0,6.0,1.0,,,2.0,0.0,Completed,2.38,1.57,2.47,1.61,2.5,1.61,2.38,1.56,9807,1614
9808,1807,1748,1748,2024-08-05,2024-08-09,4,anisimova|a / kalinskaya|a,Toronto,Canadian Open,R16,R16,0.10666666666666667,1.0,1.0,0.8095238095238095,49.91428571428571,37,Toronto,Canadian Open,2024-08-09,WTA1000,Outdoor,Hard,3rd Round,3,Anisimova A.,Kalinskaya A.,132.0,17.0,556.0,2550.0,6.0,2.0,,,,,1.0,0.0,Retired,2.38,1.57,2.54,1.58,2.54,1.62,2.41,1.56,9808,1615
9812,1811,1744,1744,2024-08-05,2024-08-09,4,mertens|e / osaka|n,Toronto,Canadian Open,R32,R32,0.10666666666666667,1.0,1.0,0.8095238095238095,49.91428571428571,37,Toronto,Canadian Open,2024-08-09,WTA1000,Outdoor,Hard,2nd Round,3,Mertens E.,Osaka N.,35.0,95.0,1629.0,739.0,6.0,3.0,6.0,4.0,,,2.0,0.0,Completed,3.0,1.4,3.17,1.4,3.17,1.41,2.99,1.38,9812,1616
9816,1815,1743,1743,2024-08-05,2024-08-09,4,azarenka|v / minnen|g,Toronto,Canadian Open,R32,R32,0.10666666666666667,1.0,1.0,0.8095238095238095,49.91428571428571,37,Toronto,Canadian Open,2024-08-09,WTA1000,Outdoor,Hard,2nd Round,3,Azarenka V.,Minnen G.,19.0,74.0,2266.0,878.0,3.0,6.0,7.0,5.0,6.0,1.0,2.0,1.0,Completed,1.17,5.0,1.17,5.7,1.21,5.7,1.17,4.98,9816,1617
9825,1824,1742,1742,2024-08-05,2024-08-09,4,sabalenka|a / yuan|y,Toronto,Canadian Open,R32,R32,0.10666666666666667,1.0,1.0,0.8095238095238095,49.91428571428571,37,Toronto,Canadian Open,2024-08-09,WTA1000,Outdoor,Hard,2nd Round,3,Sabalenka A.,Yuan Y.,3.0,42.0,7256.0,1422.0,6.0,2.0,6.0,2.0,,,2.0,0.0,Completed,1.07,9.0,1.08,10.41,1.08,10.41,1.06,8.78,9825,1618
9800,1799,1753,1753,2024-08-05,2024-08-10,5,navarro|e / townsend|t,Toronto,Canadian Open,QF,QF,0.10666666666666667,1.0,1.0,0.7619047619047619,49.67619047619048,37,Toronto,Canadian Open,2024-08-10,WTA1000,Outdoor,Hard,Quarterfinals,3,Navarro E.,Townsend T.,15.0,71.0,2729.0,903.0,6.0,3.0,7.0,6.0,,,2.0,0.0,Completed,1.44,2.75,1.47,2.92,1.47,2.92,1.44,2.75,9800,1619
9801,1800,1754,1754,2024-08-05,2024-08-10,5,anisimova|a / sabalenka|a,Toronto,Canadian Open,QF,QF,0.10666666666666667,1.0,1.0,0.7619047619047619,49.67619047619048,37,Toronto,Canadian Open,2024-08-10,WTA1000,Outdoor,Hard,Quarterfinals,3,Anisimova A.,Sabalenka A.,132.0,3.0,556.0,7256.0,6.0,4.0,6.0,2.0,,,2.0,0.0,Completed,4.0,1.25,4.42,1.25,4.42,1.29,4.01,1.24,9801,1620
9802,1801,1751,1751,2024-08-05,2024-08-10,5,gauff|c / shnaider|d,Toronto,Canadian Open,R16,R16,0.10666666666666667,1.0,1.0,0.7619047619047619,49.67619047619048,37,Toronto,Canadian Open,2024-08-10,WTA1000,Outdoor,Hard,3rd Round,3,Shnaider D.,Gauff C.,24.0,2.0,1930.0,7703.0,6.0,4.0,6.0,1.0,,,2.0,0.0,Completed,4.5,1.2,5.27,1.2,5.51,1.2,4.7,1.19,9802,1621
9809,1808,1752,1752,2024-08-05,2024-08-10,5,boulter|k / sabalenka|a,Toronto,Canadian Open,R16,R16,0.10666666666666667,1.0,1.0,0.7619047619047619,49.67619047619048,37,Toronto,Canadian Open,2024-08-10,WTA1000,Outdoor,Hard,3rd Round,3,Sabalenka A.,Boulter K.,3.0,33.0,7256.0,1676.0,6.0,3.0,6.0,3.0,,,2.0,0.0,Completed,1.17,5.0,1.17,5.85,1.19,5.9,1.16,5.17,9809,1622
9796,1795,1758,1758,2024-08-05,2024-08-11,6,pegula|j / shnaider|d,Toronto,Canadian Open,SF,SF,0.10666666666666667,1.0,1.0,0.7142857142857143,49.43809523809524,37,Toronto,Canadian Open,2024-08-11,WTA1000,Outdoor,Hard,Semifinals,3,Pegula J.,Shnaider D.,6.0,24.0,4515.0,1930.0,6.0,4.0,6.0,3.0,,,2.0,0.0,Completed,1.5,2.63,1.58,2.54,1.58,2.7,1.51,2.52,9796,1623
9797,1796,1757,1757,2024-08-05,2024-08-11,6,anisimova|a / navarro|e,Toronto,Canadian Open,SF,SF,0.10666666666666667,1.0,1.0,0.7142857142857143,49.43809523809524,37,Toronto,Canadian Open,2024-08-11,WTA1000,Outdoor,Hard,Semifinals,3,Anisimova A.,Navarro E.,132.0,15.0,556.0,2729.0,6.0,3.0,2.0,6.0,6.0,2.0,2.0,1.0,Completed,2.2,1.67,2.3,1.69,2.33,1.72,2.22,1.65,9797,1624
9798,1797,1756,1756,2024-08-05,2024-08-11,6,samsonova|l / shnaider|d,Toronto,Canadian Open,QF,QF,0.10666666666666667,1.0,1.0,0.7142857142857143,49.43809523809524,37,Toronto,Canadian Open,2024-08-11,WTA1000,Outdoor,Hard,Quarterfinals,3,Shnaider D.,Samsonova L.,24.0,13.0,1930.0,2820.0,4.0,6.0,6.0,1.0,6.0,4.0,2.0,1.0,Completed,2.1,1.73,2.22,1.74,2.28,1.81,2.11,1.72,9798,1625
9799,1798,1755,1755,2024-08-05,2024-08-11,6,pegula|j / stearns|p,Toronto,Canadian Open,QF,QF,0.10666666666666667,1.0,1.0,0.7142857142857143,49.43809523809524,37,Toronto,Canadian Open,2024-08-11,WTA1000,Outdoor,Hard,Quarterfinals,3,Pegula J.,Stearns P.,6.0,53.0,4515.0,1074.0,6.0,4.0,7.0,5.0,,,2.0,0.0,Completed,1.29,3.75,1.33,3.64,1.33,3.75,1.29,3.52,9799,1626
9795,1794,1759,1759,2024-08-05,2024-08-12,7,anisimova|a / pegula|j,Toronto,Canadian Open,F,F,0.10666666666666667,1.0,1.0,0.6666666666666667,49.2,37,Toronto,Canadian Open,2024-08-12,WTA1000,Outdoor,Hard,The Final,3,Pegula J.,Anisimova A.,6.0,132.0,4515.0,556.0,6.0,3.0,2.0,6.0,6.0,1.0,2.0,1.0,Completed,1.53,2.5,1.52,2.74,1.54,2.75,1.49,2.58,9795,1627
9880,1879,1760,1760,2024-08-12,2024-08-13,1,gracheva|v / tomljanovic|a,Cincinnati,Western & Southern Financial Group Women's Open,R64,R64,0.16000000000000003,1.0,1.0,0.9523809523809523,53.56190476190476,38,Cincinnati,Western & Southern Financial Group Women's Open,2024-08-13,WTA1000,Outdoor,Hard,1st Round,3,Gracheva V.,Tomljanovic A.,69.0,123.0,920.0,596.0,6.0,3.0,2.0,6.0,7.0,6.0,2.0,1.0,Completed,1.73,2.1,1.79,2.12,1.79,2.23,1.72,2.11,9880,1628
9881,1880,1763,1763,2024-08-12,2024-08-13,1,noskova|l / sun|l,Cincinnati,Western & Southern Financial Group Women's Open,R64,R64,0.16000000000000003,1.0,1.0,0.9523809523809523,53.56190476190476,38,Cincinnati,Western & Southern Financial Group Women's Open,2024-08-13,WTA1000,Outdoor,Hard,1st Round,3,Sun L.,Noskova L.,64.0,29.0,955.0,1718.0,6.0,4.0,7.0,6.0,,,2.0,0.0,Completed,2.38,1.57,2.5,1.59,2.5,1.6,2.38,1.57,9881,1629
9882,1881,1762,1762,2024-08-12,2024-08-13,1,kostyuk|m / mertens|e,Cincinnati,Western & Southern Financial Group Women's Open,R64,R64,0.16000000000000003,1.0,1.0,0.9523809523809523,53.56190476190476,38,Cincinnati,Western & Southern Financial Group Women's Open,2024-08-13,WTA1000,Outdoor,Hard,1st Round,3,Kostyuk M.,Mertens E.,21.0,32.0,2260.0,1689.0,6.0,4.0,2.0,6.0,6.0,4.0,2.0,1.0,Completed,1.62,2.3,1.59,2.5,1.62,2.53,1.56,2.4,9882,1630
9886,1885,1766,1766,2024-08-12,2024-08-13,1,cocciaretto|e / montgomery|r,Cincinnati,Western & Southern Financial Group Women's Open,R64,R64,0.16000000000000003,1.0,1.0,0.9523809523809523,53.56190476190476,38,Cincinnati,Western & Southern Financial Group Women's Open,2024-08-13,WTA1000,Outdoor,Hard,1st Round,3,Cocciaretto E.,Montgomery R.,66.0,109.0,947.0,660.0,7.0,5.0,4.0,6.0,6.0,3.0,2.0,1.0,Completed,1.8,2.0,1.88,2.02,1.88,2.1,1.81,1.98,9886,1631
9894,1893,1765,1765,2024-08-12,2024-08-13,1,alexandrova|e / kasatkina|d,Cincinnati,Western & Southern Financial Group Women's Open,R64,R64,0.16000000000000003,1.0,1.0,0.9523809523809523,53.56190476190476,38,Cincinnati,Western & Southern Financial Group Women's Open,2024-08-13,WTA1000,Outdoor,Hard,1st Round,3,Kasatkina D.,Alexandrova E.,12.0,26.0,3158.0,1873.0,6.0,4.0,6.0,2.0,,,2.0,0.0,Completed,1.67,2.2,1.66,2.34,1.73,2.34,1.65,2.23,9894,1632
9895,1894,1764,1764,2024-08-12,2024-08-13,1,krueger|a / vekic|d,Cincinnati,Western & Southern Financial Group Women's Open,R64,R64,0.16000000000000003,1.0,1.0,0.9523809523809523,53.56190476190476,38,Cincinnati,Western & Southern Financial Group Women's Open,2024-08-13,WTA1000,Outdoor,Hard,1st Round,3,Krueger A.,Vekic D.,65.0,22.0,952.0,2138.0,5.0,7.0,7.0,6.0,6.0,2.0,2.0,1.0,Completed,2.38,1.57,2.33,1.67,2.5,1.67,2.35,1.58,9895,1633
9865,1864,1784,1784,2024-08-12,2024-08-14,2,kostyuk|m / sun|l,Cincinnati,Western & Southern Financial Group Women's Open,R32,R32,0.16000000000000003,1.0,1.0,0.9047619047619048,53.32380952380953,38,Cincinnati,Western & Southern Financial Group Women's Open,2024-08-14,WTA1000,Outdoor,Hard,2nd Round,3,Kostyuk M.,Sun L.,21.0,64.0,2260.0,955.0,6.0,3.0,7.0,5.0,,,2.0,0.0,Completed,1.44,2.75,1.46,2.91,1.5,2.92,1.44,2.76,9865,1634
9883,1882,1779,1779,2024-08-12,2024-08-14,2,andreeva|m / navarro|e,Cincinnati,Western & Southern Financial Group Women's Open,R64,R64,0.16000000000000003,1.0,1.0,0.9047619047619048,53.32380952380953,38,Cincinnati,Western & Southern Financial Group Women's Open,2024-08-14,WTA1000,Outdoor,Hard,1st Round,3,Andreeva M.,Navarro E.,24.0,13.0,1968.0,3038.0,6.0,2.0,6.0,2.0,,,2.0,0.0,Completed,2.1,1.73,2.2,1.74,2.2,1.75,2.11,1.72,9883,1635
9885,1884,1769,1769,2024-08-12,2024-08-14,2,burel|c / potapova|a,Cincinnati,Western & Southern Financial Group Women's Open,R64,R64,0.16000000000000003,1.0,1.0,0.9047619047619048,53.32380952380953,38,Cincinnati,Western & Southern Financial Group Women's Open,2024-08-14,WTA1000,Outdoor,Hard,1st Round,3,Potapova A.,Burel C.,44.0,57.0,1304.0,1057.0,6.0,4.0,2.0,6.0,6.0,1.0,2.0,1.0,Completed,1.73,2.1,1.78,2.15,1.82,2.15,1.74,2.07,9885,1636
9887,1886,1767,1767,2024-08-12,2024-08-14,2,svitolina|e / wang|y,Cincinnati,Western & Southern Financial Group Women's Open,R64,R64,0.16000000000000003,1.0,1.0,0.9047619047619048,53.32380952380953,38,Cincinnati,Western & Southern Financial Group Women's Open,2024-08-14,WTA1000,Outdoor,Hard,1st Round,3,Svitolina E.,Wang Y.,30.0,62.0,1714.0,997.0,5.0,7.0,6.0,3.0,6.0,2.0,2.0,1.0,Completed,1.25,4.0,1.27,4.11,1.27,4.25,1.25,3.93,9887,1637
9888,1887,1777,1777,2024-08-12,2024-08-14,2,bouzas maneiro|j / bronzetti|l <> bronzetti|l / maneiro|j,Cincinnati,Western & Southern Financial Group Women's Open,R64,R64,0.16000000000000003,1.0,1.0,0.9047619047619048,53.32380952380953,38,Cincinnati,Western & Southern Financial Group Women's Open,2024-08-14,WTA1000,Outdoor,Hard,1st Round,3,Bouzas Maneiro J.,Bronzetti L.,91.0,68.0,781.0,928.0,6.0,4.0,3.0,6.0,7.0,6.0,2.0,1.0,Completed,2.0,1.8,2.03,1.85,2.2,1.95,2.0,1.8,9888,1638
9890,1889,1768,1768,2024-08-12,2024-08-14,2,boulter|k / linette|m,Cincinnati,Western & Southern Financial Group Women's Open,R64,R64,0.16000000000000003,1.0,1.0,0.9047619047619048,53.32380952380953,38,Cincinnati,Western & Southern Financial Group Women's Open,2024-08-14,WTA1000,Outdoor,Hard,1st Round,3,Linette M.,Boulter K.,43.0,31.0,1366.0,1706.0,2.0,6.0,6.0,0.0,7.0,5.0,2.0,1.0,Completed,2.38,1.57,2.42,1.63,2.44,1.63,2.34,1.58,9890,1639
9891,1890,1771,1771,2024-08-12,2024-08-14,2,andreescu|b / avanesyan|e,Cincinnati,Western & Southern Financial Group Women's Open,R64,R64,0.16000000000000003,1.0,1.0,0.9047619047619048,53.32380952380953,38,Cincinnati,Western & Southern Financial Group Women's Open,2024-08-14,WTA1000,Outdoor,Hard,1st Round,3,Avanesyan E.,Andreescu B.,60.0,166.0,1002.0,434.0,6.0,4.0,7.0,5.0,,,2.0,0.0,Completed,2.63,1.5,2.85,1.47,2.85,1.53,2.71,1.46,9891,1640
9892,1891,1780,1780,2024-08-12,2024-08-14,2,muchova|k / yastremska|d,Cincinnati,Western & Southern Financial Group Women's Open,R64,R64,0.16000000000000003,1.0,1.0,0.9047619047619048,53.32380952380953,38,Cincinnati,Western & Southern Financial Group Women's Open,2024-08-14,WTA1000,Outdoor,Hard,1st Round,3,Muchova K.,Yastremska D.,35.0,34.0,1646.0,1673.0,7.0,6.0,6.0,2.0,,,2.0,0.0,Completed,1.3,3.5,1.28,4.0,1.33,4.25,1.27,3.72,9892,1641
9893,1892,1776,1776,2024-08-12,2024-08-14,2,dolehide|c / townsend|t,Cincinnati,Western & Southern Financial Group Women's Open,R64,R64,0.16000000000000003,1.0,1.0,0.9047619047619048,53.32380952380953,38,Cincinnati,Western & Southern Financial Group Women's Open,2024-08-14,WTA1000,Outdoor,Hard,1st Round,3,Townsend T.,Dolehide C.,53.0,47.0,1137.0,1232.0,3.0,6.0,6.0,4.0,7.0,6.0,2.0,1.0,Completed,1.36,3.2,1.4,3.15,1.42,3.2,1.38,3.0,9893,1642
9896,1895,1772,1772,2024-08-12,2024-08-14,2,shnaider|d / zhang|s,Cincinnati,Western & Southern Financial Group Women's Open,R64,R64,0.16000000000000003,1.0,1.0,0.9047619047619048,53.32380952380953,38,Cincinnati,Western & Southern Financial Group Women's Open,2024-08-14,WTA1000,Outdoor,Hard,1st Round,3,Shnaider D.,Zhang S.,20.0,689.0,2295.0,50.0,6.0,1.0,6.0,4.0,,,2.0,0.0,Completed,1.03,15.0,1.04,17.46,1.05,17.46,1.03,11.59,9896,1643
9897,1896,1775,1775,2024-08-12,2024-08-14,2,fernandez|l / yuan|y,Cincinnati,Western & Southern Financial Group Women's Open,R64,R64,0.16000000000000003,1.0,1.0,0.9047619047619048,53.32380952380953,38,Cincinnati,Western & Southern Financial Group Women's Open,2024-08-14,WTA1000,Outdoor,Hard,1st Round,3,Fernandez L.A.,Yuan Y.,27.0,40.0,1854.0,1457.0,3.0,6.0,6.0,4.0,6.0,3.0,2.0,1.0,Completed,1.33,3.4,1.35,3.47,1.35,3.5,1.32,3.34,9897,1644
9900,1899,1781,1781,2024-08-12,2024-08-14,2,haddad maia|b / pavlyuchenkova|a <> maia|b / pavlyuchenkova|a,Cincinnati,Western & Southern Financial Group Women's Open,R64,R64,0.16000000000000003,1.0,1.0,0.9047619047619048,53.32380952380953,38,Cincinnati,Western & Southern Financial Group Women's Open,2024-08-14,WTA1000,Outdoor,Hard,1st Round,3,Pavlyuchenkova A.,Haddad Maia B.,28.0,23.0,1776.0,2113.0,4.0,6.0,7.0,6.0,6.0,3.0,2.0,1.0,Completed,1.67,2.2,1.66,2.34,1.74,2.35,1.66,2.21,9900,1645
9901,1900,1774,1774,2024-08-12,2024-08-14,2,kalinskaya|a / siniakova|k,Cincinnati,Western & Southern Financial Group Women's Open,R64,R64,0.16000000000000003,1.0,1.0,0.9047619047619048,53.32380952380953,38,Cincinnati,Western & Southern Financial Group Women's Open,2024-08-14,WTA1000,Outdoor,Hard,1st Round,3,Kalinskaya A.,Siniakova K.,16.0,36.0,2660.0,1546.0,1.0,6.0,6.0,2.0,6.0,3.0,2.0,1.0,Completed,1.53,2.5,1.5,2.76,1.57,2.76,1.5,2.55,9901,1646
9902,1901,1773,1773,2024-08-12,2024-08-14,2,badosa|p / stearns|p,Cincinnati,Western & Southern Financial Group Women's Open,R64,R64,0.16000000000000003,1.0,1.0,0.9047619047619048,53.32380952380953,38,Cincinnati,Western & Southern Financial Group Women's Open,2024-08-14,WTA1000,Outdoor,Hard,1st Round,3,Badosa P.,Stearns P.,37.0,46.0,1505.0,1259.0,6.0,2.0,7.0,5.0,,,2.0,0.0,Completed,1.36,3.2,1.37,3.34,1.38,3.34,1.36,3.13,9902,1647
9903,1902,1770,1770,2024-08-12,2024-08-14,2,dart|h / putintseva|y,Cincinnati,Western & Southern Financial Group Women's Open,R64,R64,0.16000000000000003,1.0,1.0,0.9047619047619048,53.32380952380953,38,Cincinnati,Western & Southern Financial Group Women's Open,2024-08-14,WTA1000,Outdoor,Hard,1st Round,3,Putintseva Y.,Dart H.,33.0,77.0,1681.0,864.0,4.0,6.0,6.0,0.0,6.0,1.0,2.0,1.0,Completed,1.33,3.4,1.37,3.32,1.37,3.4,1.33,3.23,9903,1648
9864,1863,1785,1785,2024-08-12,2024-08-15,3,gracheva|v / swiatek|i,Cincinnati,Western & Southern Financial Group Women's Open,R32,R32,0.16000000000000003,1.0,1.0,0.8571428571428572,53.08571428571429,38,Cincinnati,Western & Southern Financial Group Women's Open,2024-08-15,WTA1000,Outdoor,Hard,2nd Round,3,Swiatek I.,Gracheva V.,1.0,69.0,10655.0,920.0,6.0,0.0,6.0,7.0,6.0,2.0,2.0,1.0,Completed,1.05,11.0,1.03,19.93,1.05,19.93,1.03,12.48,9864,1649
9867,1866,1796,1796,2024-08-12,2024-08-15,3,paolini|j / potapova|a,Cincinnati,Western & Southern Financial Group Women's Open,R32,R32,0.16000000000000003,1.0,1.0,0.8571428571428572,53.08571428571429,38,Cincinnati,Western & Southern Financial Group Women's Open,2024-08-15,WTA1000,Outdoor,Hard,2nd Round,3,Paolini J.,Potapova A.,5.0,44.0,5298.0,1304.0,7.0,6.0,6.0,3.0,,,2.0,0.0,Completed,1.36,3.2,1.38,3.28,1.4,3.28,1.37,3.12,9867,1650
9868,1867,1790,1790,2024-08-12,2024-08-15,3,cocciaretto|e / sabalenka|a,Cincinnati,Western & Southern Financial Group Women's Open,R32,R32,0.16000000000000003,1.0,1.0,0.8571428571428572,53.08571428571429,38,Cincinnati,Western & Southern Financial Group Women's Open,2024-08-15,WTA1000,Outdoor,Hard,2nd Round,3,Sabalenka A.,Cocciaretto E.,3.0,66.0,7366.0,947.0,6.0,3.0,6.0,4.0,,,2.0,0.0,Completed,1.13,6.0,1.12,6.96,1.14,7.68,1.12,6.28,9868,1651
9869,1868,1786,1786,2024-08-12,2024-08-15,3,bouzas maneiro|j / svitolina|e <> maneiro|j / svitolina|e,Cincinnati,Western & Southern Financial Group Women's Open,R32,R32,0.16000000000000003,1.0,1.0,0.8571428571428572,53.08571428571429,38,Cincinnati,Western & Southern Financial Group Women's Open,2024-08-15,WTA1000,Outdoor,Hard,2nd Round,3,Svitolina E.,Bouzas Maneiro J.,30.0,91.0,1714.0,781.0,6.0,4.0,6.0,1.0,,,2.0,0.0,Completed,1.17,5.0,1.16,6.01,1.18,6.01,1.16,5.1,9869,1652
9870,1869,1791,1791,2024-08-12,2024-08-15,3,linette|m / samsonova|l,Cincinnati,Western & Southern Financial Group Women's Open,R32,R32,0.16000000000000003,1.0,1.0,0.8571428571428572,53.08571428571429,38,Cincinnati,Western & Southern Financial Group Women's Open,2024-08-15,WTA1000,Outdoor,Hard,2nd Round,3,Samsonova L.,Linette M.,17.0,43.0,2450.0,1366.0,7.0,6.0,6.0,1.0,,,2.0,0.0,Completed,1.44,2.75,1.49,2.79,1.5,2.79,1.47,2.66,9870,1653
9871,1870,1788,1788,2024-08-12,2024-08-15,3,avanesyan|e / ostapenko|j,Cincinnati,Western & Southern Financial Group Women's Open,R32,R32,0.16000000000000003,1.0,1.0,0.8571428571428572,53.08571428571429,38,Cincinnati,Western & Southern Financial Group Women's Open,2024-08-15,WTA1000,Outdoor,Hard,2nd Round,3,Avanesyan E.,Ostapenko J.,60.0,11.0,1002.0,3478.0,2.0,6.0,6.0,2.0,6.0,2.0,2.0,1.0,Completed,2.5,1.53,2.47,1.6,2.51,1.6,2.42,1.55,9871,1654
9873,1872,1792,1792,2024-08-12,2024-08-15,3,kasatkina|d / townsend|t,Cincinnati,Western & Southern Financial Group Women's Open,R32,R32,0.16000000000000003,1.0,1.0,0.8571428571428572,53.08571428571429,38,Cincinnati,Western & Southern Financial Group Women's Open,2024-08-15,WTA1000,Outdoor,Hard,2nd Round,3,Townsend T.,Kasatkina D.,53.0,12.0,1137.0,3158.0,6.0,1.0,2.0,6.0,6.0,1.0,2.0,1.0,Completed,2.1,1.73,2.22,1.72,2.23,1.75,2.13,1.71,9873,1655
9874,1873,1789,1789,2024-08-12,2024-08-15,3,krueger|a / shnaider|d,Cincinnati,Western & Southern Financial Group Women's Open,R32,R32,0.16000000000000003,1.0,1.0,0.8571428571428572,53.08571428571429,38,Cincinnati,Western & Southern Financial Group Women's Open,2024-08-15,WTA1000,Outdoor,Hard,2nd Round,3,Shnaider D.,Krueger A.,20.0,65.0,2295.0,952.0,7.0,5.0,6.0,0.0,,,2.0,0.0,Completed,1.62,2.3,1.69,2.29,1.69,2.38,1.6,2.31,9874,1656
9875,1874,1787,1787,2024-08-12,2024-08-15,3,fernandez|l / rybakina|e,Cincinnati,Western & Southern Financial Group Women's Open,R32,R32,0.16000000000000003,1.0,1.0,0.8571428571428572,53.08571428571429,38,Cincinnati,Western & Southern Financial Group Women's Open,2024-08-15,WTA1000,Outdoor,Hard,2nd Round,3,Fernandez L.A.,Rybakina E.,27.0,4.0,1854.0,6026.0,3.0,6.0,7.0,6.0,6.0,4.0,2.0,1.0,Completed,3.2,1.36,3.44,1.35,3.44,1.39,3.19,1.35,9875,1657
9878,1877,1794,1794,2024-08-12,2024-08-15,3,badosa|p / kalinskaya|a,Cincinnati,Western & Southern Financial Group Women's Open,R32,R32,0.16000000000000003,1.0,1.0,0.8571428571428572,53.08571428571429,38,Cincinnati,Western & Southern Financial Group Women's Open,2024-08-15,WTA1000,Outdoor,Hard,2nd Round,3,Badosa P.,Kalinskaya A.,37.0,16.0,1505.0,2660.0,6.0,3.0,6.0,2.0,,,2.0,0.0,Completed,1.62,2.3,1.65,2.36,1.65,2.36,1.61,2.28,9878,1658
9879,1878,1793,1793,2024-08-12,2024-08-15,3,gauff|c / putintseva|y,Cincinnati,Western & Southern Financial Group Women's Open,R32,R32,0.16000000000000003,1.0,1.0,0.8571428571428572,53.08571428571429,38,Cincinnati,Western & Southern Financial Group Women's Open,2024-08-15,WTA1000,Outdoor,Hard,2nd Round,3,Putintseva Y.,Gauff C.,33.0,2.0,1681.0,7633.0,6.0,4.0,2.0,6.0,6.0,4.0,2.0,1.0,Completed,3.75,1.29,3.67,1.32,3.94,1.32,3.66,1.28,9879,1659
9898,1897,1782,1782,2024-08-12,2024-08-15,3,bouzkova|m / frech|m,Cincinnati,Western & Southern Financial Group Women's Open,R64,R64,0.16000000000000003,1.0,1.0,0.8571428571428572,53.08571428571429,38,Cincinnati,Western & Southern Financial Group Women's Open,2024-08-15,WTA1000,Outdoor,Hard,1st Round,3,Frech M.,Bouzkova M.,48.0,38.0,1220.0,1495.0,3.0,6.0,6.0,4.0,6.0,3.0,2.0,1.0,Completed,2.63,1.5,2.65,1.53,2.75,1.53,2.59,1.49,9898,1660
9899,1898,1783,1783,2024-08-12,2024-08-15,3,kalinina|a / wozniacki|c,Cincinnati,Western & Southern Financial Group Women's Open,R64,R64,0.16000000000000003,1.0,1.0,0.8571428571428572,53.08571428571429,38,Cincinnati,Western & Southern Financial Group Women's Open,2024-08-15,WTA1000,Outdoor,Hard,1st Round,3,Wozniacki C.,Kalinina A.,84.0,51.0,844.0,1186.0,6.0,2.0,6.0,4.0,,,2.0,0.0,Completed,1.5,2.63,1.5,2.76,1.51,2.8,1.48,2.64,9899,1661
9856,1855,1801,1801,2024-08-12,2024-08-16,4,kostyuk|m / swiatek|i,Cincinnati,Western & Southern Financial Group Women's Open,R16,R16,0.16000000000000003,1.0,1.0,0.8095238095238095,52.84761904761905,38,Cincinnati,Western & Southern Financial Group Women's Open,2024-08-16,WTA1000,Outdoor,Hard,3rd Round,3,Swiatek I.,Kostyuk M.,1.0,21.0,10655.0,2260.0,6.0,2.0,6.0,2.0,,,2.0,0.0,Completed,1.08,8.0,1.11,8.01,1.11,8.01,1.09,7.18,9856,1662
9857,1856,1802,1802,2024-08-12,2024-08-16,4,andreeva|m / paolini|j,Cincinnati,Western & Southern Financial Group Women's Open,R16,R16,0.16000000000000003,1.0,1.0,0.8095238095238095,52.84761904761905,38,Cincinnati,Western & Southern Financial Group Women's Open,2024-08-16,WTA1000,Outdoor,Hard,3rd Round,3,Andreeva M.,Paolini J.,24.0,5.0,1968.0,5298.0,3.0,6.0,6.0,3.0,6.0,2.0,2.0,1.0,Completed,1.73,2.1,1.74,2.23,1.74,2.31,1.68,2.17,9857,1663
9858,1857,1803,1803,2024-08-12,2024-08-16,4,sabalenka|a / svitolina|e,Cincinnati,Western & Southern Financial Group Women's Open,R16,R16,0.16000000000000003,1.0,1.0,0.8095238095238095,52.84761904761905,38,Cincinnati,Western & Southern Financial Group Women's Open,2024-08-16,WTA1000,Outdoor,Hard,3rd Round,3,Sabalenka A.,Svitolina E.,3.0,30.0,7366.0,1714.0,7.0,5.0,6.0,2.0,,,2.0,0.0,Completed,1.36,3.2,1.43,3.1,1.43,3.3,1.37,3.06,9858,1664
9859,1858,1800,1800,2024-08-12,2024-08-16,4,avanesyan|e / samsonova|l,Cincinnati,Western & Southern Financial Group Women's Open,R16,R16,0.16000000000000003,1.0,1.0,0.8095238095238095,52.84761904761905,38,Cincinnati,Western & Southern Financial Group Women's Open,2024-08-16,WTA1000,Outdoor,Hard,3rd Round,3,Samsonova L.,Avanesyan E.,17.0,60.0,2450.0,1002.0,4.0,6.0,6.0,0.0,6.0,3.0,2.0,1.0,Completed,1.4,3.0,1.41,3.15,1.42,3.15,1.39,2.95,9859,1665
9861,1860,1804,1804,2024-08-12,2024-08-16,4,fernandez|l / shnaider|d,Cincinnati,Western & Southern Financial Group Women's Open,R16,R16,0.16000000000000003,1.0,1.0,0.8095238095238095,52.84761904761905,38,Cincinnati,Western & Southern Financial Group Women's Open,2024-08-16,WTA1000,Outdoor,Hard,3rd Round,3,Fernandez L.A.,Shnaider D.,27.0,20.0,1854.0,2295.0,6.0,1.0,6.0,4.0,,,2.0,0.0,Completed,2.2,1.67,2.17,1.78,2.25,1.78,2.2,1.66,9861,1666
9863,1862,1805,1805,2024-08-12,2024-08-16,4,badosa|p / putintseva|y,Cincinnati,Western & Southern Financial Group Women's Open,R16,R16,0.16000000000000003,1.0,1.0,0.8095238095238095,52.84761904761905,38,Cincinnati,Western & Southern Financial Group Women's Open,2024-08-16,WTA1000,Outdoor,Hard,3rd Round,3,Badosa P.,Putintseva Y.,37.0,33.0,1505.0,1681.0,6.0,4.0,6.0,4.0,,,2.0,0.0,Completed,1.5,2.63,1.54,2.68,1.55,2.81,1.49,2.6,9863,1667
9872,1871,1797,1797,2024-08-12,2024-08-16,4,muchova|k / pegula|j,Cincinnati,Western & Southern Financial Group Women's Open,R32,R32,0.16000000000000003,1.0,1.0,0.8095238095238095,52.84761904761905,38,Cincinnati,Western & Southern Financial Group Women's Open,2024-08-16,WTA1000,Outdoor,Hard,2nd Round,3,Pegula J.,Muchova K.,6.0,35.0,4615.0,1646.0,5.0,7.0,6.0,4.0,6.0,2.0,2.0,1.0,Completed,1.44,2.75,1.49,2.8,1.5,2.8,1.46,2.7,9872,1668
9876,1875,1799,1799,2024-08-12,2024-08-16,4,frech|m / zheng|q,Cincinnati,Western & Southern Financial Group Women's Open,R32,R32,0.16000000000000003,1.0,1.0,0.8095238095238095,52.84761904761905,38,Cincinnati,Western & Southern Financial Group Women's Open,2024-08-16,WTA1000,Outdoor,Hard,2nd Round,3,Zheng Q.,Frech M.,7.0,48.0,3975.0,1220.0,6.0,1.0,7.0,5.0,,,2.0,0.0,Completed,1.22,4.33,1.23,4.7,1.23,4.7,1.22,4.31,9876,1669
9877,1876,1798,1798,2024-08-12,2024-08-16,4,pavlyuchenkova|a / wozniacki|c,Cincinnati,Western & Southern Financial Group Women's Open,R32,R32,0.16000000000000003,1.0,1.0,0.8095238095238095,52.84761904761905,38,Cincinnati,Western & Southern Financial Group Women's Open,2024-08-16,WTA1000,Outdoor,Hard,2nd Round,3,Pavlyuchenkova A.,Wozniacki C.,28.0,84.0,1776.0,844.0,7.0,5.0,6.0,4.0,,,2.0,0.0,Completed,2.3,1.62,2.33,1.67,2.35,1.68,2.29,1.62,9877,1670
9852,1851,1808,1808,2024-08-12,2024-08-17,5,andreeva|m / swiatek|i,Cincinnati,Western & Southern Financial Group Women's Open,QF,QF,0.16000000000000003,1.0,1.0,0.7619047619047619,52.609523809523814,38,Cincinnati,Western & Southern Financial Group Women's Open,2024-08-17,WTA1000,Outdoor,Hard,Quarterfinals,3,Swiatek I.,Andreeva M.,1.0,24.0,10655.0,1968.0,4.0,6.0,6.0,3.0,7.0,5.0,2.0,1.0,Completed,1.17,5.0,1.21,5.05,1.21,6.22,1.18,4.97,9852,1671
9853,1852,1809,1809,2024-08-12,2024-08-17,5,sabalenka|a / samsonova|l,Cincinnati,Western & Southern Financial Group Women's Open,QF,QF,0.16000000000000003,1.0,1.0,0.7619047619047619,52.609523809523814,38,Cincinnati,Western & Southern Financial Group Women's Open,2024-08-17,WTA1000,Outdoor,Hard,Quarterfinals,3,Sabalenka A.,Samsonova L.,3.0,17.0,7366.0,2450.0,6.0,3.0,6.0,2.0,,,2.0,0.0,Completed,1.33,3.4,1.36,3.44,1.36,3.5,1.33,3.27,9853,1672
9854,1853,1810,1810,2024-08-12,2024-08-17,5,fernandez|l / pegula|j,Cincinnati,Western & Southern Financial Group Women's Open,QF,QF,0.16000000000000003,1.0,1.0,0.7619047619047619,52.609523809523814,38,Cincinnati,Western & Southern Financial Group Women's Open,2024-08-17,WTA1000,Outdoor,Hard,Quarterfinals,3,Pegula J.,Fernandez L.A.,6.0,27.0,4615.0,1854.0,7.0,5.0,6.0,7.0,7.0,6.0,2.0,1.0,Completed,1.44,2.75,1.47,2.9,1.48,2.92,1.44,2.76,9854,1673
9860,1859,1806,1806,2024-08-12,2024-08-17,5,pegula|j / townsend|t,Cincinnati,Western & Southern Financial Group Women's Open,R16,R16,0.16000000000000003,1.0,1.0,0.7619047619047619,52.609523809523814,38,Cincinnati,Western & Southern Financial Group Women's Open,2024-08-17,WTA1000,Outdoor,Hard,3rd Round,3,Pegula J.,Townsend T.,6.0,53.0,4615.0,1137.0,6.0,2.0,6.0,3.0,,,2.0,0.0,Completed,1.36,3.2,1.44,2.99,1.45,3.2,1.41,2.87,9860,1674
9862,1861,1807,1807,2024-08-12,2024-08-17,5,pavlyuchenkova|a / zheng|q,Cincinnati,Western & Southern Financial Group Women's Open,R16,R16,0.16000000000000003,1.0,1.0,0.7619047619047619,52.609523809523814,38,Cincinnati,Western & Southern Financial Group Women's Open,2024-08-17,WTA1000,Outdoor,Hard,3rd Round,3,Pavlyuchenkova A.,Zheng Q.,28.0,7.0,1776.0,3975.0,7.0,5.0,6.0,1.0,,,2.0,0.0,Completed,4.0,1.25,3.84,1.3,4,1.36,3.61,1.29,9862,1675
9850,1849,1812,1812,2024-08-12,2024-08-18,6,sabalenka|a / swiatek|i,Cincinnati,Western & Southern Financial Group Women's Open,SF,SF,0.16000000000000003,1.0,1.0,0.7142857142857143,52.371428571428574,38,Cincinnati,Western & Southern Financial Group Women's Open,2024-08-18,WTA1000,Outdoor,Hard,Semifinals,3,Sabalenka A.,Swiatek I.,3.0,1.0,7366.0,10655.0,6.0,3.0,6.0,3.0,,,2.0,0.0,Completed,2.5,1.53,2.58,1.57,2.64,1.59,2.5,1.52,9850,1676
9851,1850,1813,1813,2024-08-12,2024-08-18,6,badosa|p / pegula|j,Cincinnati,Western & Southern Financial Group Women's Open,SF,SF,0.16000000000000003,1.0,1.0,0.7142857142857143,52.371428571428574,38,Cincinnati,Western & Southern Financial Group Women's Open,2024-08-18,WTA1000,Outdoor,Hard,Semifinals,3,Pegula J.,Badosa P.,6.0,37.0,4615.0,1505.0,6.0,2.0,3.0,6.0,6.0,3.0,2.0,1.0,Completed,1.91,1.91,1.93,1.98,1.93,1.98,1.88,1.92,9851,1677
9855,1854,1811,1811,2024-08-12,2024-08-18,6,badosa|p / pavlyuchenkova|a,Cincinnati,Western & Southern Financial Group Women's Open,QF,QF,0.16000000000000003,1.0,1.0,0.7142857142857143,52.371428571428574,38,Cincinnati,Western & Southern Financial Group Women's Open,2024-08-18,WTA1000,Outdoor,Hard,Quarterfinals,3,Badosa P.,Pavlyuchenkova A.,37.0,28.0,1505.0,1776.0,6.0,3.0,6.0,2.0,,,2.0,0.0,Completed,1.36,3.2,1.38,3.33,1.4,3.33,1.36,3.12,9855,1678
9904,1903,1814,1814,2024-08-12,2024-08-19,7,pegula|j / sabalenka|a,Cincinnati,Western & Southern Financial Group Women's Open,F,F,0.16000000000000003,1.0,1.0,0.6666666666666667,52.13333333333334,38,Cincinnati,Western & Southern Financial Group Women's Open,2024-08-19,WTA1000,Outdoor,Hard,The Final,3,Sabalenka A.,Pegula J.,3.0,6.0,7366.0,4615.0,6.0,3.0,7.0,5.0,,,2.0,0.0,Completed,1.36,3.2,1.38,3.32,1.38,3.32,1.36,3.13,9904,1679
9921,1920,1821,1821,2024-08-19,2024-08-19,0,bucsa|c / trevisan|m,Cleveland,Tennis in the Land,R32,R32,0.4,1.0,1.0,1.0,67.0,39,Cleveland,Tennis in the Land,2024-08-19,WTA250,Outdoor,Hard,1st Round,3,Bucsa C.,Trevisan M.,72.0,91.0,904.0,788.0,6.0,2.0,6.0,4.0,,,2.0,0.0,Completed,1.8,2.0,1.92,1.95,1.92,2.02,1.83,1.94,9921,1680
9922,1921,1818,1818,2024-08-19,2024-08-19,0,burel|c / kalieva|e,Cleveland,Tennis in the Land,R32,R32,0.4,1.0,1.0,1.0,67.0,39,Cleveland,Tennis in the Land,2024-08-19,WTA250,Outdoor,Hard,1st Round,3,Burel C.,Kalieva E.,58.0,302.0,1048.0,212.0,6.0,3.0,6.0,2.0,,,2.0,0.0,Completed,1.2,4.5,,,1.21,9.5,1.17,5.47,9922,1681
9928,1927,1822,1822,2024-08-19,2024-08-19,0,davis|l / tomova|v,Cleveland,Tennis in the Land,R32,R32,0.4,1.0,1.0,1.0,67.0,39,Cleveland,Tennis in the Land,2024-08-19,WTA250,Outdoor,Hard,1st Round,3,Tomova V.,Davis L.,50.0,404.0,1159.0,145.0,6.0,1.0,6.0,4.0,,,2.0,0.0,Completed,1.36,3.2,1.4,3.15,1.4,3.5,1.36,3.14,9928,1682
9929,1928,1817,1817,2024-08-19,2024-08-19,0,bronzetti|l / rus|a,Cleveland,Tennis in the Land,R32,R32,0.4,1.0,1.0,1.0,67.0,39,Cleveland,Tennis in the Land,2024-08-19,WTA250,Outdoor,Hard,1st Round,3,Rus A.,Bronzetti L.,95.0,69.0,750.0,916.0,6.0,3.0,7.0,6.0,,,2.0,0.0,Completed,2.0,1.8,2.15,1.76,2.15,1.82,2.03,1.77,9929,1683
9930,1929,1819,1819,2024-08-19,2024-08-19,0,kessler|m / scott|k,Cleveland,Tennis in the Land,R32,R32,0.4,1.0,1.0,1.0,67.0,39,Cleveland,Tennis in the Land,2024-08-19,WTA250,Outdoor,Hard,1st Round,3,Kessler M.,Scott K.,98.0,299.0,733.0,218.0,6.0,1.0,4.0,6.0,6.0,4.0,2.0,1.0,Completed,1.3,3.5,1.3,3.8,1.31,3.8,1.29,3.54,9930,1684
9932,1931,1816,1816,2024-08-19,2024-08-19,0,parry|d / potapova|a,Cleveland,Tennis in the Land,R32,R32,0.4,1.0,1.0,1.0,67.0,39,Cleveland,Tennis in the Land,2024-08-19,WTA250,Outdoor,Hard,1st Round,3,Potapova A.,Parry D.,43.0,62.0,1309.0,1002.0,6.0,3.0,6.0,2.0,,,2.0,0.0,Completed,1.53,2.5,1.62,2.41,1.62,2.5,1.57,2.39,9932,1685
9933,1932,1820,1820,2024-08-19,2024-08-19,0,schmiedlova|a / tauson|c,Cleveland,Tennis in the Land,R32,R32,0.4,1.0,1.0,1.0,67.0,39,Cleveland,Tennis in the Land,2024-08-19,WTA250,Outdoor,Hard,1st Round,3,Tauson C.,Schmiedlova A.,65.0,84.0,941.0,831.0,3.0,6.0,6.0,3.0,6.0,2.0,2.0,1.0,Completed,1.53,2.5,1.51,2.7,1.53,2.75,1.48,2.61,9933,1686
9951,1950,1846,1846,2024-08-19,2024-08-19,0,andreeva|e / kalinina|a,Monterrey,Monterrey Open,R32,R32,1.0,1.0,1.0,1.0,100.0,40,Monterrey,Monterrey Open,2024-08-19,WTA500,Outdoor,Hard,1st Round,3,Andreeva E.,Kalinina A.,89.0,54.0,809.0,1076.0,6.0,1.0,6.0,4.0,,,2.0,0.0,Completed,2.2,1.67,2.16,1.75,2.22,1.76,2.13,1.7,9951,1687
9953,1952,1847,1847,2024-08-19,2024-08-19,0,carle|m / kudermetova|v,Monterrey,Monterrey Open,R32,R32,1.0,1.0,1.0,1.0,100.0,40,Monterrey,Monterrey Open,2024-08-19,WTA500,Outdoor,Hard,1st Round,3,Carle M.,Kudermetova V.,86.0,44.0,816.0,1308.0,1.0,6.0,7.0,5.0,6.0,4.0,2.0,1.0,Completed,2.75,1.44,2.78,1.48,2.8,1.5,2.7,1.45,9953,1688
9920,1919,1830,1830,2024-08-19,2024-08-20,1,golubic|v / haddad maia|b <> golubic|v / maia|b,Cleveland,Tennis in the Land,R32,R32,0.4,1.0,1.0,0.9523809523809523,66.76190476190476,39,Cleveland,Tennis in the Land,2024-08-20,WTA250,Outdoor,Hard,1st Round,3,Haddad Maia B.,Golubic V.,23.0,74.0,2093.0,884.0,6.0,3.0,7.0,5.0,,,2.0,0.0,Completed,1.44,2.75,1.48,2.8,1.5,2.87,1.44,2.73,9920,1689
9923,1922,1823,1823,2024-08-19,2024-08-20,1,kenin|s / volynets|k,Cleveland,Tennis in the Land,R32,R32,0.4,1.0,1.0,0.9523809523809523,66.76190476190476,39,Cleveland,Tennis in the Land,2024-08-20,WTA250,Outdoor,Hard,1st Round,3,Kenin S.,Volynets K.,55.0,59.0,1070.0,1042.0,6.0,2.0,2.0,6.0,7.0,5.0,2.0,1.0,Completed,2.2,1.67,2.19,1.74,2.24,1.74,2.17,1.67,9923,1690
9924,1923,1824,1824,2024-08-19,2024-08-20,1,ishii|s / siniakova|k,Cleveland,Tennis in the Land,R32,R32,0.4,1.0,1.0,0.9523809523809523,66.76190476190476,39,Cleveland,Tennis in the Land,2024-08-20,WTA250,Outdoor,Hard,1st Round,3,Siniakova K.,Ishii S.,36.0,284.0,1436.0,234.0,6.0,7.0,6.0,3.0,7.0,6.0,2.0,1.0,Completed,1.14,5.5,1.16,5.78,1.17,7.18,1.14,5.48,9924,1691
9925,1924,1825,1825,2024-08-19,2024-08-20,1,bouzas maneiro|j / gracheva|v <> gracheva|v / maneiro|j,Cleveland,Tennis in the Land,R32,R32,0.4,1.0,1.0,0.9523809523809523,66.76190476190476,39,Cleveland,Tennis in the Land,2024-08-20,WTA250,Outdoor,Hard,1st Round,3,Bouzas Maneiro J.,Gracheva V.,80.0,66.0,861.0,935.0,4.0,6.0,6.0,3.0,6.0,2.0,2.0,1.0,Completed,2.1,1.73,2.13,1.77,2.31,1.85,2.08,1.74,9925,1692
9926,1925,1826,1826,2024-08-19,2024-08-20,1,sorribes tormo|s / wang|y <> tormo|s / wang|y,Cleveland,Tennis in the Land,R32,R32,0.4,1.0,1.0,0.9523809523809523,66.76190476190476,39,Cleveland,Tennis in the Land,2024-08-20,WTA250,Outdoor,Hard,1st Round,3,Sorribes Tormo S.,Wang Y.,73.0,78.0,886.0,861.0,6.0,4.0,6.0,1.0,,,2.0,0.0,Completed,2.5,1.53,2.52,1.57,2.63,1.57,2.51,1.51,9926,1693
9927,1926,1827,1827,2024-08-19,2024-08-20,1,stearns|p / uchijima|m,Cleveland,Tennis in the Land,R32,R32,0.4,1.0,1.0,0.9523809523809523,66.76190476190476,39,Cleveland,Tennis in the Land,2024-08-20,WTA250,Outdoor,Hard,1st Round,3,Stearns P.,Uchijima M.,47.0,63.0,1259.0,968.0,6.0,0.0,1.0,6.0,6.0,1.0,2.0,1.0,Completed,1.36,3.2,1.34,3.46,1.36,3.57,1.32,3.3,9927,1694
9934,1933,1828,1828,2024-08-19,2024-08-20,1,cristian|j / minnen|g,Cleveland,Tennis in the Land,R32,R32,0.4,1.0,1.0,0.9523809523809523,66.76190476190476,39,Cleveland,Tennis in the Land,2024-08-20,WTA250,Outdoor,Hard,1st Round,3,Minnen G.,Cristian J.,75.0,68.0,878.0,919.0,6.0,3.0,7.0,6.0,,,2.0,0.0,Completed,1.73,2.1,1.68,2.27,1.76,2.27,1.68,2.15,9934,1695
9935,1934,1829,1829,2024-08-19,2024-08-20,1,bogdan|a / fernandez|l,Cleveland,Tennis in the Land,R32,R32,0.4,1.0,1.0,0.9523809523809523,66.76190476190476,39,Cleveland,Tennis in the Land,2024-08-20,WTA250,Outdoor,Hard,1st Round,3,Bogdan A.,Fernandez L.A.,103.0,24.0,715.0,2015.0,1.0,6.0,7.0,6.0,6.0,2.0,2.0,1.0,Completed,3.75,1.29,3.83,1.29,3.89,1.3,3.6,1.28,9935,1696
9952,1951,1849,1849,2024-08-19,2024-08-20,1,paquet|c / sun|l,Monterrey,Monterrey Open,R32,R32,1.0,1.0,1.0,0.9523809523809523,99.76190476190476,40,Monterrey,Monterrey Open,2024-08-20,WTA500,Outdoor,Hard,1st Round,3,Sun L.,Paquet C.,57.0,96.0,1049.0,746.0,7.0,6.0,6.0,3.0,,,2.0,0.0,Completed,1.4,3.0,1.35,3.39,1.4,3.5,1.34,3.19,9952,1697
9954,1953,1854,1854,2024-08-19,2024-08-20,1,rodriguez|v / zarazua|r,Monterrey,Monterrey Open,R32,R32,1.0,1.0,1.0,0.9523809523809523,99.76190476190476,40,Monterrey,Monterrey Open,2024-08-20,WTA500,Outdoor,Hard,1st Round,3,Zarazua R.,Rodriguez V.,97.0,300.0,740.0,218.0,6.0,1.0,6.0,4.0,,,2.0,0.0,Completed,1.13,6.0,1.16,5.9,1.16,6.1,1.13,5.78,9954,1698
9955,1954,1852,1852,2024-08-19,2024-08-20,1,martic|p / zhao|c,Monterrey,Monterrey Open,R32,R32,1.0,1.0,1.0,0.9523809523809523,99.76190476190476,40,Monterrey,Monterrey Open,2024-08-20,WTA500,Outdoor,Hard,1st Round,3,Martic P.,Zhao C.,105.0,268.0,691.0,255.0,7.0,6.0,3.0,6.0,6.0,2.0,2.0,1.0,Completed,1.14,5.5,1.15,6.07,1.17,6.07,1.14,5.5,9955,1699
9957,1956,1853,1853,2024-08-19,2024-08-20,1,danilina|a / noskova|l,Monterrey,Monterrey Open,R32,R32,1.0,1.0,1.0,0.9523809523809523,99.76190476190476,40,Monterrey,Monterrey Open,2024-08-20,WTA500,Outdoor,Hard,1st Round,3,Noskova L.,Danilina A.,35.0,958.0,1568.0,19.0,6.0,0.0,6.0,1.0,,,2.0,0.0,Completed,1.06,10.0,1.05,12.94,1.06,12.94,1.05,9.98,9957,1700
9959,1958,1851,1851,2024-08-19,2024-08-20,1,avanesyan|e / cocciaretto|e,Monterrey,Monterrey Open,R32,R32,1.0,1.0,1.0,0.9523809523809523,99.76190476190476,40,Monterrey,Monterrey Open,2024-08-20,WTA500,Outdoor,Hard,1st Round,3,Avanesyan E.,Cocciaretto E.,51.0,64.0,1141.0,963.0,7.0,6.0,6.0,1.0,,,2.0,0.0,Completed,1.8,2.0,1.9,1.97,1.96,2.02,1.85,1.93,9959,1701
9961,1960,1848,1848,2024-08-19,2024-08-20,1,bondarenko|k / glushko|l,Monterrey,Monterrey Open,R32,R32,1.0,1.0,1.0,0.9523809523809523,99.76190476190476,40,Monterrey,Monterrey Open,2024-08-20,WTA500,Outdoor,Hard,1st Round,3,Glushko L.,Bondarenko K.,277.0,325.0,245.0,194.0,6.0,3.0,3.0,6.0,6.0,3.0,2.0,1.0,Completed,1.73,2.1,1.76,2.15,1.82,2.16,1.74,2.07,9961,1702
9912,1911,1835,1835,2024-08-19,2024-08-21,2,bucsa|c / haddad maia|b <> bucsa|c / maia|b,Cleveland,Tennis in the Land,R16,R16,0.4,1.0,1.0,0.9047619047619048,66.52380952380952,39,Cleveland,Tennis in the Land,2024-08-21,WTA250,Outdoor,Hard,2nd Round,3,Haddad Maia B.,Bucsa C.,23.0,72.0,2093.0,904.0,6.0,2.0,6.0,1.0,,,2.0,0.0,Completed,1.33,3.4,1.35,3.41,1.36,3.5,1.33,3.24,9912,1703
9913,1912,1837,1837,2024-08-19,2024-08-21,2,burel|c / kenin|s,Cleveland,Tennis in the Land,R16,R16,0.4,1.0,1.0,0.9047619047619048,66.52380952380952,39,Cleveland,Tennis in the Land,2024-08-21,WTA250,Outdoor,Hard,2nd Round,3,Burel C.,Kenin S.,58.0,55.0,1048.0,1070.0,6.0,4.0,6.0,3.0,,,2.0,0.0,Completed,1.91,1.91,1.95,1.92,1.95,2.0,1.88,1.9,9913,1704
9914,1913,1836,1836,2024-08-19,2024-08-21,2,bouzas maneiro|j / siniakova|k <> maneiro|j / siniakova|k,Cleveland,Tennis in the Land,R16,R16,0.4,1.0,1.0,0.9047619047619048,66.52380952380952,39,Cleveland,Tennis in the Land,2024-08-21,WTA250,Outdoor,Hard,2nd Round,3,Siniakova K.,Bouzas Maneiro J.,36.0,80.0,1436.0,861.0,2.0,6.0,6.0,4.0,7.0,6.0,2.0,1.0,Completed,1.57,2.38,1.55,2.57,1.61,2.59,1.54,2.42,9914,1705
9916,1915,1831,1831,2024-08-19,2024-08-21,2,rus|a / tomova|v,Cleveland,Tennis in the Land,R16,R16,0.4,1.0,1.0,0.9047619047619048,66.52380952380952,39,Cleveland,Tennis in the Land,2024-08-21,WTA250,Outdoor,Hard,2nd Round,3,Rus A.,Tomova V.,95.0,50.0,750.0,1159.0,6.0,3.0,6.0,3.0,,,2.0,0.0,Completed,1.8,2.0,1.94,1.93,2,2.0,1.86,1.92,9916,1706
9918,1917,1834,1834,2024-08-19,2024-08-21,2,potapova|a / tauson|c,Cleveland,Tennis in the Land,R16,R16,0.4,1.0,1.0,0.9047619047619048,66.52380952380952,39,Cleveland,Tennis in the Land,2024-08-21,WTA250,Outdoor,Hard,2nd Round,3,Potapova A.,Tauson C.,43.0,65.0,1309.0,941.0,6.0,2.0,6.0,2.0,,,2.0,0.0,Completed,1.73,2.1,1.65,2.35,1.73,2.35,1.63,2.24,9918,1707
9919,1918,1833,1833,2024-08-19,2024-08-21,2,bogdan|a / minnen|g,Cleveland,Tennis in the Land,R16,R16,0.4,1.0,1.0,0.9047619047619048,66.52380952380952,39,Cleveland,Tennis in the Land,2024-08-21,WTA250,Outdoor,Hard,2nd Round,3,Bogdan A.,Minnen G.,103.0,75.0,715.0,878.0,7.0,6.0,6.0,3.0,,,2.0,0.0,Completed,1.8,2.0,1.89,1.96,1.89,2.12,1.81,1.97,9919,1708
9943,1942,1858,1858,2024-08-19,2024-08-21,2,andreeva|e / collins|d,Monterrey,Monterrey Open,R16,R16,1.0,1.0,1.0,0.9047619047619048,99.52380952380952,40,Monterrey,Monterrey Open,2024-08-21,WTA500,Outdoor,Hard,2nd Round,3,Andreeva E.,Collins D.,89.0,11.0,809.0,3422.0,1.0,6.0,6.0,3.0,6.0,3.0,2.0,1.0,Completed,4.0,1.25,4.2,1.26,5.1,1.29,3.79,1.26,9943,1709
9944,1943,1859,1859,2024-08-19,2024-08-21,2,carle|m / sun|l,Monterrey,Monterrey Open,R16,R16,1.0,1.0,1.0,0.9047619047619048,99.52380952380952,40,Monterrey,Monterrey Open,2024-08-21,WTA500,Outdoor,Hard,2nd Round,3,Sun L.,Carle M.,57.0,86.0,1049.0,816.0,6.0,3.0,2.0,6.0,7.0,6.0,2.0,1.0,Completed,1.33,3.4,1.36,3.41,1.38,3.41,1.34,3.24,9944,1710
9946,1945,1860,1860,2024-08-19,2024-08-21,2,martic|p / yuan|y,Monterrey,Monterrey Open,R16,R16,1.0,1.0,1.0,0.9047619047619048,99.52380952380952,40,Monterrey,Monterrey Open,2024-08-21,WTA500,Outdoor,Hard,2nd Round,3,Yuan Y.,Martic P.,38.0,105.0,1410.0,691.0,6.0,4.0,6.0,1.0,,,2.0,0.0,Completed,1.73,2.1,1.76,2.18,1.76,2.2,1.71,2.11,9946,1711
9956,1955,1855,1855,2024-08-19,2024-08-21,2,krunic|a / yuan|y,Monterrey,Monterrey Open,R32,R32,1.0,1.0,1.0,0.9047619047619048,99.52380952380952,40,Monterrey,Monterrey Open,2024-08-21,WTA500,Outdoor,Hard,1st Round,3,Yuan Y.,Krunic A.,38.0,318.0,1410.0,197.0,4.0,6.0,6.0,2.0,6.0,3.0,2.0,1.0,Completed,1.3,3.5,1.33,3.56,1.35,3.56,1.3,3.42,9956,1712
9960,1959,1856,1856,2024-08-19,2024-08-21,2,frech|m / podoroska|n,Monterrey,Monterrey Open,R32,R32,1.0,1.0,1.0,0.9047619047619048,99.52380952380952,40,Monterrey,Monterrey Open,2024-08-21,WTA500,Outdoor,Hard,1st Round,3,Frech M.,Podoroska N.,45.0,67.0,1285.0,926.0,6.0,4.0,4.0,6.0,6.0,4.0,2.0,1.0,Completed,1.4,3.0,1.49,2.77,1.5,3.0,1.44,2.74,9960,1713
9908,1907,1841,1841,2024-08-19,2024-08-22,3,burel|c / haddad maia|b <> burel|c / maia|b,Cleveland,Tennis in the Land,QF,QF,0.4,1.0,1.0,0.8571428571428572,66.28571428571429,39,Cleveland,Tennis in the Land,2024-08-22,WTA250,Outdoor,Hard,Quarterfinals,3,Haddad Maia B.,Burel C.,23.0,58.0,2093.0,1048.0,6.0,2.0,6.0,2.0,,,2.0,0.0,Completed,1.57,2.38,1.53,2.7,1.57,2.7,1.51,2.53,9908,1714
9909,1908,1842,1842,2024-08-19,2024-08-22,3,siniakova|k / stearns|p,Cleveland,Tennis in the Land,QF,QF,0.4,1.0,1.0,0.8571428571428572,66.28571428571429,39,Cleveland,Tennis in the Land,2024-08-22,WTA250,Outdoor,Hard,Quarterfinals,3,Siniakova K.,Stearns P.,36.0,47.0,1436.0,1259.0,1.0,6.0,6.0,3.0,6.0,4.0,2.0,1.0,Completed,2.5,1.53,2.57,1.57,2.57,1.6,2.43,1.55,9909,1715
9910,1909,1840,1840,2024-08-19,2024-08-22,3,kessler|m / rus|a,Cleveland,Tennis in the Land,QF,QF,0.4,1.0,1.0,0.8571428571428572,66.28571428571429,39,Cleveland,Tennis in the Land,2024-08-22,WTA250,Outdoor,Hard,Quarterfinals,3,Kessler M.,Rus A.,98.0,95.0,733.0,750.0,6.0,4.0,6.0,2.0,,,2.0,0.0,Completed,1.91,1.91,1.87,2.04,2,2.07,1.89,1.89,9910,1716
9911,1910,1839,1839,2024-08-19,2024-08-22,3,bogdan|a / potapova|a,Cleveland,Tennis in the Land,QF,QF,0.4,1.0,1.0,0.8571428571428572,66.28571428571429,39,Cleveland,Tennis in the Land,2024-08-22,WTA250,Outdoor,Hard,Quarterfinals,3,Potapova A.,Bogdan A.,43.0,103.0,1309.0,715.0,6.0,2.0,6.0,1.0,,,2.0,0.0,Completed,1.57,2.38,1.6,2.5,1.6,2.61,1.54,2.45,9911,1717
9915,1914,1838,1838,2024-08-19,2024-08-22,3,sorribes tormo|s / stearns|p <> stearns|p / tormo|s,Cleveland,Tennis in the Land,R16,R16,0.4,1.0,1.0,0.8571428571428572,66.28571428571429,39,Cleveland,Tennis in the Land,2024-08-22,WTA250,Outdoor,Hard,2nd Round,3,Stearns P.,Sorribes Tormo S.,47.0,73.0,1259.0,886.0,6.0,3.0,6.0,2.0,,,2.0,0.0,Completed,1.36,3.2,1.38,3.25,1.42,3.47,1.37,3.01,9915,1718
9939,1938,1866,1866,2024-08-19,2024-08-22,3,andreeva|e / sun|l,Monterrey,Monterrey Open,QF,QF,1.0,1.0,1.0,0.8571428571428572,99.28571428571429,40,Monterrey,Monterrey Open,2024-08-22,WTA500,Outdoor,Hard,Quarterfinals,3,Sun L.,Andreeva E.,57.0,89.0,1049.0,809.0,6.0,4.0,6.0,3.0,,,2.0,0.0,Completed,1.8,2.0,1.9,2.01,1.92,2.01,1.84,1.94,9939,1719
9945,1944,1864,1864,2024-08-19,2024-08-22,3,alexandrova|e / zarazua|r,Monterrey,Monterrey Open,R16,R16,1.0,1.0,1.0,0.8571428571428572,99.28571428571429,40,Monterrey,Monterrey Open,2024-08-22,WTA500,Outdoor,Hard,2nd Round,3,Alexandrova E.,Zarazua R.,30.0,97.0,1763.0,740.0,6.0,3.0,6.0,4.0,,,2.0,0.0,Completed,1.5,2.63,1.54,2.62,1.56,2.69,1.51,2.53,9945,1720
9948,1947,1862,1862,2024-08-19,2024-08-22,3,avanesyan|e / svitolina|e,Monterrey,Monterrey Open,R16,R16,1.0,1.0,1.0,0.8571428571428572,99.28571428571429,40,Monterrey,Monterrey Open,2024-08-22,WTA500,Outdoor,Hard,2nd Round,3,Svitolina E.,Avanesyan E.,28.0,51.0,1834.0,1141.0,6.0,4.0,6.0,3.0,,,2.0,0.0,Completed,1.33,3.4,1.39,3.24,1.39,3.5,1.34,3.19,9948,1721
9949,1948,1863,1863,2024-08-19,2024-08-22,3,frech|m / glushko|l,Monterrey,Monterrey Open,R16,R16,1.0,1.0,1.0,0.8571428571428572,99.28571428571429,40,Monterrey,Monterrey Open,2024-08-22,WTA500,Outdoor,Hard,2nd Round,3,Frech M.,Glushko L.,45.0,277.0,1285.0,245.0,6.0,7.0,6.0,3.0,6.0,1.0,2.0,1.0,Completed,1.13,6.0,1.12,7.43,1.15,7.43,1.12,6.15,9949,1722
9907,1906,1843,1843,2024-08-19,2024-08-23,4,kessler|m / potapova|a,Cleveland,Tennis in the Land,SF,SF,0.4,1.0,1.0,0.8095238095238095,66.04761904761905,39,Cleveland,Tennis in the Land,2024-08-23,WTA250,Outdoor,Hard,Semifinals,3,Kessler M.,Potapova A.,98.0,43.0,733.0,1309.0,4.0,6.0,6.0,3.0,6.0,3.0,2.0,1.0,Completed,2.63,1.5,2.57,1.57,2.67,1.57,2.54,1.52,9907,1723
9940,1939,1867,1867,2024-08-19,2024-08-23,4,alexandrova|e / yuan|y,Monterrey,Monterrey Open,QF,QF,1.0,1.0,1.0,0.8095238095238095,99.04761904761905,40,Monterrey,Monterrey Open,2024-08-23,WTA500,Outdoor,Hard,Quarterfinals,3,Alexandrova E.,Yuan Y.,30.0,38.0,1763.0,1410.0,7.0,5.0,7.0,6.0,,,2.0,0.0,Completed,1.67,2.2,1.78,2.16,1.78,2.22,1.69,2.13,9940,1724
9941,1940,1869,1869,2024-08-19,2024-08-23,4,noskova|l / svitolina|e,Monterrey,Monterrey Open,QF,QF,1.0,1.0,1.0,0.8095238095238095,99.04761904761905,40,Monterrey,Monterrey Open,2024-08-23,WTA500,Outdoor,Hard,Quarterfinals,3,Noskova L.,Svitolina E.,35.0,28.0,1568.0,1834.0,6.0,4.0,6.0,4.0,,,2.0,0.0,Completed,2.75,1.44,2.74,1.52,2.81,1.52,2.72,1.45,9941,1725
9942,1941,1868,1868,2024-08-19,2024-08-23,4,frech|m / navarro|e,Monterrey,Monterrey Open,QF,QF,1.0,1.0,1.0,0.8095238095238095,99.04761904761905,40,Monterrey,Monterrey Open,2024-08-23,WTA500,Outdoor,Hard,Quarterfinals,3,Navarro E.,Frech M.,13.0,45.0,2950.0,1285.0,6.0,7.0,6.0,0.0,6.0,2.0,2.0,1.0,Completed,1.29,3.75,1.3,3.91,1.3,3.91,1.28,3.59,9942,1726
9905,1904,1845,1845,2024-08-19,2024-08-24,5,haddad maia|b / kessler|m <> kessler|m / maia|b,Cleveland,Tennis in the Land,F,F,0.4,1.0,1.0,0.7619047619047619,65.80952380952381,39,Cleveland,Tennis in the Land,2024-08-24,WTA250,Outdoor,Hard,The Final,3,Kessler M.,Haddad Maia B.,98.0,23.0,733.0,2093.0,1.0,6.0,6.0,1.0,7.0,5.0,2.0,1.0,Completed,2.63,1.5,2.79,1.5,2.8,1.53,2.67,1.48,9905,1727
9906,1905,1844,1844,2024-08-19,2024-08-24,5,haddad maia|b / siniakova|k <> maia|b / siniakova|k,Cleveland,Tennis in the Land,SF,SF,0.4,1.0,1.0,0.7619047619047619,65.80952380952381,39,Cleveland,Tennis in the Land,2024-08-24,WTA250,Outdoor,Hard,Semifinals,3,Haddad Maia B.,Siniakova K.,23.0,36.0,2093.0,1436.0,6.0,3.0,2.0,6.0,6.0,2.0,2.0,1.0,Completed,1.57,2.38,1.69,2.32,1.7,2.38,1.62,2.28,9906,1728
9937,1936,1870,1870,2024-08-19,2024-08-24,5,alexandrova|e / sun|l,Monterrey,Monterrey Open,SF,SF,1.0,1.0,1.0,0.7619047619047619,98.80952380952381,40,Monterrey,Monterrey Open,2024-08-24,WTA500,Outdoor,Hard,Semifinals,3,Sun L.,Alexandrova E.,57.0,30.0,1049.0,1763.0,7.0,5.0,3.0,6.0,7.0,6.0,2.0,1.0,Completed,2.2,1.67,2.2,1.75,2.28,1.75,2.2,1.67,9937,1729
9938,1937,1871,1871,2024-08-19,2024-08-24,5,navarro|e / noskova|l,Monterrey,Monterrey Open,SF,SF,1.0,1.0,1.0,0.7619047619047619,98.80952380952381,40,Monterrey,Monterrey Open,2024-08-24,WTA500,Outdoor,Hard,Semifinals,3,Noskova L.,Navarro E.,35.0,13.0,1568.0,2950.0,7.0,6.0,7.0,5.0,,,2.0,0.0,Completed,2.1,1.73,2.17,1.78,2.2,1.78,2.12,1.72,9938,1730
9936,1935,1872,1872,2024-08-19,2024-08-25,6,noskova|l / sun|l,Monterrey,Monterrey Open,F,F,1.0,1.0,1.0,0.7142857142857143,98.57142857142857,40,Monterrey,Monterrey Open,2024-08-25,WTA500,Outdoor,Hard,The Final,3,Noskova L.,Sun L.,35.0,57.0,1568.0,1049.0,7.0,6.0,6.0,4.0,,,2.0,0.0,Completed,1.4,3.0,1.43,3.06,1.44,3.06,1.4,2.91,9936,1731
9997,1996,1889,1889,2024-08-26,2024-08-26,0,townsend|t / trevisan|m,Us Open,US Open,R128,R128,1.0,1.0,1.0,1.0,100.0,41,New York,US Open,2024-08-26,Grand Slam,Outdoor,Hard,1st Round,3,Townsend T.,Trevisan M.,48.0,90.0,1267.0,788.0,6.0,2.0,7.0,5.0,,,2.0,0.0,Completed,1.13,6.0,1.14,6.68,1.15,7.03,1.13,6.11,9997,1732
9998,1997,1884,1884,2024-08-26,2024-08-26,0,badosa|p / golubic|v,Us Open,US Open,R128,R128,1.0,1.0,1.0,1.0,100.0,41,New York,US Open,2024-08-26,Grand Slam,Outdoor,Hard,1st Round,3,Badosa P.,Golubic V.,29.0,73.0,1895.0,901.0,6.0,0.0,6.0,3.0,,,2.0,0.0,Completed,1.06,10.0,1.07,11.3,1.07,11.3,1.06,9.89,9998,1733
10002,2001,1879,1879,2024-08-26,2024-08-26,0,sakkari|m / wang|y,Us Open,US Open,R128,R128,1.0,1.0,1.0,1.0,100.0,41,New York,US Open,2024-08-26,Grand Slam,Outdoor,Hard,1st Round,3,Wang Y.,Sakkari M.,80.0,9.0,861.0,3515.0,6.0,2.0,,,,,1.0,0.0,Retired,3.5,1.3,3.58,1.33,3.6,1.35,3.49,1.31,10002,1734
10003,2002,1896,1896,2024-08-26,2024-08-26,0,blinkova|a / navarro|e,Us Open,US Open,R128,R128,1.0,1.0,1.0,1.0,100.0,41,New York,US Open,2024-08-26,Grand Slam,Outdoor,Hard,1st Round,3,Navarro E.,Blinkova A.,12.0,81.0,3040.0,861.0,6.0,1.0,6.0,1.0,,,2.0,0.0,Completed,1.14,5.5,1.14,6.79,1.17,6.79,1.14,5.93,10003,1735
10004,2003,1893,1893,2024-08-26,2024-08-26,0,bogdan|a / rus|a,Us Open,US Open,R128,R128,1.0,1.0,1.0,1.0,100.0,41,New York,US Open,2024-08-26,Grand Slam,Outdoor,Hard,1st Round,3,Rus A.,Bogdan A.,93.0,91.0,779.0,786.0,6.0,4.0,7.0,6.0,,,2.0,0.0,Completed,2.2,1.67,2.18,1.76,2.22,1.76,2.15,1.71,10004,1736
10006,2005,1894,1894,2024-08-26,2024-08-26,0,kessler|m / kostyuk|m,Us Open,US Open,R128,R128,1.0,1.0,1.0,1.0,100.0,41,New York,US Open,2024-08-26,Grand Slam,Outdoor,Hard,1st Round,3,Kostyuk M.,Kessler M.,19.0,63.0,2348.0,971.0,6.0,2.0,6.0,3.0,,,2.0,0.0,Completed,1.33,3.4,1.4,3.15,1.42,3.4,1.38,3.05,10006,1737
10007,2006,1876,1876,2024-08-26,2024-08-26,0,carle|m / svitolina|e,Us Open,US Open,R128,R128,1.0,1.0,1.0,1.0,100.0,41,New York,US Open,2024-08-26,Grand Slam,Outdoor,Hard,1st Round,3,Svitolina E.,Carle M.,28.0,83.0,1942.0,861.0,3.0,6.0,6.0,3.0,6.0,4.0,2.0,1.0,Completed,1.08,8.0,1.08,10.0,1.1,10.0,1.08,8.39,10007,1738
10008,2007,1882,1882,2024-08-26,2024-08-26,0,dodin|o / kalinina|a,Us Open,US Open,R128,R128,1.0,1.0,1.0,1.0,100.0,41,New York,US Open,2024-08-26,Grand Slam,Outdoor,Hard,1st Round,3,Kalinina A.,Dodin O.,55.0,86.0,1076.0,839.0,6.0,1.0,3.0,6.0,6.0,1.0,2.0,1.0,Completed,1.14,5.5,1.17,5.85,1.17,8.04,1.15,5.64,10008,1739
10009,2008,1883,1883,2024-08-26,2024-08-26,0,maria|t / sierra|s,Us Open,US Open,R128,R128,1.0,1.0,1.0,1.0,100.0,41,New York,US Open,2024-08-26,Grand Slam,Outdoor,Hard,1st Round,3,Maria T.,Sierra S.,99.0,158.0,735.0,465.0,6.0,2.0,6.0,3.0,,,2.0,0.0,Completed,2.1,1.73,2.27,1.7,2.28,1.75,2.17,1.7,10009,1740
10010,2009,1885,1885,2024-08-26,2024-08-26,0,gauff|c / gracheva|v,Us Open,US Open,R128,R128,1.0,1.0,1.0,1.0,100.0,41,New York,US Open,2024-08-26,Grand Slam,Outdoor,Hard,1st Round,3,Gauff C.,Gracheva V.,3.0,66.0,6743.0,935.0,6.0,2.0,6.0,0.0,,,2.0,0.0,Completed,1.05,11.0,1.05,13.53,1.05,14.89,1.05,11.17,10010,1741
10011,2010,1877,1877,2024-08-26,2024-08-26,0,anisimova|a / zheng|q,Us Open,US Open,R128,R128,1.0,1.0,1.0,1.0,100.0,41,New York,US Open,2024-08-26,Grand Slam,Outdoor,Hard,1st Round,3,Zheng Q.,Anisimova A.,7.0,50.0,3980.0,1206.0,4.0,6.0,6.0,4.0,6.0,2.0,2.0,1.0,Completed,1.53,2.5,1.53,2.68,1.55,2.68,1.52,2.56,10011,1742
10012,2011,1875,1875,2024-08-26,2024-08-26,0,andreeva|e / yuan|y,Us Open,US Open,R128,R128,1.0,1.0,1.0,1.0,100.0,41,New York,US Open,2024-08-26,Grand Slam,Outdoor,Hard,1st Round,3,Andreeva E.,Yuan Y.,75.0,37.0,892.0,1464.0,6.0,3.0,7.0,6.0,,,2.0,0.0,Completed,2.2,1.67,2.36,1.65,2.36,1.74,2.18,1.7,10012,1743
10013,2012,1887,1887,2024-08-26,2024-08-26,0,korpatsch|t / uchijima|m,Us Open,US Open,R128,R128,1.0,1.0,1.0,1.0,100.0,41,New York,US Open,2024-08-26,Grand Slam,Outdoor,Hard,1st Round,3,Uchijima M.,Korpatsch T.,64.0,111.0,968.0,648.0,3.0,6.0,6.0,3.0,6.0,4.0,2.0,1.0,Completed,1.33,3.4,1.35,3.48,1.35,3.5,1.33,3.38,10013,1744
10014,2013,1873,1873,2024-08-26,2024-08-26,0,niemeier|j / yastremska|d,Us Open,US Open,R128,R128,1.0,1.0,1.0,1.0,100.0,41,New York,US Open,2024-08-26,Grand Slam,Outdoor,Hard,1st Round,3,Niemeier J.,Yastremska D.,101.0,34.0,724.0,1682.0,6.0,4.0,6.0,7.0,6.0,4.0,2.0,1.0,Completed,2.63,1.5,2.69,1.52,2.75,1.55,2.62,1.5,10014,1745
10015,2014,1878,1878,2024-08-26,2024-08-26,0,birrell|k / vekic|d,Us Open,US Open,R128,R128,1.0,1.0,1.0,1.0,100.0,41,New York,US Open,2024-08-26,Grand Slam,Outdoor,Hard,1st Round,3,Vekic D.,Birrell K.,24.0,147.0,2013.0,508.0,6.0,4.0,6.0,4.0,,,2.0,0.0,Completed,1.17,5.0,1.19,5.23,1.2,5.23,1.18,4.87,10015,1746
10016,2015,1881,1881,2024-08-26,2024-08-26,0,frech|m / minnen|g,Us Open,US Open,R128,R128,1.0,1.0,1.0,1.0,100.0,41,New York,US Open,2024-08-26,Grand Slam,Outdoor,Hard,1st Round,3,Minnen G.,Frech M.,70.0,43.0,918.0,1363.0,7.0,5.0,7.0,5.0,,,2.0,0.0,Completed,2.2,1.67,2.32,1.67,2.32,1.74,2.22,1.67,10016,1747
10017,2016,1888,1888,2024-08-26,2024-08-26,0,stearns|p / tsurenko|l,Us Open,US Open,R128,R128,1.0,1.0,1.0,1.0,100.0,41,New York,US Open,2024-08-26,Grand Slam,Outdoor,Hard,1st Round,3,Stearns P.,Tsurenko L.,47.0,85.0,1283.0,854.0,6.0,1.0,7.0,5.0,,,2.0,0.0,Completed,1.22,4.33,1.23,4.63,1.25,4.7,1.22,4.35,10017,1748
10018,2017,1874,1874,2024-08-26,2024-08-26,0,cristian|j / kasatkina|d,Us Open,US Open,R128,R128,1.0,1.0,1.0,1.0,100.0,41,New York,US Open,2024-08-26,Grand Slam,Outdoor,Hard,1st Round,3,Kasatkina D.,Cristian J.,13.0,69.0,2973.0,919.0,6.0,2.0,6.0,4.0,,,2.0,0.0,Completed,1.25,4.0,1.27,4.13,1.27,4.25,1.25,3.98,10018,1749
10019,2018,1891,1891,2024-08-26,2024-08-26,0,keys|m / siniakova|k,Us Open,US Open,R128,R128,1.0,1.0,1.0,1.0,100.0,41,New York,US Open,2024-08-26,Grand Slam,Outdoor,Hard,1st Round,3,Keys M.,Siniakova K.,14.0,36.0,2727.0,1474.0,6.0,4.0,6.0,1.0,,,2.0,0.0,Completed,1.4,3.0,1.46,2.92,1.47,3.05,1.42,2.9,10019,1750
10020,2019,1886,1886,2024-08-26,2024-08-26,0,joint|m / siegemund|l,Us Open,US Open,R128,R128,1.0,1.0,1.0,1.0,100.0,41,New York,US Open,2024-08-26,Grand Slam,Outdoor,Hard,1st Round,3,Joint M.,Siegemund L.,135.0,94.0,544.0,778.0,6.0,4.0,7.0,5.0,,,2.0,0.0,Completed,1.5,2.63,1.51,2.74,1.53,2.86,1.48,2.66,10020,1751
10021,2020,1892,1892,2024-08-26,2024-08-26,0,li|a / tomljanovic|a,Us Open,US Open,R128,R128,1.0,1.0,1.0,1.0,100.0,41,New York,US Open,2024-08-26,Grand Slam,Outdoor,Hard,1st Round,3,Tomljanovic A.,Li A.,118.0,128.0,607.0,559.0,6.0,4.0,6.0,4.0,,,2.0,0.0,Completed,1.73,2.1,1.89,2.0,1.89,2.1,1.79,2.01,10021,1752
10022,2021,1890,1890,2024-08-26,2024-08-26,0,kudermetova|v / mertens|e,Us Open,US Open,R128,R128,1.0,1.0,1.0,1.0,100.0,41,New York,US Open,2024-08-26,Grand Slam,Outdoor,Hard,1st Round,3,Mertens E.,Kudermetova V.,35.0,46.0,1639.0,1308.0,3.0,6.0,6.0,4.0,6.0,3.0,2.0,1.0,Completed,1.57,2.38,1.53,2.66,1.6,2.66,1.56,2.42,10022,1753
10024,2023,1895,1895,2024-08-26,2024-08-26,0,jovic|i / linette|m,Us Open,US Open,R128,R128,1.0,1.0,1.0,1.0,100.0,41,New York,US Open,2024-08-26,Grand Slam,Outdoor,Hard,1st Round,3,Jovic I.,Linette M.,389.0,42.0,155.0,1371.0,6.0,4.0,6.0,3.0,,,2.0,0.0,Completed,4.5,1.2,5.06,1.2,5.06,1.25,4.64,1.2,10024,1754
9963,1962,1913,1913,2024-08-26,2024-08-27,1,rakhimova|k / swiatek|i,Us Open,US Open,R128,R128,1.0,1.0,1.0,0.9523809523809523,99.76190476190476,41,New York,US Open,2024-08-27,Grand Slam,Outdoor,Hard,1st Round,3,Swiatek I.,Rakhimova K.,1.0,104.0,10695.0,682.0,6.0,4.0,7.0,6.0,,,2.0,0.0,Completed,1.02,19.0,1.02,34.48,1.02,34.48,1.02,16.9,9963,1755
9964,1963,1912,1912,2024-08-26,2024-08-27,1,saville|d / shibahara|e,Us Open,US Open,R128,R128,1.0,1.0,1.0,0.9523809523809523,99.76190476190476,41,New York,US Open,2024-08-27,Grand Slam,Outdoor,Hard,1st Round,3,Shibahara E.,Saville D.,217.0,95.0,323.0,766.0,6.0,3.0,4.0,6.0,7.0,6.0,2.0,1.0,Completed,2.0,1.8,2.04,1.85,2.1,1.92,1.99,1.82,9964,1756
9965,1964,1914,1914,2024-08-26,2024-08-27,1,baindl|k / cocciaretto|e,Us Open,US Open,R128,R128,1.0,1.0,1.0,0.9523809523809523,99.76190476190476,41,New York,US Open,2024-08-27,Grand Slam,Outdoor,Hard,1st Round,3,Cocciaretto E.,Baindl K.,65.0,329.0,963.0,191.0,6.0,3.0,6.0,0.0,,,2.0,0.0,Completed,1.2,4.5,1.18,5.63,1.21,5.63,1.18,4.89,9965,1757
9966,1965,1906,1906,2024-08-26,2024-08-27,1,pavlyuchenkova|a / preston|t,Us Open,US Open,R128,R128,1.0,1.0,1.0,0.9523809523809523,99.76190476190476,41,New York,US Open,2024-08-27,Grand Slam,Outdoor,Hard,1st Round,3,Pavlyuchenkova A.,Preston T.,27.0,145.0,1961.0,528.0,6.0,2.0,6.0,0.0,,,2.0,0.0,Completed,1.11,6.5,1.11,7.97,1.12,8.0,1.11,6.93,9966,1758
9968,1967,1909,1909,2024-08-26,2024-08-27,1,krueger|a / zhang|s,Us Open,US Open,R128,R128,1.0,1.0,1.0,0.9523809523809523,99.76190476190476,41,New York,US Open,2024-08-27,Grand Slam,Outdoor,Hard,1st Round,3,Krueger A.,Zhang S.,59.0,643.0,1017.0,60.0,0.0,6.0,6.0,1.0,7.0,5.0,2.0,1.0,Completed,1.06,10.0,1.05,13.59,1.07,15.0,1.05,11.12,9968,1759
9969,1968,1931,1931,2024-08-26,2024-08-27,1,bouzkova|m / lys|e,Us Open,US Open,R128,R128,1.0,1.0,1.0,0.9523809523809523,99.76190476190476,41,New York,US Open,2024-08-27,Grand Slam,Outdoor,Hard,1st Round,3,Bouzkova M.,Lys E.,45.0,112.0,1312.0,642.0,6.0,2.0,1.0,6.0,7.0,5.0,2.0,1.0,Completed,1.4,3.0,1.45,2.96,1.47,3.0,1.42,2.86,9969,1760
9970,1969,1930,1930,2024-08-26,2024-08-27,1,samsonova|l / wang|q,Us Open,US Open,R128,R128,1.0,1.0,1.0,0.9523809523809523,99.76190476190476,41,New York,US Open,2024-08-27,Grand Slam,Outdoor,Hard,1st Round,3,Samsonova L.,Wang Q.,16.0,438.0,2610.0,128.0,6.0,2.0,7.0,5.0,,,2.0,0.0,Completed,1.05,11.0,1.06,12.04,1.06,12.04,1.06,10.21,9970,1761
9971,1970,1907,1907,2024-08-26,2024-08-27,1,collins|d / dolehide|c,Us Open,US Open,R128,R128,1.0,1.0,1.0,0.9523809523809523,99.76190476190476,41,New York,US Open,2024-08-27,Grand Slam,Outdoor,Hard,1st Round,3,Dolehide C.,Collins D.,49.0,11.0,1227.0,3422.0,1.0,6.0,7.0,5.0,6.0,4.0,2.0,1.0,Completed,5.5,1.14,5.88,1.17,5.88,1.18,5.42,1.16,9971,1762
9972,1971,1908,1908,2024-08-26,2024-08-27,1,bucsa|c / errani|s,Us Open,US Open,R128,R128,1.0,1.0,1.0,0.9523809523809523,99.76190476190476,41,New York,US Open,2024-08-27,Grand Slam,Outdoor,Hard,1st Round,3,Errani S.,Bucsa C.,96.0,77.0,760.0,877.0,3.0,6.0,6.0,0.0,6.0,4.0,2.0,1.0,Completed,2.5,1.53,2.63,1.54,2.69,1.57,2.51,1.53,9972,1763
9973,1972,1924,1924,2024-08-26,2024-08-27,1,schmiedlova|a / tauson|c,Us Open,US Open,R128,R128,1.0,1.0,1.0,0.9523809523809523,99.76190476190476,41,New York,US Open,2024-08-27,Grand Slam,Outdoor,Hard,1st Round,3,Tauson C.,Schmiedlova A.,67.0,87.0,929.0,831.0,1.0,6.0,7.0,6.0,6.0,2.0,2.0,1.0,Completed,1.53,2.5,1.64,2.39,1.72,2.51,1.58,2.39,9973,1764
9974,1973,1929,1929,2024-08-26,2024-08-27,1,podoroska|n / shnaider|d,Us Open,US Open,R128,R128,1.0,1.0,1.0,0.9523809523809523,99.76190476190476,41,New York,US Open,2024-08-27,Grand Slam,Outdoor,Hard,1st Round,3,Shnaider D.,Podoroska N.,18.0,68.0,2385.0,920.0,6.0,0.0,6.0,1.0,,,2.0,0.0,Completed,1.13,6.0,1.15,6.19,1.16,6.19,1.14,5.68,9974,1765
9975,1974,1911,1911,2024-08-26,2024-08-27,1,boulter|k / sasnovich|a,Us Open,US Open,R128,R128,1.0,1.0,1.0,0.9523809523809523,99.76190476190476,41,New York,US Open,2024-08-27,Grand Slam,Outdoor,Hard,1st Round,3,Boulter K.,Sasnovich A.,33.0,107.0,1715.0,669.0,5.0,7.0,6.0,2.0,6.0,1.0,2.0,1.0,Completed,1.57,2.38,1.6,2.47,1.63,2.47,1.58,2.38,9975,1766
9976,1975,1920,1920,2024-08-26,2024-08-27,1,bouzas maneiro|j / martic|p <> maneiro|j / martic|p,Us Open,US Open,R128,R128,1.0,1.0,1.0,0.9523809523809523,99.76190476190476,41,New York,US Open,2024-08-27,Grand Slam,Outdoor,Hard,1st Round,3,Bouzas Maneiro J.,Martic P.,74.0,98.0,896.0,738.0,6.0,3.0,6.0,0.0,,,2.0,0.0,Completed,1.57,2.38,1.61,2.44,1.67,2.5,1.6,2.35,9976,1767
9979,1978,1922,1922,2024-08-26,2024-08-27,1,aiava|d / rybakina|e,Us Open,US Open,R128,R128,1.0,1.0,1.0,0.9523809523809523,99.76190476190476,41,New York,US Open,2024-08-27,Grand Slam,Outdoor,Hard,1st Round,3,Rybakina E.,Aiava D.,4.0,194.0,5931.0,363.0,6.0,1.0,7.0,6.0,,,2.0,0.0,Completed,1.03,15.0,1.04,16.67,1.05,17.0,1.03,12.84,9979,1768
9980,1979,1910,1910,2024-08-26,2024-08-27,1,ponchet|j / zheng|s,Us Open,US Open,R128,R128,1.0,1.0,1.0,0.9523809523809523,99.76190476190476,41,New York,US Open,2024-08-27,Grand Slam,Outdoor,Hard,1st Round,3,Ponchet J.,Zheng S.,143.0,1294.0,532.0,6.0,6.0,4.0,6.0,1.0,,,2.0,0.0,Completed,1.08,8.0,1.13,7.1,1.13,8.5,1.1,7.06,9980,1769
9981,1980,1916,1916,2024-08-26,2024-08-27,1,hibino|n / wozniacki|c,Us Open,US Open,R128,R128,1.0,1.0,1.0,0.9523809523809523,99.76190476190476,41,New York,US Open,2024-08-27,Grand Slam,Outdoor,Hard,1st Round,3,Wozniacki C.,Hibino N.,71.0,155.0,908.0,476.0,6.0,0.0,6.0,1.0,,,2.0,0.0,Completed,1.22,4.33,1.21,4.93,1.23,4.93,1.21,4.41,9981,1770
9982,1981,1918,1918,2024-08-26,2024-08-27,1,garcia|c / zarazua|r,Us Open,US Open,R128,R128,1.0,1.0,1.0,0.9523809523809523,99.76190476190476,41,New York,US Open,2024-08-27,Grand Slam,Outdoor,Hard,1st Round,3,Zarazua R.,Garcia C.,92.0,30.0,784.0,1808.0,6.0,1.0,6.0,4.0,,,2.0,0.0,Completed,2.63,1.5,2.56,1.56,2.74,1.61,2.57,1.51,9982,1771
9983,1982,1932,1932,2024-08-26,2024-08-27,1,avanesyan|e / haddad maia|b <> avanesyan|e / maia|b,Us Open,US Open,R128,R128,1.0,1.0,1.0,0.9523809523809523,99.76190476190476,41,New York,US Open,2024-08-27,Grand Slam,Outdoor,Hard,1st Round,3,Haddad Maia B.,Avanesyan E.,21.0,51.0,2221.0,1200.0,4.0,6.0,6.0,0.0,6.0,2.0,2.0,1.0,Completed,1.57,2.38,1.67,2.33,1.73,2.4,1.61,2.32,9983,1772
9984,1983,1928,1928,2024-08-26,2024-08-27,1,noel|a / sorribes tormo|s <> noel|a / tormo|s,Us Open,US Open,R128,R128,1.0,1.0,1.0,0.9523809523809523,99.76190476190476,41,New York,US Open,2024-08-27,Grand Slam,Outdoor,Hard,1st Round,3,Sorribes Tormo S.,Noel A.,115.0,784.0,624.0,36.0,6.0,1.0,6.0,3.0,,,2.0,0.0,Completed,1.13,6.0,1.13,6.65,1.14,7.0,1.12,6.31,9984,1773
9985,1984,1921,1921,2024-08-26,2024-08-27,1,bondar|a / pera|b,Us Open,US Open,R128,R128,1.0,1.0,1.0,0.9523809523809523,99.76190476190476,41,New York,US Open,2024-08-27,Grand Slam,Outdoor,Hard,1st Round,3,Bondar A.,Pera B.,84.0,79.0,861.0,872.0,6.0,3.0,3.0,6.0,6.0,3.0,2.0,1.0,Completed,2.2,1.67,2.22,1.73,2.24,1.75,2.18,1.69,9985,1774
9986,1985,1919,1919,2024-08-26,2024-08-27,1,davis|l / kalinskaya|a,Us Open,US Open,R128,R128,1.0,1.0,1.0,0.9523809523809523,99.76190476190476,41,New York,US Open,2024-08-27,Grand Slam,Outdoor,Hard,1st Round,3,Kalinskaya A.,Davis L.,15.0,408.0,2712.0,145.0,6.0,2.0,6.0,2.0,,,2.0,0.0,Completed,1.08,8.0,1.09,8.99,1.1,9.15,1.08,8.09,9986,1775
9987,1986,1917,1917,2024-08-26,2024-08-27,1,osaka|n / ostapenko|j,Us Open,US Open,R128,R128,1.0,1.0,1.0,0.9523809523809523,99.76190476190476,41,New York,US Open,2024-08-27,Grand Slam,Outdoor,Hard,1st Round,3,Osaka N.,Ostapenko J.,88.0,10.0,824.0,3428.0,6.0,3.0,6.0,2.0,,,2.0,0.0,Completed,1.62,2.3,1.66,2.34,1.7,2.34,1.64,2.26,9987,1776
9988,1987,1905,1905,2024-08-26,2024-08-27,1,muchova|k / volynets|k,Us Open,US Open,R128,R128,1.0,1.0,1.0,0.9523809523809523,99.76190476190476,41,New York,US Open,2024-08-27,Grand Slam,Outdoor,Hard,1st Round,3,Muchova K.,Volynets K.,52.0,57.0,1126.0,1042.0,6.0,3.0,7.0,5.0,,,2.0,0.0,Completed,1.29,3.75,1.28,4.02,1.3,4.3,1.28,3.77,9988,1777
9989,1988,1927,1927,2024-08-26,2024-08-27,1,fruhvirtova|b / lepchenko|v,Us Open,US Open,R128,R128,1.0,1.0,1.0,0.9523809523809523,99.76190476190476,41,New York,US Open,2024-08-27,Grand Slam,Outdoor,Hard,1st Round,3,Lepchenko V.,Fruhvirtova B.,199.0,106.0,357.0,673.0,2.0,1.0,,,,,0.0,0.0,Retired,2.3,1.62,2.5,1.59,2.5,1.68,2.32,1.62,9989,1778
9990,1989,1926,1926,2024-08-26,2024-08-27,1,fernandez|l / potapova|a,Us Open,US Open,R128,R128,1.0,1.0,1.0,0.9523809523809523,99.76190476190476,41,New York,US Open,2024-08-27,Grand Slam,Outdoor,Hard,1st Round,3,Potapova A.,Fernandez L.A.,38.0,26.0,1397.0,2009.0,2.0,6.0,6.0,4.0,7.0,5.0,2.0,1.0,Completed,2.5,1.53,2.7,1.52,2.7,1.56,2.56,1.52,9990,1779
9996,1995,1901,1901,2024-08-26,2024-08-27,1,grabher|j / ruse|e,Us Open,US Open,R128,R128,1.0,1.0,1.0,0.9523809523809523,99.76190476190476,41,New York,US Open,2024-08-27,Grand Slam,Outdoor,Hard,1st Round,3,Ruse E.G.,Grabher J.,122.0,1023.0,588.0,16.0,6.0,2.0,6.0,4.0,,,2.0,0.0,Completed,1.06,10.0,1.07,11.52,1.07,12.63,1.06,10.12,9996,1780
9999,1998,1898,1898,2024-08-26,2024-08-27,1,azarenka|v / starodubtseva|y,Us Open,US Open,R128,R128,1.0,1.0,1.0,0.9523809523809523,99.76190476190476,41,New York,US Open,2024-08-27,Grand Slam,Outdoor,Hard,1st Round,3,Azarenka V.,Starodubtseva Y.,20.0,146.0,2266.0,520.0,3.0,6.0,6.0,1.0,6.0,1.0,2.0,1.0,Completed,1.22,4.33,1.26,4.22,1.26,4.34,1.24,4.08,9999,1781
10000,1999,1900,1900,2024-08-26,2024-08-27,1,burel|c / stephens|s,Us Open,US Open,R128,R128,1.0,1.0,1.0,0.9523809523809523,99.76190476190476,41,New York,US Open,2024-08-27,Grand Slam,Outdoor,Hard,1st Round,3,Burel C.,Stephens S.,56.0,62.0,1075.0,987.0,0.0,6.0,7.0,5.0,7.0,5.0,2.0,1.0,Completed,1.8,2.0,1.86,2.03,1.86,2.05,1.81,2.01,10000,1782
10005,2004,1899,1899,2024-08-26,2024-08-27,1,dart|h / paquet|c,Us Open,US Open,R128,R128,1.0,1.0,1.0,0.9523809523809523,99.76190476190476,41,New York,US Open,2024-08-27,Grand Slam,Outdoor,Hard,1st Round,3,Dart H.,Paquet C.,78.0,97.0,874.0,746.0,6.0,1.0,6.0,2.0,,,2.0,0.0,Completed,1.44,2.75,1.49,2.8,1.5,2.81,1.46,2.72,10005,1783
10023,2022,1902,1902,2024-08-26,2024-08-27,1,alexandrova|e / tomova|v,Us Open,US Open,R128,R128,1.0,1.0,1.0,0.9523809523809523,99.76190476190476,41,New York,US Open,2024-08-27,Grand Slam,Outdoor,Hard,1st Round,3,Alexandrova E.,Tomova V.,31.0,58.0,1778.0,1031.0,6.0,7.0,6.0,0.0,7.0,5.0,2.0,1.0,Completed,1.4,3.0,1.47,2.87,1.49,3.0,1.43,2.82,10023,1784
10025,2024,1903,1903,2024-08-26,2024-08-27,1,bronzetti|l / sun|l,Us Open,US Open,R128,R128,1.0,1.0,1.0,0.9523809523809523,99.76190476190476,41,New York,US Open,2024-08-27,Grand Slam,Outdoor,Hard,1st Round,3,Bronzetti L.,Sun L.,76.0,41.0,891.0,1373.0,6.0,3.0,,,,,1.0,0.0,Retired,2.63,1.5,2.63,1.54,2.75,1.54,2.61,1.49,10025,1785
10026,2025,1904,1904,2024-08-26,2024-08-27,1,hon|p / sabalenka|a,Us Open,US Open,R128,R128,1.0,1.0,1.0,0.9523809523809523,99.76190476190476,41,New York,US Open,2024-08-27,Grand Slam,Outdoor,Hard,1st Round,3,Sabalenka A.,Hon P.,2.0,203.0,8016.0,345.0,6.0,3.0,6.0,3.0,,,2.0,0.0,Completed,1.02,19.0,1.02,26.64,1.02,27.82,1.02,19.2,10026,1786
9977,1976,1935,1935,2024-08-26,2024-08-28,2,kenin|s / raducanu|e,Us Open,US Open,R128,R128,1.0,1.0,1.0,0.9047619047619048,99.52380952380952,41,New York,US Open,2024-08-28,Grand Slam,Outdoor,Hard,1st Round,3,Kenin S.,Raducanu E.,54.0,72.0,1099.0,907.0,6.0,1.0,3.0,6.0,6.0,4.0,2.0,1.0,Completed,3.75,1.29,4.09,1.27,4.09,1.3,3.75,1.28,9977,1787
9978,1977,1936,1936,2024-08-26,2024-08-28,2,pegula|j / rogers|s,Us Open,US Open,R128,R128,1.0,1.0,1.0,0.9047619047619048,99.52380952380952,41,New York,US Open,2024-08-28,Grand Slam,Outdoor,Hard,1st Round,3,Pegula J.,Rogers S.,6.0,356.0,5160.0,173.0,6.0,4.0,6.0,3.0,,,2.0,0.0,Completed,1.05,11.0,1.04,17.45,1.05,17.45,1.04,12.02,9978,1788
9991,1990,1933,1933,2024-08-26,2024-08-28,2,noskova|l / putintseva|y,Us Open,US Open,R128,R128,1.0,1.0,1.0,0.9047619047619048,99.52380952380952,41,New York,US Open,2024-08-28,Grand Slam,Outdoor,Hard,1st Round,3,Putintseva Y.,Noskova L.,32.0,25.0,1761.0,2013.0,7.0,6.0,6.0,4.0,,,2.0,0.0,Completed,1.91,1.91,1.89,2.0,1.91,2.0,1.88,1.93,9991,1789
9994,1993,1934,1934,2024-08-26,2024-08-28,2,andreescu|b / paolini|j,Us Open,US Open,R128,R128,1.0,1.0,1.0,0.9047619047619048,99.52380952380952,41,New York,US Open,2024-08-28,Grand Slam,Outdoor,Hard,1st Round,3,Paolini J.,Andreescu B.,5.0,167.0,5168.0,444.0,6.0,7.0,6.0,2.0,6.0,4.0,2.0,1.0,Completed,1.53,2.5,1.54,2.63,1.57,2.65,1.52,2.54,9994,1790
10043,2042,1940,1940,2024-08-26,2024-08-28,2,krejcikova|b / ruse|e,Us Open,US Open,R64,R64,1.0,1.0,1.0,0.9047619047619048,99.52380952380952,41,New York,US Open,2024-08-28,Grand Slam,Outdoor,Hard,2nd Round,3,Ruse E.G.,Krejcikova B.,122.0,8.0,588.0,3571.0,6.0,4.0,7.0,5.0,,,2.0,0.0,Completed,3.2,1.36,3.89,1.3,3.89,1.36,3.44,1.31,10043,1791
10044,2043,1937,1937,2024-08-26,2024-08-28,2,badosa|p / townsend|t,Us Open,US Open,R64,R64,1.0,1.0,1.0,0.9047619047619048,99.52380952380952,41,New York,US Open,2024-08-28,Grand Slam,Outdoor,Hard,2nd Round,3,Badosa P.,Townsend T.,29.0,48.0,1895.0,1267.0,6.0,3.0,7.0,5.0,,,2.0,0.0,Completed,1.44,2.75,1.4,3.23,1.45,3.23,1.41,2.87,10044,1792
10046,2045,1943,1943,2024-08-26,2024-08-28,2,parry|d / wang|y,Us Open,US Open,R64,R64,1.0,1.0,1.0,0.9047619047619048,99.52380952380952,41,New York,US Open,2024-08-28,Grand Slam,Outdoor,Hard,2nd Round,3,Wang Y.,Parry D.,80.0,60.0,861.0,1002.0,6.0,0.0,6.0,4.0,,,2.0,0.0,Completed,1.73,2.1,1.69,2.3,1.73,2.31,1.69,2.19,10046,1793
10047,2046,1947,1947,2024-08-26,2024-08-28,2,navarro|e / rus|a,Us Open,US Open,R64,R64,1.0,1.0,1.0,0.9047619047619048,99.52380952380952,41,New York,US Open,2024-08-28,Grand Slam,Outdoor,Hard,2nd Round,3,Navarro E.,Rus A.,12.0,93.0,3040.0,779.0,6.0,1.0,6.0,1.0,,,2.0,0.0,Completed,1.11,6.5,1.14,6.71,1.14,6.71,1.13,6.04,10047,1794
10048,2047,1944,1944,2024-08-26,2024-08-28,2,dart|h / kostyuk|m,Us Open,US Open,R64,R64,1.0,1.0,1.0,0.9047619047619048,99.52380952380952,41,New York,US Open,2024-08-28,Grand Slam,Outdoor,Hard,2nd Round,3,Kostyuk M.,Dart H.,19.0,78.0,2348.0,874.0,7.0,6.0,6.0,1.0,,,2.0,0.0,Completed,1.17,5.0,1.2,5.22,1.23,5.22,1.2,4.69,10048,1795
10051,2050,1942,1942,2024-08-26,2024-08-28,2,andreeva|e / zheng|q,Us Open,US Open,R64,R64,1.0,1.0,1.0,0.9047619047619048,99.52380952380952,41,New York,US Open,2024-08-28,Grand Slam,Outdoor,Hard,2nd Round,3,Zheng Q.,Andreeva E.,7.0,75.0,3980.0,892.0,6.0,7.0,6.0,1.0,6.0,2.0,2.0,1.0,Completed,1.17,5.0,1.18,5.75,1.18,6.0,1.15,5.36,10051,1796
10052,2051,1939,1939,2024-08-26,2024-08-28,2,niemeier|j / uchijima|m,Us Open,US Open,R64,R64,1.0,1.0,1.0,0.9047619047619048,99.52380952380952,41,New York,US Open,2024-08-28,Grand Slam,Outdoor,Hard,2nd Round,3,Niemeier J.,Uchijima M.,101.0,64.0,724.0,968.0,6.0,4.0,6.0,0.0,,,2.0,0.0,Completed,1.8,2.0,1.78,2.16,1.83,2.16,1.79,2.01,10052,1797
10053,2052,1948,1948,2024-08-26,2024-08-28,2,minnen|g / vekic|d,Us Open,US Open,R64,R64,1.0,1.0,1.0,0.9047619047619048,99.52380952380952,41,New York,US Open,2024-08-28,Grand Slam,Outdoor,Hard,2nd Round,3,Vekic D.,Minnen G.,24.0,70.0,2013.0,918.0,7.0,5.0,6.0,1.0,,,2.0,0.0,Completed,1.29,3.75,1.32,3.74,1.32,3.75,1.3,3.46,10053,1798
10055,2054,1941,1941,2024-08-26,2024-08-28,2,joint|m / keys|m,Us Open,US Open,R64,R64,1.0,1.0,1.0,0.9047619047619048,99.52380952380952,41,New York,US Open,2024-08-28,Grand Slam,Outdoor,Hard,2nd Round,3,Keys M.,Joint M.,14.0,135.0,2727.0,544.0,6.0,4.0,6.0,0.0,,,2.0,0.0,Completed,1.14,5.5,1.18,5.73,1.18,5.73,1.15,5.3,10055,1799
10056,2055,1938,1938,2024-08-26,2024-08-28,2,mertens|e / tomljanovic|a,Us Open,US Open,R64,R64,1.0,1.0,1.0,0.9047619047619048,99.52380952380952,41,New York,US Open,2024-08-28,Grand Slam,Outdoor,Hard,2nd Round,3,Mertens E.,Tomljanovic A.,35.0,118.0,1639.0,607.0,6.0,3.0,6.0,2.0,,,2.0,0.0,Completed,1.4,3.0,1.38,3.31,1.4,3.31,1.38,3.03,10056,1800
10057,2056,1945,1945,2024-08-26,2024-08-28,2,alexandrova|e / jovic|i,Us Open,US Open,R64,R64,1.0,1.0,1.0,0.9047619047619048,99.52380952380952,41,New York,US Open,2024-08-28,Grand Slam,Outdoor,Hard,2nd Round,3,Alexandrova E.,Jovic I.,31.0,389.0,1778.0,155.0,4.0,6.0,6.0,4.0,7.0,5.0,2.0,1.0,Completed,1.3,3.5,1.34,3.56,1.36,3.56,1.32,3.33,10057,1801
10058,2057,1946,1946,2024-08-26,2024-08-28,2,bronzetti|l / sabalenka|a,Us Open,US Open,R64,R64,1.0,1.0,1.0,0.9047619047619048,99.52380952380952,41,New York,US Open,2024-08-28,Grand Slam,Outdoor,Hard,2nd Round,3,Sabalenka A.,Bronzetti L.,2.0,76.0,8016.0,891.0,6.0,3.0,6.0,1.0,,,2.0,0.0,Completed,1.04,13.0,1.04,18.91,1.05,19.28,1.03,12.7,10058,1802
10027,2026,1963,1963,2024-08-26,2024-08-29,3,shibahara|e / swiatek|i,Us Open,US Open,R64,R64,1.0,1.0,1.0,0.8571428571428572,99.28571428571429,41,New York,US Open,2024-08-29,Grand Slam,Outdoor,Hard,2nd Round,3,Swiatek I.,Shibahara E.,1.0,217.0,10695.0,323.0,6.0,0.0,6.0,1.0,,,2.0,0.0,Completed,1.02,21.0,1.01,39.46,1.02,39.46,1.01,20.75,10027,1803
10028,2027,1965,1965,2024-08-26,2024-08-29,3,cocciaretto|e / pavlyuchenkova|a,Us Open,US Open,R64,R64,1.0,1.0,1.0,0.8571428571428572,99.28571428571429,41,New York,US Open,2024-08-29,Grand Slam,Outdoor,Hard,2nd Round,3,Pavlyuchenkova A.,Cocciaretto E.,27.0,65.0,1961.0,963.0,5.0,7.0,6.0,1.0,6.0,2.0,2.0,1.0,Completed,1.5,2.63,1.48,2.89,1.57,2.89,1.51,2.59,10028,1804
10029,2028,1960,1960,2024-08-26,2024-08-29,3,andreeva|m / krueger|a,Us Open,US Open,R64,R64,1.0,1.0,1.0,0.8571428571428572,99.28571428571429,41,New York,US Open,2024-08-29,Grand Slam,Outdoor,Hard,2nd Round,3,Krueger A.,Andreeva M.,59.0,23.0,1017.0,2153.0,6.0,1.0,6.0,4.0,,,2.0,0.0,Completed,4.33,1.22,4.52,1.25,4.52,1.26,4.26,1.23,10029,1805
10030,2029,1958,1958,2024-08-26,2024-08-29,3,bouzkova|m / samsonova|l,Us Open,US Open,R64,R64,1.0,1.0,1.0,0.8571428571428572,99.28571428571429,41,New York,US Open,2024-08-29,Grand Slam,Outdoor,Hard,2nd Round,3,Samsonova L.,Bouzkova M.,16.0,45.0,2610.0,1312.0,3.0,6.0,7.0,6.0,6.0,3.0,2.0,1.0,Completed,1.53,2.5,1.61,2.48,1.62,2.5,1.58,2.39,10030,1806
10031,2030,1957,1957,2024-08-26,2024-08-29,3,dolehide|c / errani|s,Us Open,US Open,R64,R64,1.0,1.0,1.0,0.8571428571428572,99.28571428571429,41,New York,US Open,2024-08-29,Grand Slam,Outdoor,Hard,2nd Round,3,Errani S.,Dolehide C.,96.0,49.0,760.0,1227.0,7.0,5.0,7.0,5.0,,,2.0,0.0,Completed,3.75,1.29,3.54,1.35,3.8,1.35,3.6,1.3,10031,1807
10032,2031,1954,1954,2024-08-26,2024-08-29,3,shnaider|d / tauson|c,Us Open,US Open,R64,R64,1.0,1.0,1.0,0.8571428571428572,99.28571428571429,41,New York,US Open,2024-08-29,Grand Slam,Outdoor,Hard,2nd Round,3,Shnaider D.,Tauson C.,18.0,67.0,2385.0,929.0,6.0,4.0,6.0,4.0,,,2.0,0.0,Completed,1.25,4.0,1.26,4.33,1.28,4.33,1.25,4.02,10032,1808
10033,2032,1956,1956,2024-08-26,2024-08-29,3,boulter|k / bouzas maneiro|j <> boulter|k / maneiro|j,Us Open,US Open,R64,R64,1.0,1.0,1.0,0.8571428571428572,99.28571428571429,41,New York,US Open,2024-08-29,Grand Slam,Outdoor,Hard,2nd Round,3,Bouzas Maneiro J.,Boulter K.,74.0,33.0,896.0,1715.0,7.0,5.0,7.0,5.0,,,2.0,0.0,Completed,2.63,1.5,2.62,1.56,2.63,1.57,2.51,1.53,10033,1809
10034,2033,1964,1964,2024-08-26,2024-08-29,3,kenin|s / pegula|j,Us Open,US Open,R64,R64,1.0,1.0,1.0,0.8571428571428572,99.28571428571429,41,New York,US Open,2024-08-29,Grand Slam,Outdoor,Hard,2nd Round,3,Pegula J.,Kenin S.,6.0,54.0,5160.0,1099.0,7.0,6.0,6.0,3.0,,,2.0,0.0,Completed,1.13,6.0,1.14,6.7,1.15,6.83,1.13,6.08,10034,1810
10035,2034,1966,1966,2024-08-26,2024-08-29,3,ponchet|j / rybakina|e,Us Open,US Open,R64,R64,1.0,1.0,1.0,0.8571428571428572,99.28571428571429,41,New York,US Open,2024-08-29,Grand Slam,Outdoor,Hard,2nd Round,3,Ponchet J.,Rybakina E.,143.0,4.0,532.0,5931.0,,,,,,,,,Walkover,13.0,1.04,21.9,1.03,21.9,1.04,14.05,1.04,10035,1811
10037,2036,1961,1961,2024-08-26,2024-08-29,3,haddad maia|b / sorribes tormo|s <> haddad maia|b / tormo|s <> maia|b / sorribes tormo|s <> maia|b / tormo|s,Us Open,US Open,R64,R64,1.0,1.0,1.0,0.8571428571428572,99.28571428571429,41,New York,US Open,2024-08-29,Grand Slam,Outdoor,Hard,2nd Round,3,Haddad Maia B.,Sorribes Tormo S.,21.0,115.0,2221.0,624.0,6.0,2.0,6.0,1.0,,,2.0,0.0,Completed,1.25,4.0,1.29,4.03,1.3,4.03,1.27,3.79,10037,1812
10038,2037,1953,1953,2024-08-26,2024-08-29,3,bondar|a / kalinskaya|a,Us Open,US Open,R64,R64,1.0,1.0,1.0,0.8571428571428572,99.28571428571429,41,New York,US Open,2024-08-29,Grand Slam,Outdoor,Hard,2nd Round,3,Kalinskaya A.,Bondar A.,15.0,84.0,2712.0,861.0,6.0,2.0,6.0,4.0,,,2.0,0.0,Completed,1.14,5.5,1.16,6.23,1.17,6.39,1.14,5.74,10038,1813
10040,2039,1962,1962,2024-08-26,2024-08-29,3,lepchenko|v / potapova|a,Us Open,US Open,R64,R64,1.0,1.0,1.0,0.8571428571428572,99.28571428571429,41,New York,US Open,2024-08-29,Grand Slam,Outdoor,Hard,2nd Round,3,Potapova A.,Lepchenko V.,38.0,199.0,1397.0,357.0,6.0,3.0,6.0,4.0,,,2.0,0.0,Completed,1.17,5.0,1.18,5.67,1.18,5.67,1.17,5.14,10040,1814
10045,2044,1949,1949,2024-08-26,2024-08-29,3,azarenka|v / burel|c,Us Open,US Open,R64,R64,1.0,1.0,1.0,0.8571428571428572,99.28571428571429,41,New York,US Open,2024-08-29,Grand Slam,Outdoor,Hard,2nd Round,3,Azarenka V.,Burel C.,20.0,56.0,2266.0,1075.0,6.0,1.0,6.0,4.0,,,2.0,0.0,Completed,1.2,4.5,1.24,4.61,1.25,4.98,1.22,4.4,10045,1815
10049,2048,1951,1951,2024-08-26,2024-08-29,3,kalinina|a / svitolina|e,Us Open,US Open,R64,R64,1.0,1.0,1.0,0.8571428571428572,99.28571428571429,41,New York,US Open,2024-08-29,Grand Slam,Outdoor,Hard,2nd Round,3,Svitolina E.,Kalinina A.,28.0,55.0,1942.0,1076.0,6.0,1.0,6.0,2.0,,,2.0,0.0,Completed,1.2,4.5,1.24,4.69,1.24,4.69,1.21,4.3,10049,1816
10050,2049,1950,1950,2024-08-26,2024-08-29,3,gauff|c / maria|t,Us Open,US Open,R64,R64,1.0,1.0,1.0,0.8571428571428572,99.28571428571429,41,New York,US Open,2024-08-29,Grand Slam,Outdoor,Hard,2nd Round,3,Gauff C.,Maria T.,3.0,99.0,6743.0,735.0,6.0,4.0,6.0,0.0,,,2.0,0.0,Completed,1.02,19.0,1.03,24.47,1.03,24.47,1.02,15.71,10050,1817
10054,2053,1952,1952,2024-08-26,2024-08-29,3,kasatkina|d / stearns|p,Us Open,US Open,R64,R64,1.0,1.0,1.0,0.8571428571428572,99.28571428571429,41,New York,US Open,2024-08-29,Grand Slam,Outdoor,Hard,2nd Round,3,Stearns P.,Kasatkina D.,47.0,13.0,1283.0,2973.0,6.0,1.0,7.0,6.0,,,2.0,0.0,Completed,2.0,1.8,2.08,1.84,2.08,1.84,1.99,1.79,10054,1818
10036,2035,1968,1968,2024-08-26,2024-08-30,4,wozniacki|c / zarazua|r,Us Open,US Open,R64,R64,1.0,1.0,1.0,0.8095238095238095,99.04761904761905,41,New York,US Open,2024-08-30,Grand Slam,Outdoor,Hard,2nd Round,3,Wozniacki C.,Zarazua R.,71.0,92.0,908.0,784.0,6.0,3.0,6.0,3.0,,,2.0,0.0,Completed,1.13,6.0,1.22,4.98,1.22,6.05,1.17,5.21,10036,1819
10039,2038,1967,1967,2024-08-26,2024-08-30,4,muchova|k / osaka|n,Us Open,US Open,R64,R64,1.0,1.0,1.0,0.8095238095238095,99.04761904761905,41,New York,US Open,2024-08-30,Grand Slam,Outdoor,Hard,2nd Round,3,Muchova K.,Osaka N.,52.0,88.0,1126.0,824.0,6.0,3.0,7.0,6.0,,,2.0,0.0,Completed,2.1,1.73,2.22,1.74,2.22,1.77,2.13,1.72,10039,1820
10067,2066,1969,1969,2024-08-26,2024-08-30,4,badosa|p / ruse|e,Us Open,US Open,R32,R32,1.0,1.0,1.0,0.8095238095238095,99.04761904761905,41,New York,US Open,2024-08-30,Grand Slam,Outdoor,Hard,3rd Round,3,Badosa P.,Ruse E.G.,29.0,122.0,1895.0,588.0,4.0,6.0,6.0,1.0,7.0,6.0,2.0,1.0,Completed,1.17,5.0,1.18,5.56,1.2,5.56,1.18,4.92,10067,1821
10068,2067,1972,1972,2024-08-26,2024-08-30,4,azarenka|v / wang|y,Us Open,US Open,R32,R32,1.0,1.0,1.0,0.8095238095238095,99.04761904761905,41,New York,US Open,2024-08-30,Grand Slam,Outdoor,Hard,3rd Round,3,Wang Y.,Azarenka V.,80.0,20.0,861.0,2266.0,6.0,4.0,3.0,6.0,6.0,1.0,2.0,1.0,Completed,3.75,1.29,3.98,1.29,4,1.33,3.69,1.29,10068,1822
10069,2068,1973,1973,2024-08-26,2024-08-30,4,kostyuk|m / navarro|e,Us Open,US Open,R32,R32,1.0,1.0,1.0,0.8095238095238095,99.04761904761905,41,New York,US Open,2024-08-30,Grand Slam,Outdoor,Hard,3rd Round,3,Navarro E.,Kostyuk M.,12.0,19.0,3040.0,2348.0,6.0,4.0,4.0,6.0,6.0,3.0,2.0,1.0,Completed,1.57,2.38,1.62,2.4,1.62,2.47,1.58,2.39,10069,1823
10070,2069,1971,1971,2024-08-26,2024-08-30,4,gauff|c / svitolina|e,Us Open,US Open,R32,R32,1.0,1.0,1.0,0.8095238095238095,99.04761904761905,41,New York,US Open,2024-08-30,Grand Slam,Outdoor,Hard,3rd Round,3,Gauff C.,Svitolina E.,3.0,28.0,6743.0,1942.0,3.0,6.0,6.0,3.0,6.0,3.0,2.0,1.0,Completed,1.4,3.0,1.44,3.01,1.45,3.09,1.43,2.87,10070,1824
10071,2070,1970,1970,2024-08-26,2024-08-30,4,niemeier|j / zheng|q,Us Open,US Open,R32,R32,1.0,1.0,1.0,0.8095238095238095,99.04761904761905,41,New York,US Open,2024-08-30,Grand Slam,Outdoor,Hard,3rd Round,3,Zheng Q.,Niemeier J.,7.0,101.0,3980.0,724.0,6.0,2.0,6.0,1.0,,,2.0,0.0,Completed,1.11,6.5,1.11,8.2,1.13,8.2,1.11,6.75,10071,1825
10072,2071,1974,1974,2024-08-26,2024-08-30,4,stearns|p / vekic|d,Us Open,US Open,R32,R32,1.0,1.0,1.0,0.8095238095238095,99.04761904761905,41,New York,US Open,2024-08-30,Grand Slam,Outdoor,Hard,3rd Round,3,Vekic D.,Stearns P.,24.0,47.0,2013.0,1283.0,7.0,5.0,6.0,4.0,,,2.0,0.0,Completed,1.67,2.2,1.65,2.4,1.7,2.42,1.64,2.26,10072,1826
10060,2059,1981,1981,2024-08-26,2024-08-31,5,krueger|a / samsonova|l,Us Open,US Open,R32,R32,1.0,1.0,1.0,0.7619047619047619,98.80952380952381,41,New York,US Open,2024-08-31,Grand Slam,Outdoor,Hard,3rd Round,3,Samsonova L.,Krueger A.,16.0,59.0,2610.0,1017.0,6.0,1.0,6.0,1.0,,,2.0,0.0,Completed,1.57,2.38,1.58,2.54,1.65,2.54,1.59,2.35,10060,1827
10061,2060,1980,1980,2024-08-26,2024-08-31,5,errani|s / shnaider|d,Us Open,US Open,R32,R32,1.0,1.0,1.0,0.7619047619047619,98.80952380952381,41,New York,US Open,2024-08-31,Grand Slam,Outdoor,Hard,3rd Round,3,Shnaider D.,Errani S.,18.0,96.0,2385.0,760.0,6.0,2.0,6.0,2.0,,,2.0,0.0,Completed,1.08,8.0,1.1,8.72,1.11,9.81,1.09,7.69,10061,1828
10062,2061,1979,1979,2024-08-26,2024-08-31,5,bouzas maneiro|j / pegula|j <> maneiro|j / pegula|j,Us Open,US Open,R32,R32,1.0,1.0,1.0,0.7619047619047619,98.80952380952381,41,New York,US Open,2024-08-31,Grand Slam,Outdoor,Hard,3rd Round,3,Pegula J.,Bouzas Maneiro J.,6.0,74.0,5160.0,896.0,6.0,3.0,6.0,3.0,,,2.0,0.0,Completed,1.11,6.5,1.13,7.27,1.13,7.27,1.11,6.58,10062,1829
10063,2062,1982,1982,2024-08-26,2024-08-31,5,ponchet|j / wozniacki|c,Us Open,US Open,R32,R32,1.0,1.0,1.0,0.7619047619047619,98.80952380952381,41,New York,US Open,2024-08-31,Grand Slam,Outdoor,Hard,3rd Round,3,Wozniacki C.,Ponchet J.,71.0,143.0,908.0,532.0,6.0,3.0,6.0,2.0,,,2.0,0.0,Completed,1.08,8.0,1.13,7.09,1.13,8.0,1.11,6.64,10063,1830
10065,2064,1977,1977,2024-08-26,2024-08-31,5,muchova|k / potapova|a,Us Open,US Open,R32,R32,1.0,1.0,1.0,0.7619047619047619,98.80952380952381,41,New York,US Open,2024-08-31,Grand Slam,Outdoor,Hard,3rd Round,3,Muchova K.,Potapova A.,52.0,38.0,1126.0,1397.0,6.0,4.0,6.0,2.0,,,2.0,0.0,Completed,1.4,3.0,1.36,3.48,1.43,3.48,1.37,3.08,10065,1831
10066,2065,1978,1978,2024-08-26,2024-08-31,5,paolini|j / putintseva|y,Us Open,US Open,R32,R32,1.0,1.0,1.0,0.7619047619047619,98.80952380952381,41,New York,US Open,2024-08-31,Grand Slam,Outdoor,Hard,3rd Round,3,Paolini J.,Putintseva Y.,5.0,32.0,5168.0,1761.0,6.0,3.0,6.0,4.0,,,2.0,0.0,Completed,1.67,2.2,1.72,2.26,1.73,2.35,1.66,2.24,10066,1832
10073,2072,1975,1975,2024-08-26,2024-08-31,5,keys|m / mertens|e,Us Open,US Open,R32,R32,1.0,1.0,1.0,0.7619047619047619,98.80952380952381,41,New York,US Open,2024-08-31,Grand Slam,Outdoor,Hard,3rd Round,3,Mertens E.,Keys M.,35.0,14.0,1639.0,2727.0,6.0,7.0,7.0,5.0,6.0,4.0,2.0,1.0,Completed,3.0,1.4,3.0,1.45,3.01,1.47,2.91,1.41,10073,1833
10074,2073,1976,1976,2024-08-26,2024-08-31,5,alexandrova|e / sabalenka|a,Us Open,US Open,R32,R32,1.0,1.0,1.0,0.7619047619047619,98.80952380952381,41,New York,US Open,2024-08-31,Grand Slam,Outdoor,Hard,3rd Round,3,Sabalenka A.,Alexandrova E.,2.0,31.0,8016.0,1778.0,2.0,6.0,6.0,1.0,6.0,2.0,2.0,1.0,Completed,1.08,8.0,1.1,9.0,1.11,9.0,1.09,7.95,10074,1834
10059,2058,1983,1983,2024-08-26,2024-09-01,6,pavlyuchenkova|a / swiatek|i,Us Open,US Open,R32,R32,1.0,1.0,1.0,0.7142857142857143,98.57142857142857,41,New York,US Open,2024-09-01,Grand Slam,Outdoor,Hard,3rd Round,3,Swiatek I.,Pavlyuchenkova A.,1.0,27.0,10695.0,1961.0,6.0,4.0,6.0,2.0,,,2.0,0.0,Completed,1.08,8.0,1.09,9.29,1.1,9.29,1.08,8.25,10059,1835
10064,2063,1984,1984,2024-08-26,2024-09-01,6,haddad maia|b / kalinskaya|a <> kalinskaya|a / maia|b,Us Open,US Open,R32,R32,1.0,1.0,1.0,0.7142857142857143,98.57142857142857,41,New York,US Open,2024-09-01,Grand Slam,Outdoor,Hard,3rd Round,3,Haddad Maia B.,Kalinskaya A.,21.0,15.0,2221.0,2712.0,6.0,3.0,6.0,1.0,,,2.0,0.0,Completed,2.63,1.5,2.65,1.55,2.65,1.57,2.57,1.51,10064,1836
10079,2078,1985,1985,2024-08-26,2024-09-01,6,badosa|p / wang|y,Us Open,US Open,R16,R16,1.0,1.0,1.0,0.7142857142857143,98.57142857142857,41,New York,US Open,2024-09-01,Grand Slam,Outdoor,Hard,4th Round,3,Badosa P.,Wang Y.,29.0,80.0,1895.0,861.0,6.0,1.0,6.0,2.0,,,2.0,0.0,Completed,1.22,4.33,1.22,4.82,1.25,4.82,1.22,4.28,10079,1837
10080,2079,1986,1986,2024-08-26,2024-09-01,6,gauff|c / navarro|e,Us Open,US Open,R16,R16,1.0,1.0,1.0,0.7142857142857143,98.57142857142857,41,New York,US Open,2024-09-01,Grand Slam,Outdoor,Hard,4th Round,3,Navarro E.,Gauff C.,12.0,3.0,3040.0,6743.0,6.0,3.0,4.0,6.0,6.0,3.0,2.0,1.0,Completed,2.75,1.44,2.92,1.47,2.92,1.51,2.74,1.45,10080,1838
10076,2075,1990,1990,2024-08-26,2024-09-02,7,pegula|j / shnaider|d,Us Open,US Open,R16,R16,1.0,1.0,1.0,0.6666666666666667,98.33333333333333,41,New York,US Open,2024-09-02,Grand Slam,Outdoor,Hard,4th Round,3,Pegula J.,Shnaider D.,6.0,18.0,5160.0,2385.0,6.0,4.0,6.0,2.0,,,2.0,0.0,Completed,1.5,2.63,1.49,2.83,1.53,2.85,1.48,2.69,10076,1839
10077,2076,1991,1991,2024-08-26,2024-09-02,7,haddad maia|b / wozniacki|c <> maia|b / wozniacki|c,Us Open,US Open,R16,R16,1.0,1.0,1.0,0.6666666666666667,98.33333333333333,41,New York,US Open,2024-09-02,Grand Slam,Outdoor,Hard,4th Round,3,Haddad Maia B.,Wozniacki C.,21.0,71.0,2221.0,908.0,6.0,2.0,3.0,6.0,6.0,3.0,2.0,1.0,Completed,2.0,1.8,2.08,1.84,2.14,1.85,2.03,1.8,10077,1840
10078,2077,1989,1989,2024-08-26,2024-09-02,7,muchova|k / paolini|j,Us Open,US Open,R16,R16,1.0,1.0,1.0,0.6666666666666667,98.33333333333333,41,New York,US Open,2024-09-02,Grand Slam,Outdoor,Hard,4th Round,3,Muchova K.,Paolini J.,52.0,5.0,1126.0,5168.0,6.0,3.0,6.0,3.0,,,2.0,0.0,Completed,1.57,2.38,1.72,2.26,1.72,2.55,1.6,2.35,10078,1841
10081,2080,1988,1988,2024-08-26,2024-09-02,7,vekic|d / zheng|q,Us Open,US Open,R16,R16,1.0,1.0,1.0,0.6666666666666667,98.33333333333333,41,New York,US Open,2024-09-02,Grand Slam,Outdoor,Hard,4th Round,3,Zheng Q.,Vekic D.,7.0,24.0,3980.0,2013.0,7.0,6.0,4.0,6.0,6.0,2.0,2.0,1.0,Completed,1.44,2.75,1.46,2.95,1.5,3.0,1.45,2.77,10081,1842
10082,2081,1987,1987,2024-08-26,2024-09-02,7,mertens|e / sabalenka|a,Us Open,US Open,R16,R16,1.0,1.0,1.0,0.6666666666666667,98.33333333333333,41,New York,US Open,2024-09-02,Grand Slam,Outdoor,Hard,4th Round,3,Sabalenka A.,Mertens E.,2.0,35.0,8016.0,1639.0,6.0,2.0,6.0,4.0,,,2.0,0.0,Completed,1.08,8.0,1.11,7.99,1.14,8.0,1.11,6.91,10082,1843
10075,2074,1992,1992,2024-08-26,2024-09-03,8,samsonova|l / swiatek|i,Us Open,US Open,R16,R16,1.0,1.0,1.0,0.6190476190476191,98.0952380952381,41,New York,US Open,2024-09-03,Grand Slam,Outdoor,Hard,4th Round,3,Swiatek I.,Samsonova L.,1.0,16.0,10695.0,2610.0,6.0,4.0,6.0,1.0,,,2.0,0.0,Completed,1.08,8.0,1.1,8.94,1.11,9.08,1.1,7.44,10075,1844
10085,2084,1993,1993,2024-08-26,2024-09-03,8,badosa|p / navarro|e,Us Open,US Open,QF,QF,1.0,1.0,1.0,0.6190476190476191,98.0952380952381,41,New York,US Open,2024-09-03,Grand Slam,Outdoor,Hard,Quarterfinals,3,Navarro E.,Badosa P.,12.0,29.0,3040.0,1895.0,6.0,2.0,7.0,5.0,,,2.0,0.0,Completed,2.1,1.73,2.09,1.83,2.11,1.83,2.05,1.78,10085,1845
10084,2083,1995,1995,2024-08-26,2024-09-04,9,haddad maia|b / muchova|k <> maia|b / muchova|k,Us Open,US Open,QF,QF,1.0,1.0,1.0,0.5714285714285714,97.85714285714286,41,New York,US Open,2024-09-04,Grand Slam,Outdoor,Hard,Quarterfinals,3,Muchova K.,Haddad Maia B.,52.0,21.0,1126.0,2221.0,6.0,1.0,6.0,4.0,,,2.0,0.0,Completed,1.3,3.5,1.34,3.62,1.37,3.62,1.32,3.38,10084,1846
10086,2085,1994,1994,2024-08-26,2024-09-04,9,sabalenka|a / zheng|q,Us Open,US Open,QF,QF,1.0,1.0,1.0,0.5714285714285714,97.85714285714286,41,New York,US Open,2024-09-04,Grand Slam,Outdoor,Hard,Quarterfinals,3,Sabalenka A.,Zheng Q.,2.0,7.0,8016.0,3980.0,6.0,1.0,6.0,2.0,,,2.0,0.0,Completed,1.25,4.0,1.32,3.75,1.32,4.0,1.29,3.68,10086,1847
10083,2082,1996,1996,2024-08-26,2024-09-05,10,pegula|j / swiatek|i,Us Open,US Open,QF,QF,1.0,1.0,1.0,0.5238095238095238,97.61904761904762,41,New York,US Open,2024-09-05,Grand Slam,Outdoor,Hard,Quarterfinals,3,Pegula J.,Swiatek I.,6.0,1.0,5160.0,10695.0,6.0,2.0,6.0,4.0,,,2.0,0.0,Completed,3.75,1.29,3.77,1.32,3.8,1.34,3.6,1.3,10083,1848
10087,2086,1998,1998,2024-08-26,2024-09-06,11,muchova|k / pegula|j,Us Open,US Open,SF,SF,1.0,1.0,1.0,0.47619047619047616,97.38095238095238,41,New York,US Open,2024-09-06,Grand Slam,Outdoor,Hard,Semifinals,3,Pegula J.,Muchova K.,6.0,52.0,5160.0,1126.0,1.0,6.0,6.0,4.0,6.0,2.0,2.0,1.0,Completed,1.62,2.3,1.66,2.38,1.66,2.44,1.63,2.31,10087,1849
10088,2087,1997,1997,2024-08-26,2024-09-06,11,navarro|e / sabalenka|a,Us Open,US Open,SF,SF,1.0,1.0,1.0,0.47619047619047616,97.38095238095238,41,New York,US Open,2024-09-06,Grand Slam,Outdoor,Hard,Semifinals,3,Sabalenka A.,Navarro E.,2.0,12.0,8016.0,3040.0,6.0,3.0,7.0,6.0,,,2.0,0.0,Completed,1.2,4.5,1.23,4.76,1.23,4.76,1.22,4.4,10088,1850
10089,2088,1999,1999,2024-08-26,2024-09-07,12,pegula|j / sabalenka|a,Us Open,US Open,F,F,1.0,1.0,1.0,0.4285714285714286,97.14285714285714,41,New York,US Open,2024-09-07,Grand Slam,Outdoor,Hard,The Final,3,Sabalenka A.,Pegula J.,2.0,6.0,8016.0,5160.0,7.0,5.0,7.0,5.0,,,2.0,0.0,Completed,1.29,3.75,1.3,3.89,1.34,3.89,1.3,3.64,10089,1851
10111,2110,2000,2000,2024-09-09,2024-09-09,0,kudermetova|v / vickery|s,Guadalajara,Guadalajara Open,R32,R32,1.0,1.0,1.0,1.0,100.0,42,Guadalajara,Guadalajara Open,2024-09-09,WTA500,Outdoor,Hard,1st Round,3,Kudermetova V.,Vickery S.,42.0,160.0,1308.0,461.0,6.0,4.0,6.0,4.0,,,2.0,0.0,Completed,1.29,3.75,1.26,4.2,1.32,4.2,1.26,3.77,10111,1852
10113,2112,2002,2002,2024-09-09,2024-09-09,0,krunic|a / rakhimova|k,Guadalajara,Guadalajara Open,R32,R32,1.0,1.0,1.0,1.0,100.0,42,Guadalajara,Guadalajara Open,2024-09-09,WTA500,Outdoor,Hard,1st Round,3,Rakhimova K.,Krunic A.,89.0,283.0,812.0,236.0,7.0,5.0,6.0,0.0,,,2.0,0.0,Completed,1.29,3.75,1.31,3.75,1.33,3.75,1.3,3.47,10113,1853
10116,2115,2001,2001,2024-09-09,2024-09-09,0,gadecki|o / stephens|s,Guadalajara,Guadalajara Open,R32,R32,1.0,1.0,1.0,1.0,100.0,42,Guadalajara,Guadalajara Open,2024-09-09,WTA500,Outdoor,Hard,1st Round,3,Gadecki O.,Stephens S.,152.0,63.0,484.0,987.0,6.0,4.0,6.0,3.0,,,2.0,0.0,Completed,1.8,2.0,1.79,2.13,1.81,2.13,1.76,2.04,10116,1854
10133,2132,2031,2031,2024-09-09,2024-09-09,0,lys|e / tsurenko|l,Monastir,Jasmin Open,R32,R32,0.34285714285714286,1.0,1.0,1.0,63.85714285714286,43,Monastir,Jasmin Open,2024-09-09,WTA250,Outdoor,Hard,1st Round,3,Lys E.,Tsurenko L.,126.0,91.0,572.0,794.0,6.0,3.0,7.0,5.0,,,2.0,0.0,Completed,1.57,2.38,1.56,2.56,1.68,2.6,1.55,2.42,10133,1855
10136,2135,2029,2029,2024-09-09,2024-09-09,0,bechri|c / parry|d,Monastir,Jasmin Open,R32,R32,0.34285714285714286,1.0,1.0,1.0,63.85714285714286,43,Monastir,Jasmin Open,2024-09-09,WTA250,Outdoor,Hard,1st Round,3,Parry D.,Bechri C.,55.0,1206.0,1062.0,9.0,6.0,3.0,6.0,0.0,,,2.0,0.0,Completed,1.01,29.0,1.01,50.97,1.02,67.0,1.0,22.92,10136,1856
10138,2137,2028,2028,2024-09-09,2024-09-09,0,hontama|m / nugroho|p,Monastir,Jasmin Open,R32,R32,0.34285714285714286,1.0,1.0,1.0,63.85714285714286,43,Monastir,Jasmin Open,2024-09-09,WTA250,Outdoor,Hard,1st Round,3,Hontama M.,Nugroho P.,109.0,621.0,657.0,68.0,6.0,2.0,6.0,1.0,,,2.0,0.0,Completed,1.33,3.4,1.3,3.79,1.33,3.79,1.3,3.49,10138,1857
10142,2141,2027,2027,2024-09-09,2024-09-09,0,miyazaki|y / parks|a,Monastir,Jasmin Open,R32,R32,0.34285714285714286,1.0,1.0,1.0,63.85714285714286,43,Monastir,Jasmin Open,2024-09-09,WTA250,Outdoor,Hard,1st Round,3,Miyazaki Y.,Parks A.,166.0,114.0,450.0,627.0,6.0,3.0,5.0,7.0,6.0,3.0,2.0,1.0,Completed,2.38,1.57,2.39,1.63,2.45,1.63,2.35,1.58,10142,1858
10144,2143,2032,2032,2024-09-09,2024-09-09,0,blinkova|a / sorribes tormo|s <> blinkova|a / tormo|s,Monastir,Jasmin Open,R32,R32,0.34285714285714286,1.0,1.0,1.0,63.85714285714286,43,Monastir,Jasmin Open,2024-09-09,WTA250,Outdoor,Hard,1st Round,3,Sorribes Tormo S.,Blinkova A.,115.0,79.0,624.0,861.0,6.0,4.0,6.0,4.0,,,2.0,0.0,Completed,1.73,2.1,1.7,2.24,1.74,2.25,1.68,2.16,10144,1859
10106,2105,2005,2005,2024-09-09,2024-09-10,1,krueger|a / maria|t,Guadalajara,Guadalajara Open,R32,R32,1.0,1.0,1.0,0.9523809523809523,99.76190476190476,42,Guadalajara,Guadalajara Open,2024-09-10,WTA500,Outdoor,Hard,1st Round,3,Krueger A.,Maria T.,51.0,82.0,1137.0,846.0,7.0,5.0,6.0,2.0,,,2.0,0.0,Completed,1.44,2.75,1.55,2.61,1.55,2.78,1.48,2.6,10106,1860
10108,2107,2006,2006,2024-09-09,2024-09-10,1,birrell|k / shibahara|e,Guadalajara,Guadalajara Open,R32,R32,1.0,1.0,1.0,0.9523809523809523,99.76190476190476,42,Guadalajara,Guadalajara Open,2024-09-10,WTA500,Outdoor,Hard,1st Round,3,Shibahara E.,Birrell K.,169.0,150.0,432.0,489.0,6.0,4.0,7.0,6.0,,,2.0,0.0,Completed,1.91,1.91,1.89,2.0,1.91,2.0,1.86,1.92,10108,1861
10109,2108,2007,2007,2024-09-09,2024-09-10,1,sanchez|a / stefanini|l,Guadalajara,Guadalajara Open,R32,R32,1.0,1.0,1.0,0.9523809523809523,99.76190476190476,42,Guadalajara,Guadalajara Open,2024-09-10,WTA500,Outdoor,Hard,1st Round,3,Stefanini L.,Sanchez A.S.,178.0,285.0,406.0,235.0,6.0,0.0,3.0,6.0,6.0,2.0,2.0,1.0,Completed,1.1,7.0,1.09,9.13,1.11,9.13,1.08,7.55,10109,1862
10114,2113,2008,2008,2024-09-09,2024-09-10,1,dolehide|c / trevisan|m,Guadalajara,Guadalajara Open,R32,R32,1.0,1.0,1.0,0.9523809523809523,99.76190476190476,42,Guadalajara,Guadalajara Open,2024-09-10,WTA500,Outdoor,Hard,1st Round,3,Trevisan M.,Dolehide C.,99.0,44.0,740.0,1287.0,6.0,3.0,6.0,2.0,,,2.0,0.0,Completed,3.5,1.3,3.18,1.4,3.6,1.4,3.3,1.32,10114,1863
10115,2114,2003,2003,2024-09-09,2024-09-10,1,kalinina|a / zarazua|r,Guadalajara,Guadalajara Open,R32,R32,1.0,1.0,1.0,0.9523809523809523,99.76190476190476,42,Guadalajara,Guadalajara Open,2024-09-10,WTA500,Outdoor,Hard,1st Round,3,Zarazua R.,Kalinina A.,85.0,52.0,834.0,1136.0,6.0,1.0,3.0,6.0,6.0,1.0,2.0,1.0,Completed,2.63,1.5,2.51,1.58,2.63,1.6,2.43,1.54,10115,1864
10132,2131,2036,2036,2024-09-09,2024-09-10,1,mertens|e / zakharova|a,Monastir,Jasmin Open,R32,R32,0.34285714285714286,1.0,1.0,0.9523809523809523,63.61904761904762,43,Monastir,Jasmin Open,2024-09-10,WTA250,Outdoor,Hard,1st Round,3,Mertens E.,Zakharova A.,32.0,146.0,1749.0,504.0,6.0,2.0,6.0,0.0,,,2.0,0.0,Completed,1.13,6.0,1.1,8.19,1.13,8.19,1.1,6.85,10132,1865
10134,2133,2041,2041,2024-09-09,2024-09-10,1,masarova|r / sonmez|z,Monastir,Jasmin Open,R32,R32,0.34285714285714286,1.0,1.0,0.9523809523809523,63.61904761904762,43,Monastir,Jasmin Open,2024-09-10,WTA250,Outdoor,Hard,1st Round,3,Sonmez Z.,Masarova R.,148.0,116.0,497.0,620.0,4.0,6.0,7.0,6.0,6.0,3.0,2.0,1.0,Completed,1.73,2.1,1.79,2.1,1.82,2.1,1.74,2.06,10134,1866
10135,2134,2038,2038,2024-09-09,2024-09-10,1,falei|a / minnen|g,Monastir,Jasmin Open,R32,R32,0.34285714285714286,1.0,1.0,0.9523809523809523,63.61904761904762,43,Monastir,Jasmin Open,2024-09-10,WTA250,Outdoor,Hard,1st Round,3,Minnen G.,Falei A.,88.0,207.0,818.0,342.0,6.0,0.0,3.0,6.0,6.0,2.0,2.0,1.0,Completed,1.29,3.75,,,1.29,5.44,1.24,4.11,10135,1867
10137,2136,2035,2035,2024-09-09,2024-09-10,1,lamens|s / starodubtseva|y,Monastir,Jasmin Open,R32,R32,0.34285714285714286,1.0,1.0,0.9523809523809523,63.61904761904762,43,Monastir,Jasmin Open,2024-09-10,WTA250,Outdoor,Hard,1st Round,3,Starodubtseva Y.,Lamens S.,130.0,138.0,558.0,537.0,6.0,2.0,3.0,6.0,6.0,4.0,2.0,1.0,Completed,1.4,3.0,1.41,3.06,1.44,3.06,1.39,2.92,10137,1868
10139,2138,2034,2034,2024-09-09,2024-09-10,1,cristian|j / kartal|s,Monastir,Jasmin Open,R32,R32,0.34285714285714286,1.0,1.0,0.9523809523809523,63.61904761904762,43,Monastir,Jasmin Open,2024-09-10,WTA250,Outdoor,Hard,1st Round,3,Kartal S.,Cristian J.,151.0,74.0,486.0,900.0,4.0,6.0,6.0,3.0,7.0,5.0,2.0,1.0,Completed,1.5,2.63,1.49,2.77,1.53,2.77,1.49,2.59,10139,1869
10140,2139,2040,2040,2024-09-09,2024-09-10,1,bronzetti|l / galfi|d,Monastir,Jasmin Open,R32,R32,0.34285714285714286,1.0,1.0,0.9523809523809523,63.61904761904762,43,Monastir,Jasmin Open,2024-09-10,WTA250,Outdoor,Hard,1st Round,3,Bronzetti L.,Galfi D.,86.0,131.0,831.0,557.0,6.0,2.0,6.0,1.0,,,2.0,0.0,Completed,1.5,2.63,1.53,2.63,1.57,2.63,1.51,2.52,10140,1870
10141,2140,2042,2042,2024-09-09,2024-09-10,1,li|a / mladenovic|k,Monastir,Jasmin Open,R32,R32,0.34285714285714286,1.0,1.0,0.9523809523809523,63.61904761904762,43,Monastir,Jasmin Open,2024-09-10,WTA250,Outdoor,Hard,1st Round,3,Li A.,Mladenovic K.,124.0,218.0,579.0,326.0,6.0,2.0,6.0,1.0,,,2.0,0.0,Completed,1.17,5.0,1.18,5.31,1.2,5.31,1.18,4.67,10141,1871
10143,2142,2033,2033,2024-09-09,2024-09-10,1,podoroska|n / ruzic|a,Monastir,Jasmin Open,R32,R32,0.34285714285714286,1.0,1.0,0.9523809523809523,63.61904761904762,43,Monastir,Jasmin Open,2024-09-10,WTA250,Outdoor,Hard,1st Round,3,Ruzic A.,Podoroska N.,173.0,71.0,424.0,918.0,1.0,6.0,6.0,2.0,6.0,4.0,2.0,1.0,Completed,1.91,1.91,2.07,1.82,2.07,1.95,1.93,1.84,10143,1872
10145,2144,2039,2039,2024-09-09,2024-09-10,1,fett|j / sherif|m,Monastir,Jasmin Open,R32,R32,0.34285714285714286,1.0,1.0,0.9523809523809523,63.61904761904762,43,Monastir,Jasmin Open,2024-09-10,WTA250,Outdoor,Hard,1st Round,3,Fett J.,Sherif M.,133.0,92.0,552.0,793.0,1.0,6.0,6.0,3.0,6.0,4.0,2.0,1.0,Completed,2.75,1.44,2.68,1.51,3,1.51,2.71,1.45,10145,1873
10146,2145,2037,2037,2024-09-09,2024-09-10,1,jacquemot|e / sramkova|r,Monastir,Jasmin Open,R32,R32,0.34285714285714286,1.0,1.0,0.9523809523809523,63.61904761904762,43,Monastir,Jasmin Open,2024-09-10,WTA250,Outdoor,Hard,1st Round,3,Sramkova R.,Jacquemot E.,136.0,142.0,547.0,517.0,2.0,6.0,7.0,5.0,6.0,3.0,2.0,1.0,Completed,2.3,1.62,2.44,1.6,2.44,1.68,2.29,1.61,10146,1874
10102,2101,2012,2012,2024-09-09,2024-09-11,2,azarenka|v / rakhimova|k,Guadalajara,Guadalajara Open,R16,R16,1.0,1.0,1.0,0.9047619047619048,99.52380952380952,42,Guadalajara,Guadalajara Open,2024-09-11,WTA500,Outdoor,Hard,2nd Round,3,Azarenka V.,Rakhimova K.,19.0,89.0,2326.0,812.0,2.0,6.0,0.0,3.0,,,0.0,1.0,Retired,1.3,3.5,1.34,3.6,1.35,3.6,1.3,3.42,10102,1875
10105,2104,2010,2010,2024-09-09,2024-09-11,2,schmiedlova|a / stakusic|m,Guadalajara,Guadalajara Open,R32,R32,1.0,1.0,1.0,0.9047619047619048,99.52380952380952,42,Guadalajara,Guadalajara Open,2024-09-11,WTA500,Outdoor,Hard,1st Round,3,Stakusic M.,Schmiedlova A.,155.0,98.0,480.0,745.0,6.0,2.0,6.0,4.0,,,2.0,0.0,Completed,2.38,1.57,2.42,1.62,2.5,1.64,2.36,1.58,10105,1876
10107,2106,2011,2011,2024-09-09,2024-09-11,2,bektas|e / frech|m,Guadalajara,Guadalajara Open,R32,R32,1.0,1.0,1.0,0.9047619047619048,99.52380952380952,42,Guadalajara,Guadalajara Open,2024-09-11,WTA500,Outdoor,Hard,1st Round,3,Frech M.,Bektas E.,43.0,117.0,1303.0,617.0,6.0,4.0,6.0,4.0,,,2.0,0.0,Completed,1.25,4.0,1.32,3.67,1.36,4.01,1.29,3.49,10107,1877
10110,2109,2009,2009,2024-09-09,2024-09-11,2,bouzkova|m / eala|a,Guadalajara,Guadalajara Open,R32,R32,1.0,1.0,1.0,0.9047619047619048,99.52380952380952,42,Guadalajara,Guadalajara Open,2024-09-11,WTA500,Outdoor,Hard,1st Round,3,Bouzkova M.,Eala A.,45.0,147.0,1252.0,502.0,6.0,2.0,6.0,2.0,,,2.0,0.0,Completed,1.2,4.5,1.28,4.01,1.29,4.54,1.27,3.77,10110,1878
10126,2125,2045,2045,2024-09-09,2024-09-11,2,parry|d / starodubtseva|y,Monastir,Jasmin Open,R16,R16,0.34285714285714286,1.0,1.0,0.9047619047619048,63.38095238095239,43,Monastir,Jasmin Open,2024-09-11,WTA250,Outdoor,Hard,2nd Round,3,Starodubtseva Y.,Parry D.,130.0,55.0,558.0,1062.0,6.0,4.0,6.0,4.0,,,2.0,0.0,Completed,2.1,1.73,2.07,1.81,2.1,1.81,2.05,1.74,10126,1879
10127,2126,2043,2043,2024-09-09,2024-09-11,2,hontama|m / kartal|s,Monastir,Jasmin Open,R16,R16,0.34285714285714286,1.0,1.0,0.9047619047619048,63.38095238095239,43,Monastir,Jasmin Open,2024-09-11,WTA250,Outdoor,Hard,2nd Round,3,Kartal S.,Hontama M.,151.0,109.0,486.0,657.0,6.0,2.0,6.0,2.0,,,2.0,0.0,Completed,1.29,3.75,1.3,3.74,1.31,3.75,1.29,3.53,10127,1880
10130,2129,2044,2044,2024-09-09,2024-09-11,2,fett|j / sorribes tormo|s <> fett|j / tormo|s,Monastir,Jasmin Open,R16,R16,0.34285714285714286,1.0,1.0,0.9047619047619048,63.38095238095239,43,Monastir,Jasmin Open,2024-09-11,WTA250,Outdoor,Hard,2nd Round,3,Sorribes Tormo S.,Fett J.,115.0,133.0,624.0,552.0,5.0,7.0,6.0,3.0,6.0,4.0,2.0,1.0,Completed,1.44,2.75,1.44,2.93,1.54,2.93,1.43,2.74,10130,1881
10131,2130,2046,2046,2024-09-09,2024-09-11,2,burel|c / sramkova|r,Monastir,Jasmin Open,R16,R16,0.34285714285714286,1.0,1.0,0.9047619047619048,63.38095238095239,43,Monastir,Jasmin Open,2024-09-11,WTA250,Outdoor,Hard,2nd Round,3,Sramkova R.,Burel C.,136.0,58.0,547.0,1015.0,7.0,6.0,7.0,5.0,,,2.0,0.0,Completed,4.0,1.25,3.81,1.3,4,1.31,3.57,1.28,10131,1882
10099,2098,2017,2017,2024-09-09,2024-09-12,3,garcia|c / shibahara|e,Guadalajara,Guadalajara Open,R16,R16,1.0,1.0,1.0,0.8571428571428572,99.28571428571429,42,Guadalajara,Guadalajara Open,2024-09-12,WTA500,Outdoor,Hard,2nd Round,3,Garcia C.,Shibahara E.,30.0,169.0,1808.0,432.0,7.0,6.0,7.0,6.0,,,2.0,0.0,Completed,1.53,2.5,1.58,2.57,1.61,2.65,1.55,2.42,10099,1883
10100,2099,2016,2016,2024-09-09,2024-09-12,3,bouzkova|m / stefanini|l,Guadalajara,Guadalajara Open,R16,R16,1.0,1.0,1.0,0.8571428571428572,99.28571428571429,42,Guadalajara,Guadalajara Open,2024-09-12,WTA500,Outdoor,Hard,2nd Round,3,Bouzkova M.,Stefanini L.,45.0,178.0,1252.0,406.0,6.0,2.0,6.0,1.0,,,2.0,0.0,Completed,1.2,4.5,1.17,5.94,1.21,5.94,1.17,4.96,10100,1884
10103,2102,2015,2015,2024-09-09,2024-09-12,3,trevisan|m / zarazua|r,Guadalajara,Guadalajara Open,R16,R16,1.0,1.0,1.0,0.8571428571428572,99.28571428571429,42,Guadalajara,Guadalajara Open,2024-09-12,WTA500,Outdoor,Hard,2nd Round,3,Trevisan M.,Zarazua R.,99.0,85.0,740.0,834.0,6.0,4.0,6.0,3.0,,,2.0,0.0,Completed,2.1,1.73,2.03,1.88,2.15,1.88,2.05,1.76,10103,1885
10104,2103,2014,2014,2024-09-09,2024-09-12,3,collins|d / gadecki|o,Guadalajara,Guadalajara Open,R16,R16,1.0,1.0,1.0,0.8571428571428572,99.28571428571429,42,Guadalajara,Guadalajara Open,2024-09-12,WTA500,Outdoor,Hard,2nd Round,3,Gadecki O.,Collins D.,152.0,11.0,484.0,3362.0,6.0,3.0,6.0,3.0,,,2.0,0.0,Completed,4.33,1.22,4.35,1.26,4.35,1.29,3.97,1.24,10104,1886
10124,2123,2049,2049,2024-09-09,2024-09-12,3,lys|e / mertens|e,Monastir,Jasmin Open,R16,R16,0.34285714285714286,1.0,1.0,0.8571428571428572,63.142857142857146,43,Monastir,Jasmin Open,2024-09-12,WTA250,Outdoor,Hard,2nd Round,3,Lys E.,Mertens E.,126.0,32.0,572.0,1749.0,1.0,6.0,6.0,2.0,7.0,6.0,2.0,1.0,Completed,3.5,1.3,3.9,1.29,3.99,1.3,3.64,1.27,10124,1887
10125,2124,2050,2050,2024-09-09,2024-09-12,3,minnen|g / sonmez|z,Monastir,Jasmin Open,R16,R16,0.34285714285714286,1.0,1.0,0.8571428571428572,63.142857142857146,43,Monastir,Jasmin Open,2024-09-12,WTA250,Outdoor,Hard,2nd Round,3,Sonmez Z.,Minnen G.,148.0,88.0,497.0,818.0,6.0,4.0,1.0,6.0,6.0,3.0,2.0,1.0,Completed,2.63,1.5,2.64,1.53,2.64,1.57,2.54,1.5,10125,1888
10128,2127,2047,2047,2024-09-09,2024-09-12,3,bronzetti|l / li|a,Monastir,Jasmin Open,R16,R16,0.34285714285714286,1.0,1.0,0.8571428571428572,63.142857142857146,43,Monastir,Jasmin Open,2024-09-12,WTA250,Outdoor,Hard,2nd Round,3,Bronzetti L.,Li A.,86.0,124.0,831.0,579.0,6.0,4.0,7.0,6.0,,,2.0,0.0,Completed,1.91,1.91,1.83,2.05,1.93,2.05,1.85,1.92,10128,1889
10129,2128,2048,2048,2024-09-09,2024-09-12,3,miyazaki|y / ruzic|a,Monastir,Jasmin Open,R16,R16,0.34285714285714286,1.0,1.0,0.8571428571428572,63.142857142857146,43,Monastir,Jasmin Open,2024-09-12,WTA250,Outdoor,Hard,2nd Round,3,Ruzic A.,Miyazaki Y.,173.0,166.0,424.0,450.0,6.0,3.0,6.0,1.0,,,2.0,0.0,Completed,1.53,2.5,1.49,2.75,1.55,2.75,1.51,2.53,10129,1890
10096,2095,2020,2020,2024-09-09,2024-09-13,4,gadecki|o / trevisan|m,Guadalajara,Guadalajara Open,QF,QF,1.0,1.0,1.0,0.8095238095238095,99.04761904761905,42,Guadalajara,Guadalajara Open,2024-09-13,WTA500,Outdoor,Hard,Quarterfinals,3,Gadecki O.,Trevisan M.,152.0,99.0,484.0,740.0,6.0,2.0,3.0,6.0,6.0,1.0,2.0,1.0,Completed,1.5,2.63,1.45,2.97,1.5,2.97,1.44,2.75,10096,1891
10097,2096,2018,2018,2024-09-09,2024-09-13,4,ostapenko|j / stakusic|m,Guadalajara,Guadalajara Open,R16,R16,1.0,1.0,1.0,0.8095238095238095,99.04761904761905,42,Guadalajara,Guadalajara Open,2024-09-13,WTA500,Outdoor,Hard,2nd Round,3,Stakusic M.,Ostapenko J.,155.0,12.0,480.0,3008.0,6.0,3.0,5.0,7.0,7.0,6.0,2.0,1.0,Completed,4.33,1.22,4.1,1.28,4.34,1.28,3.99,1.24,10097,1892
10098,2097,2019,2019,2024-09-09,2024-09-13,4,frech|m / krueger|a,Guadalajara,Guadalajara Open,R16,R16,1.0,1.0,1.0,0.8095238095238095,99.04761904761905,42,Guadalajara,Guadalajara Open,2024-09-13,WTA500,Outdoor,Hard,2nd Round,3,Frech M.,Krueger A.,43.0,51.0,1303.0,1137.0,3.0,6.0,6.0,3.0,6.0,1.0,2.0,1.0,Completed,2.63,1.5,2.58,1.57,2.63,1.57,2.51,1.52,10098,1893
10120,2119,2053,2053,2024-09-09,2024-09-13,4,lys|e / sonmez|z,Monastir,Jasmin Open,QF,QF,0.34285714285714286,1.0,1.0,0.8095238095238095,62.90476190476191,43,Monastir,Jasmin Open,2024-09-13,WTA250,Outdoor,Hard,Quarterfinals,3,Lys E.,Sonmez Z.,126.0,148.0,572.0,497.0,7.0,5.0,6.0,3.0,,,2.0,0.0,Completed,1.5,2.63,1.47,2.9,1.5,2.9,1.46,2.66,10120,1894
10121,2120,2054,2054,2024-09-09,2024-09-13,4,kartal|s / starodubtseva|y,Monastir,Jasmin Open,QF,QF,0.34285714285714286,1.0,1.0,0.8095238095238095,62.90476190476191,43,Monastir,Jasmin Open,2024-09-13,WTA250,Outdoor,Hard,Quarterfinals,3,Kartal S.,Starodubtseva Y.,151.0,130.0,486.0,558.0,7.0,6.0,6.0,2.0,,,2.0,0.0,Completed,1.62,2.3,1.74,2.22,1.74,2.3,1.65,2.2,10121,1895
10122,2121,2052,2052,2024-09-09,2024-09-13,4,bronzetti|l / ruzic|a,Monastir,Jasmin Open,QF,QF,0.34285714285714286,1.0,1.0,0.8095238095238095,62.90476190476191,43,Monastir,Jasmin Open,2024-09-13,WTA250,Outdoor,Hard,Quarterfinals,3,Bronzetti L.,Ruzic A.,86.0,173.0,831.0,424.0,6.0,2.0,6.0,1.0,,,2.0,0.0,Completed,1.5,2.63,1.44,3.01,1.5,3.01,1.46,2.65,10122,1896
10123,2122,2051,2051,2024-09-09,2024-09-13,4,sorribes tormo|s / sramkova|r <> sramkova|r / tormo|s,Monastir,Jasmin Open,QF,QF,0.34285714285714286,1.0,1.0,0.8095238095238095,62.90476190476191,43,Monastir,Jasmin Open,2024-09-13,WTA250,Outdoor,Hard,Quarterfinals,3,Sramkova R.,Sorribes Tormo S.,136.0,115.0,547.0,624.0,1.0,6.0,7.0,6.0,7.0,5.0,2.0,1.0,Completed,2.63,1.5,2.68,1.53,2.75,1.53,2.56,1.5,10123,1897
10093,2092,2023,2023,2024-09-09,2024-09-14,5,frech|m / stakusic|m,Guadalajara,Guadalajara Open,QF,QF,1.0,1.0,1.0,0.7619047619047619,98.80952380952381,42,Guadalajara,Guadalajara Open,2024-09-14,WTA500,Outdoor,Hard,Quarterfinals,3,Frech M.,Stakusic M.,43.0,155.0,1303.0,480.0,6.0,4.0,6.0,3.0,,,2.0,0.0,Completed,1.5,2.63,1.56,2.6,1.56,2.7,1.5,2.55,10093,1898
10094,2093,2022,2022,2024-09-09,2024-09-14,5,bouzkova|m / garcia|c,Guadalajara,Guadalajara Open,QF,QF,1.0,1.0,1.0,0.7619047619047619,98.80952380952381,42,Guadalajara,Guadalajara Open,2024-09-14,WTA500,Outdoor,Hard,Quarterfinals,3,Garcia C.,Bouzkova M.,30.0,45.0,1808.0,1252.0,,,,,,,,,Walkover,2.75,1.44,3.15,1.41,3.15,1.45,2.82,1.42,10094,1899
10118,2117,2056,2056,2024-09-09,2024-09-14,5,kartal|s / lys|e,Monastir,Jasmin Open,SF,SF,0.34285714285714286,1.0,1.0,0.7619047619047619,62.66666666666667,43,Monastir,Jasmin Open,2024-09-14,WTA250,Outdoor,Hard,Semifinals,3,Kartal S.,Lys E.,151.0,126.0,486.0,572.0,5.0,1.0,,,,,0.0,0.0,Retired,1.8,2.0,1.92,1.99,1.97,2.0,1.84,1.94,10118,1900
10119,2118,2055,2055,2024-09-09,2024-09-14,5,bronzetti|l / sramkova|r,Monastir,Jasmin Open,SF,SF,0.34285714285714286,1.0,1.0,0.7619047619047619,62.66666666666667,43,Monastir,Jasmin Open,2024-09-14,WTA250,Outdoor,Hard,Semifinals,3,Sramkova R.,Bronzetti L.,136.0,86.0,547.0,831.0,6.0,3.0,6.0,4.0,,,2.0,0.0,Completed,3.2,1.36,3.65,1.33,3.75,1.36,3.35,1.32,10119,1901
10091,2090,2025,2025,2024-09-09,2024-09-15,6,frech|m / garcia|c,Guadalajara,Guadalajara Open,SF,SF,1.0,1.0,1.0,0.7142857142857143,98.57142857142857,42,Guadalajara,Guadalajara Open,2024-09-15,WTA500,Outdoor,Hard,Semifinals,3,Frech M.,Garcia C.,43.0,30.0,1303.0,1808.0,7.0,6.0,7.0,5.0,,,2.0,0.0,Completed,1.73,2.1,1.76,2.19,1.79,2.19,1.73,2.08,10091,1902
10117,2116,2057,2057,2024-09-09,2024-09-15,6,kartal|s / sramkova|r,Monastir,Jasmin Open,F,F,0.34285714285714286,1.0,1.0,0.7142857142857143,62.42857142857143,43,Monastir,Jasmin Open,2024-09-15,WTA250,Outdoor,Hard,The Final,3,Kartal S.,Sramkova R.,151.0,136.0,486.0,547.0,6.0,3.0,7.0,5.0,,,2.0,0.0,Completed,1.44,2.75,1.53,2.71,1.53,2.8,1.48,2.62,10117,1903
10090,2089,2026,2026,2024-09-09,2024-09-16,7,frech|m / gadecki|o,Guadalajara,Guadalajara Open,F,F,1.0,1.0,1.0,0.6666666666666667,98.33333333333333,42,Guadalajara,Guadalajara Open,2024-09-16,WTA500,Outdoor,Hard,The Final,3,Frech M.,Gadecki O.,43.0,152.0,1303.0,484.0,7.0,6.0,6.0,4.0,,,2.0,0.0,Completed,1.67,2.2,1.7,2.29,1.76,2.38,1.66,2.2,10090,1904
10163,2162,2063,2063,2024-09-16,2024-09-16,0,naklo|t / tararudee|l,Hua Hin 2,Thailand Open 2,R32,R32,0.4266666666666667,1.0,1.0,1.0,68.46666666666667,44,Hua Hin,Thailand Open 2,2024-09-16,WTA250,Outdoor,Hard,1st Round,3,Tararudee L.,Naklo T.,184.0,333.0,385.0,187.0,6.0,0.0,6.0,1.0,,,2.0,0.0,Completed,1.2,4.5,1.2,5.02,1.24,5.02,1.2,4.44,10163,1905
10168,2167,2060,2060,2024-09-16,2024-09-16,0,parks|a / siegemund|l,Hua Hin 2,Thailand Open 2,R32,R32,0.4266666666666667,1.0,1.0,1.0,68.46666666666667,44,Hua Hin,Thailand Open 2,2024-09-16,WTA250,Outdoor,Hard,1st Round,3,Siegemund L.,Parks A.,99.0,116.0,748.0,627.0,6.0,4.0,6.0,3.0,,,2.0,0.0,Completed,1.5,2.63,1.55,2.58,1.55,2.63,1.5,2.54,10168,1906
10170,2169,2058,2058,2024-09-16,2024-09-16,0,gracheva|v / preston|t,Hua Hin 2,Thailand Open 2,R32,R32,0.4266666666666667,1.0,1.0,1.0,68.46666666666667,44,Hua Hin,Thailand Open 2,2024-09-16,WTA250,Outdoor,Hard,1st Round,3,Gracheva V.,Preston T.,66.0,140.0,935.0,533.0,6.0,1.0,6.0,4.0,,,2.0,0.0,Completed,1.44,2.75,1.5,2.72,1.5,2.96,1.44,2.72,10170,1907
10174,2173,2062,2062,2024-09-16,2024-09-16,0,tauson|c / volynets|k,Hua Hin 2,Thailand Open 2,R32,R32,0.4266666666666667,1.0,1.0,1.0,68.46666666666667,44,Hua Hin,Thailand Open 2,2024-09-16,WTA250,Outdoor,Hard,1st Round,3,Volynets K.,Tauson C.,60.0,67.0,977.0,929.0,7.0,6.0,4.0,6.0,6.0,3.0,2.0,1.0,Completed,2.0,1.8,2.0,1.87,2.02,1.87,1.98,1.8,10174,1908
10175,2174,2061,2061,2024-09-16,2024-09-16,0,prozorova|t / zidansek|t,Hua Hin 2,Thailand Open 2,R32,R32,0.4266666666666667,1.0,1.0,1.0,68.46666666666667,44,Hua Hin,Thailand Open 2,2024-09-16,WTA250,Outdoor,Hard,1st Round,3,Zidansek T.,Prozorova T.,261.0,259.0,261.0,266.0,2.0,6.0,6.0,3.0,6.0,1.0,2.0,1.0,Completed,3.0,1.4,2.97,1.43,3,1.46,2.82,1.41,10175,1909
10196,2195,2089,2089,2024-09-16,2024-09-16,0,ruse|e / yuan|y,Seoul,Korea Open,R32,R32,0.16000000000000003,1.0,1.0,1.0,53.800000000000004,45,Seoul,Korea Open,2024-09-16,WTA500,Outdoor,Hard,1st Round,3,Yuan Y.,Ruse E.G.,40.0,101.0,1349.0,718.0,4.0,6.0,6.0,2.0,6.0,2.0,2.0,1.0,Completed,2.1,1.73,2.14,1.77,2.14,1.8,2.06,1.74,10196,1910
10197,2196,2092,2092,2024-09-16,2024-09-16,0,back|d / zhao|c,Seoul,Korea Open,R32,R32,0.16000000000000003,1.0,1.0,1.0,53.800000000000004,45,Seoul,Korea Open,2024-09-16,WTA500,Outdoor,Hard,1st Round,3,Zhao C.,Back D.,272.0,332.0,250.0,188.0,6.0,4.0,6.0,1.0,,,2.0,0.0,Completed,2.1,1.73,2.28,1.68,2.29,1.75,2.17,1.67,10197,1911
10198,2197,2091,2091,2024-09-16,2024-09-16,0,lu|j / watson|h,Seoul,Korea Open,R32,R32,0.16000000000000003,1.0,1.0,1.0,53.800000000000004,45,Seoul,Korea Open,2024-09-16,WTA500,Outdoor,Hard,1st Round,3,Watson H.,Lu J.,183.0,274.0,390.0,247.0,6.0,4.0,6.0,4.0,,,2.0,0.0,Completed,1.13,6.0,1.13,6.73,1.15,6.73,1.13,5.83,10198,1912
10199,2198,2094,2094,2024-09-16,2024-09-16,0,kostyuk|m / rus|a,Seoul,Korea Open,R32,R32,0.16000000000000003,1.0,1.0,1.0,53.800000000000004,45,Seoul,Korea Open,2024-09-16,WTA500,Outdoor,Hard,1st Round,3,Kostyuk M.,Rus A.,18.0,84.0,2445.0,839.0,6.0,3.0,6.0,1.0,,,2.0,0.0,Completed,1.2,4.5,1.21,4.83,1.23,4.83,1.19,4.52,10199,1913
10200,2199,2093,2093,2024-09-16,2024-09-16,0,alexandrova|e / lepchenko|v,Seoul,Korea Open,R32,R32,0.16000000000000003,1.0,1.0,1.0,53.800000000000004,45,Seoul,Korea Open,2024-09-16,WTA500,Outdoor,Hard,1st Round,3,Alexandrova E.,Lepchenko V.,31.0,168.0,1778.0,454.0,7.0,5.0,3.0,6.0,6.0,0.0,2.0,1.0,Completed,1.2,4.5,1.21,4.8,1.22,4.8,1.19,4.51,10200,1914
10205,2204,2090,2090,2024-09-16,2024-09-16,0,kudermetova|v / zhang|s,Seoul,Korea Open,R32,R32,0.16000000000000003,1.0,1.0,1.0,53.800000000000004,45,Seoul,Korea Open,2024-09-16,WTA500,Outdoor,Hard,1st Round,3,Kudermetova V.,Zhang S.,44.0,601.0,1308.0,70.0,6.0,4.0,6.0,3.0,,,2.0,0.0,Completed,1.14,5.5,1.19,5.2,1.19,5.75,1.17,4.96,10205,1915
10162,2161,2068,2068,2024-09-16,2024-09-17,1,hontama|m / yastremska|d,Hua Hin 2,Thailand Open 2,R32,R32,0.4266666666666667,1.0,1.0,0.9523809523809523,68.22857142857143,44,Hua Hin,Thailand Open 2,2024-09-17,WTA250,Outdoor,Hard,1st Round,3,Hontama M.,Yastremska D.,130.0,35.0,577.0,1662.0,7.0,6.0,7.0,5.0,,,2.0,0.0,Completed,3.4,1.33,3.34,1.36,3.4,1.37,3.19,1.34,10162,1916
10164,2163,2065,2065,2024-09-16,2024-09-17,1,gao|x / wei|s,Hua Hin 2,Thailand Open 2,R32,R32,0.4266666666666667,1.0,1.0,0.9523809523809523,68.22857142857143,44,Hua Hin,Thailand Open 2,2024-09-17,WTA250,Outdoor,Hard,1st Round,3,Gao X.,Wei S.,185.0,151.0,385.0,507.0,6.0,3.0,6.0,2.0,,,2.0,0.0,Completed,1.73,2.1,1.76,2.14,1.8,2.14,1.73,2.07,10164,1917
10165,2164,2067,2067,2024-09-16,2024-09-17,1,hartono|a / uchijima|m,Hua Hin 2,Thailand Open 2,R32,R32,0.4266666666666667,1.0,1.0,0.9523809523809523,68.22857142857143,44,Hua Hin,Thailand Open 2,2024-09-17,WTA250,Outdoor,Hard,1st Round,3,Hartono A.,Uchijima M.,180.0,59.0,406.0,991.0,6.0,1.0,6.0,1.0,,,2.0,0.0,Completed,2.3,1.62,2.31,1.66,2.32,1.66,2.27,1.62,10165,1918
10167,2166,2069,2069,2024-09-16,2024-09-17,1,bondar|a / masarova|r,Hua Hin 2,Thailand Open 2,R32,R32,0.4266666666666667,1.0,1.0,0.9523809523809523,68.22857142857143,44,Hua Hin,Thailand Open 2,2024-09-17,WTA250,Outdoor,Hard,1st Round,3,Masarova R.,Bondar A.,119.0,89.0,620.0,826.0,3.0,6.0,7.0,6.0,7.0,5.0,2.0,1.0,Completed,1.73,2.1,1.78,2.13,1.78,2.23,1.71,2.11,10167,1919
10171,2170,2070,2070,2024-09-16,2024-09-17,1,fett|j / zheng|s,Hua Hin 2,Thailand Open 2,R32,R32,0.4266666666666667,1.0,1.0,0.9523809523809523,68.22857142857143,44,Hua Hin,Thailand Open 2,2024-09-17,WTA250,Outdoor,Hard,1st Round,3,Fett J.,Zheng S.,129.0,1024.0,581.0,16.0,2.0,6.0,6.0,3.0,6.0,3.0,2.0,1.0,Completed,1.14,5.5,1.2,5.02,1.2,5.55,1.16,4.98,10171,1920
10172,2171,2073,2073,2024-09-16,2024-09-17,1,sawangkaew|m / sramkova|r,Hua Hin 2,Thailand Open 2,R32,R32,0.4266666666666667,1.0,1.0,0.9523809523809523,68.22857142857143,44,Hua Hin,Thailand Open 2,2024-09-17,WTA250,Outdoor,Hard,1st Round,3,Sramkova R.,Sawangkaew M.,102.0,195.0,709.0,370.0,6.0,2.0,2.0,6.0,6.0,4.0,2.0,1.0,Completed,2.63,1.5,2.5,1.58,2.78,1.58,2.48,1.52,10172,1921
10173,2172,2071,2071,2024-09-16,2024-09-17,1,linette|m / tsurenko|l,Hua Hin 2,Thailand Open 2,R32,R32,0.4266666666666667,1.0,1.0,0.9523809523809523,68.22857142857143,44,Hua Hin,Thailand Open 2,2024-09-17,WTA250,Outdoor,Hard,1st Round,3,Linette M.,Tsurenko L.,43.0,92.0,1311.0,794.0,6.0,2.0,7.0,5.0,,,2.0,0.0,Completed,1.53,2.5,1.46,2.86,1.53,2.86,1.47,2.64,10173,1922
10176,2175,2066,2066,2024-09-16,2024-09-17,1,laskutova|k / podoroska|n,Hua Hin 2,Thailand Open 2,R32,R32,0.4266666666666667,1.0,1.0,0.9523809523809523,68.22857142857143,44,Hua Hin,Thailand Open 2,2024-09-17,WTA250,Outdoor,Hard,1st Round,3,Podoroska N.,Laskutova K.,74.0,366.0,900.0,164.0,6.0,1.0,6.0,0.0,,,2.0,0.0,Completed,1.07,9.0,1.08,9.3,1.08,9.3,1.06,8.42,10176,1923
10194,2193,2097,2097,2024-09-16,2024-09-17,1,baptiste|h / stephens|s,Seoul,Korea Open,R32,R32,0.16000000000000003,1.0,1.0,0.9523809523809523,53.56190476190476,45,Seoul,Korea Open,2024-09-17,WTA500,Outdoor,Hard,1st Round,3,Baptiste H.,Stephens S.,105.0,65.0,704.0,942.0,7.0,6.0,6.0,2.0,,,2.0,0.0,Completed,2.2,1.67,2.15,1.76,2.3,1.76,2.18,1.66,10194,1924
10195,2194,2099,2099,2024-09-16,2024-09-17,1,raducanu|e / stearns|p,Seoul,Korea Open,R32,R32,0.16000000000000003,1.0,1.0,0.9523809523809523,53.56190476190476,45,Seoul,Korea Open,2024-09-17,WTA500,Outdoor,Hard,1st Round,3,Raducanu E.,Stearns P.,70.0,48.0,917.0,1173.0,7.0,6.0,7.0,6.0,,,2.0,0.0,Completed,1.5,2.63,1.55,2.58,1.57,2.63,1.51,2.52,10195,1925
10201,2200,2096,2096,2024-09-16,2024-09-17,1,hon|p / kudermetova|p,Seoul,Korea Open,R32,R32,0.16000000000000003,1.0,1.0,0.9523809523809523,53.56190476190476,45,Seoul,Korea Open,2024-09-17,WTA500,Outdoor,Hard,1st Round,3,Kudermetova P.,Hon P.,163.0,197.0,459.0,365.0,7.0,5.0,6.0,4.0,,,2.0,0.0,Completed,2.2,1.67,2.27,1.68,2.27,1.73,2.16,1.67,10201,1926
10202,2201,2100,2100,2024-09-16,2024-09-17,1,jang|s / tomljanovic|a,Seoul,Korea Open,R32,R32,0.16000000000000003,1.0,1.0,0.9523809523809523,53.56190476190476,45,Seoul,Korea Open,2024-09-17,WTA500,Outdoor,Hard,1st Round,3,Tomljanovic A.,Jang S.,122.0,231.0,607.0,309.0,7.0,6.0,4.0,6.0,6.0,3.0,2.0,1.0,Completed,1.5,2.63,1.53,2.62,1.57,2.63,1.5,2.54,10202,1927
10203,2202,2095,2095,2024-09-16,2024-09-17,1,anisimova|a / putintseva|y,Seoul,Korea Open,R32,R32,0.16000000000000003,1.0,1.0,0.9523809523809523,53.56190476190476,45,Seoul,Korea Open,2024-09-17,WTA500,Outdoor,Hard,1st Round,3,Anisimova A.,Putintseva Y.,46.0,30.0,1216.0,1841.0,6.0,3.0,7.0,6.0,,,2.0,0.0,Completed,2.1,1.73,2.08,1.81,2.23,1.81,2.06,1.74,10203,1928
10204,2203,2098,2098,2024-09-16,2024-09-17,1,maria|t / tomova|v,Seoul,Korea Open,R32,R32,0.16000000000000003,1.0,1.0,0.9523809523809523,53.56190476190476,45,Seoul,Korea Open,2024-09-17,WTA500,Outdoor,Hard,1st Round,3,Tomova V.,Maria T.,54.0,82.0,1031.0,846.0,6.0,2.0,1.0,6.0,6.0,0.0,2.0,1.0,Completed,1.62,2.3,1.62,2.4,1.67,2.4,1.6,2.28,10204,1929
10188,2187,2102,2102,2024-09-16,2024-09-18,2,shnaider|d / zhao|c,Seoul,Korea Open,R16,R16,0.16000000000000003,1.0,1.0,0.9047619047619048,53.32380952380953,45,Seoul,Korea Open,2024-09-18,WTA500,Outdoor,Hard,2nd Round,3,Shnaider D.,Zhao C.,16.0,272.0,2571.0,250.0,6.0,3.0,6.0,3.0,,,2.0,0.0,Completed,1.03,15.0,1.04,16.02,1.05,16.02,1.03,12.05,10188,1930
10189,2188,2103,2103,2024-09-16,2024-09-18,2,kostyuk|m / watson|h,Seoul,Korea Open,R16,R16,0.16000000000000003,1.0,1.0,0.9047619047619048,53.32380952380953,45,Seoul,Korea Open,2024-09-18,WTA500,Outdoor,Hard,2nd Round,3,Kostyuk M.,Watson H.,18.0,183.0,2445.0,390.0,6.0,2.0,6.0,2.0,,,2.0,0.0,Completed,1.14,5.5,1.16,5.95,1.2,5.95,1.16,5.14,10189,1931
10190,2189,2101,2101,2024-09-16,2024-09-18,2,alexandrova|e / kudermetova|p,Seoul,Korea Open,R16,R16,0.16000000000000003,1.0,1.0,0.9047619047619048,53.32380952380953,45,Seoul,Korea Open,2024-09-18,WTA500,Outdoor,Hard,2nd Round,3,Kudermetova P.,Alexandrova E.,163.0,31.0,459.0,1778.0,6.0,2.0,7.0,5.0,,,2.0,0.0,Completed,4.33,1.22,4.03,1.27,4.34,1.27,4.01,1.24,10190,1932
10193,2192,2104,2104,2024-09-16,2024-09-18,2,kudermetova|v / samsonova|l,Seoul,Korea Open,R16,R16,0.16000000000000003,1.0,1.0,0.9047619047619048,53.32380952380953,45,Seoul,Korea Open,2024-09-18,WTA500,Outdoor,Hard,2nd Round,3,Kudermetova V.,Samsonova L.,44.0,15.0,1308.0,2720.0,6.0,4.0,6.0,2.0,,,2.0,0.0,Completed,3.0,1.4,2.89,1.45,3,1.48,2.78,1.42,10193,1933
10154,2153,2075,2075,2024-09-16,2024-09-19,3,hontama|m / tararudee|l,Hua Hin 2,Thailand Open 2,R16,R16,0.4266666666666667,1.0,1.0,0.8571428571428572,67.75238095238096,44,Hua Hin,Thailand Open 2,2024-09-19,WTA250,Outdoor,Hard,2nd Round,3,Hontama M.,Tararudee L.,130.0,184.0,577.0,385.0,2.0,6.0,6.0,4.0,6.0,1.0,2.0,1.0,Completed,1.73,2.1,1.85,2.02,1.91,2.12,1.79,2.0,10154,1934
10155,2154,2081,2081,2024-09-16,2024-09-19,3,gao|x / hartono|a,Hua Hin 2,Thailand Open 2,R16,R16,0.4266666666666667,1.0,1.0,0.8571428571428572,67.75238095238096,44,Hua Hin,Thailand Open 2,2024-09-19,WTA250,Outdoor,Hard,2nd Round,3,Hartono A.,Gao X.,180.0,185.0,406.0,385.0,6.0,1.0,4.0,6.0,6.0,2.0,2.0,1.0,Completed,2.2,1.67,2.2,1.72,2.2,1.73,2.16,1.68,10155,1935
10158,2157,2076,2076,2024-09-16,2024-09-19,3,fett|j / gracheva|v,Hua Hin 2,Thailand Open 2,R16,R16,0.4266666666666667,1.0,1.0,0.8571428571428572,67.75238095238096,44,Hua Hin,Thailand Open 2,2024-09-19,WTA250,Outdoor,Hard,2nd Round,3,Fett J.,Gracheva V.,129.0,66.0,581.0,935.0,,,,,,,,,Walkover,3.0,1.4,3.09,1.41,3.14,1.41,2.98,1.38,10158,1936
10159,2158,2079,2079,2024-09-16,2024-09-19,3,linette|m / sramkova|r,Hua Hin 2,Thailand Open 2,R16,R16,0.4266666666666667,1.0,1.0,0.8571428571428572,67.75238095238096,44,Hua Hin,Thailand Open 2,2024-09-19,WTA250,Outdoor,Hard,2nd Round,3,Sramkova R.,Linette M.,102.0,43.0,709.0,1311.0,7.0,6.0,6.0,4.0,,,2.0,0.0,Completed,4.33,1.22,4.18,1.26,4.33,1.26,4.05,1.23,10159,1937
10160,2159,2080,2080,2024-09-16,2024-09-19,3,volynets|k / zidansek|t,Hua Hin 2,Thailand Open 2,R16,R16,0.4266666666666667,1.0,1.0,0.8571428571428572,67.75238095238096,44,Hua Hin,Thailand Open 2,2024-09-19,WTA250,Outdoor,Hard,2nd Round,3,Zidansek T.,Volynets K.,261.0,60.0,261.0,977.0,3.0,6.0,6.0,4.0,6.0,4.0,2.0,1.0,Completed,5.0,1.17,4.4,1.24,5.05,1.25,4.4,1.21,10160,1938
10161,2160,2078,2078,2024-09-16,2024-09-19,3,podoroska|n / siniakova|k,Hua Hin 2,Thailand Open 2,R16,R16,0.4266666666666667,1.0,1.0,0.8571428571428572,67.75238095238096,44,Hua Hin,Thailand Open 2,2024-09-19,WTA250,Outdoor,Hard,2nd Round,3,Podoroska N.,Siniakova K.,74.0,37.0,900.0,1474.0,6.0,3.0,6.0,3.0,,,2.0,0.0,Completed,3.0,1.4,3.03,1.42,3.27,1.45,2.96,1.39,10161,1939
10186,2185,2108,2108,2024-09-16,2024-09-19,3,baptiste|h / kasatkina|d,Seoul,Korea Open,R16,R16,0.16000000000000003,1.0,1.0,0.8571428571428572,53.08571428571429,45,Seoul,Korea Open,2024-09-19,WTA500,Outdoor,Hard,2nd Round,3,Kasatkina D.,Baptiste H.,13.0,105.0,2803.0,704.0,6.0,4.0,6.0,2.0,,,2.0,0.0,Completed,1.33,3.4,1.33,3.53,1.34,3.53,1.31,3.32,10186,1940
10187,2186,2107,2107,2024-09-16,2024-09-19,3,raducanu|e / yuan|y,Seoul,Korea Open,R16,R16,0.16000000000000003,1.0,1.0,0.8571428571428572,53.08571428571429,45,Seoul,Korea Open,2024-09-19,WTA500,Outdoor,Hard,2nd Round,3,Raducanu E.,Yuan Y.,70.0,40.0,917.0,1349.0,6.0,4.0,6.0,3.0,,,2.0,0.0,Completed,1.5,2.63,1.48,2.8,1.5,2.94,1.45,2.69,10187,1941
10191,2190,2106,2106,2024-09-16,2024-09-19,3,haddad maia|b / tomljanovic|a <> maia|b / tomljanovic|a,Seoul,Korea Open,R16,R16,0.16000000000000003,1.0,1.0,0.8571428571428572,53.08571428571429,45,Seoul,Korea Open,2024-09-19,WTA500,Outdoor,Hard,2nd Round,3,Haddad Maia B.,Tomljanovic A.,17.0,122.0,2516.0,607.0,6.0,3.0,6.0,4.0,,,2.0,0.0,Completed,1.29,3.75,1.32,3.62,1.32,3.75,1.29,3.52,10191,1942
10192,2191,2105,2105,2024-09-16,2024-09-19,3,anisimova|a / tomova|v,Seoul,Korea Open,R16,R16,0.16000000000000003,1.0,1.0,0.8571428571428572,53.08571428571429,45,Seoul,Korea Open,2024-09-19,WTA500,Outdoor,Hard,2nd Round,3,Tomova V.,Anisimova A.,54.0,46.0,1031.0,1216.0,7.0,5.0,4.0,1.0,,,1.0,0.0,Retired,4.5,1.2,4.38,1.24,4.5,1.24,4.28,1.21,10192,1943
10150,2149,2084,2084,2024-09-16,2024-09-20,4,hartono|a / hontama|m,Hua Hin 2,Thailand Open 2,QF,QF,0.4266666666666667,1.0,1.0,0.8095238095238095,67.51428571428572,44,Hua Hin,Thailand Open 2,2024-09-20,WTA250,Outdoor,Hard,Quarterfinals,3,Hartono A.,Hontama M.,180.0,130.0,406.0,577.0,4.0,6.0,6.0,2.0,6.0,3.0,2.0,1.0,Completed,2.0,1.8,2.07,1.85,2.07,1.92,2.0,1.8,10150,1944
10151,2150,2085,2085,2024-09-16,2024-09-20,4,masarova|r / siegemund|l,Hua Hin 2,Thailand Open 2,QF,QF,0.4266666666666667,1.0,1.0,0.8095238095238095,67.51428571428572,44,Hua Hin,Thailand Open 2,2024-09-20,WTA250,Outdoor,Hard,Quarterfinals,3,Siegemund L.,Masarova R.,99.0,119.0,748.0,620.0,6.0,3.0,6.0,4.0,,,2.0,0.0,Completed,1.91,1.91,1.96,1.94,1.96,2.0,1.88,1.9,10151,1945
10152,2151,2083,2083,2024-09-16,2024-09-20,4,fett|j / sramkova|r,Hua Hin 2,Thailand Open 2,QF,QF,0.4266666666666667,1.0,1.0,0.8095238095238095,67.51428571428572,44,Hua Hin,Thailand Open 2,2024-09-20,WTA250,Outdoor,Hard,Quarterfinals,3,Sramkova R.,Fett J.,102.0,129.0,709.0,581.0,4.0,6.0,6.0,4.0,6.0,1.0,2.0,1.0,Completed,1.5,2.63,1.58,2.55,1.58,2.63,1.5,2.56,10152,1946
10153,2152,2082,2082,2024-09-16,2024-09-20,4,podoroska|n / zidansek|t,Hua Hin 2,Thailand Open 2,QF,QF,0.4266666666666667,1.0,1.0,0.8095238095238095,67.51428571428572,44,Hua Hin,Thailand Open 2,2024-09-20,WTA250,Outdoor,Hard,Quarterfinals,3,Zidansek T.,Podoroska N.,261.0,74.0,261.0,900.0,4.0,6.0,7.0,6.0,7.0,6.0,2.0,1.0,Completed,3.4,1.33,3.33,1.38,3.43,1.38,3.22,1.34,10153,1947
10148,2147,2087,2087,2024-09-16,2024-09-21,5,hartono|a / siegemund|l,Hua Hin 2,Thailand Open 2,SF,SF,0.4266666666666667,1.0,1.0,0.7619047619047619,67.27619047619048,44,Hua Hin,Thailand Open 2,2024-09-21,WTA250,Outdoor,Hard,Semifinals,3,Siegemund L.,Hartono A.,99.0,180.0,748.0,406.0,6.0,3.0,6.0,3.0,,,2.0,0.0,Completed,1.4,3.0,1.44,3.04,1.45,3.04,1.4,2.9,10148,1948
10149,2148,2086,2086,2024-09-16,2024-09-21,5,sramkova|r / zidansek|t,Hua Hin 2,Thailand Open 2,SF,SF,0.4266666666666667,1.0,1.0,0.7619047619047619,67.27619047619048,44,Hua Hin,Thailand Open 2,2024-09-21,WTA250,Outdoor,Hard,Semifinals,3,Sramkova R.,Zidansek T.,102.0,261.0,709.0,261.0,6.0,4.0,6.0,2.0,,,2.0,0.0,Completed,1.57,2.38,1.63,2.45,1.63,2.54,1.57,2.39,10149,1949
10180,2179,2114,2114,2024-09-16,2024-09-21,5,kasatkina|d / shnaider|d,Seoul,Korea Open,SF,SF,0.16000000000000003,1.0,1.0,0.7619047619047619,52.609523809523814,45,Seoul,Korea Open,2024-09-21,WTA500,Outdoor,Hard,Semifinals,3,Kasatkina D.,Shnaider D.,13.0,16.0,2803.0,2571.0,6.0,3.0,6.0,4.0,,,2.0,0.0,Completed,2.38,1.57,2.41,1.63,2.41,1.65,2.32,1.6,10180,1950
10181,2180,2113,2113,2024-09-16,2024-09-21,5,haddad maia|b / kudermetova|v <> kudermetova|v / maia|b,Seoul,Korea Open,SF,SF,0.16000000000000003,1.0,1.0,0.7619047619047619,52.609523809523814,45,Seoul,Korea Open,2024-09-21,WTA500,Outdoor,Hard,Semifinals,3,Haddad Maia B.,Kudermetova V.,17.0,44.0,2516.0,1308.0,6.0,4.0,6.0,4.0,,,2.0,0.0,Completed,1.53,2.5,1.61,2.45,1.61,2.51,1.54,2.44,10181,1951
10182,2181,2111,2111,2024-09-16,2024-09-21,5,kasatkina|d / raducanu|e,Seoul,Korea Open,QF,QF,0.16000000000000003,1.0,1.0,0.7619047619047619,52.609523809523814,45,Seoul,Korea Open,2024-09-21,WTA500,Outdoor,Hard,Quarterfinals,3,Kasatkina D.,Raducanu E.,13.0,70.0,2803.0,917.0,6.0,1.0,,,,,1.0,0.0,Retired,2.1,1.73,1.97,1.93,2.1,1.93,1.98,1.82,10182,1952
10183,2182,2112,2112,2024-09-16,2024-09-21,5,kostyuk|m / shnaider|d,Seoul,Korea Open,QF,QF,0.16000000000000003,1.0,1.0,0.7619047619047619,52.609523809523814,45,Seoul,Korea Open,2024-09-21,WTA500,Outdoor,Hard,Quarterfinals,3,Shnaider D.,Kostyuk M.,16.0,18.0,2571.0,2445.0,7.0,6.0,6.0,3.0,,,2.0,0.0,Completed,2.1,1.73,2.12,1.81,2.21,1.83,2.08,1.74,10183,1953
10184,2183,2109,2109,2024-09-16,2024-09-21,5,haddad maia|b / kudermetova|p <> kudermetova|p / maia|b,Seoul,Korea Open,QF,QF,0.16000000000000003,1.0,1.0,0.7619047619047619,52.609523809523814,45,Seoul,Korea Open,2024-09-21,WTA500,Outdoor,Hard,Quarterfinals,3,Haddad Maia B.,Kudermetova P.,17.0,163.0,2516.0,459.0,6.0,2.0,6.0,1.0,,,2.0,0.0,Completed,1.2,4.5,1.22,4.82,1.23,5.0,1.2,4.49,10184,1954
10185,2184,2110,2110,2024-09-16,2024-09-21,5,kudermetova|v / tomova|v,Seoul,Korea Open,QF,QF,0.16000000000000003,1.0,1.0,0.7619047619047619,52.609523809523814,45,Seoul,Korea Open,2024-09-21,WTA500,Outdoor,Hard,Quarterfinals,3,Kudermetova V.,Tomova V.,44.0,54.0,1308.0,1031.0,7.0,5.0,6.0,3.0,,,2.0,0.0,Completed,1.44,2.75,1.52,2.74,1.52,2.75,1.46,2.66,10185,1955
10178,2177,2088,2088,2024-09-16,2024-09-22,6,siegemund|l / sramkova|r,Hua Hin 2,Thailand Open 2,F,F,0.4266666666666667,1.0,1.0,0.7142857142857143,67.03809523809524,44,Hua Hin,Thailand Open 2,2024-09-22,WTA250,Outdoor,Hard,The Final,3,Sramkova R.,Siegemund L.,102.0,99.0,709.0,748.0,6.0,4.0,6.0,4.0,,,2.0,0.0,Completed,2.1,1.73,2.24,1.73,2.24,1.83,2.11,1.71,10178,1956
10179,2178,2115,2115,2024-09-16,2024-09-22,6,haddad maia|b / kasatkina|d <> kasatkina|d / maia|b,Seoul,Korea Open,F,F,0.16000000000000003,1.0,1.0,0.7142857142857143,52.371428571428574,45,Seoul,Korea Open,2024-09-22,WTA500,Outdoor,Hard,The Final,3,Haddad Maia B.,Kasatkina D.,17.0,13.0,2516.0,2803.0,1.0,6.0,6.0,4.0,6.0,1.0,2.0,1.0,Completed,1.73,2.1,1.83,2.09,1.83,2.12,1.77,2.03,10179,1957
10284,2283,2127,2127,2024-09-25,2024-09-25,0,avanesyan|e / bektas|e,Beijing,China Open,R128,R128,0.26666666666666666,1.0,1.0,1.0,59.666666666666664,46,Beijing,China Open,2024-09-25,WTA1000,Outdoor,Hard,1st Round,3,Avanesyan E.,Bektas E.,47.0,117.0,1140.0,617.0,6.0,2.0,7.0,5.0,,,2.0,0.0,Completed,1.25,4.0,1.28,4.04,1.28,4.1,1.25,3.88,10284,1958
10285,2284,2120,2120,2024-09-25,2024-09-25,0,siegemund|l / starodubtseva|y,Beijing,China Open,R128,R128,0.26666666666666666,1.0,1.0,1.0,59.666666666666664,46,Beijing,China Open,2024-09-25,WTA1000,Outdoor,Hard,1st Round,3,Starodubtseva Y.,Siegemund L.,115.0,69.0,620.0,910.0,6.0,4.0,7.0,6.0,,,2.0,0.0,Completed,1.53,2.5,1.62,2.43,1.67,2.5,1.58,2.35,10285,1959
10286,2285,2128,2128,2024-09-25,2024-09-25,0,bouzas maneiro|j / stearns|p <> maneiro|j / stearns|p,Beijing,China Open,R128,R128,0.26666666666666666,1.0,1.0,1.0,59.666666666666664,46,Beijing,China Open,2024-09-25,WTA1000,Outdoor,Hard,1st Round,3,Stearns P.,Bouzas Maneiro J.,46.0,57.0,1173.0,995.0,6.0,2.0,6.0,4.0,,,2.0,0.0,Completed,1.44,2.75,1.47,2.87,1.5,2.87,1.45,2.74,10286,1960
10287,2286,2130,2130,2024-09-25,2024-09-25,0,baptiste|h / gracheva|v,Beijing,China Open,R128,R128,0.26666666666666666,1.0,1.0,1.0,59.666666666666664,46,Beijing,China Open,2024-09-25,WTA1000,Outdoor,Hard,1st Round,3,Baptiste H.,Gracheva V.,111.0,62.0,659.0,955.0,6.0,0.0,6.0,3.0,,,2.0,0.0,Completed,1.73,2.1,1.83,2.08,1.84,2.14,1.76,2.05,10287,1961
10288,2287,2124,2124,2024-09-25,2024-09-25,0,galfi|d / volynets|k,Beijing,China Open,R128,R128,0.26666666666666666,1.0,1.0,1.0,59.666666666666664,46,Beijing,China Open,2024-09-25,WTA1000,Outdoor,Hard,1st Round,3,Volynets K.,Galfi D.,60.0,143.0,987.0,515.0,7.0,5.0,6.0,1.0,,,2.0,0.0,Completed,1.44,2.75,1.53,2.67,1.54,2.75,1.48,2.6,10288,1962
10289,2288,2122,2122,2024-09-25,2024-09-25,0,bronzetti|l / osaka|n,Beijing,China Open,R128,R128,0.26666666666666666,1.0,1.0,1.0,59.666666666666664,46,Beijing,China Open,2024-09-25,WTA1000,Outdoor,Hard,1st Round,3,Osaka N.,Bronzetti L.,73.0,77.0,894.0,869.0,6.0,3.0,6.0,2.0,,,2.0,0.0,Completed,1.29,3.75,1.29,3.97,1.29,4.01,1.26,3.77,10289,1963
10290,2289,2121,2121,2024-09-25,2024-09-25,0,townsend|t / trevisan|m,Beijing,China Open,R128,R128,0.26666666666666666,1.0,1.0,1.0,59.666666666666664,46,Beijing,China Open,2024-09-25,WTA1000,Outdoor,Hard,1st Round,3,Townsend T.,Trevisan M.,52.0,112.0,1103.0,658.0,6.0,2.0,4.0,6.0,6.0,3.0,2.0,1.0,Completed,1.22,4.33,1.23,4.63,1.25,4.72,1.21,4.29,10290,1964
10291,2290,2123,2123,2024-09-25,2024-09-25,0,burel|c / korpatsch|t,Beijing,China Open,R128,R128,0.26666666666666666,1.0,1.0,1.0,59.666666666666664,46,Beijing,China Open,2024-09-25,WTA1000,Outdoor,Hard,1st Round,3,Burel C.,Korpatsch T.,56.0,125.0,1015.0,588.0,6.0,3.0,5.0,7.0,6.0,3.0,2.0,1.0,Completed,,,1.27,4.09,1.27,4.3,1.25,4.04,10291,1965
10292,2291,2125,2125,2024-09-25,2024-09-25,0,kessler|m / zhang|s,Beijing,China Open,R128,R128,0.26666666666666666,1.0,1.0,1.0,59.666666666666664,46,Beijing,China Open,2024-09-25,WTA1000,Outdoor,Hard,1st Round,3,Zhang S.,Kessler M.,595.0,65.0,71.0,951.0,7.0,6.0,7.0,6.0,,,2.0,0.0,Completed,3.5,1.3,3.36,1.37,3.5,1.37,3.3,1.33,10292,1966
10293,2292,2116,2116,2024-09-25,2024-09-25,0,andreeva|e / minnen|g,Beijing,China Open,R128,R128,0.26666666666666666,1.0,1.0,1.0,59.666666666666664,46,Beijing,China Open,2024-09-25,WTA1000,Outdoor,Hard,1st Round,3,Minnen G.,Andreeva E.,94.0,67.0,738.0,928.0,7.0,5.0,6.0,2.0,,,2.0,0.0,Completed,1.91,1.91,1.89,2.0,2.03,2.0,1.87,1.92,10293,1967
10294,2293,2129,2129,2024-09-25,2024-09-25,0,parks|a / wang|q,Beijing,China Open,R128,R128,0.26666666666666666,1.0,1.0,1.0,59.666666666666664,46,Beijing,China Open,2024-09-25,WTA1000,Outdoor,Hard,1st Round,3,Parks A.,Wang Q.,128.0,403.0,568.0,149.0,1.0,6.0,6.0,4.0,6.0,2.0,2.0,1.0,Completed,1.5,2.63,1.6,2.48,1.62,2.63,1.54,2.45,10294,1968
10295,2294,2118,2118,2024-09-25,2024-09-25,0,bogdan|a / kenin|s,Beijing,China Open,R128,R128,0.26666666666666666,1.0,1.0,1.0,59.666666666666664,46,Beijing,China Open,2024-09-25,WTA1000,Outdoor,Hard,1st Round,3,Kenin S.,Bogdan A.,168.0,120.0,446.0,613.0,7.0,5.0,6.0,2.0,,,2.0,0.0,Completed,1.62,2.3,1.65,2.37,1.67,2.37,1.62,2.28,10295,1969
10296,2295,2117,2117,2024-09-25,2024-09-25,0,tomova|v / tsurenko|l,Beijing,China Open,R128,R128,0.26666666666666666,1.0,1.0,1.0,59.666666666666664,46,Beijing,China Open,2024-09-25,WTA1000,Outdoor,Hard,1st Round,3,Tomova V.,Tsurenko L.,51.0,88.0,1107.0,794.0,6.0,3.0,6.0,3.0,,,2.0,0.0,Completed,1.53,2.5,1.61,2.47,1.62,2.51,1.55,2.41,10296,1970
10297,2296,2131,2131,2024-09-25,2024-09-25,0,kalinina|a / sramkova|r,Beijing,China Open,R128,R128,0.26666666666666666,1.0,1.0,1.0,59.666666666666664,46,Beijing,China Open,2024-09-25,WTA1000,Outdoor,Hard,1st Round,3,Sramkova R.,Kalinina A.,61.0,48.0,958.0,1136.0,6.0,4.0,6.0,0.0,,,2.0,0.0,Completed,2.2,1.67,2.15,1.77,2.21,1.77,2.14,1.7,10297,1971
10299,2298,2126,2126,2024-09-25,2024-09-25,0,liang|e / parry|d,Beijing,China Open,R128,R128,0.26666666666666666,1.0,1.0,1.0,59.666666666666664,46,Beijing,China Open,2024-09-25,WTA1000,Outdoor,Hard,1st Round,3,Parry D.,Liang E.S.,53.0,260.0,1067.0,264.0,4.0,6.0,6.0,0.0,6.0,0.0,2.0,1.0,Completed,1.29,3.75,1.36,3.42,1.36,4.0,1.31,3.44,10299,1972
10268,2267,2145,2145,2024-09-25,2024-09-26,1,diyas|z / sawangkaew|m,Beijing,China Open,R128,R128,0.26666666666666666,1.0,1.0,0.9523809523809523,59.42857142857142,46,Beijing,China Open,2024-09-26,WTA1000,Outdoor,Hard,1st Round,3,Sawangkaew M.,Diyas Z.,187.0,571.0,384.0,78.0,6.0,2.0,6.0,3.0,,,2.0,0.0,Completed,2.0,1.8,1.97,1.92,2.08,1.92,1.98,1.81,10268,1973
10269,2268,2147,2147,2024-09-25,2024-09-26,1,krueger|a / wang|y,Beijing,China Open,R128,R128,0.26666666666666666,1.0,1.0,0.9523809523809523,59.42857142857142,46,Beijing,China Open,2024-09-26,WTA1000,Outdoor,Hard,1st Round,3,Krueger A.,Wang Y.,68.0,58.0,917.0,991.0,3.0,6.0,6.0,4.0,6.0,2.0,2.0,1.0,Completed,1.67,2.2,1.73,2.22,1.73,2.22,1.68,2.18,10269,1974
10270,2269,2138,2138,2024-09-25,2024-09-26,1,gao|x / sorribes tormo|s <> gao|x / tormo|s,Beijing,China Open,R128,R128,0.26666666666666666,1.0,1.0,0.9523809523809523,59.42857142857142,46,Beijing,China Open,2024-09-26,WTA1000,Outdoor,Hard,1st Round,3,Sorribes Tormo S.,Gao X.,104.0,171.0,677.0,432.0,6.0,7.0,7.0,5.0,7.0,5.0,2.0,1.0,Completed,1.29,3.75,1.31,3.8,1.33,3.8,1.28,3.62,10270,1975
10271,2270,2143,2143,2024-09-25,2024-09-26,1,ruse|e / wei|s,Beijing,China Open,R128,R128,0.26666666666666666,1.0,1.0,0.9523809523809523,59.42857142857142,46,Beijing,China Open,2024-09-26,WTA1000,Outdoor,Hard,1st Round,3,Wei S.,Ruse E.G.,140.0,93.0,522.0,743.0,6.0,4.0,7.0,6.0,,,2.0,0.0,Completed,3.75,1.29,3.81,1.3,3.85,1.33,3.65,1.28,10271,1976
10272,2271,2136,2136,2024-09-25,2024-09-26,1,bucsa|c / yao|x,Beijing,China Open,R128,R128,0.26666666666666666,1.0,1.0,0.9523809523809523,59.42857142857142,46,Beijing,China Open,2024-09-26,WTA1000,Outdoor,Hard,1st Round,3,Bucsa C.,Yao X.,79.0,286.0,847.0,233.0,6.0,3.0,6.0,2.0,,,2.0,0.0,Completed,1.3,3.5,1.37,3.31,1.4,3.55,1.32,3.33,10272,1977
10274,2273,2146,2146,2024-09-25,2024-09-26,1,blinkova|a / muchova|k,Beijing,China Open,R128,R128,0.26666666666666666,1.0,1.0,0.9523809523809523,59.42857142857142,46,Beijing,China Open,2024-09-26,WTA1000,Outdoor,Hard,1st Round,3,Muchova K.,Blinkova A.,49.0,78.0,1126.0,861.0,6.0,1.0,6.0,1.0,,,2.0,0.0,Completed,1.07,9.0,1.1,8.56,1.1,9.0,1.08,7.97,10274,1978
10275,2274,2144,2144,2024-09-25,2024-09-26,1,bondar|a / cristian|j,Beijing,China Open,R128,R128,0.26666666666666666,1.0,1.0,0.9523809523809523,59.42857142857142,46,Beijing,China Open,2024-09-26,WTA1000,Outdoor,Hard,1st Round,3,Cristian J.,Bondar A.,80.0,90.0,844.0,778.0,6.0,1.0,7.0,6.0,,,2.0,0.0,Completed,1.67,2.2,1.62,2.43,1.73,2.43,1.65,2.23,10275,1979
10276,2275,2137,2137,2024-09-25,2024-09-26,1,dart|h / tauson|c,Beijing,China Open,R128,R128,0.26666666666666666,1.0,1.0,0.9523809523809523,59.42857142857142,46,Beijing,China Open,2024-09-26,WTA1000,Outdoor,Hard,1st Round,3,Tauson C.,Dart H.,72.0,76.0,901.0,881.0,5.0,7.0,6.0,4.0,6.0,1.0,2.0,1.0,Completed,1.53,2.5,1.64,2.42,1.64,2.5,1.57,2.38,10276,1980
10277,2276,2135,2135,2024-09-25,2024-09-26,1,shi|h / uchijima|m,Beijing,China Open,R128,R128,0.26666666666666666,1.0,1.0,0.9523809523809523,59.42857142857142,46,Beijing,China Open,2024-09-26,WTA1000,Outdoor,Hard,1st Round,3,Uchijima M.,Shi H.,63.0,240.0,954.0,302.0,6.0,3.0,6.0,4.0,,,2.0,0.0,Completed,1.33,3.4,1.35,3.48,1.35,3.5,1.32,3.33,10277,1981
10278,2277,2142,2142,2024-09-25,2024-09-26,1,begu|i / ma|y,Beijing,China Open,R128,R128,0.26666666666666666,1.0,1.0,0.9523809523809523,59.42857142857142,46,Beijing,China Open,2024-09-26,WTA1000,Outdoor,Hard,1st Round,3,Begu I.,Ma Y.,103.0,224.0,683.0,321.0,1.0,6.0,6.0,4.0,6.0,1.0,2.0,1.0,Completed,1.14,5.5,1.16,6.17,1.17,6.17,1.14,5.58,10278,1982
10280,2279,2134,2134,2024-09-25,2024-09-26,1,fett|j / wang|m,Beijing,China Open,R128,R128,0.26666666666666666,1.0,1.0,0.9523809523809523,59.42857142857142,46,Beijing,China Open,2024-09-26,WTA1000,Outdoor,Hard,1st Round,3,Fett J.,Wang M.,118.0,410.0,615.0,146.0,6.0,3.0,6.0,4.0,,,2.0,0.0,Completed,1.29,3.75,1.29,3.91,1.29,4.06,1.27,3.77,10280,1983
10282,2281,2140,2140,2024-09-25,2024-09-26,1,podoroska|n / ren|y,Beijing,China Open,R128,R128,0.26666666666666666,1.0,1.0,0.9523809523809523,59.42857142857142,46,Beijing,China Open,2024-09-26,WTA1000,Outdoor,Hard,1st Round,3,Podoroska N.,Ren Y.,66.0,500.0,942.0,105.0,6.0,4.0,6.0,2.0,,,2.0,0.0,Completed,1.1,7.0,1.12,7.5,1.13,8.39,1.1,6.96,10282,1984
10283,2282,2132,2132,2024-09-25,2024-09-26,1,birrell|k / rakhimova|k,Beijing,China Open,R128,R128,0.26666666666666666,1.0,1.0,0.9523809523809523,59.42857142857142,46,Beijing,China Open,2024-09-26,WTA1000,Outdoor,Hard,1st Round,3,Rakhimova K.,Birrell K.,71.0,146.0,905.0,512.0,6.0,2.0,6.0,4.0,,,2.0,0.0,Completed,1.67,2.2,1.66,2.35,1.68,2.35,1.64,2.24,10283,1985
10252,2251,2156,2156,2024-09-25,2024-09-27,2,avanesyan|e / dolehide|c,Beijing,China Open,R64,R64,0.26666666666666666,1.0,1.0,0.9047619047619048,59.19047619047619,46,Beijing,China Open,2024-09-27,WTA1000,Outdoor,Hard,2nd Round,3,Avanesyan E.,Dolehide C.,47.0,98.0,1140.0,703.0,6.0,3.0,5.0,7.0,6.0,2.0,2.0,1.0,Completed,1.4,3.0,1.4,3.2,1.4,3.2,1.37,3.04,10252,1986
10253,2252,2149,2149,2024-09-25,2024-09-27,2,siniakova|k / starodubtseva|y,Beijing,China Open,R64,R64,0.26666666666666666,1.0,1.0,0.9047619047619048,59.19047619047619,46,Beijing,China Open,2024-09-27,WTA1000,Outdoor,Hard,2nd Round,3,Starodubtseva Y.,Siniakova K.,115.0,37.0,620.0,1474.0,6.0,2.0,6.0,2.0,,,2.0,0.0,Completed,2.2,1.67,2.22,1.72,2.33,1.73,2.2,1.67,10253,1987
10254,2253,2157,2157,2024-09-25,2024-09-27,2,fernandez|l / stearns|p,Beijing,China Open,R64,R64,0.26666666666666666,1.0,1.0,0.9047619047619048,59.19047619047619,46,Beijing,China Open,2024-09-27,WTA1000,Outdoor,Hard,2nd Round,3,Stearns P.,Fernandez L.A.,46.0,28.0,1173.0,1834.0,7.0,5.0,6.0,2.0,,,2.0,0.0,Completed,2.3,1.62,2.21,1.74,2.3,1.74,2.21,1.66,10254,1988
10255,2254,2154,2154,2024-09-25,2024-09-27,2,baptiste|h / kalinskaya|a,Beijing,China Open,R64,R64,0.26666666666666666,1.0,1.0,0.9047619047619048,59.19047619047619,46,Beijing,China Open,2024-09-27,WTA1000,Outdoor,Hard,2nd Round,3,Kalinskaya A.,Baptiste H.,14.0,111.0,2725.0,659.0,3.0,6.0,7.0,6.0,7.0,6.0,2.0,1.0,Completed,1.36,3.2,1.39,3.23,1.39,3.3,1.36,3.11,10255,1989
10256,2255,2158,2158,2024-09-25,2024-09-27,2,kostyuk|m / volynets|k,Beijing,China Open,R64,R64,0.26666666666666666,1.0,1.0,0.9047619047619048,59.19047619047619,46,Beijing,China Open,2024-09-27,WTA1000,Outdoor,Hard,2nd Round,3,Volynets K.,Kostyuk M.,60.0,18.0,987.0,2493.0,7.0,5.0,6.0,3.0,,,2.0,0.0,Completed,4.33,1.22,4.32,1.25,4.37,1.25,4.1,1.23,10256,1990
10257,2256,2160,2160,2024-09-25,2024-09-27,2,osaka|n / putintseva|y,Beijing,China Open,R64,R64,0.26666666666666666,1.0,1.0,0.9047619047619048,59.19047619047619,46,Beijing,China Open,2024-09-27,WTA1000,Outdoor,Hard,2nd Round,3,Osaka N.,Putintseva Y.,73.0,32.0,894.0,1733.0,3.0,6.0,6.0,4.0,6.0,2.0,2.0,1.0,Completed,1.53,2.5,1.65,2.37,1.65,2.6,1.55,2.43,10257,1991
10258,2257,2152,2152,2024-09-25,2024-09-27,2,boulter|k / townsend|t,Beijing,China Open,R64,R64,0.26666666666666666,1.0,1.0,0.9047619047619048,59.19047619047619,46,Beijing,China Open,2024-09-27,WTA1000,Outdoor,Hard,2nd Round,3,Boulter K.,Townsend T.,34.0,52.0,1655.0,1103.0,6.0,4.0,6.0,4.0,,,2.0,0.0,Completed,2.3,1.62,2.32,1.67,2.33,1.68,2.23,1.64,10258,1992
10259,2258,2163,2163,2024-09-25,2024-09-27,2,burel|c / gauff|c,Beijing,China Open,R64,R64,0.26666666666666666,1.0,1.0,0.9047619047619048,59.19047619047619,46,Beijing,China Open,2024-09-27,WTA1000,Outdoor,Hard,2nd Round,3,Gauff C.,Burel C.,6.0,56.0,4983.0,1015.0,7.0,5.0,6.0,3.0,,,2.0,0.0,Completed,1.1,7.0,1.12,7.56,1.13,8.0,1.11,6.67,10259,1993
10260,2259,2148,2148,2024-09-25,2024-09-27,2,navarro|e / zhang|s,Beijing,China Open,R64,R64,0.26666666666666666,1.0,1.0,0.9047619047619048,59.19047619047619,46,Beijing,China Open,2024-09-27,WTA1000,Outdoor,Hard,2nd Round,3,Zhang S.,Navarro E.,595.0,8.0,71.0,3698.0,6.0,4.0,6.0,2.0,,,2.0,0.0,Completed,11.0,1.05,13.75,1.05,13.75,1.05,10.99,1.04,10260,1994
10261,2260,2150,2150,2024-09-25,2024-09-27,2,minnen|g / potapova|a,Beijing,China Open,R64,R64,0.26666666666666666,1.0,1.0,0.9047619047619048,59.19047619047619,46,Beijing,China Open,2024-09-27,WTA1000,Outdoor,Hard,2nd Round,3,Minnen G.,Potapova A.,94.0,38.0,738.0,1427.0,7.0,5.0,2.0,6.0,6.0,4.0,2.0,1.0,Completed,2.3,1.62,2.33,1.67,2.34,1.67,2.27,1.63,10261,1995
10262,2261,2162,2162,2024-09-25,2024-09-27,2,frech|m / parks|a,Beijing,China Open,R64,R64,0.26666666666666666,1.0,1.0,0.9047619047619048,59.19047619047619,46,Beijing,China Open,2024-09-27,WTA1000,Outdoor,Hard,2nd Round,3,Frech M.,Parks A.,31.0,128.0,1743.0,568.0,6.0,4.0,5.0,7.0,6.0,4.0,2.0,1.0,Completed,1.33,3.4,1.29,3.9,1.34,3.9,1.3,3.47,10262,1996
10263,2262,2151,2151,2024-09-25,2024-09-27,2,kenin|s / shnaider|d,Beijing,China Open,R64,R64,0.26666666666666666,1.0,1.0,0.9047619047619048,59.19047619047619,46,Beijing,China Open,2024-09-27,WTA1000,Outdoor,Hard,2nd Round,3,Shnaider D.,Kenin S.,16.0,168.0,2685.0,446.0,6.0,2.0,6.0,3.0,,,2.0,0.0,Completed,1.3,3.5,1.34,3.5,1.34,3.5,1.32,3.35,10263,1997
10264,2263,2155,2155,2024-09-25,2024-09-27,2,badosa|p / tomova|v,Beijing,China Open,R64,R64,0.26666666666666666,1.0,1.0,0.9047619047619048,59.19047619047619,46,Beijing,China Open,2024-09-27,WTA1000,Outdoor,Hard,2nd Round,3,Badosa P.,Tomova V.,19.0,51.0,2325.0,1107.0,6.0,3.0,6.0,2.0,,,2.0,0.0,Completed,1.2,4.5,1.21,4.9,1.21,5.25,1.19,4.6,10264,1998
10265,2264,2161,2161,2024-09-25,2024-09-27,2,alexandrova|e / sramkova|r,Beijing,China Open,R64,R64,0.26666666666666666,1.0,1.0,0.9047619047619048,59.19047619047619,46,Beijing,China Open,2024-09-27,WTA1000,Outdoor,Hard,2nd Round,3,Sramkova R.,Alexandrova E.,61.0,33.0,958.0,1733.0,5.0,7.0,6.0,4.0,6.0,3.0,2.0,1.0,Completed,2.38,1.57,2.38,1.65,2.45,1.65,2.32,1.6,10265,1999
10267,2266,2159,2159,2024-09-25,2024-09-27,2,parry|d / pegula|j,Beijing,China Open,R64,R64,0.26666666666666666,1.0,1.0,0.9047619047619048,59.19047619047619,46,Beijing,China Open,2024-09-27,WTA1000,Outdoor,Hard,2nd Round,3,Pegula J.,Parry D.,3.0,53.0,6220.0,1067.0,6.0,1.0,7.0,6.0,,,2.0,0.0,Completed,1.08,8.0,1.14,6.79,1.15,8.0,1.11,6.61,10267,2000
10236,2235,2170,2170,2024-09-25,2024-09-28,3,sabalenka|a / sawangkaew|m,Beijing,China Open,R64,R64,0.26666666666666666,1.0,1.0,0.8571428571428572,58.95238095238095,46,Beijing,China Open,2024-09-28,WTA1000,Outdoor,Hard,2nd Round,3,Sabalenka A.,Sawangkaew M.,2.0,187.0,8716.0,384.0,6.0,4.0,6.0,1.0,,,2.0,0.0,Completed,1.02,19.0,1.03,24.29,1.03,24.29,1.01,14.96,10236,2001
10237,2236,2174,2174,2024-09-25,2024-09-28,3,krueger|a / sun|l,Beijing,China Open,R64,R64,0.26666666666666666,1.0,1.0,0.8571428571428572,58.95238095238095,46,Beijing,China Open,2024-09-28,WTA1000,Outdoor,Hard,2nd Round,3,Krueger A.,Sun L.,68.0,40.0,917.0,1375.0,6.0,1.0,7.0,6.0,,,2.0,0.0,Completed,1.53,2.5,1.52,2.68,1.57,2.75,1.51,2.53,10237,2002
10238,2237,2175,2175,2024-09-25,2024-09-28,3,keys|m / sorribes tormo|s <> keys|m / tormo|s,Beijing,China Open,R64,R64,0.26666666666666666,1.0,1.0,0.8571428571428572,58.95238095238095,46,Beijing,China Open,2024-09-28,WTA1000,Outdoor,Hard,2nd Round,3,Keys M.,Sorribes Tormo S.,24.0,104.0,2076.0,677.0,6.0,2.0,6.0,1.0,,,2.0,0.0,Completed,1.3,3.5,1.3,3.82,1.34,3.82,1.3,3.47,10238,2003
10239,2238,2171,2171,2024-09-25,2024-09-28,3,haddad maia|b / wei|s <> maia|b / wei|s,Beijing,China Open,R64,R64,0.26666666666666666,1.0,1.0,0.8571428571428572,58.95238095238095,46,Beijing,China Open,2024-09-28,WTA1000,Outdoor,Hard,2nd Round,3,Haddad Maia B.,Wei S.,12.0,140.0,2981.0,522.0,7.0,5.0,6.0,4.0,,,2.0,0.0,Completed,1.1,7.0,1.15,6.44,1.15,7.0,1.12,6.14,10239,2004
10240,2239,2164,2164,2024-09-25,2024-09-28,3,bucsa|c / samsonova|l,Beijing,China Open,R64,R64,0.26666666666666666,1.0,1.0,0.8571428571428572,58.95238095238095,46,Beijing,China Open,2024-09-28,WTA1000,Outdoor,Hard,2nd Round,3,Bucsa C.,Samsonova L.,79.0,15.0,847.0,2720.0,6.0,1.0,4.0,6.0,6.0,4.0,2.0,1.0,Completed,5.5,1.14,7.34,1.12,7.77,1.15,6.28,1.12,10240,2005
10241,2240,2168,2168,2024-09-25,2024-09-28,3,cocciaretto|e / mertens|e,Beijing,China Open,R64,R64,0.26666666666666666,1.0,1.0,0.8571428571428572,58.95238095238095,46,Beijing,China Open,2024-09-28,WTA1000,Outdoor,Hard,2nd Round,3,Mertens E.,Cocciaretto E.,29.0,55.0,1749.0,1023.0,6.0,4.0,6.0,7.0,6.0,3.0,2.0,1.0,Completed,1.4,3.0,1.48,2.84,1.48,3.05,1.42,2.82,10241,2006
10242,2241,2173,2173,2024-09-25,2024-09-28,3,muchova|k / yuan|y,Beijing,China Open,R64,R64,0.26666666666666666,1.0,1.0,0.8571428571428572,58.95238095238095,46,Beijing,China Open,2024-09-28,WTA1000,Outdoor,Hard,2nd Round,3,Muchova K.,Yuan Y.,49.0,41.0,1126.0,1349.0,6.0,3.0,6.0,1.0,,,2.0,0.0,Completed,1.11,6.5,1.12,7.31,1.14,7.31,1.12,6.42,10242,2007
10243,2242,2172,2172,2024-09-25,2024-09-28,3,cristian|j / krejcikova|b,Beijing,China Open,R64,R64,0.26666666666666666,1.0,1.0,0.8571428571428572,58.95238095238095,46,Beijing,China Open,2024-09-28,WTA1000,Outdoor,Hard,2nd Round,3,Cristian J.,Krejcikova B.,80.0,10.0,844.0,3161.0,1.0,6.0,6.0,4.0,7.0,5.0,2.0,1.0,Completed,3.4,1.33,3.3,1.38,3.4,1.38,3.19,1.34,10243,2008
10244,2243,2165,2165,2024-09-25,2024-09-28,3,paolini|j / tauson|c,Beijing,China Open,R64,R64,0.26666666666666666,1.0,1.0,0.8571428571428572,58.95238095238095,46,Beijing,China Open,2024-09-28,WTA1000,Outdoor,Hard,2nd Round,3,Paolini J.,Tauson C.,5.0,72.0,5348.0,901.0,1.0,6.0,7.0,5.0,6.0,4.0,2.0,1.0,Completed,1.2,4.5,1.25,4.38,1.26,4.5,1.23,4.09,10244,2009
10245,2244,2166,2166,2024-09-25,2024-09-28,3,linette|m / uchijima|m,Beijing,China Open,R64,R64,0.26666666666666666,1.0,1.0,0.8571428571428572,58.95238095238095,46,Beijing,China Open,2024-09-28,WTA1000,Outdoor,Hard,2nd Round,3,Linette M.,Uchijima M.,45.0,63.0,1191.0,954.0,6.0,4.0,4.0,6.0,6.0,3.0,2.0,1.0,Completed,1.36,3.2,1.34,3.53,1.36,3.61,1.33,3.26,10245,2010
10246,2245,2177,2177,2024-09-25,2024-09-28,3,andreeva|m / begu|i,Beijing,China Open,R64,R64,0.26666666666666666,1.0,1.0,0.8571428571428572,58.95238095238095,46,Beijing,China Open,2024-09-28,WTA1000,Outdoor,Hard,2nd Round,3,Andreeva M.,Begu I.,22.0,103.0,2153.0,683.0,6.0,7.0,6.0,1.0,6.0,1.0,2.0,1.0,Completed,1.2,4.5,1.23,4.67,1.24,5.34,1.2,4.45,10246,2011
10247,2246,2178,2178,2024-09-25,2024-09-28,3,golubic|v / vekic|d,Beijing,China Open,R64,R64,0.26666666666666666,1.0,1.0,0.8571428571428572,58.95238095238095,46,Beijing,China Open,2024-09-28,WTA1000,Outdoor,Hard,2nd Round,3,Vekic D.,Golubic V.,20.0,96.0,2243.0,705.0,4.0,6.0,7.0,6.0,6.0,4.0,2.0,1.0,Completed,1.2,4.5,1.21,4.89,1.23,4.89,1.2,4.45,10247,2012
10248,2247,2167,2167,2024-09-25,2024-09-28,3,fett|j / kasatkina|d,Beijing,China Open,R64,R64,0.26666666666666666,1.0,1.0,0.8571428571428572,58.95238095238095,46,Beijing,China Open,2024-09-28,WTA1000,Outdoor,Hard,2nd Round,3,Kasatkina D.,Fett J.,11.0,118.0,3020.0,615.0,6.0,1.0,6.0,2.0,,,2.0,0.0,Completed,1.1,7.0,1.11,8.06,1.12,8.06,1.09,7.17,10248,2013
10250,2249,2176,2176,2024-09-25,2024-09-28,3,podoroska|n / yastremska|d,Beijing,China Open,R64,R64,0.26666666666666666,1.0,1.0,0.8571428571428572,58.95238095238095,46,Beijing,China Open,2024-09-28,WTA1000,Outdoor,Hard,2nd Round,3,Podoroska N.,Yastremska D.,66.0,35.0,942.0,1603.0,7.0,5.0,6.0,7.0,6.0,2.0,2.0,1.0,Completed,2.1,1.73,2.1,1.81,2.14,1.81,2.08,1.73,10250,2014
10251,2250,2179,2179,2024-09-25,2024-09-28,3,rakhimova|k / zheng|q,Beijing,China Open,R64,R64,0.26666666666666666,1.0,1.0,0.8571428571428572,58.95238095238095,46,Beijing,China Open,2024-09-28,WTA1000,Outdoor,Hard,2nd Round,3,Zheng Q.,Rakhimova K.,7.0,71.0,3920.0,905.0,6.0,1.0,6.0,1.0,,,2.0,0.0,Completed,1.14,5.5,1.16,5.95,1.16,6.1,1.14,5.54,10251,2015
10228,2227,2183,2183,2024-09-25,2024-09-29,4,avanesyan|e / starodubtseva|y,Beijing,China Open,R32,R32,0.26666666666666666,1.0,1.0,0.8095238095238095,58.71428571428571,46,Beijing,China Open,2024-09-29,WTA1000,Outdoor,Hard,3rd Round,3,Starodubtseva Y.,Avanesyan E.,115.0,47.0,620.0,1140.0,6.0,3.0,6.0,1.0,,,2.0,0.0,Completed,1.91,1.91,1.89,2.02,1.91,2.15,1.83,1.95,10228,2016
10231,2230,2185,2185,2024-09-25,2024-09-29,4,boulter|k / gauff|c,Beijing,China Open,R32,R32,0.26666666666666666,1.0,1.0,0.8095238095238095,58.71428571428571,46,Beijing,China Open,2024-09-29,WTA1000,Outdoor,Hard,3rd Round,3,Gauff C.,Boulter K.,6.0,34.0,4983.0,1655.0,7.0,5.0,6.0,2.0,,,2.0,0.0,Completed,1.25,4.0,1.26,4.31,1.27,4.31,1.24,3.98,10231,2017
10232,2231,2184,2184,2024-09-25,2024-09-29,4,minnen|g / zhang|s,Beijing,China Open,R32,R32,0.26666666666666666,1.0,1.0,0.8095238095238095,58.71428571428571,46,Beijing,China Open,2024-09-29,WTA1000,Outdoor,Hard,3rd Round,3,Zhang S.,Minnen G.,595.0,94.0,71.0,738.0,6.0,2.0,6.0,3.0,,,2.0,0.0,Completed,2.1,1.73,2.2,1.76,2.3,1.82,2.06,1.75,10232,2018
10233,2232,2180,2180,2024-09-25,2024-09-29,4,frech|m / shnaider|d,Beijing,China Open,R32,R32,0.26666666666666666,1.0,1.0,0.8095238095238095,58.71428571428571,46,Beijing,China Open,2024-09-29,WTA1000,Outdoor,Hard,3rd Round,3,Frech M.,Shnaider D.,31.0,16.0,1743.0,2685.0,0.0,6.0,6.0,3.0,6.0,4.0,2.0,1.0,Completed,3.5,1.3,3.49,1.35,3.74,1.36,3.37,1.31,10233,2019
10234,2233,2181,2181,2024-09-25,2024-09-29,4,badosa|p / sramkova|r,Beijing,China Open,R32,R32,0.26666666666666666,1.0,1.0,0.8095238095238095,58.71428571428571,46,Beijing,China Open,2024-09-29,WTA1000,Outdoor,Hard,3rd Round,3,Badosa P.,Sramkova R.,19.0,61.0,2325.0,958.0,7.0,5.0,7.0,5.0,,,2.0,0.0,Completed,1.2,4.5,1.23,4.77,1.23,4.9,1.21,4.36,10234,2020
10235,2234,2182,2182,2024-09-25,2024-09-29,4,kudermetova|v / pegula|j,Beijing,China Open,R32,R32,0.26666666666666666,1.0,1.0,0.8095238095238095,58.71428571428571,46,Beijing,China Open,2024-09-29,WTA1000,Outdoor,Hard,3rd Round,3,Pegula J.,Kudermetova V.,3.0,39.0,6220.0,1398.0,6.0,7.0,6.0,1.0,6.0,2.0,2.0,1.0,Completed,1.3,3.5,1.36,3.46,1.36,3.5,1.33,3.33,10235,2021
10220,2219,2189,2189,2024-09-25,2024-09-30,5,krueger|a / sabalenka|a,Beijing,China Open,R32,R32,0.26666666666666666,1.0,1.0,0.7619047619047619,58.476190476190474,46,Beijing,China Open,2024-09-30,WTA1000,Outdoor,Hard,3rd Round,3,Sabalenka A.,Krueger A.,2.0,68.0,8716.0,917.0,6.0,2.0,6.0,2.0,,,2.0,0.0,Completed,1.08,8.0,1.1,8.83,1.1,8.83,1.08,7.73,10220,2022
10221,2220,2186,2186,2024-09-25,2024-09-30,5,haddad maia|b / keys|m <> keys|m / maia|b,Beijing,China Open,R32,R32,0.26666666666666666,1.0,1.0,0.7619047619047619,58.476190476190474,46,Beijing,China Open,2024-09-30,WTA1000,Outdoor,Hard,3rd Round,3,Keys M.,Haddad Maia B.,24.0,12.0,2076.0,2981.0,6.0,3.0,6.0,3.0,,,2.0,0.0,Completed,1.62,2.3,1.7,2.28,1.72,2.32,1.65,2.22,10221,2023
10222,2221,2190,2190,2024-09-25,2024-09-30,5,bucsa|c / mertens|e,Beijing,China Open,R32,R32,0.26666666666666666,1.0,1.0,0.7619047619047619,58.476190476190474,46,Beijing,China Open,2024-09-30,WTA1000,Outdoor,Hard,3rd Round,3,Bucsa C.,Mertens E.,79.0,29.0,847.0,1749.0,4.0,6.0,6.0,2.0,6.0,2.0,2.0,1.0,Completed,3.5,1.3,4.55,1.24,4.55,1.31,3.95,1.25,10222,2024
10223,2222,2191,2191,2024-09-25,2024-09-30,5,cristian|j / muchova|k,Beijing,China Open,R32,R32,0.26666666666666666,1.0,1.0,0.7619047619047619,58.476190476190474,46,Beijing,China Open,2024-09-30,WTA1000,Outdoor,Hard,3rd Round,3,Muchova K.,Cristian J.,49.0,80.0,1126.0,844.0,6.0,1.0,6.0,3.0,,,2.0,0.0,Completed,1.1,7.0,1.12,7.58,1.14,7.58,1.1,6.58,10223,2025
10224,2223,2192,2192,2024-09-25,2024-09-30,5,linette|m / paolini|j,Beijing,China Open,R32,R32,0.26666666666666666,1.0,1.0,0.7619047619047619,58.476190476190474,46,Beijing,China Open,2024-09-30,WTA1000,Outdoor,Hard,3rd Round,3,Linette M.,Paolini J.,45.0,5.0,1191.0,5348.0,6.0,4.0,6.0,0.0,,,2.0,0.0,Completed,3.75,1.29,3.67,1.33,3.75,1.35,3.47,1.3,10224,2026
10225,2224,2193,2193,2024-09-25,2024-09-30,5,andreeva|m / vekic|d,Beijing,China Open,R32,R32,0.26666666666666666,1.0,1.0,0.7619047619047619,58.476190476190474,46,Beijing,China Open,2024-09-30,WTA1000,Outdoor,Hard,3rd Round,3,Andreeva M.,Vekic D.,22.0,20.0,2153.0,2243.0,3.0,6.0,6.0,4.0,6.0,4.0,2.0,1.0,Completed,1.5,2.63,1.62,2.46,1.62,2.69,1.52,2.52,10225,2027
10226,2225,2194,2194,2024-09-25,2024-09-30,5,anisimova|a / kasatkina|d,Beijing,China Open,R32,R32,0.26666666666666666,1.0,1.0,0.7619047619047619,58.476190476190474,46,Beijing,China Open,2024-09-30,WTA1000,Outdoor,Hard,3rd Round,3,Anisimova A.,Kasatkina D.,43.0,11.0,1276.0,3020.0,7.0,6.0,6.0,4.0,,,2.0,0.0,Completed,2.0,1.8,2.01,1.89,2.14,1.89,1.99,1.8,10226,2028
10227,2226,2195,2195,2024-09-25,2024-09-30,5,podoroska|n / zheng|q,Beijing,China Open,R32,R32,0.26666666666666666,1.0,1.0,0.7619047619047619,58.476190476190474,46,Beijing,China Open,2024-09-30,WTA1000,Outdoor,Hard,3rd Round,3,Zheng Q.,Podoroska N.,7.0,66.0,3920.0,942.0,6.0,3.0,6.0,2.0,,,2.0,0.0,Completed,1.05,11.0,1.06,12.98,1.06,13.35,1.04,10.34,10227,2029
10229,2228,2187,2187,2024-09-25,2024-09-30,5,kalinskaya|a / stearns|p,Beijing,China Open,R32,R32,0.26666666666666666,1.0,1.0,0.7619047619047619,58.476190476190474,46,Beijing,China Open,2024-09-30,WTA1000,Outdoor,Hard,3rd Round,3,Kalinskaya A.,Stearns P.,14.0,46.0,2725.0,1173.0,3.0,6.0,6.0,3.0,3.0,1.0,1.0,1.0,Retired,1.8,2.0,1.9,2.0,1.9,2.06,1.82,2.0,10229,2030
10230,2229,2188,2188,2024-09-25,2024-09-30,5,osaka|n / volynets|k,Beijing,China Open,R32,R32,0.26666666666666666,1.0,1.0,0.7619047619047619,58.476190476190474,46,Beijing,China Open,2024-09-30,WTA1000,Outdoor,Hard,3rd Round,3,Osaka N.,Volynets K.,73.0,60.0,894.0,987.0,6.0,3.0,6.0,2.0,,,2.0,0.0,Completed,1.22,4.33,1.3,3.91,1.3,4.33,1.23,4.05,10230,2031
10216,2215,2198,2198,2024-09-25,2024-10-01,6,kalinskaya|a / starodubtseva|y,Beijing,China Open,R16,R16,0.26666666666666666,1.0,1.0,0.7142857142857143,58.238095238095234,46,Beijing,China Open,2024-10-01,WTA1000,Outdoor,Hard,4th Round,3,Starodubtseva Y.,Kalinskaya A.,115.0,14.0,620.0,2725.0,7.0,5.0,6.0,0.0,,,2.0,0.0,Completed,2.5,1.53,2.6,1.56,2.6,1.6,2.42,1.55,10216,2032
10217,2216,2199,2199,2024-09-25,2024-10-01,6,gauff|c / osaka|n,Beijing,China Open,R16,R16,0.26666666666666666,1.0,1.0,0.7142857142857143,58.238095238095234,46,Beijing,China Open,2024-10-01,WTA1000,Outdoor,Hard,4th Round,3,Gauff C.,Osaka N.,6.0,73.0,4983.0,894.0,3.0,6.0,6.0,4.0,,,1.0,1.0,Retired,1.57,2.38,1.64,2.42,1.67,2.6,1.59,2.34,10217,2033
10218,2217,2197,2197,2024-09-25,2024-10-01,6,frech|m / zhang|s,Beijing,China Open,R16,R16,0.26666666666666666,1.0,1.0,0.7142857142857143,58.238095238095234,46,Beijing,China Open,2024-10-01,WTA1000,Outdoor,Hard,4th Round,3,Zhang S.,Frech M.,595.0,31.0,71.0,1743.0,6.0,4.0,6.0,2.0,,,2.0,0.0,Completed,2.5,1.53,2.39,1.65,2.55,1.65,2.44,1.55,10218,2034
10219,2218,2196,2196,2024-09-25,2024-10-01,6,badosa|p / pegula|j,Beijing,China Open,R16,R16,0.26666666666666666,1.0,1.0,0.7142857142857143,58.238095238095234,46,Beijing,China Open,2024-10-01,WTA1000,Outdoor,Hard,4th Round,3,Badosa P.,Pegula J.,19.0,3.0,2325.0,6220.0,6.0,4.0,6.0,0.0,,,2.0,0.0,Completed,2.5,1.53,2.51,1.6,2.65,1.64,2.41,1.56,10219,2035
10212,2211,2200,2200,2024-09-25,2024-10-02,7,keys|m / sabalenka|a,Beijing,China Open,R16,R16,0.26666666666666666,1.0,1.0,0.6666666666666667,58.0,46,Beijing,China Open,2024-10-02,WTA1000,Outdoor,Hard,4th Round,3,Sabalenka A.,Keys M.,2.0,24.0,8716.0,2076.0,6.0,4.0,6.0,3.0,,,2.0,0.0,Completed,1.22,4.33,1.3,3.94,1.3,4.34,1.26,3.81,10212,2036
10213,2212,2201,2201,2024-09-25,2024-10-02,7,bucsa|c / muchova|k,Beijing,China Open,R16,R16,0.26666666666666666,1.0,1.0,0.6666666666666667,58.0,46,Beijing,China Open,2024-10-02,WTA1000,Outdoor,Hard,4th Round,3,Muchova K.,Bucsa C.,49.0,79.0,1126.0,847.0,6.0,2.0,6.0,0.0,,,2.0,0.0,Completed,1.07,9.0,1.1,9.19,1.1,9.19,1.08,7.98,10213,2037
10214,2213,2202,2202,2024-09-25,2024-10-02,7,andreeva|m / linette|m,Beijing,China Open,R16,R16,0.26666666666666666,1.0,1.0,0.6666666666666667,58.0,46,Beijing,China Open,2024-10-02,WTA1000,Outdoor,Hard,4th Round,3,Andreeva M.,Linette M.,22.0,45.0,2153.0,1191.0,6.0,1.0,6.0,3.0,,,2.0,0.0,Completed,1.29,3.75,1.31,3.81,1.33,3.81,1.29,3.62,10214,2038
10215,2214,2203,2203,2024-09-25,2024-10-02,7,anisimova|a / zheng|q,Beijing,China Open,R16,R16,0.26666666666666666,1.0,1.0,0.6666666666666667,58.0,46,Beijing,China Open,2024-10-02,WTA1000,Outdoor,Hard,4th Round,3,Zheng Q.,Anisimova A.,7.0,43.0,3920.0,1276.0,3.0,6.0,6.0,1.0,6.0,2.0,2.0,1.0,Completed,1.29,3.75,1.26,4.37,1.31,4.37,1.27,3.74,10215,2039
10210,2209,2205,2205,2024-09-25,2024-10-03,8,gauff|c / starodubtseva|y,Beijing,China Open,QF,QF,0.26666666666666666,1.0,1.0,0.6190476190476191,57.76190476190476,46,Beijing,China Open,2024-10-03,WTA1000,Outdoor,Hard,Quarterfinals,3,Gauff C.,Starodubtseva Y.,6.0,115.0,4983.0,620.0,2.0,6.0,6.0,2.0,6.0,2.0,2.0,1.0,Completed,1.17,5.0,1.22,4.93,1.22,6.05,1.18,4.74,10210,2040
10211,2210,2204,2204,2024-09-25,2024-10-03,8,badosa|p / zhang|s,Beijing,China Open,QF,QF,0.26666666666666666,1.0,1.0,0.6190476190476191,57.76190476190476,46,Beijing,China Open,2024-10-03,WTA1000,Outdoor,Hard,Quarterfinals,3,Badosa P.,Zhang S.,19.0,595.0,2325.0,71.0,6.0,1.0,7.0,6.0,,,2.0,0.0,Completed,1.2,4.5,1.22,4.91,1.23,5.0,1.2,4.5,10211,2041
10208,2207,2206,2206,2024-09-25,2024-10-04,9,muchova|k / sabalenka|a,Beijing,China Open,QF,QF,0.26666666666666666,1.0,1.0,0.5714285714285714,57.52380952380952,46,Beijing,China Open,2024-10-04,WTA1000,Outdoor,Hard,Quarterfinals,3,Muchova K.,Sabalenka A.,49.0,2.0,1126.0,8716.0,7.0,6.0,2.0,6.0,6.0,4.0,2.0,1.0,Completed,2.75,1.44,2.85,1.48,2.85,1.5,2.66,1.47,10208,2042
10209,2208,2207,2207,2024-09-25,2024-10-04,9,andreeva|m / zheng|q,Beijing,China Open,QF,QF,0.26666666666666666,1.0,1.0,0.5714285714285714,57.52380952380952,46,Beijing,China Open,2024-10-04,WTA1000,Outdoor,Hard,Quarterfinals,3,Zheng Q.,Andreeva M.,7.0,22.0,3920.0,2153.0,5.0,7.0,6.0,0.0,6.0,4.0,2.0,1.0,Completed,1.67,2.2,1.68,2.34,1.68,2.38,1.64,2.26,10209,2043
10206,2205,2209,2209,2024-09-25,2024-10-05,10,muchova|k / zheng|q,Beijing,China Open,SF,SF,0.26666666666666666,1.0,1.0,0.5238095238095238,57.285714285714285,46,Beijing,China Open,2024-10-05,WTA1000,Outdoor,Hard,Semifinals,3,Muchova K.,Zheng Q.,49.0,7.0,1126.0,3920.0,6.0,3.0,6.0,4.0,,,2.0,0.0,Completed,1.62,2.3,1.69,2.31,1.69,2.45,1.63,2.26,10206,2044
10207,2206,2208,2208,2024-09-25,2024-10-05,10,badosa|p / gauff|c,Beijing,China Open,SF,SF,0.26666666666666666,1.0,1.0,0.5238095238095238,57.285714285714285,46,Beijing,China Open,2024-10-05,WTA1000,Outdoor,Hard,Semifinals,3,Gauff C.,Badosa P.,6.0,19.0,4983.0,2325.0,4.0,6.0,6.0,4.0,6.0,2.0,2.0,1.0,Completed,2.0,1.8,2.06,1.85,2.06,1.91,2.0,1.8,10207,2045
10300,2299,2210,2210,2024-09-25,2024-10-06,11,gauff|c / muchova|k,Beijing,China Open,F,F,0.26666666666666666,1.0,1.0,0.47619047619047616,57.047619047619044,46,Beijing,China Open,2024-10-06,WTA1000,Outdoor,Hard,The Final,3,Gauff C.,Muchova K.,6.0,49.0,4983.0,1126.0,6.0,1.0,6.0,3.0,,,2.0,0.0,Completed,2.5,1.53,2.5,1.6,2.53,1.64,2.4,1.57,10300,2046
10334,2333,2219,2219,2024-10-07,2024-10-07,0,mertens|e / vekic|d,Wuhan,Wuhan Open,R64,R64,1.0,1.0,1.0,1.0,100.0,47,Wuhan,Wuhan Open,2024-10-07,WTA1000,Outdoor,Hard,1st Round,3,Vekic D.,Mertens E.,18.0,30.0,2298.0,1804.0,3.0,6.0,6.0,1.0,6.0,3.0,2.0,1.0,Completed,1.62,2.3,1.65,2.35,1.68,2.35,1.62,2.25,10334,2047
10335,2334,2211,2211,2024-10-07,2024-10-07,0,haddad maia|b / keys|m <> keys|m / maia|b,Wuhan,Wuhan Open,R64,R64,1.0,1.0,1.0,1.0,100.0,47,Wuhan,Wuhan Open,2024-10-07,WTA1000,Outdoor,Hard,1st Round,3,Haddad Maia B.,Keys M.,12.0,20.0,3036.0,2196.0,7.0,6.0,6.0,2.0,,,2.0,0.0,Completed,2.63,1.5,2.66,1.56,2.66,1.57,2.49,1.52,10335,2048
10337,2336,2221,2221,2024-10-07,2024-10-07,0,frech|m / hontama|m,Wuhan,Wuhan Open,R64,R64,1.0,1.0,1.0,1.0,100.0,47,Wuhan,Wuhan Open,2024-10-07,WTA1000,Outdoor,Hard,1st Round,3,Frech M.,Hontama M.,27.0,134.0,1853.0,558.0,6.0,0.0,6.0,4.0,,,2.0,0.0,Completed,1.25,4.0,1.24,4.38,1.25,4.4,1.22,4.15,10337,2049
10343,2342,2216,2216,2024-10-07,2024-10-07,0,begu|i / pera|b,Wuhan,Wuhan Open,R64,R64,1.0,1.0,1.0,1.0,100.0,47,Wuhan,Wuhan Open,2024-10-07,WTA1000,Outdoor,Hard,1st Round,3,Pera B.,Begu I.,95.0,100.0,750.0,718.0,6.0,2.0,4.0,6.0,6.0,2.0,2.0,1.0,Completed,2.38,1.57,2.41,1.62,2.45,1.67,2.33,1.6,10343,2050
10346,2345,2213,2213,2024-10-07,2024-10-07,0,fernandez|l / shnaider|d,Wuhan,Wuhan Open,R64,R64,1.0,1.0,1.0,1.0,100.0,47,Wuhan,Wuhan Open,2024-10-07,WTA1000,Outdoor,Hard,1st Round,3,Fernandez L.A.,Shnaider D.,28.0,16.0,1834.0,2641.0,6.0,7.0,6.0,3.0,6.0,3.0,2.0,1.0,Completed,2.38,1.57,2.38,1.63,2.45,1.63,2.33,1.58,10346,2051
10348,2347,2215,2215,2024-10-07,2024-10-07,0,andreeva|e / yastremska|d,Wuhan,Wuhan Open,R64,R64,1.0,1.0,1.0,1.0,100.0,47,Wuhan,Wuhan Open,2024-10-07,WTA1000,Outdoor,Hard,1st Round,3,Andreeva E.,Yastremska D.,70.0,36.0,913.0,1612.0,7.0,5.0,6.0,4.0,,,2.0,0.0,Completed,1.8,2.0,1.85,2.03,1.85,2.14,1.76,2.07,10348,2052
10349,2348,2214,2214,2024-10-07,2024-10-07,0,burel|c / yuan|y,Wuhan,Wuhan Open,R64,R64,1.0,1.0,1.0,1.0,100.0,47,Wuhan,Wuhan Open,2024-10-07,WTA1000,Outdoor,Hard,1st Round,3,Yuan Y.,Burel C.,41.0,55.0,1349.0,1040.0,1.0,6.0,6.0,4.0,6.0,2.0,2.0,1.0,Completed,1.57,2.38,1.56,2.55,1.61,2.55,1.56,2.38,10349,2053
10350,2349,2217,2217,2024-10-07,2024-10-07,0,baptiste|h / parry|d,Wuhan,Wuhan Open,R64,R64,1.0,1.0,1.0,1.0,100.0,47,Wuhan,Wuhan Open,2024-10-07,WTA1000,Outdoor,Hard,1st Round,3,Baptiste H.,Parry D.,102.0,50.0,709.0,1075.0,6.0,4.0,7.0,5.0,,,2.0,0.0,Completed,1.73,2.1,1.67,2.3,1.82,2.3,1.68,2.17,10350,2054
10352,2351,2220,2220,2024-10-07,2024-10-07,0,bondar|a / kalinskaya|a,Wuhan,Wuhan Open,R64,R64,1.0,1.0,1.0,1.0,100.0,47,Wuhan,Wuhan Open,2024-10-07,WTA1000,Outdoor,Hard,1st Round,3,Kalinskaya A.,Bondar A.,13.0,92.0,2825.0,782.0,6.0,1.0,6.0,3.0,,,2.0,0.0,Completed,1.2,4.5,1.19,5.27,1.21,5.27,1.18,4.72,10352,2055
10355,2354,2212,2212,2024-10-07,2024-10-07,0,potapova|a / volynets|k,Wuhan,Wuhan Open,R64,R64,1.0,1.0,1.0,1.0,100.0,47,Wuhan,Wuhan Open,2024-10-07,WTA1000,Outdoor,Hard,1st Round,3,Potapova A.,Volynets K.,38.0,56.0,1427.0,1025.0,5.0,7.0,6.0,3.0,7.0,5.0,2.0,1.0,Completed,1.73,2.1,1.75,2.16,1.82,2.16,1.71,2.09,10355,2056
10332,2331,2225,2225,2024-10-07,2024-10-08,1,eala|a / siniakova|k,Wuhan,Wuhan Open,R64,R64,1.0,1.0,1.0,0.9523809523809523,99.76190476190476,47,Wuhan,Wuhan Open,2024-10-08,WTA1000,Outdoor,Hard,1st Round,3,Siniakova K.,Eala A.,37.0,148.0,1474.0,502.0,6.0,3.0,6.0,1.0,,,2.0,0.0,Completed,1.33,3.4,1.38,3.25,1.38,3.5,1.34,3.15,10332,2057
10333,2332,2229,2229,2024-10-07,2024-10-08,1,putintseva|y / zhang|s,Wuhan,Wuhan Open,R64,R64,1.0,1.0,1.0,0.9523809523809523,99.76190476190476,47,Wuhan,Wuhan Open,2024-10-08,WTA1000,Outdoor,Hard,1st Round,3,Putintseva Y.,Zhang S.,35.0,250.0,1619.0,286.0,6.0,4.0,6.0,4.0,,,2.0,0.0,Completed,1.33,3.4,1.37,3.3,1.39,3.4,1.35,3.12,10333,2058
10336,2335,2231,2231,2024-10-07,2024-10-08,1,bouzkova|m / kudermetova|v,Wuhan,Wuhan Open,R64,R64,1.0,1.0,1.0,0.9523809523809523,99.76190476190476,47,Wuhan,Wuhan Open,2024-10-08,WTA1000,Outdoor,Hard,1st Round,3,Kudermetova V.,Bouzkova M.,63.0,42.0,983.0,1320.0,6.0,4.0,7.0,6.0,,,2.0,0.0,Completed,1.67,2.2,1.8,2.09,1.81,2.2,1.72,2.09,10336,2059
10338,2337,2227,2227,2024-10-07,2024-10-08,1,krueger|a / tomova|v,Wuhan,Wuhan Open,R64,R64,1.0,1.0,1.0,0.9523809523809523,99.76190476190476,47,Wuhan,Wuhan Open,2024-10-08,WTA1000,Outdoor,Hard,1st Round,3,Tomova V.,Krueger A.,48.0,65.0,1092.0,972.0,1.0,6.0,7.0,6.0,7.0,5.0,2.0,1.0,Completed,2.75,1.44,2.93,1.44,2.93,1.45,2.75,1.44,10338,2060
10339,2338,2226,2226,2024-10-07,2024-10-08,1,anisimova|a / bucsa|c,Wuhan,Wuhan Open,R64,R64,1.0,1.0,1.0,0.9523809523809523,99.76190476190476,47,Wuhan,Wuhan Open,2024-10-08,WTA1000,Outdoor,Hard,1st Round,3,Anisimova A.,Bucsa C.,39.0,71.0,1396.0,912.0,6.0,2.0,6.0,4.0,,,2.0,0.0,Completed,1.33,3.4,1.36,3.36,1.41,3.45,1.34,3.2,10339,2061
10340,2339,2234,2234,2024-10-07,2024-10-08,1,avanesyan|e / kostyuk|m,Wuhan,Wuhan Open,R64,R64,1.0,1.0,1.0,0.9523809523809523,99.76190476190476,47,Wuhan,Wuhan Open,2024-10-08,WTA1000,Outdoor,Hard,1st Round,3,Kostyuk M.,Avanesyan E.,17.0,47.0,2383.0,1185.0,4.0,6.0,7.0,5.0,7.0,6.0,2.0,1.0,Completed,1.33,3.4,1.33,3.53,1.35,3.53,1.32,3.34,10340,2062
10341,2340,2223,2223,2024-10-07,2024-10-08,1,linette|m / samsonova|l,Wuhan,Wuhan Open,R64,R64,1.0,1.0,1.0,0.9523809523809523,99.76190476190476,47,Wuhan,Wuhan Open,2024-10-08,WTA1000,Outdoor,Hard,1st Round,3,Linette M.,Samsonova L.,45.0,23.0,1241.0,2080.0,6.0,2.0,6.0,2.0,,,2.0,0.0,Completed,2.75,1.44,2.74,1.5,2.79,1.5,2.69,1.45,10341,2063
10342,2341,2228,2228,2024-10-07,2024-10-08,1,boulter|k / tsurenko|l,Wuhan,Wuhan Open,R64,R64,1.0,1.0,1.0,0.9523809523809523,99.76190476190476,47,Wuhan,Wuhan Open,2024-10-08,WTA1000,Outdoor,Hard,1st Round,3,Tsurenko L.,Boulter K.,96.0,34.0,739.0,1625.0,6.0,2.0,7.0,5.0,,,2.0,0.0,Completed,3.0,1.4,3.18,1.39,3.18,1.41,2.98,1.38,10342,2064
10345,2344,2230,2230,2024-10-07,2024-10-08,1,rakhimova|k / uchijima|m,Wuhan,Wuhan Open,R64,R64,1.0,1.0,1.0,0.9523809523809523,99.76190476190476,47,Wuhan,Wuhan Open,2024-10-08,WTA1000,Outdoor,Hard,1st Round,3,Rakhimova K.,Uchijima M.,66.0,64.0,925.0,978.0,6.0,1.0,6.0,2.0,,,2.0,0.0,Completed,1.62,2.3,1.68,2.27,1.68,2.35,1.62,2.27,10345,2065
10351,2350,2222,2222,2024-10-07,2024-10-08,1,alexandrova|e / kenin|s,Wuhan,Wuhan Open,R64,R64,1.0,1.0,1.0,0.9523809523809523,99.76190476190476,47,Wuhan,Wuhan Open,2024-10-08,WTA1000,Outdoor,Hard,1st Round,3,Alexandrova E.,Kenin S.,33.0,162.0,1693.0,471.0,6.0,1.0,4.0,6.0,6.0,4.0,2.0,1.0,Completed,1.67,2.2,1.74,2.18,1.74,2.28,1.69,2.14,10351,2066
10353,2352,2233,2233,2024-10-07,2024-10-08,1,bronzetti|l / tomljanovic|a,Wuhan,Wuhan Open,R64,R64,1.0,1.0,1.0,0.9523809523809523,99.76190476190476,47,Wuhan,Wuhan Open,2024-10-08,WTA1000,Outdoor,Hard,1st Round,3,Bronzetti L.,Tomljanovic A.,85.0,86.0,819.0,801.0,6.0,1.0,7.0,6.0,,,2.0,0.0,Completed,2.3,1.62,2.52,1.56,2.6,1.63,2.39,1.56,10353,2067
10316,2315,2239,2239,2024-10-07,2024-10-09,2,sabalenka|a / siniakova|k,Wuhan,Wuhan Open,R32,R32,1.0,1.0,1.0,0.9047619047619048,99.52380952380952,47,Wuhan,Wuhan Open,2024-10-09,WTA1000,Outdoor,Hard,2nd Round,3,Sabalenka A.,Siniakova K.,2.0,37.0,8716.0,1474.0,6.0,4.0,6.0,4.0,,,2.0,0.0,Completed,1.06,10.0,1.06,12.66,1.06,12.66,1.05,9.75,10316,2068
10317,2316,2237,2237,2024-10-07,2024-10-09,2,putintseva|y / vekic|d,Wuhan,Wuhan Open,R32,R32,1.0,1.0,1.0,0.9047619047619048,99.52380952380952,47,Wuhan,Wuhan Open,2024-10-09,WTA1000,Outdoor,Hard,2nd Round,3,Putintseva Y.,Vekic D.,35.0,18.0,1619.0,2298.0,6.0,4.0,3.0,6.0,6.0,4.0,2.0,1.0,Completed,2.0,1.8,2.09,1.81,2.2,1.82,2.04,1.77,10317,2069
10318,2317,2244,2244,2024-10-07,2024-10-09,2,haddad maia|b / kudermetova|v <> kudermetova|v / maia|b,Wuhan,Wuhan Open,R32,R32,1.0,1.0,1.0,0.9047619047619048,99.52380952380952,47,Wuhan,Wuhan Open,2024-10-09,WTA1000,Outdoor,Hard,2nd Round,3,Haddad Maia B.,Kudermetova V.,12.0,63.0,3036.0,983.0,6.0,1.0,6.0,4.0,,,2.0,0.0,Completed,1.53,2.5,1.6,2.49,1.61,2.5,1.56,2.41,10318,2070
10319,2318,2241,2241,2024-10-07,2024-10-09,2,frech|m / navarro|e,Wuhan,Wuhan Open,R32,R32,1.0,1.0,1.0,0.9047619047619048,99.52380952380952,47,Wuhan,Wuhan Open,2024-10-09,WTA1000,Outdoor,Hard,2nd Round,3,Frech M.,Navarro E.,27.0,8.0,1853.0,3698.0,6.0,4.0,3.0,6.0,6.0,3.0,2.0,1.0,Completed,3.5,1.3,3.45,1.35,3.64,1.35,3.39,1.31,10319,2071
10320,2319,2243,2243,2024-10-07,2024-10-09,2,gauff|c / tomova|v,Wuhan,Wuhan Open,R32,R32,1.0,1.0,1.0,0.9047619047619048,99.52380952380952,47,Wuhan,Wuhan Open,2024-10-09,WTA1000,Outdoor,Hard,2nd Round,3,Gauff C.,Tomova V.,4.0,48.0,5593.0,1092.0,6.0,1.0,6.0,2.0,,,2.0,0.0,Completed,1.1,7.0,1.13,7.2,1.13,7.2,1.1,6.75,10320,2072
10321,2320,2246,2246,2024-10-07,2024-10-09,2,anisimova|a / kostyuk|m,Wuhan,Wuhan Open,R32,R32,1.0,1.0,1.0,0.9047619047619048,99.52380952380952,47,Wuhan,Wuhan Open,2024-10-09,WTA1000,Outdoor,Hard,2nd Round,3,Kostyuk M.,Anisimova A.,17.0,39.0,2383.0,1396.0,,,,,,,,,Walkover,2.1,1.73,2.11,1.8,2.2,1.8,2.08,1.74,10321,2073
10322,2321,2238,2238,2024-10-07,2024-10-09,2,linette|m / tsurenko|l,Wuhan,Wuhan Open,R32,R32,1.0,1.0,1.0,0.9047619047619048,99.52380952380952,47,Wuhan,Wuhan Open,2024-10-09,WTA1000,Outdoor,Hard,2nd Round,3,Linette M.,Tsurenko L.,45.0,96.0,1241.0,739.0,5.0,2.0,,,,,0.0,0.0,Retired,1.44,2.75,1.45,2.93,1.48,2.95,1.42,2.79,10322,2074
10323,2322,2235,2235,2024-10-07,2024-10-09,2,kasatkina|d / pera|b,Wuhan,Wuhan Open,R32,R32,1.0,1.0,1.0,0.9047619047619048,99.52380952380952,47,Wuhan,Wuhan Open,2024-10-09,WTA1000,Outdoor,Hard,2nd Round,3,Kasatkina D.,Pera B.,11.0,95.0,3075.0,750.0,6.0,4.0,1.0,6.0,6.0,1.0,2.0,1.0,Completed,1.3,3.5,1.28,4.05,1.33,4.05,1.27,3.64,10323,2075
10324,2323,2248,2248,2024-10-07,2024-10-09,2,cristian|j / zheng|q,Wuhan,Wuhan Open,R32,R32,1.0,1.0,1.0,0.9047619047619048,99.52380952380952,47,Wuhan,Wuhan Open,2024-10-09,WTA1000,Outdoor,Hard,2nd Round,3,Zheng Q.,Cristian J.,7.0,75.0,4300.0,894.0,6.0,2.0,6.0,4.0,,,2.0,0.0,Completed,1.1,7.0,1.08,9.72,1.1,9.94,1.07,8.01,10324,2076
10325,2324,2242,2242,2024-10-07,2024-10-09,2,fernandez|l / rakhimova|k,Wuhan,Wuhan Open,R32,R32,1.0,1.0,1.0,0.9047619047619048,99.52380952380952,47,Wuhan,Wuhan Open,2024-10-09,WTA1000,Outdoor,Hard,2nd Round,3,Fernandez L.A.,Rakhimova K.,28.0,66.0,1834.0,925.0,6.0,2.0,5.0,7.0,7.0,6.0,2.0,1.0,Completed,1.36,3.2,1.39,3.25,1.4,3.3,1.36,3.08,10325,2077
10326,2325,2249,2249,2024-10-07,2024-10-09,2,andreeva|e / andreeva|m,Wuhan,Wuhan Open,R32,R32,1.0,1.0,1.0,0.9047619047619048,99.52380952380952,47,Wuhan,Wuhan Open,2024-10-09,WTA1000,Outdoor,Hard,2nd Round,3,Andreeva E.,Andreeva M.,70.0,19.0,913.0,2218.0,6.0,3.0,6.0,1.0,,,2.0,0.0,Completed,5.5,1.14,6.19,1.15,6.19,1.18,5.33,1.15,10326,2078
10327,2326,2250,2250,2024-10-07,2024-10-09,2,paolini|j / yuan|y,Wuhan,Wuhan Open,R32,R32,1.0,1.0,1.0,0.9047619047619048,99.52380952380952,47,Wuhan,Wuhan Open,2024-10-09,WTA1000,Outdoor,Hard,2nd Round,3,Paolini J.,Yuan Y.,6.0,41.0,5293.0,1349.0,6.0,4.0,6.0,3.0,,,2.0,0.0,Completed,1.36,3.2,1.37,3.34,1.44,3.34,1.36,3.11,10327,2079
10328,2327,2236,2236,2024-10-07,2024-10-09,2,baptiste|h / krejcikova|b,Wuhan,Wuhan Open,R32,R32,1.0,1.0,1.0,0.9047619047619048,99.52380952380952,47,Wuhan,Wuhan Open,2024-10-09,WTA1000,Outdoor,Hard,2nd Round,3,Baptiste H.,Krejcikova B.,102.0,10.0,709.0,3161.0,6.0,3.0,7.0,5.0,,,2.0,0.0,Completed,2.75,1.44,2.7,1.52,2.78,1.52,2.71,1.45,10328,2080
10329,2328,2240,2240,2024-10-07,2024-10-09,2,alexandrova|e / kalinskaya|a,Wuhan,Wuhan Open,R32,R32,1.0,1.0,1.0,0.9047619047619048,99.52380952380952,47,Wuhan,Wuhan Open,2024-10-09,WTA1000,Outdoor,Hard,2nd Round,3,Alexandrova E.,Kalinskaya A.,33.0,13.0,1693.0,2825.0,6.0,4.0,6.0,7.0,6.0,1.0,2.0,1.0,Completed,2.38,1.57,2.5,1.59,2.6,1.6,2.41,1.55,10329,2081
10331,2330,2247,2247,2024-10-07,2024-10-09,2,pegula|j / potapova|a,Wuhan,Wuhan Open,R32,R32,1.0,1.0,1.0,0.9047619047619048,99.52380952380952,47,Wuhan,Wuhan Open,2024-10-09,WTA1000,Outdoor,Hard,2nd Round,3,Pegula J.,Potapova A.,3.0,38.0,5945.0,1427.0,6.0,2.0,2.0,0.0,,,1.0,0.0,Retired,1.22,4.33,1.2,5.06,1.25,5.06,1.21,4.29,10331,2082
10308,2307,2257,2257,2024-10-07,2024-10-10,3,putintseva|y / sabalenka|a,Wuhan,Wuhan Open,R16,R16,1.0,1.0,1.0,0.8571428571428572,99.28571428571429,47,Wuhan,Wuhan Open,2024-10-10,WTA1000,Outdoor,Hard,3rd Round,3,Sabalenka A.,Putintseva Y.,2.0,35.0,8716.0,1619.0,1.0,6.0,6.0,4.0,6.0,0.0,2.0,1.0,Completed,1.13,6.0,1.16,6.17,1.17,6.4,1.14,5.54,10308,2083
10309,2308,2258,2258,2024-10-07,2024-10-10,3,frech|m / haddad maia|b <> frech|m / maia|b,Wuhan,Wuhan Open,R16,R16,1.0,1.0,1.0,0.8571428571428572,99.28571428571429,47,Wuhan,Wuhan Open,2024-10-10,WTA1000,Outdoor,Hard,3rd Round,3,Frech M.,Haddad Maia B.,27.0,12.0,1853.0,3036.0,6.0,3.0,6.0,2.0,,,2.0,0.0,Completed,3.2,1.36,3.44,1.36,3.45,1.38,3.15,1.35,10309,2084
10310,2309,2251,2251,2024-10-07,2024-10-10,3,gauff|c / kostyuk|m,Wuhan,Wuhan Open,R16,R16,1.0,1.0,1.0,0.8571428571428572,99.28571428571429,47,Wuhan,Wuhan Open,2024-10-10,WTA1000,Outdoor,Hard,3rd Round,3,Gauff C.,Kostyuk M.,4.0,17.0,5593.0,2383.0,6.0,4.0,6.0,1.0,,,2.0,0.0,Completed,1.3,3.5,1.34,3.56,1.34,3.61,1.3,3.41,10310,2085
10311,2310,2252,2252,2024-10-07,2024-10-10,3,kasatkina|d / linette|m,Wuhan,Wuhan Open,R16,R16,1.0,1.0,1.0,0.8571428571428572,99.28571428571429,47,Wuhan,Wuhan Open,2024-10-10,WTA1000,Outdoor,Hard,3rd Round,3,Linette M.,Kasatkina D.,45.0,11.0,1241.0,3075.0,6.0,2.0,6.0,3.0,,,2.0,0.0,Completed,2.5,1.53,2.66,1.54,2.66,1.59,2.5,1.51,10311,2086
10312,2311,2256,2256,2024-10-07,2024-10-10,3,fernandez|l / zheng|q,Wuhan,Wuhan Open,R16,R16,1.0,1.0,1.0,0.8571428571428572,99.28571428571429,47,Wuhan,Wuhan Open,2024-10-10,WTA1000,Outdoor,Hard,3rd Round,3,Zheng Q.,Fernandez L.A.,7.0,28.0,4300.0,1834.0,5.0,7.0,6.0,3.0,6.0,0.0,2.0,1.0,Completed,1.25,4.0,1.29,3.99,1.3,4.0,1.26,3.76,10312,2087
10313,2312,2255,2255,2024-10-07,2024-10-10,3,andreeva|e / paolini|j,Wuhan,Wuhan Open,R16,R16,1.0,1.0,1.0,0.8571428571428572,99.28571428571429,47,Wuhan,Wuhan Open,2024-10-10,WTA1000,Outdoor,Hard,3rd Round,3,Paolini J.,Andreeva E.,6.0,70.0,5293.0,913.0,6.0,3.0,6.0,2.0,,,2.0,0.0,Completed,1.3,3.5,1.28,4.12,1.33,4.12,1.29,3.51,10313,2088
10314,2313,2253,2253,2024-10-07,2024-10-10,3,alexandrova|e / baptiste|h,Wuhan,Wuhan Open,R16,R16,1.0,1.0,1.0,0.8571428571428572,99.28571428571429,47,Wuhan,Wuhan Open,2024-10-10,WTA1000,Outdoor,Hard,3rd Round,3,Alexandrova E.,Baptiste H.,33.0,102.0,1693.0,709.0,6.0,1.0,6.0,1.0,,,2.0,0.0,Completed,1.62,2.3,1.72,2.25,1.72,2.3,1.65,2.2,10314,2089
10304,2303,2261,2261,2024-10-07,2024-10-11,4,frech|m / sabalenka|a,Wuhan,Wuhan Open,QF,QF,1.0,1.0,1.0,0.8095238095238095,99.04761904761905,47,Wuhan,Wuhan Open,2024-10-11,WTA1000,Outdoor,Hard,Quarterfinals,3,Sabalenka A.,Frech M.,2.0,27.0,8716.0,1853.0,6.0,2.0,6.0,2.0,,,2.0,0.0,Completed,1.1,7.0,1.14,7.0,1.14,7.0,1.11,6.23,10304,2090
10305,2304,2259,2259,2024-10-07,2024-10-11,4,gauff|c / linette|m,Wuhan,Wuhan Open,QF,QF,1.0,1.0,1.0,0.8095238095238095,99.04761904761905,47,Wuhan,Wuhan Open,2024-10-11,WTA1000,Outdoor,Hard,Quarterfinals,3,Gauff C.,Linette M.,4.0,45.0,5593.0,1241.0,6.0,0.0,6.0,4.0,,,2.0,0.0,Completed,1.11,6.5,1.15,6.56,1.15,6.56,1.13,5.99,10305,2091
10306,2305,2262,2262,2024-10-07,2024-10-11,4,paolini|j / zheng|q,Wuhan,Wuhan Open,QF,QF,1.0,1.0,1.0,0.8095238095238095,99.04761904761905,47,Wuhan,Wuhan Open,2024-10-11,WTA1000,Outdoor,Hard,Quarterfinals,3,Zheng Q.,Paolini J.,7.0,6.0,4300.0,5293.0,6.0,2.0,3.0,6.0,6.0,3.0,2.0,1.0,Completed,1.36,3.2,1.4,3.25,1.44,3.31,1.36,3.09,10306,2092
10302,2301,2263,2263,2024-10-07,2024-10-12,5,gauff|c / sabalenka|a,Wuhan,Wuhan Open,SF,SF,1.0,1.0,1.0,0.7619047619047619,98.80952380952381,47,Wuhan,Wuhan Open,2024-10-12,WTA1000,Outdoor,Hard,Semifinals,3,Sabalenka A.,Gauff C.,2.0,4.0,8716.0,5593.0,1.0,6.0,6.0,4.0,6.0,4.0,2.0,1.0,Completed,1.57,2.38,1.68,2.33,1.68,2.41,1.6,2.31,10302,2093
10301,2300,2265,2265,2024-10-07,2024-10-13,6,sabalenka|a / zheng|q,Wuhan,Wuhan Open,F,F,1.0,1.0,1.0,0.7142857142857143,98.57142857142857,47,Wuhan,Wuhan Open,2024-10-13,WTA1000,Outdoor,Hard,The Final,3,Sabalenka A.,Zheng Q.,2.0,7.0,8716.0,4300.0,6.0,3.0,5.0,7.0,6.0,3.0,2.0,1.0,Completed,1.4,3.0,1.48,2.88,1.48,3.0,1.43,2.79,10301,2094
10373,2372,2270,2270,2024-10-14,2024-10-14,0,badosa|p / shnaider|d,Ningbo,Ningbo Open,R32,R32,1.0,1.0,1.0,1.0,100.0,48,Ningbo,Ningbo Open,2024-10-14,WTA500,Outdoor,Hard,1st Round,3,Badosa P.,Shnaider D.,14.0,16.0,2713.0,2641.0,4.0,6.0,6.0,3.0,6.0,3.0,2.0,1.0,Completed,1.4,3.0,1.42,3.04,1.45,3.04,1.4,2.89,10373,2095
10375,2374,2266,2266,2024-10-14,2024-10-14,0,dolehide|c / putintseva|y,Ningbo,Ningbo Open,R32,R32,1.0,1.0,1.0,1.0,100.0,48,Ningbo,Ningbo Open,2024-10-14,WTA500,Outdoor,Hard,1st Round,3,Putintseva Y.,Dolehide C.,32.0,100.0,1738.0,712.0,6.0,2.0,6.0,0.0,,,2.0,0.0,Completed,1.17,5.0,1.15,6.09,1.2,6.09,1.15,5.28,10375,2096
10377,2376,2267,2267,2024-10-14,2024-10-14,0,bondar|a / korpatsch|t,Ningbo,Ningbo Open,R32,R32,1.0,1.0,1.0,1.0,100.0,48,Ningbo,Ningbo Open,2024-10-14,WTA500,Outdoor,Hard,1st Round,3,Korpatsch T.,Bondar A.,129.0,87.0,566.0,800.0,6.0,7.0,7.0,6.0,6.0,4.0,2.0,1.0,Completed,2.5,1.53,,,2.6,1.53,2.5,1.5,10377,2097
10378,2377,2269,2269,2024-10-14,2024-10-14,0,andreeva|m / lepchenko|v,Ningbo,Ningbo Open,R32,R32,1.0,1.0,1.0,1.0,100.0,48,Ningbo,Ningbo Open,2024-10-14,WTA500,Outdoor,Hard,1st Round,3,Andreeva M.,Lepchenko V.,19.0,161.0,2253.0,474.0,6.0,2.0,6.0,0.0,,,2.0,0.0,Completed,1.07,9.0,1.07,10.75,1.08,10.75,1.06,8.75,10378,2098
10399,2398,2296,2296,2024-10-14,2024-10-14,0,kessler|m / shibahara|e,Osaka,Japan Open,R32,R32,0.32000000000000006,1.0,1.0,1.0,62.60000000000001,49,Osaka,Japan Open,2024-10-14,WTA250,Outdoor,Hard,1st Round,3,Kessler M.,Shibahara E.,76.0,139.0,879.0,535.0,6.0,4.0,6.0,1.0,,,2.0,0.0,Completed,1.53,2.5,1.57,2.52,1.6,2.52,1.55,2.43,10399,2099
10400,2399,2298,2298,2024-10-14,2024-10-14,0,ito|a / kenin|s,Osaka,Japan Open,R32,R32,0.32000000000000006,1.0,1.0,1.0,62.60000000000001,49,Osaka,Japan Open,2024-10-14,WTA250,Outdoor,Hard,1st Round,3,Ito A.,Kenin S.,188.0,158.0,379.0,480.0,6.0,2.0,3.0,6.0,7.0,5.0,2.0,1.0,Completed,3.75,1.29,3.43,1.35,3.75,1.39,3.31,1.32,10400,2100
10401,2400,2297,2297,2024-10-14,2024-10-14,0,cocciaretto|e / ponchet|j,Osaka,Japan Open,R32,R32,0.32000000000000006,1.0,1.0,1.0,62.60000000000001,49,Osaka,Japan Open,2024-10-14,WTA250,Outdoor,Hard,1st Round,3,Cocciaretto E.,Ponchet J.,50.0,109.0,1078.0,662.0,6.0,4.0,5.0,7.0,7.0,6.0,2.0,1.0,Completed,1.25,4.0,1.34,3.5,1.34,4.0,1.3,3.42,10401,2101
10406,2405,2293,2293,2024-10-14,2024-10-14,0,lamens|s / tomova|v,Osaka,Japan Open,R32,R32,0.32000000000000006,1.0,1.0,1.0,62.60000000000001,49,Osaka,Japan Open,2024-10-14,WTA250,Outdoor,Hard,1st Round,3,Lamens S.,Tomova V.,125.0,49.0,578.0,1127.0,6.0,0.0,6.0,2.0,,,2.0,0.0,Completed,2.5,1.53,2.47,1.59,2.6,1.59,2.45,1.54,10406,2102
10407,2406,2295,2295,2024-10-14,2024-10-14,0,bronzetti|l / bucsa|c,Osaka,Japan Open,R32,R32,0.32000000000000006,1.0,1.0,1.0,62.60000000000001,49,Osaka,Japan Open,2024-10-14,WTA250,Outdoor,Hard,1st Round,3,Bronzetti L.,Bucsa C.,78.0,70.0,849.0,912.0,6.0,3.0,6.0,4.0,,,2.0,0.0,Completed,1.91,1.91,1.87,2.0,2.25,2.0,1.88,1.9,10407,2103
10413,2412,2294,2294,2024-10-14,2024-10-14,0,tauson|c / volynets|k,Osaka,Japan Open,R32,R32,0.32000000000000006,1.0,1.0,1.0,62.60000000000001,49,Osaka,Japan Open,2024-10-14,WTA250,Outdoor,Hard,1st Round,3,Tauson C.,Volynets K.,63.0,58.0,985.0,1006.0,6.0,1.0,6.0,4.0,,,2.0,0.0,Completed,1.67,2.2,1.63,2.38,1.68,2.38,1.64,2.27,10413,2104
10371,2370,2275,2275,2024-10-14,2024-10-15,1,boulter|k / errani|s,Ningbo,Ningbo Open,R32,R32,1.0,1.0,1.0,0.9523809523809523,99.76190476190476,48,Ningbo,Ningbo Open,2024-10-15,WTA500,Outdoor,Hard,1st Round,3,Boulter K.,Errani S.,35.0,90.0,1625.0,795.0,6.0,3.0,6.0,2.0,,,2.0,0.0,Completed,1.25,4.0,1.29,3.9,1.29,4.0,1.27,3.8,10371,2105
10374,2373,2272,2272,2024-10-14,2024-10-15,1,linette|m / siniakova|k,Ningbo,Ningbo Open,R32,R32,1.0,1.0,1.0,0.9523809523809523,99.76190476190476,48,Ningbo,Ningbo Open,2024-10-15,WTA500,Outdoor,Hard,1st Round,3,Siniakova K.,Linette M.,42.0,40.0,1304.0,1396.0,6.0,2.0,6.0,4.0,,,2.0,0.0,Completed,2.0,1.8,2.1,1.79,2.12,1.84,2.02,1.77,10374,2106
10376,2375,2271,2271,2024-10-14,2024-10-15,1,seidel|e / von deichmann|k,Ningbo,Ningbo Open,R32,R32,1.0,1.0,1.0,0.9523809523809523,99.76190476190476,48,Ningbo,Ningbo Open,2024-10-15,WTA500,Outdoor,Hard,1st Round,3,Seidel E.,Von Deichmann K.,121.0,169.0,593.0,430.0,6.0,3.0,6.0,1.0,,,2.0,0.0,Completed,,,,,,,,,10376,2107
10379,2378,2274,2274,2024-10-14,2024-10-15,1,ma|y / you|x,Ningbo,Ningbo Open,R32,R32,1.0,1.0,1.0,0.9523809523809523,99.76190476190476,48,Ningbo,Ningbo Open,2024-10-15,WTA500,Outdoor,Hard,1st Round,3,Ma Y.,You X.,261.0,281.0,264.0,230.0,6.0,2.0,6.0,2.0,,,2.0,0.0,Completed,1.91,1.91,1.93,1.93,2.08,1.93,1.92,1.85,10379,2108
10380,2379,2273,2273,2024-10-14,2024-10-15,1,hon|p / kalinskaya|a,Ningbo,Ningbo Open,R32,R32,1.0,1.0,1.0,0.9523809523809523,99.76190476190476,48,Ningbo,Ningbo Open,2024-10-15,WTA500,Outdoor,Hard,1st Round,3,Kalinskaya A.,Hon P.,12.0,225.0,2880.0,314.0,3.0,6.0,6.0,3.0,6.0,4.0,2.0,1.0,Completed,1.17,5.0,1.13,6.61,1.18,6.61,1.14,5.31,10380,2109
10402,2401,2306,2306,2024-10-14,2024-10-15,1,hontama|m / mertens|e,Osaka,Japan Open,R32,R32,0.32000000000000006,1.0,1.0,0.9523809523809523,62.36190476190477,49,Osaka,Japan Open,2024-10-15,WTA250,Outdoor,Hard,1st Round,3,Mertens E.,Hontama M.,27.0,126.0,1804.0,575.0,6.0,1.0,6.0,1.0,,,2.0,0.0,Completed,1.14,5.5,1.16,5.84,1.17,5.84,1.15,5.29,10402,2110
10403,2402,2308,2308,2024-10-14,2024-10-15,1,birrell|k / zheng|s,Osaka,Japan Open,R32,R32,0.32000000000000006,1.0,1.0,0.9523809523809523,62.36190476190477,49,Osaka,Japan Open,2024-10-15,WTA250,Outdoor,Hard,1st Round,3,Birrell K.,Zheng S.,150.0,1007.0,495.0,17.0,6.0,2.0,6.0,3.0,,,2.0,0.0,Completed,1.13,6.0,1.16,5.79,1.16,6.5,1.14,5.6,10403,2111
10404,2403,2307,2307,2024-10-14,2024-10-15,1,bouzas maneiro|j / saito|s <> maneiro|j / saito|s,Osaka,Japan Open,R32,R32,0.32000000000000006,1.0,1.0,0.9523809523809523,62.36190476190477,49,Osaka,Japan Open,2024-10-15,WTA250,Outdoor,Hard,1st Round,3,Saito S.,Bouzas Maneiro J.,179.0,61.0,403.0,992.0,6.0,3.0,6.0,2.0,,,2.0,0.0,Completed,3.0,1.4,2.98,1.43,3,1.43,2.9,1.4,10404,2112
10405,2404,2305,2305,2024-10-14,2024-10-15,1,avanesyan|e / krueger|a,Osaka,Japan Open,R32,R32,0.32000000000000006,1.0,1.0,0.9523809523809523,62.36190476190477,49,Osaka,Japan Open,2024-10-15,WTA250,Outdoor,Hard,1st Round,3,Avanesyan E.,Krueger A.,48.0,65.0,1177.0,969.0,7.0,6.0,6.0,3.0,,,2.0,0.0,Completed,2.3,1.62,2.29,1.68,2.37,1.68,2.26,1.62,10405,2113
10408,2407,2304,2304,2024-10-14,2024-10-15,1,bogdan|a / kudermetova|v,Osaka,Japan Open,R32,R32,0.32000000000000006,1.0,1.0,0.9523809523809523,62.36190476190477,49,Osaka,Japan Open,2024-10-15,WTA250,Outdoor,Hard,1st Round,3,Bogdan A.,Kudermetova V.,111.0,67.0,641.0,938.0,6.0,2.0,6.0,2.0,,,2.0,0.0,Completed,2.5,1.53,2.6,1.54,2.6,1.57,2.47,1.52,10408,2114
10409,2408,2302,2302,2024-10-14,2024-10-15,1,bouzkova|m / uchijima|m,Osaka,Japan Open,R32,R32,0.32000000000000006,1.0,1.0,0.9523809523809523,62.36190476190477,49,Osaka,Japan Open,2024-10-15,WTA250,Outdoor,Hard,1st Round,3,Bouzkova M.,Uchijima M.,43.0,59.0,1270.0,995.0,7.0,6.0,2.0,6.0,6.0,3.0,2.0,1.0,Completed,1.25,4.0,1.25,4.22,1.27,4.4,1.23,3.99,10409,2115
10410,2409,2303,2303,2024-10-14,2024-10-15,1,andreeva|e / parry|d,Osaka,Japan Open,R32,R32,0.32000000000000006,1.0,1.0,0.9523809523809523,62.36190476190477,49,Osaka,Japan Open,2024-10-15,WTA250,Outdoor,Hard,1st Round,3,Parry D.,Andreeva E.,52.0,66.0,1056.0,952.0,4.0,6.0,7.0,6.0,6.0,1.0,2.0,1.0,Completed,2.1,1.73,2.22,1.71,2.22,1.73,2.14,1.69,10410,2116
10411,2410,2301,2301,2024-10-14,2024-10-15,1,andreescu|b / minnen|g,Osaka,Japan Open,R32,R32,0.32000000000000006,1.0,1.0,0.9523809523809523,62.36190476190477,49,Osaka,Japan Open,2024-10-15,WTA250,Outdoor,Hard,1st Round,3,Minnen G.,Andreescu B.,95.0,163.0,774.0,454.0,6.0,3.0,6.0,0.0,,,2.0,0.0,Completed,2.63,1.5,2.65,1.52,2.65,1.55,2.53,1.51,10411,2117
10412,2411,2300,2300,2024-10-14,2024-10-15,1,dart|h / siegemund|l,Osaka,Japan Open,R32,R32,0.32000000000000006,1.0,1.0,0.9523809523809523,62.36190476190477,49,Osaka,Japan Open,2024-10-15,WTA250,Outdoor,Hard,1st Round,3,Dart H.,Siegemund L.,81.0,89.0,837.0,796.0,3.0,6.0,7.0,5.0,7.0,5.0,2.0,1.0,Completed,2.63,1.5,2.8,1.48,2.8,1.51,2.61,1.48,10412,2118
10365,2364,2279,2279,2024-10-14,2024-10-16,2,kasatkina|d / siniakova|k,Ningbo,Ningbo Open,R16,R16,1.0,1.0,1.0,0.9047619047619048,99.52380952380952,48,Ningbo,Ningbo Open,2024-10-16,WTA500,Outdoor,Hard,2nd Round,3,Kasatkina D.,Siniakova K.,11.0,42.0,3108.0,1304.0,1.0,6.0,6.0,3.0,6.0,2.0,2.0,1.0,Completed,1.67,2.2,1.64,2.39,1.67,2.44,1.61,2.28,10365,2119
10366,2365,2278,2278,2024-10-14,2024-10-16,2,putintseva|y / seidel|e,Ningbo,Ningbo Open,R16,R16,1.0,1.0,1.0,0.9047619047619048,99.52380952380952,48,Ningbo,Ningbo Open,2024-10-16,WTA500,Outdoor,Hard,2nd Round,3,Putintseva Y.,Seidel E.,32.0,121.0,1738.0,593.0,6.0,4.0,6.0,4.0,,,2.0,0.0,Completed,1.08,8.0,1.1,8.49,1.12,8.69,1.08,7.77,10366,2120
10367,2366,2280,2280,2024-10-14,2024-10-16,2,andreeva|m / korpatsch|t,Ningbo,Ningbo Open,R16,R16,1.0,1.0,1.0,0.9047619047619048,99.52380952380952,48,Ningbo,Ningbo Open,2024-10-16,WTA500,Outdoor,Hard,2nd Round,3,Andreeva M.,Korpatsch T.,19.0,129.0,2253.0,566.0,6.0,0.0,6.0,4.0,,,2.0,0.0,Completed,1.03,15.0,1.04,16.77,1.05,17.37,1.02,12.81,10367,2121
10381,2380,2277,2277,2024-10-14,2024-10-16,2,tomljanovic|a / yuan|y,Ningbo,Ningbo Open,R32,R32,1.0,1.0,1.0,0.9047619047619048,99.52380952380952,48,Ningbo,Ningbo Open,2024-10-16,WTA500,Outdoor,Hard,1st Round,3,Yuan Y.,Tomljanovic A.,46.0,85.0,1234.0,811.0,6.0,4.0,6.0,2.0,,,2.0,0.0,Completed,2.1,1.73,2.04,1.85,2.1,1.85,2.04,1.76,10381,2122
10382,2381,2276,2276,2024-10-14,2024-10-16,2,gadecki|o / muchova|k,Ningbo,Ningbo Open,R32,R32,1.0,1.0,1.0,0.9047619047619048,99.52380952380952,48,Ningbo,Ningbo Open,2024-10-16,WTA500,Outdoor,Hard,1st Round,3,Muchova K.,Gadecki O.,29.0,84.0,1776.0,829.0,6.0,3.0,7.0,5.0,,,2.0,0.0,Completed,1.1,7.0,1.13,6.8,1.14,7.03,1.11,6.22,10382,2123
10390,2389,2310,2310,2024-10-14,2024-10-16,2,kessler|m / lys|e,Osaka,Japan Open,R16,R16,0.32000000000000006,1.0,1.0,0.9047619047619048,62.123809523809534,49,Osaka,Japan Open,2024-10-16,WTA250,Outdoor,Hard,2nd Round,3,Lys E.,Kessler M.,118.0,76.0,610.0,879.0,7.0,6.0,3.0,6.0,7.0,5.0,2.0,1.0,Completed,1.8,2.0,1.79,2.12,1.91,2.12,1.8,1.99,10390,2124
10391,2390,2312,2312,2024-10-14,2024-10-16,2,cocciaretto|e / ito|a,Osaka,Japan Open,R16,R16,0.32000000000000006,1.0,1.0,0.9047619047619048,62.123809523809534,49,Osaka,Japan Open,2024-10-16,WTA250,Outdoor,Hard,2nd Round,3,Ito A.,Cocciaretto E.,188.0,50.0,379.0,1078.0,6.0,4.0,6.0,3.0,,,2.0,0.0,Completed,3.5,1.3,3.51,1.34,4.62,1.37,3.42,1.3,10391,2125
10394,2393,2309,2309,2024-10-14,2024-10-16,2,bronzetti|l / lamens|s,Osaka,Japan Open,R16,R16,0.32000000000000006,1.0,1.0,0.9047619047619048,62.123809523809534,49,Osaka,Japan Open,2024-10-16,WTA250,Outdoor,Hard,2nd Round,3,Lamens S.,Bronzetti L.,125.0,78.0,578.0,849.0,6.0,3.0,6.0,4.0,,,2.0,0.0,Completed,2.3,1.62,2.18,1.76,2.32,1.76,2.18,1.67,10394,2126
10397,2396,2311,2311,2024-10-14,2024-10-16,2,dart|h / tauson|c,Osaka,Japan Open,R16,R16,0.32000000000000006,1.0,1.0,0.9047619047619048,62.123809523809534,49,Osaka,Japan Open,2024-10-16,WTA250,Outdoor,Hard,2nd Round,3,Tauson C.,Dart H.,63.0,81.0,985.0,837.0,6.0,3.0,6.0,2.0,,,2.0,0.0,Completed,1.29,3.75,1.29,3.92,1.33,3.92,1.28,3.6,10397,2127
10363,2362,2282,2282,2024-10-14,2024-10-17,3,boulter|k / haddad maia|b <> boulter|k / maia|b,Ningbo,Ningbo Open,R16,R16,1.0,1.0,1.0,0.8571428571428572,99.28571428571429,48,Ningbo,Ningbo Open,2024-10-17,WTA500,Outdoor,Hard,2nd Round,3,Haddad Maia B.,Boulter K.,10.0,35.0,3146.0,1625.0,7.0,6.0,7.0,5.0,,,2.0,0.0,Completed,1.53,2.5,1.51,2.71,1.57,2.71,1.52,2.48,10363,2128
10368,2367,2283,2283,2024-10-14,2024-10-17,3,krejcikova|b / ma|y,Ningbo,Ningbo Open,R16,R16,1.0,1.0,1.0,0.8571428571428572,99.28571428571429,48,Ningbo,Ningbo Open,2024-10-17,WTA500,Outdoor,Hard,2nd Round,3,Krejcikova B.,Ma Y.,13.0,261.0,2866.0,264.0,7.0,6.0,6.0,3.0,,,2.0,0.0,Completed,1.08,8.0,1.11,7.89,1.11,8.5,1.09,7.22,10368,2129
10369,2368,2284,2284,2024-10-14,2024-10-17,3,kalinskaya|a / yuan|y,Ningbo,Ningbo Open,R16,R16,1.0,1.0,1.0,0.8571428571428572,99.28571428571429,48,Ningbo,Ningbo Open,2024-10-17,WTA500,Outdoor,Hard,2nd Round,3,Kalinskaya A.,Yuan Y.,12.0,46.0,2880.0,1234.0,6.0,3.0,6.0,3.0,,,2.0,0.0,Completed,1.5,2.63,1.58,2.51,1.61,2.55,1.52,2.48,10369,2130
10370,2369,2285,2285,2024-10-14,2024-10-17,3,cristian|j / muchova|k,Ningbo,Ningbo Open,R16,R16,1.0,1.0,1.0,0.8571428571428572,99.28571428571429,48,Ningbo,Ningbo Open,2024-10-17,WTA500,Outdoor,Hard,2nd Round,3,Muchova K.,Cristian J.,29.0,73.0,1776.0,902.0,6.0,2.0,6.0,1.0,,,2.0,0.0,Completed,1.07,9.0,1.11,8.22,1.11,10.0,1.07,8.35,10370,2131
10392,2391,2315,2315,2024-10-14,2024-10-17,3,birrell|k / mertens|e,Osaka,Japan Open,R16,R16,0.32000000000000006,1.0,1.0,0.8571428571428572,61.88571428571429,49,Osaka,Japan Open,2024-10-17,WTA250,Outdoor,Hard,2nd Round,3,Birrell K.,Mertens E.,150.0,27.0,495.0,1804.0,3.0,6.0,7.0,5.0,4.0,1.0,1.0,1.0,Retired,4.5,1.2,4.67,1.23,4.67,1.26,4.23,1.22,10392,2132
10393,2392,2316,2316,2024-10-14,2024-10-17,3,avanesyan|e / saito|s,Osaka,Japan Open,R16,R16,0.32000000000000006,1.0,1.0,0.8571428571428572,61.88571428571429,49,Osaka,Japan Open,2024-10-17,WTA250,Outdoor,Hard,2nd Round,3,Saito S.,Avanesyan E.,179.0,48.0,403.0,1177.0,7.0,6.0,6.0,4.0,,,2.0,0.0,Completed,4.0,1.25,4.16,1.27,4.16,1.3,3.73,1.27,10393,2133
10395,2394,2313,2313,2024-10-14,2024-10-17,3,bogdan|a / bouzkova|m,Osaka,Japan Open,R16,R16,0.32000000000000006,1.0,1.0,0.8571428571428572,61.88571428571429,49,Osaka,Japan Open,2024-10-17,WTA250,Outdoor,Hard,2nd Round,3,Bogdan A.,Bouzkova M.,111.0,43.0,641.0,1270.0,6.0,0.0,7.0,6.0,,,2.0,0.0,Completed,2.38,1.57,2.4,1.63,2.4,1.64,2.32,1.59,10395,2134
10396,2395,2314,2314,2024-10-14,2024-10-17,3,minnen|g / parry|d,Osaka,Japan Open,R16,R16,0.32000000000000006,1.0,1.0,0.8571428571428572,61.88571428571429,49,Osaka,Japan Open,2024-10-17,WTA250,Outdoor,Hard,2nd Round,3,Parry D.,Minnen G.,52.0,95.0,1056.0,774.0,6.0,4.0,6.0,2.0,,,2.0,0.0,Completed,2.1,1.73,2.16,1.76,2.16,1.82,2.07,1.74,10396,2135
10359,2358,2288,2288,2024-10-14,2024-10-18,4,badosa|p / haddad maia|b <> badosa|p / maia|b,Ningbo,Ningbo Open,QF,QF,1.0,1.0,1.0,0.8095238095238095,99.04761904761905,48,Ningbo,Ningbo Open,2024-10-18,WTA500,Outdoor,Hard,Quarterfinals,3,Badosa P.,Haddad Maia B.,14.0,10.0,2713.0,3146.0,6.0,3.0,6.0,2.0,,,2.0,0.0,Completed,1.44,2.75,1.48,2.88,1.49,2.88,1.44,2.74,10359,2136
10360,2359,2286,2286,2024-10-14,2024-10-18,4,kasatkina|d / putintseva|y,Ningbo,Ningbo Open,QF,QF,1.0,1.0,1.0,0.8095238095238095,99.04761904761905,48,Ningbo,Ningbo Open,2024-10-18,WTA500,Outdoor,Hard,Quarterfinals,3,Kasatkina D.,Putintseva Y.,11.0,32.0,3108.0,1738.0,6.0,4.0,1.0,6.0,7.0,6.0,2.0,1.0,Completed,2.38,1.57,2.27,1.71,2.4,1.72,2.25,1.63,10360,2137
10361,2360,2287,2287,2024-10-14,2024-10-18,4,andreeva|m / krejcikova|b,Ningbo,Ningbo Open,QF,QF,1.0,1.0,1.0,0.8095238095238095,99.04761904761905,48,Ningbo,Ningbo Open,2024-10-18,WTA500,Outdoor,Hard,Quarterfinals,3,Andreeva M.,Krejcikova B.,19.0,13.0,2253.0,2866.0,7.0,6.0,3.0,2.0,,,1.0,0.0,Retired,1.3,3.5,1.37,3.39,1.37,3.65,1.31,3.37,10361,2138
10362,2361,2289,2289,2024-10-14,2024-10-18,4,kalinskaya|a / muchova|k,Ningbo,Ningbo Open,QF,QF,1.0,1.0,1.0,0.8095238095238095,99.04761904761905,48,Ningbo,Ningbo Open,2024-10-18,WTA500,Outdoor,Hard,Quarterfinals,3,Muchova K.,Kalinskaya A.,29.0,12.0,1776.0,2880.0,2.0,6.0,6.0,2.0,6.0,3.0,2.0,1.0,Completed,1.22,4.33,1.28,4.16,1.28,4.33,1.24,3.97,10362,2139
10386,2385,2318,2318,2024-10-14,2024-10-18,4,ito|a / lys|e,Osaka,Japan Open,QF,QF,0.32000000000000006,1.0,1.0,0.8095238095238095,61.64761904761906,49,Osaka,Japan Open,2024-10-18,WTA250,Outdoor,Hard,Quarterfinals,3,Ito A.,Lys E.,188.0,118.0,379.0,610.0,6.0,7.0,6.0,2.0,6.0,3.0,2.0,1.0,Completed,3.2,1.36,2.87,1.48,3.2,1.48,2.86,1.41,10386,2140
10387,2386,2320,2320,2024-10-14,2024-10-18,4,birrell|k / saito|s,Osaka,Japan Open,QF,QF,0.32000000000000006,1.0,1.0,0.8095238095238095,61.64761904761906,49,Osaka,Japan Open,2024-10-18,WTA250,Outdoor,Hard,Quarterfinals,3,Birrell K.,Saito S.,150.0,179.0,495.0,403.0,7.0,5.0,6.0,4.0,,,2.0,0.0,Completed,1.73,2.1,1.8,2.14,1.8,2.22,1.73,2.09,10387,2141
10388,2387,2317,2317,2024-10-14,2024-10-18,4,bogdan|a / lamens|s,Osaka,Japan Open,QF,QF,0.32000000000000006,1.0,1.0,0.8095238095238095,61.64761904761906,49,Osaka,Japan Open,2024-10-18,WTA250,Outdoor,Hard,Quarterfinals,3,Lamens S.,Bogdan A.,125.0,111.0,578.0,641.0,4.0,6.0,6.0,3.0,6.0,3.0,2.0,1.0,Completed,2.5,1.53,2.34,1.68,2.51,1.68,2.38,1.57,10388,2142
10389,2388,2319,2319,2024-10-14,2024-10-18,4,parry|d / tauson|c,Osaka,Japan Open,QF,QF,0.32000000000000006,1.0,1.0,0.8095238095238095,61.64761904761906,49,Osaka,Japan Open,2024-10-18,WTA250,Outdoor,Hard,Quarterfinals,3,Parry D.,Tauson C.,52.0,63.0,1056.0,985.0,6.0,3.0,1.0,6.0,6.0,3.0,2.0,1.0,Completed,2.75,1.44,2.6,1.56,2.78,1.58,2.59,1.49,10389,2143
10357,2356,2290,2290,2024-10-14,2024-10-19,5,badosa|p / kasatkina|d,Ningbo,Ningbo Open,SF,SF,1.0,1.0,1.0,0.7619047619047619,98.80952380952381,48,Ningbo,Ningbo Open,2024-10-19,WTA500,Outdoor,Hard,Semifinals,3,Kasatkina D.,Badosa P.,11.0,14.0,3108.0,2713.0,6.0,4.0,,,,,1.0,0.0,Retired,4.0,1.25,3.97,1.29,4,1.3,3.74,1.26,10357,2144
10358,2357,2291,2291,2024-10-14,2024-10-19,5,andreeva|m / muchova|k,Ningbo,Ningbo Open,SF,SF,1.0,1.0,1.0,0.7619047619047619,98.80952380952381,48,Ningbo,Ningbo Open,2024-10-19,WTA500,Outdoor,Hard,Semifinals,3,Andreeva M.,Muchova K.,19.0,29.0,2253.0,1776.0,6.0,2.0,1.0,0.0,,,1.0,0.0,Retired,2.75,1.44,2.66,1.53,2.75,1.54,2.56,1.5,10358,2145
10356,2355,2292,2292,2024-10-14,2024-10-20,6,andreeva|m / kasatkina|d,Ningbo,Ningbo Open,F,F,1.0,1.0,1.0,0.7142857142857143,98.57142857142857,48,Ningbo,Ningbo Open,2024-10-20,WTA500,Outdoor,Hard,The Final,3,Kasatkina D.,Andreeva M.,11.0,19.0,3108.0,2253.0,6.0,0.0,4.0,6.0,6.0,4.0,2.0,1.0,Completed,3.0,1.4,3.13,1.42,3.13,1.44,2.89,1.4,10356,2146
10383,2382,2323,2323,2024-10-14,2024-10-20,6,birrell|k / lamens|s,Osaka,Japan Open,F,F,0.32000000000000006,1.0,1.0,0.7142857142857143,61.17142857142858,49,Osaka,Japan Open,2024-10-20,WTA250,Outdoor,Hard,The Final,3,Lamens S.,Birrell K.,125.0,150.0,578.0,495.0,6.0,0.0,6.0,4.0,,,2.0,0.0,Completed,1.53,2.5,1.62,2.43,1.64,2.5,1.57,2.42,10383,2147
10384,2383,2322,2322,2024-10-14,2024-10-20,6,birrell|k / ito|a,Osaka,Japan Open,SF,SF,0.32000000000000006,1.0,1.0,0.7142857142857143,61.17142857142858,49,Osaka,Japan Open,2024-10-20,WTA250,Outdoor,Hard,Semifinals,3,Birrell K.,Ito A.,150.0,188.0,495.0,379.0,6.0,4.0,6.0,3.0,,,2.0,0.0,Completed,1.62,2.3,1.67,2.36,1.69,2.46,1.61,2.29,10384,2148
10385,2384,2321,2321,2024-10-14,2024-10-20,6,lamens|s / parry|d,Osaka,Japan Open,SF,SF,0.32000000000000006,1.0,1.0,0.7142857142857143,61.17142857142858,49,Osaka,Japan Open,2024-10-20,WTA250,Outdoor,Hard,Semifinals,3,Lamens S.,Parry D.,125.0,52.0,578.0,1056.0,6.0,2.0,6.0,4.0,,,2.0,0.0,Completed,2.63,1.5,2.59,1.56,2.63,1.57,2.5,1.52,10385,2149
10435,2434,2325,2325,2024-10-21,2024-10-21,0,andreeva|e / danilovic|o,Guangzhou,Guangzhou Open,R32,R32,1.0,1.0,1.0,1.0,100.0,50,Guangzhou,Guangzhou Open,2024-10-21,WTA250,Outdoor,Hard,1st Round,3,Danilovic O.,Andreeva E.,86.0,65.0,805.0,947.0,6.0,4.0,6.0,4.0,,,2.0,0.0,Completed,2.0,1.8,2.03,1.85,2.03,1.85,1.98,1.8,10435,2150
10437,2436,2324,2324,2024-10-21,2024-10-21,0,sramkova|r / wei|s,Guangzhou,Guangzhou Open,R32,R32,1.0,1.0,1.0,1.0,100.0,50,Guangzhou,Guangzhou Open,2024-10-21,WTA250,Outdoor,Hard,1st Round,3,Wei S.,Sramkova R.,135.0,51.0,539.0,1051.0,6.0,1.0,6.0,4.0,,,2.0,0.0,Completed,2.75,1.44,2.74,1.5,2.78,1.53,2.64,1.47,10437,2151
10439,2438,2326,2326,2024-10-21,2024-10-21,0,cristian|j / golubic|v,Guangzhou,Guangzhou Open,R32,R32,1.0,1.0,1.0,1.0,100.0,50,Guangzhou,Guangzhou Open,2024-10-21,WTA250,Outdoor,Hard,1st Round,3,Cristian J.,Golubic V.,74.0,165.0,887.0,441.0,6.0,4.0,2.0,6.0,6.0,1.0,2.0,1.0,Completed,1.73,2.1,1.8,2.09,1.8,2.21,1.71,2.11,10439,2152
10461,2460,2356,2356,2024-10-21,2024-10-21,0,gracheva|v / hontama|m,Tokyo,Toray Pan Pacific Open Tennis Tournament,R32,R32,0.21818181818181817,1.0,1.0,1.0,57.0,51,Tokyo,Toray Pan Pacific Open Tennis Tournament,2024-10-21,WTA500,Outdoor,Hard,1st Round,3,Gracheva V.,Hontama M.,68.0,137.0,919.0,528.0,6.0,1.0,7.0,6.0,,,2.0,0.0,Completed,1.53,2.5,1.6,2.46,1.64,2.51,1.55,2.41,10461,2153
10462,2461,2358,2358,2024-10-21,2024-10-21,0,fernandez|l / sasnovich|a,Tokyo,Toray Pan Pacific Open Tennis Tournament,R32,R32,0.21818181818181817,1.0,1.0,1.0,57.0,51,Tokyo,Toray Pan Pacific Open Tennis Tournament,2024-10-21,WTA500,Outdoor,Hard,1st Round,3,Fernandez L.A.,Sasnovich A.,35.0,143.0,1574.0,505.0,5.0,7.0,6.0,2.0,5.0,2.0,1.0,1.0,Retired,1.36,3.2,1.33,3.51,1.4,3.52,1.34,3.2,10462,2154
10463,2462,2355,2355,2024-10-21,2024-10-21,0,kudermetova|v / tomova|v,Tokyo,Toray Pan Pacific Open Tennis Tournament,R32,R32,0.21818181818181817,1.0,1.0,1.0,57.0,51,Tokyo,Toray Pan Pacific Open Tennis Tournament,2024-10-21,WTA500,Outdoor,Hard,1st Round,3,Tomova V.,Kudermetova V.,49.0,62.0,1127.0,988.0,7.0,6.0,6.0,3.0,,,2.0,0.0,Completed,3.2,1.36,3.21,1.38,3.24,1.4,3.09,1.36,10463,2155
10465,2464,2357,2357,2024-10-21,2024-10-21,0,frech|m / sonmez|z,Tokyo,Toray Pan Pacific Open Tennis Tournament,R32,R32,0.21818181818181817,1.0,1.0,1.0,57.0,51,Tokyo,Toray Pan Pacific Open Tennis Tournament,2024-10-21,WTA500,Outdoor,Hard,1st Round,3,Sonmez Z.,Frech M.,148.0,24.0,493.0,2020.0,1.0,6.0,6.0,4.0,6.0,3.0,2.0,1.0,Completed,3.4,1.33,3.55,1.33,3.6,1.36,3.37,1.31,10465,2156
10471,2470,2359,2359,2024-10-21,2024-10-21,0,andreescu|b / yamaguchi|m,Tokyo,Toray Pan Pacific Open Tennis Tournament,R32,R32,0.21818181818181817,1.0,1.0,1.0,57.0,51,Tokyo,Toray Pan Pacific Open Tennis Tournament,2024-10-21,WTA500,Outdoor,Hard,1st Round,3,Andreescu B.,Yamaguchi M.,159.0,410.0,455.0,146.0,7.0,5.0,6.0,3.0,,,2.0,0.0,Completed,1.08,8.0,1.08,9.41,1.09,10.03,1.07,8.11,10471,2157
10429,2428,2336,2336,2024-10-21,2024-10-22,1,martic|p / siniakova|k,Guangzhou,Guangzhou Open,R32,R32,1.0,1.0,1.0,0.9523809523809523,99.76190476190476,50,Guangzhou,Guangzhou Open,2024-10-22,WTA250,Outdoor,Hard,1st Round,3,Siniakova K.,Martic P.,48.0,121.0,1139.0,592.0,6.0,2.0,6.0,1.0,,,2.0,0.0,Completed,1.25,4.0,1.3,3.71,1.33,4.01,1.28,3.56,10429,2158
10430,2429,2334,2334,2024-10-21,2024-10-22,1,bondar|a / parks|a,Guangzhou,Guangzhou Open,R32,R32,1.0,1.0,1.0,0.9523809523809523,99.76190476190476,50,Guangzhou,Guangzhou Open,2024-10-22,WTA250,Outdoor,Hard,1st Round,3,Parks A.,Bondar A.,115.0,94.0,624.0,783.0,6.0,3.0,6.0,3.0,,,2.0,0.0,Completed,2.0,1.8,2.05,1.83,2.05,1.9,1.96,1.81,10430,2159
10431,2430,2333,2333,2024-10-21,2024-10-22,1,eala|a / pera|b,Guangzhou,Guangzhou Open,R32,R32,1.0,1.0,1.0,0.9523809523809523,99.76190476190476,50,Guangzhou,Guangzhou Open,2024-10-22,WTA250,Outdoor,Hard,1st Round,3,Pera B.,Eala A.,79.0,147.0,843.0,494.0,6.0,0.0,6.0,3.0,,,2.0,0.0,Completed,1.67,2.2,1.75,2.16,1.82,2.23,1.7,2.12,10431,2160
10432,2431,2339,2339,2024-10-21,2024-10-22,1,rakhimova|k / zhang|s,Guangzhou,Guangzhou Open,R32,R32,1.0,1.0,1.0,0.9523809523809523,99.76190476190476,50,Guangzhou,Guangzhou Open,2024-10-22,WTA250,Outdoor,Hard,1st Round,3,Zhang S.,Rakhimova K.,237.0,61.0,297.0,990.0,6.0,2.0,6.0,1.0,,,2.0,0.0,Completed,2.3,1.62,2.16,1.75,2.3,1.75,2.14,1.69,10432,2161
10433,2432,2338,2338,2024-10-21,2024-10-22,1,minnen|g / yuan|y,Guangzhou,Guangzhou Open,R32,R32,1.0,1.0,1.0,0.9523809523809523,99.76190476190476,50,Guangzhou,Guangzhou Open,2024-10-22,WTA250,Outdoor,Hard,1st Round,3,Yuan Y.,Minnen G.,44.0,90.0,1209.0,791.0,7.0,6.0,6.0,1.0,,,2.0,0.0,Completed,1.53,2.5,1.56,2.56,1.57,2.56,1.53,2.45,10433,2162
10434,2433,2330,2330,2024-10-21,2024-10-22,1,sawangkaew|m / seidel|e,Guangzhou,Guangzhou Open,R32,R32,1.0,1.0,1.0,0.9523809523809523,99.76190476190476,50,Guangzhou,Guangzhou Open,2024-10-22,WTA250,Outdoor,Hard,1st Round,3,Sawangkaew M.,Seidel E.,163.0,117.0,446.0,618.0,6.0,1.0,2.0,6.0,6.0,2.0,2.0,1.0,Completed,1.73,2.1,,,1.65,2.25,1.65,2.25,10434,2163
10436,2435,2327,2327,2024-10-21,2024-10-22,1,bektas|e / parry|d,Guangzhou,Guangzhou Open,R32,R32,1.0,1.0,1.0,0.9523809523809523,99.76190476190476,50,Guangzhou,Guangzhou Open,2024-10-22,WTA250,Outdoor,Hard,1st Round,3,Parry D.,Bektas E.,50.0,138.0,1124.0,527.0,6.0,3.0,6.0,2.0,,,2.0,0.0,Completed,1.4,3.0,1.39,3.18,1.4,3.2,1.37,3.02,10436,2164
10440,2439,2328,2328,2024-10-21,2024-10-22,1,avanesyan|e / bronzetti|l,Guangzhou,Guangzhou Open,R32,R32,1.0,1.0,1.0,0.9523809523809523,99.76190476190476,50,Guangzhou,Guangzhou Open,2024-10-22,WTA250,Outdoor,Hard,1st Round,3,Bronzetti L.,Avanesyan E.,84.0,45.0,819.0,1182.0,6.0,1.0,6.0,4.0,,,2.0,0.0,Completed,2.1,1.73,2.23,1.7,2.23,1.74,2.11,1.7,10440,2165
10441,2440,2331,2331,2024-10-21,2024-10-22,1,bouzas maneiro|j / fett|j <> fett|j / maneiro|j,Guangzhou,Guangzhou Open,R32,R32,1.0,1.0,1.0,0.9523809523809523,99.76190476190476,50,Guangzhou,Guangzhou Open,2024-10-22,WTA250,Outdoor,Hard,1st Round,3,Bouzas Maneiro J.,Fett J.,60.0,105.0,992.0,669.0,6.0,4.0,6.0,3.0,,,2.0,0.0,Completed,1.5,2.63,1.56,2.56,1.56,2.8,1.47,2.63,10441,2166
10442,2441,2329,2329,2024-10-21,2024-10-22,1,ponchet|j / shi|h,Guangzhou,Guangzhou Open,R32,R32,1.0,1.0,1.0,0.9523809523809523,99.76190476190476,50,Guangzhou,Guangzhou Open,2024-10-22,WTA250,Outdoor,Hard,1st Round,3,Shi H.,Ponchet J.,254.0,104.0,270.0,672.0,6.0,1.0,6.0,7.0,6.0,3.0,2.0,1.0,Completed,4.0,1.25,3.88,1.29,4.01,1.3,3.74,1.26,10442,2167
10443,2442,2335,2335,2024-10-21,2024-10-22,1,dolehide|c / pridankina|e,Guangzhou,Guangzhou Open,R32,R32,1.0,1.0,1.0,0.9523809523809523,99.76190476190476,50,Guangzhou,Guangzhou Open,2024-10-22,WTA250,Outdoor,Hard,1st Round,3,Dolehide C.,Pridankina E.,101.0,179.0,712.0,391.0,6.0,2.0,6.0,1.0,,,2.0,0.0,Completed,1.73,2.1,,,1.74,4.75,1.62,2.33,10443,2168
10444,2443,2337,2337,2024-10-21,2024-10-22,1,bouzkova|m / lamens|s,Guangzhou,Guangzhou Open,R32,R32,1.0,1.0,1.0,0.9523809523809523,99.76190476190476,50,Guangzhou,Guangzhou Open,2024-10-22,WTA250,Outdoor,Hard,1st Round,3,Bouzkova M.,Lamens S.,47.0,88.0,1140.0,796.0,6.0,3.0,6.0,1.0,,,2.0,0.0,Completed,1.5,2.63,1.54,2.61,1.55,2.63,1.5,2.53,10444,2169
10460,2459,2365,2365,2024-10-21,2024-10-22,1,stojsavljevic|m / uchijima|m,Tokyo,Toray Pan Pacific Open Tennis Tournament,R32,R32,0.21818181818181817,1.0,1.0,0.9523809523809523,56.76190476190476,51,Tokyo,Toray Pan Pacific Open Tennis Tournament,2024-10-22,WTA500,Outdoor,Hard,1st Round,3,Uchijima M.,Stojsavljevic M.,57.0,633.0,995.0,61.0,6.0,4.0,6.0,7.0,7.0,6.0,2.0,1.0,Completed,1.3,3.5,1.29,3.82,1.3,3.87,1.29,3.52,10460,2170
10464,2463,2362,2362,2024-10-21,2024-10-22,1,ishii|s / saito|s,Tokyo,Toray Pan Pacific Open Tennis Tournament,R32,R32,0.21818181818181817,1.0,1.0,0.9523809523809523,56.76190476190476,51,Tokyo,Toray Pan Pacific Open Tennis Tournament,2024-10-22,WTA500,Outdoor,Hard,1st Round,3,Ishii S.,Saito S.,279.0,158.0,225.0,456.0,6.0,1.0,6.0,1.0,,,2.0,0.0,Completed,2.63,1.5,2.61,1.54,2.75,1.56,2.57,1.49,10464,2171
10467,2466,2364,2364,2024-10-21,2024-10-22,1,hibino|n / tauson|c,Tokyo,Toray Pan Pacific Open Tennis Tournament,R32,R32,0.21818181818181817,1.0,1.0,0.9523809523809523,56.76190476190476,51,Tokyo,Toray Pan Pacific Open Tennis Tournament,2024-10-22,WTA500,Outdoor,Hard,1st Round,3,Tauson C.,Hibino N.,53.0,156.0,1037.0,468.0,6.0,2.0,6.0,3.0,,,2.0,0.0,Completed,1.22,4.33,1.27,4.1,1.31,4.34,1.24,3.92,10467,2172
10468,2467,2361,2361,2024-10-21,2024-10-22,1,cocciaretto|e / kessler|m,Tokyo,Toray Pan Pacific Open Tennis Tournament,R32,R32,0.21818181818181817,1.0,1.0,0.9523809523809523,56.76190476190476,51,Tokyo,Toray Pan Pacific Open Tennis Tournament,2024-10-22,WTA500,Outdoor,Hard,1st Round,3,Kessler M.,Cocciaretto E.,73.0,52.0,896.0,1048.0,6.0,3.0,6.0,3.0,,,2.0,0.0,Completed,1.73,2.1,1.81,2.07,1.81,2.17,1.75,2.04,10468,2173
10469,2468,2366,2366,2024-10-21,2024-10-22,1,boulter|k / hon|p,Tokyo,Toray Pan Pacific Open Tennis Tournament,R32,R32,0.21818181818181817,1.0,1.0,0.9523809523809523,56.76190476190476,51,Tokyo,Toray Pan Pacific Open Tennis Tournament,2024-10-22,WTA500,Outdoor,Hard,1st Round,3,Boulter K.,Hon P.,33.0,217.0,1660.0,325.0,6.0,1.0,6.0,4.0,,,2.0,0.0,Completed,1.2,4.5,1.22,4.63,1.25,4.75,1.21,4.36,10469,2174
10470,2469,2363,2363,2024-10-21,2024-10-22,1,baptiste|h / okamura|k,Tokyo,Toray Pan Pacific Open Tennis Tournament,R32,R32,0.21818181818181817,1.0,1.0,0.9523809523809523,56.76190476190476,51,Tokyo,Toray Pan Pacific Open Tennis Tournament,2024-10-22,WTA500,Outdoor,Hard,1st Round,3,Okamura K.,Baptiste H.,271.0,80.0,244.0,839.0,7.0,6.0,6.0,3.0,,,2.0,0.0,Completed,8.0,1.08,9.44,1.08,9.44,1.09,7.88,1.07,10470,2175
10424,2423,2341,2341,2024-10-21,2024-10-23,2,danilovic|o / parry|d,Guangzhou,Guangzhou Open,R16,R16,1.0,1.0,1.0,0.9047619047619048,99.52380952380952,50,Guangzhou,Guangzhou Open,2024-10-23,WTA250,Outdoor,Hard,2nd Round,3,Danilovic O.,Parry D.,86.0,50.0,805.0,1124.0,6.0,1.0,6.0,0.0,,,2.0,0.0,Completed,1.8,2.0,1.89,1.98,1.9,2.01,1.82,1.96,10424,2176
10426,2425,2340,2340,2024-10-21,2024-10-23,2,bronzetti|l / cristian|j,Guangzhou,Guangzhou Open,R16,R16,1.0,1.0,1.0,0.9047619047619048,99.52380952380952,50,Guangzhou,Guangzhou Open,2024-10-23,WTA250,Outdoor,Hard,2nd Round,3,Bronzetti L.,Cristian J.,84.0,74.0,819.0,887.0,7.0,6.0,6.0,4.0,,,2.0,0.0,Completed,2.0,1.8,1.93,1.93,2.02,2.0,1.89,1.88,10426,2177
10427,2426,2342,2342,2024-10-21,2024-10-23,2,bouzas maneiro|j / shi|h <> maneiro|j / shi|h,Guangzhou,Guangzhou Open,R16,R16,1.0,1.0,1.0,0.9047619047619048,99.52380952380952,50,Guangzhou,Guangzhou Open,2024-10-23,WTA250,Outdoor,Hard,2nd Round,3,Bouzas Maneiro J.,Shi H.,60.0,254.0,992.0,270.0,6.0,3.0,6.0,4.0,,,2.0,0.0,Completed,1.25,4.0,1.24,4.42,1.27,4.42,1.23,4.03,10427,2178
10453,2452,2367,2367,2024-10-21,2024-10-23,2,fernandez|l / gracheva|v,Tokyo,Toray Pan Pacific Open Tennis Tournament,R16,R16,0.21818181818181817,1.0,1.0,0.9047619047619048,56.523809523809526,51,Tokyo,Toray Pan Pacific Open Tennis Tournament,2024-10-23,WTA500,Outdoor,Hard,2nd Round,3,Fernandez L.A.,Gracheva V.,35.0,68.0,1574.0,919.0,6.0,0.0,3.0,6.0,7.0,5.0,2.0,1.0,Completed,1.25,4.0,1.3,3.82,1.3,4.0,1.27,3.68,10453,2179
10454,2453,2368,2368,2024-10-21,2024-10-23,2,shnaider|d / tomova|v,Tokyo,Toray Pan Pacific Open Tennis Tournament,R16,R16,0.21818181818181817,1.0,1.0,0.9047619047619048,56.523809523809526,51,Tokyo,Toray Pan Pacific Open Tennis Tournament,2024-10-23,WTA500,Outdoor,Hard,2nd Round,3,Shnaider D.,Tomova V.,16.0,49.0,2585.0,1127.0,6.0,2.0,6.0,2.0,,,2.0,0.0,Completed,1.33,3.4,1.31,3.75,1.33,3.86,1.29,3.56,10454,2180
10455,2454,2369,2369,2024-10-21,2024-10-23,2,ishii|s / sonmez|z,Tokyo,Toray Pan Pacific Open Tennis Tournament,R16,R16,0.21818181818181817,1.0,1.0,0.9047619047619048,56.523809523809526,51,Tokyo,Toray Pan Pacific Open Tennis Tournament,2024-10-23,WTA500,Outdoor,Hard,2nd Round,3,Ishii S.,Sonmez Z.,279.0,148.0,225.0,493.0,4.0,6.0,6.0,2.0,6.0,3.0,2.0,1.0,Completed,2.3,1.62,2.44,1.61,2.63,1.62,2.33,1.59,10455,2181
10459,2458,2370,2370,2024-10-21,2024-10-23,2,andreescu|b / haddad maia|b <> andreescu|b / maia|b,Tokyo,Toray Pan Pacific Open Tennis Tournament,R16,R16,0.21818181818181817,1.0,1.0,0.9047619047619048,56.523809523809526,51,Tokyo,Toray Pan Pacific Open Tennis Tournament,2024-10-23,WTA500,Outdoor,Hard,2nd Round,3,Andreescu B.,Haddad Maia B.,159.0,10.0,455.0,3194.0,3.0,0.0,,,,,0.0,0.0,Retired,3.0,1.4,2.8,1.49,3.2,1.49,3.0,1.38,10459,2182
10421,2420,2344,2344,2024-10-21,2024-10-24,3,parks|a / siniakova|k,Guangzhou,Guangzhou Open,R16,R16,1.0,1.0,1.0,0.8571428571428572,99.28571428571429,50,Guangzhou,Guangzhou Open,2024-10-24,WTA250,Outdoor,Hard,2nd Round,3,Siniakova K.,Parks A.,48.0,115.0,1139.0,624.0,6.0,1.0,6.0,4.0,,,2.0,0.0,Completed,1.2,4.5,1.26,4.17,1.26,4.77,1.21,4.27,10421,2183
10422,2421,2346,2346,2024-10-21,2024-10-24,3,pera|b / zhang|s,Guangzhou,Guangzhou Open,R16,R16,1.0,1.0,1.0,0.8571428571428572,99.28571428571429,50,Guangzhou,Guangzhou Open,2024-10-24,WTA250,Outdoor,Hard,2nd Round,3,Pera B.,Zhang S.,79.0,237.0,843.0,297.0,6.0,2.0,6.0,2.0,,,2.0,0.0,Completed,2.2,1.67,2.26,1.69,2.26,1.71,2.18,1.67,10422,2184
10423,2422,2347,2347,2024-10-21,2024-10-24,3,sawangkaew|m / yuan|y,Guangzhou,Guangzhou Open,R16,R16,1.0,1.0,1.0,0.8571428571428572,99.28571428571429,50,Guangzhou,Guangzhou Open,2024-10-24,WTA250,Outdoor,Hard,2nd Round,3,Sawangkaew M.,Yuan Y.,163.0,44.0,446.0,1209.0,6.0,2.0,6.0,3.0,,,2.0,0.0,Completed,2.75,1.44,3.13,1.4,3.48,1.44,3.01,1.38,10423,2185
10428,2427,2345,2345,2024-10-21,2024-10-24,3,bouzkova|m / dolehide|c,Guangzhou,Guangzhou Open,R16,R16,1.0,1.0,1.0,0.8571428571428572,99.28571428571429,50,Guangzhou,Guangzhou Open,2024-10-24,WTA250,Outdoor,Hard,2nd Round,3,Dolehide C.,Bouzkova M.,101.0,47.0,712.0,1140.0,6.0,7.0,6.0,4.0,7.0,6.0,2.0,1.0,Completed,3.5,1.3,3.44,1.35,3.5,1.35,3.37,1.31,10428,2186
10452,2451,2374,2374,2024-10-21,2024-10-24,3,uchijima|m / zheng|q,Tokyo,Toray Pan Pacific Open Tennis Tournament,R16,R16,0.21818181818181817,1.0,1.0,0.8571428571428572,56.285714285714285,51,Tokyo,Toray Pan Pacific Open Tennis Tournament,2024-10-24,WTA500,Outdoor,Hard,2nd Round,3,Zheng Q.,Uchijima M.,7.0,57.0,4480.0,995.0,7.0,5.0,6.0,0.0,,,2.0,0.0,Completed,1.06,10.0,1.06,12.12,1.07,12.57,1.05,9.35,10452,2187
10456,2455,2371,2371,2024-10-21,2024-10-24,3,kenin|s / tauson|c,Tokyo,Toray Pan Pacific Open Tennis Tournament,R16,R16,0.21818181818181817,1.0,1.0,0.8571428571428572,56.285714285714285,51,Tokyo,Toray Pan Pacific Open Tennis Tournament,2024-10-24,WTA500,Outdoor,Hard,2nd Round,3,Kenin S.,Tauson C.,155.0,53.0,480.0,1037.0,6.0,7.0,6.0,4.0,7.0,6.0,2.0,1.0,Completed,2.38,1.57,2.32,1.67,2.38,1.68,2.27,1.62,10456,2188
10457,2456,2372,2372,2024-10-21,2024-10-24,3,kasatkina|d / kessler|m,Tokyo,Toray Pan Pacific Open Tennis Tournament,R16,R16,0.21818181818181817,1.0,1.0,0.8571428571428572,56.285714285714285,51,Tokyo,Toray Pan Pacific Open Tennis Tournament,2024-10-24,WTA500,Outdoor,Hard,2nd Round,3,Kasatkina D.,Kessler M.,9.0,73.0,3500.0,896.0,3.0,6.0,6.0,3.0,6.0,1.0,2.0,1.0,Completed,1.33,3.4,1.39,3.22,1.4,3.4,1.35,3.1,10457,2189
10458,2457,2373,2373,2024-10-21,2024-10-24,3,boulter|k / okamura|k,Tokyo,Toray Pan Pacific Open Tennis Tournament,R16,R16,0.21818181818181817,1.0,1.0,0.8571428571428572,56.285714285714285,51,Tokyo,Toray Pan Pacific Open Tennis Tournament,2024-10-24,WTA500,Outdoor,Hard,2nd Round,3,Boulter K.,Okamura K.,33.0,271.0,1660.0,244.0,6.0,1.0,6.0,2.0,,,2.0,0.0,Completed,1.07,9.0,1.08,10.26,1.09,10.43,1.06,8.53,10458,2190
10417,2416,2348,2348,2024-10-21,2024-10-25,4,pera|b / siniakova|k,Guangzhou,Guangzhou Open,QF,QF,1.0,1.0,1.0,0.8095238095238095,99.04761904761905,50,Guangzhou,Guangzhou Open,2024-10-25,WTA250,Outdoor,Hard,Quarterfinals,3,Siniakova K.,Pera B.,48.0,79.0,1139.0,843.0,6.0,4.0,7.0,5.0,,,2.0,0.0,Completed,1.44,2.75,1.5,2.79,1.53,2.79,1.47,2.65,10417,2191
10418,2417,2349,2349,2024-10-21,2024-10-25,4,danilovic|o / sawangkaew|m,Guangzhou,Guangzhou Open,QF,QF,1.0,1.0,1.0,0.8095238095238095,99.04761904761905,50,Guangzhou,Guangzhou Open,2024-10-25,WTA250,Outdoor,Hard,Quarterfinals,3,Danilovic O.,Sawangkaew M.,86.0,163.0,805.0,446.0,6.0,4.0,6.0,4.0,,,2.0,0.0,Completed,1.4,3.0,1.42,3.14,1.45,3.2,1.39,2.95,10418,2192
10420,2419,2350,2350,2024-10-21,2024-10-25,4,bouzas maneiro|j / dolehide|c <> dolehide|c / maneiro|j,Guangzhou,Guangzhou Open,QF,QF,1.0,1.0,1.0,0.8095238095238095,99.04761904761905,50,Guangzhou,Guangzhou Open,2024-10-25,WTA250,Outdoor,Hard,Quarterfinals,3,Dolehide C.,Bouzas Maneiro J.,101.0,60.0,712.0,992.0,6.0,4.0,4.0,6.0,6.0,0.0,2.0,1.0,Completed,2.0,1.8,2.11,1.81,2.11,1.84,2.0,1.79,10420,2193
10448,2447,2378,2378,2024-10-21,2024-10-25,4,fernandez|l / zheng|q,Tokyo,Toray Pan Pacific Open Tennis Tournament,QF,QF,0.21818181818181817,1.0,1.0,0.8095238095238095,56.04761904761905,51,Tokyo,Toray Pan Pacific Open Tennis Tournament,2024-10-25,WTA500,Outdoor,Hard,Quarterfinals,3,Zheng Q.,Fernandez L.A.,7.0,35.0,4480.0,1574.0,6.0,0.0,1.0,6.0,6.0,3.0,2.0,1.0,Completed,1.25,4.0,1.29,3.97,1.3,4.0,1.26,3.75,10448,2194
10449,2448,2377,2377,2024-10-21,2024-10-25,4,ishii|s / shnaider|d,Tokyo,Toray Pan Pacific Open Tennis Tournament,QF,QF,0.21818181818181817,1.0,1.0,0.8095238095238095,56.04761904761905,51,Tokyo,Toray Pan Pacific Open Tennis Tournament,2024-10-25,WTA500,Outdoor,Hard,Quarterfinals,3,Shnaider D.,Ishii S.,16.0,279.0,2585.0,225.0,,,,,,,,,Walkover,1.1,7.0,1.11,8.32,1.14,8.32,1.1,6.86,10449,2195
10450,2449,2376,2376,2024-10-21,2024-10-25,4,kasatkina|d / kenin|s,Tokyo,Toray Pan Pacific Open Tennis Tournament,QF,QF,0.21818181818181817,1.0,1.0,0.8095238095238095,56.04761904761905,51,Tokyo,Toray Pan Pacific Open Tennis Tournament,2024-10-25,WTA500,Outdoor,Hard,Quarterfinals,3,Kenin S.,Kasatkina D.,155.0,9.0,480.0,3500.0,6.0,3.0,6.0,4.0,,,2.0,0.0,Completed,3.0,1.4,3.02,1.44,3.03,1.53,2.9,1.4,10450,2196
10451,2450,2375,2375,2024-10-21,2024-10-25,4,andreescu|b / boulter|k,Tokyo,Toray Pan Pacific Open Tennis Tournament,QF,QF,0.21818181818181817,1.0,1.0,0.8095238095238095,56.04761904761905,51,Tokyo,Toray Pan Pacific Open Tennis Tournament,2024-10-25,WTA500,Outdoor,Hard,Quarterfinals,3,Boulter K.,Andreescu B.,33.0,159.0,1660.0,455.0,6.0,2.0,6.0,1.0,,,2.0,0.0,Completed,1.62,2.3,1.72,2.23,1.72,2.4,1.62,2.27,10451,2197
10415,2414,2352,2352,2024-10-21,2024-10-26,5,danilovic|o / siniakova|k,Guangzhou,Guangzhou Open,SF,SF,1.0,1.0,1.0,0.7619047619047619,98.80952380952381,50,Guangzhou,Guangzhou Open,2024-10-26,WTA250,Outdoor,Hard,Semifinals,3,Danilovic O.,Siniakova K.,86.0,48.0,805.0,1139.0,4.0,6.0,6.0,4.0,4.0,3.0,1.0,1.0,Retired,2.38,1.57,2.43,1.63,2.47,1.65,2.34,1.59,10415,2198
10416,2415,2353,2353,2024-10-21,2024-10-26,5,bronzetti|l / dolehide|c,Guangzhou,Guangzhou Open,SF,SF,1.0,1.0,1.0,0.7619047619047619,98.80952380952381,50,Guangzhou,Guangzhou Open,2024-10-26,WTA250,Outdoor,Hard,Semifinals,3,Dolehide C.,Bronzetti L.,101.0,84.0,712.0,819.0,6.0,3.0,3.0,6.0,7.0,6.0,2.0,1.0,Completed,2.1,1.73,2.17,1.78,2.17,1.82,2.06,1.75,10416,2199
10446,2445,2380,2380,2024-10-21,2024-10-26,5,shnaider|d / zheng|q,Tokyo,Toray Pan Pacific Open Tennis Tournament,SF,SF,0.21818181818181817,1.0,1.0,0.7619047619047619,55.80952380952381,51,Tokyo,Toray Pan Pacific Open Tennis Tournament,2024-10-26,WTA500,Outdoor,Hard,Semifinals,3,Zheng Q.,Shnaider D.,7.0,16.0,4480.0,2585.0,7.0,6.0,6.0,3.0,,,2.0,0.0,Completed,1.33,3.4,1.33,3.66,1.36,3.66,1.32,3.33,10446,2200
10447,2446,2379,2379,2024-10-21,2024-10-26,5,boulter|k / kenin|s,Tokyo,Toray Pan Pacific Open Tennis Tournament,SF,SF,0.21818181818181817,1.0,1.0,0.7619047619047619,55.80952380952381,51,Tokyo,Toray Pan Pacific Open Tennis Tournament,2024-10-26,WTA500,Outdoor,Hard,Semifinals,3,Kenin S.,Boulter K.,155.0,33.0,480.0,1660.0,6.0,4.0,6.0,4.0,,,2.0,0.0,Completed,2.38,1.57,2.54,1.58,2.54,1.62,2.41,1.55,10447,2201
10414,2413,2354,2354,2024-10-21,2024-10-27,6,danilovic|o / dolehide|c,Guangzhou,Guangzhou Open,F,F,1.0,1.0,1.0,0.7142857142857143,98.57142857142857,50,Guangzhou,Guangzhou Open,2024-10-27,WTA250,Outdoor,Hard,The Final,3,Danilovic O.,Dolehide C.,86.0,101.0,805.0,712.0,6.0,3.0,6.0,1.0,,,2.0,0.0,Completed,1.57,2.38,1.61,2.48,1.62,2.52,1.57,2.38,10414,2202
10445,2444,2381,2381,2024-10-21,2024-10-27,6,kenin|s / zheng|q,Tokyo,Toray Pan Pacific Open Tennis Tournament,F,F,0.21818181818181817,1.0,1.0,0.7142857142857143,55.57142857142857,51,Tokyo,Toray Pan Pacific Open Tennis Tournament,2024-10-27,WTA500,Outdoor,Hard,The Final,3,Zheng Q.,Kenin S.,7.0,155.0,4480.0,480.0,7.0,6.0,6.0,3.0,,,2.0,0.0,Completed,1.11,6.5,1.16,6.22,1.17,6.5,1.13,5.74,10445,2203
10487,2486,2383,2383,2024-10-28,2024-10-28,0,chong|e / hon|p,Hong Kong,Hong Kong Tennis Open,R32,R32,1.0,1.0,1.0,1.0,100.0,52,Hong Kong,Hong Kong Tennis Open,2024-10-28,WTA250,Outdoor,Hard,1st Round,3,Hon P.,Chong E.,210.0,409.0,347.0,152.0,6.0,3.0,6.0,4.0,,,2.0,0.0,Completed,1.33,3.4,1.31,3.69,1.33,3.69,1.3,3.44,10487,2204
10493,2492,2382,2382,2024-10-28,2024-10-28,0,pera|b / saito|s,Hong Kong,Hong Kong Tennis Open,R32,R32,1.0,1.0,1.0,1.0,100.0,52,Hong Kong,Hong Kong Tennis Open,2024-10-28,WTA250,Outdoor,Hard,1st Round,3,Pera B.,Saito S.,81.0,161.0,872.0,468.0,6.0,4.0,6.0,4.0,,,2.0,0.0,Completed,1.36,3.2,1.38,3.22,1.4,3.22,1.36,3.07,10493,2205
10494,2493,2386,2386,2024-10-28,2024-10-28,0,halep|s / yuan|y,Hong Kong,Hong Kong Tennis Open,R32,R32,1.0,1.0,1.0,1.0,100.0,52,Hong Kong,Hong Kong Tennis Open,2024-10-28,WTA250,Outdoor,Hard,1st Round,3,Yuan Y.,Halep S.,45.0,883.0,1149.0,26.0,6.0,3.0,6.0,3.0,,,2.0,0.0,Completed,1.8,2.0,1.83,2.02,1.85,2.1,1.79,2.0,10494,2206
10518,2517,2419,2419,2024-10-28,2024-10-28,0,bouzkova|m / eala|a,Jiujiang,Jiangxi Open,R32,R32,0.5333333333333333,1.0,1.0,1.0,74.33333333333333,53,Jiujiang,Jiangxi Open,2024-10-28,WTA250,Outdoor,Hard,1st Round,3,Bouzkova M.,Eala A.,49.0,150.0,1110.0,501.0,7.0,5.0,7.0,6.0,,,2.0,0.0,Completed,1.25,4.0,1.23,4.58,1.25,4.58,1.22,4.22,10518,2207
10520,2519,2417,2417,2024-10-28,2024-10-28,0,pridankina|e / seidel|e,Jiujiang,Jiangxi Open,R32,R32,0.5333333333333333,1.0,1.0,1.0,74.33333333333333,53,Jiujiang,Jiangxi Open,2024-10-28,WTA250,Outdoor,Hard,1st Round,3,Pridankina E.,Seidel E.,179.0,120.0,397.0,621.0,6.0,3.0,7.0,6.0,,,2.0,0.0,Completed,2.2,1.67,2.17,1.74,2.22,1.77,2.13,1.7,10520,2208
10521,2520,2416,2416,2024-10-28,2024-10-28,0,martic|p / rakhimova|k,Jiujiang,Jiangxi Open,R32,R32,0.5333333333333333,1.0,1.0,1.0,74.33333333333333,53,Jiujiang,Jiangxi Open,2024-10-28,WTA250,Outdoor,Hard,1st Round,3,Rakhimova K.,Martic P.,63.0,124.0,990.0,597.0,6.0,1.0,4.0,6.0,7.0,5.0,2.0,1.0,Completed,1.62,2.3,1.7,2.22,1.71,2.4,1.62,2.25,10521,2209
10522,2521,2418,2418,2024-10-28,2024-10-28,0,bouzas maneiro|j / diyas|z <> diyas|z / maneiro|j,Jiujiang,Jiangxi Open,R32,R32,0.5333333333333333,1.0,1.0,1.0,74.33333333333333,53,Jiujiang,Jiangxi Open,2024-10-28,WTA250,Outdoor,Hard,1st Round,3,Bouzas Maneiro J.,Diyas Z.,56.0,388.0,1031.0,158.0,6.0,4.0,6.0,2.0,,,2.0,0.0,Completed,1.44,2.75,1.49,2.77,1.54,2.77,1.47,2.65,10522,2210
10524,2523,2415,2415,2024-10-28,2024-10-28,0,fruhvirtova|l / von deichmann|k,Jiujiang,Jiangxi Open,R32,R32,0.5333333333333333,1.0,1.0,1.0,74.33333333333333,53,Jiujiang,Jiangxi Open,2024-10-28,WTA250,Outdoor,Hard,1st Round,3,Fruhvirtova L.,Von Deichmann K.,209.0,171.0,347.0,425.0,6.0,0.0,7.0,5.0,,,2.0,0.0,Completed,1.73,2.1,1.8,2.07,1.83,2.12,1.78,2.02,10524,2211
10525,2524,2414,2414,2024-10-28,2024-10-28,0,rus|a / starodubtseva|y,Jiujiang,Jiangxi Open,R32,R32,0.5333333333333333,1.0,1.0,1.0,74.33333333333333,53,Jiujiang,Jiangxi Open,2024-10-28,WTA250,Outdoor,Hard,1st Round,3,Rus A.,Starodubtseva Y.,83.0,92.0,847.0,793.0,6.0,4.0,6.0,7.0,6.0,3.0,2.0,1.0,Completed,2.2,1.67,2.34,1.64,2.58,1.68,2.25,1.62,10525,2212
10528,2527,2413,2413,2024-10-28,2024-10-28,0,korpatsch|t / nugroho|p,Jiujiang,Jiangxi Open,R32,R32,0.5333333333333333,1.0,1.0,1.0,74.33333333333333,53,Jiujiang,Jiangxi Open,2024-10-28,WTA250,Outdoor,Hard,1st Round,3,Korpatsch T.,Nugroho P.,200.0,535.0,359.0,90.0,6.0,0.0,6.0,1.0,,,2.0,0.0,Completed,1.4,3.0,1.4,3.06,1.44,3.06,1.41,2.9,10528,2213
10550,2549,2448,2448,2024-10-28,2024-10-28,0,chwalinska|m / marino|r,Merida,Merida Open,R32,R32,1.0,1.0,1.0,1.0,100.0,54,Merida,Merida Open,2024-10-28,WTA250,Outdoor,Hard,1st Round,3,Chwalinska M.,Marino R.,175.0,114.0,412.0,647.0,4.0,6.0,6.0,4.0,6.0,3.0,2.0,1.0,Completed,2.63,1.5,2.5,1.58,2.63,1.62,2.46,1.53,10550,2214
10551,2550,2444,2444,2024-10-28,2024-10-28,0,jacquemot|e / montgomery|r,Merida,Merida Open,R32,R32,1.0,1.0,1.0,1.0,100.0,54,Merida,Merida Open,2024-10-28,WTA250,Outdoor,Hard,1st Round,3,Jacquemot E.,Montgomery R.,148.0,107.0,507.0,681.0,4.0,6.0,6.0,3.0,7.0,6.0,2.0,1.0,Completed,3.0,1.4,3.05,1.42,3.21,1.44,2.96,1.38,10551,2215
10555,2554,2447,2447,2024-10-28,2024-10-28,0,korneeva|a / parks|a,Merida,Merida Open,R32,R32,1.0,1.0,1.0,1.0,100.0,54,Merida,Merida Open,2024-10-28,WTA250,Outdoor,Hard,1st Round,3,Korneeva A.,Parks A.,254.0,109.0,280.0,665.0,6.0,3.0,6.0,1.0,,,2.0,0.0,Completed,1.53,2.5,1.56,2.56,1.62,2.6,1.54,2.47,10555,2216
10557,2556,2445,2445,2024-10-28,2024-10-28,0,diaz|n / li|a <> li|a / parrizas diaz|n,Merida,Merida Open,R32,R32,1.0,1.0,1.0,1.0,100.0,54,Merida,Merida Open,2024-10-28,WTA250,Outdoor,Hard,1st Round,3,Li A.,Parrizas Diaz N.,111.0,94.0,655.0,790.0,6.0,0.0,6.0,4.0,,,2.0,0.0,Completed,1.91,1.91,1.92,1.95,1.92,1.98,1.87,1.9,10557,2217
10561,2560,2446,2446,2024-10-28,2024-10-28,0,maria|t / stojanovic|n,Merida,Merida Open,R32,R32,1.0,1.0,1.0,1.0,100.0,54,Merida,Merida Open,2024-10-28,WTA250,Outdoor,Hard,1st Round,3,Stojanovic N.,Maria T.,560.0,98.0,83.0,781.0,6.0,4.0,6.0,4.0,,,2.0,0.0,Completed,3.4,1.33,3.25,1.38,3.4,1.4,3.15,1.35,10561,2218
10486,2485,2392,2392,2024-10-28,2024-10-29,1,okamura|k / shnaider|d,Hong Kong,Hong Kong Tennis Open,R32,R32,1.0,1.0,1.0,0.9523809523809523,99.76190476190476,52,Hong Kong,Hong Kong Tennis Open,2024-10-29,WTA250,Outdoor,Hard,1st Round,3,Shnaider D.,Okamura K.,14.0,237.0,2726.0,312.0,6.0,3.0,6.0,3.0,,,2.0,0.0,Completed,1.03,15.0,1.04,17.04,1.04,19.0,1.02,13.17,10486,2219
10488,2487,2390,2390,2024-10-28,2024-10-29,1,gao|x / lamens|s,Hong Kong,Hong Kong Tennis Open,R32,R32,1.0,1.0,1.0,0.9523809523809523,99.76190476190476,52,Hong Kong,Hong Kong Tennis Open,2024-10-29,WTA250,Outdoor,Hard,1st Round,3,Lamens S.,Gao X.,91.0,170.0,796.0,436.0,6.0,3.0,6.0,0.0,,,2.0,0.0,Completed,1.36,3.2,1.38,3.23,1.44,3.23,1.37,3.05,10488,2220
10490,2489,2397,2397,2024-10-28,2024-10-29,1,fernandez|l / watson|h,Hong Kong,Hong Kong Tennis Open,R32,R32,1.0,1.0,1.0,0.9523809523809523,99.76190476190476,52,Hong Kong,Hong Kong Tennis Open,2024-10-29,WTA250,Outdoor,Hard,1st Round,3,Fernandez L.A.,Watson H.,32.0,139.0,1672.0,545.0,6.0,2.0,6.0,2.0,,,2.0,0.0,Completed,1.17,5.0,1.18,5.28,1.2,5.28,1.17,4.88,10490,2221
10491,2490,2394,2394,2024-10-28,2024-10-29,1,birrell|k / bogdan|a,Hong Kong,Hong Kong Tennis Open,R32,R32,1.0,1.0,1.0,0.9523809523809523,99.76190476190476,52,Hong Kong,Hong Kong Tennis Open,2024-10-29,WTA250,Outdoor,Hard,1st Round,3,Birrell K.,Bogdan A.,115.0,112.0,646.0,653.0,6.0,3.0,6.0,4.0,,,2.0,0.0,Completed,2.1,1.73,2.07,1.82,2.3,1.82,2.12,1.71,10491,2222
10495,2494,2388,2388,2024-10-28,2024-10-29,1,hibino|n / lu|j,Hong Kong,Hong Kong Tennis Open,R32,R32,1.0,1.0,1.0,0.9523809523809523,99.76190476190476,52,Hong Kong,Hong Kong Tennis Open,2024-10-29,WTA250,Outdoor,Hard,1st Round,3,Hibino N.,Lu J.,159.0,259.0,468.0,270.0,6.0,7.0,6.0,3.0,7.0,5.0,2.0,1.0,Completed,1.22,4.33,1.21,4.71,1.26,4.71,1.21,4.36,10495,2223
10496,2495,2395,2395,2024-10-28,2024-10-29,1,kenin|s / yamaguchi|m,Hong Kong,Hong Kong Tennis Open,R32,R32,1.0,1.0,1.0,0.9523809523809523,99.76190476190476,52,Hong Kong,Hong Kong Tennis Open,2024-10-29,WTA250,Outdoor,Hard,1st Round,3,Kenin S.,Yamaguchi M.,88.0,362.0,804.0,170.0,6.0,4.0,6.0,4.0,,,2.0,0.0,Completed,1.08,8.0,1.09,8.59,1.09,9.1,1.07,7.94,10496,2224
10498,2497,2393,2393,2024-10-28,2024-10-29,1,gracheva|v / prozorova|t,Hong Kong,Hong Kong Tennis Open,R32,R32,1.0,1.0,1.0,0.9523809523809523,99.76190476190476,52,Hong Kong,Hong Kong Tennis Open,2024-10-29,WTA250,Outdoor,Hard,1st Round,3,Gracheva V.,Prozorova T.,66.0,268.0,949.0,259.0,2.0,6.0,7.0,5.0,6.0,2.0,2.0,1.0,Completed,1.4,3.0,1.43,2.98,1.44,3.01,1.4,2.88,10498,2225
10499,2498,2396,2396,2024-10-28,2024-10-29,1,jang|s / zakharova|a,Hong Kong,Hong Kong Tennis Open,R32,R32,1.0,1.0,1.0,0.9523809523809523,99.76190476190476,52,Hong Kong,Hong Kong Tennis Open,2024-10-29,WTA250,Outdoor,Hard,1st Round,3,Zakharova A.,Jang S.,113.0,244.0,653.0,299.0,7.0,5.0,6.0,4.0,,,2.0,0.0,Completed,1.5,2.63,1.48,2.78,1.54,2.79,1.47,2.64,10499,2226
10501,2500,2389,2389,2024-10-28,2024-10-29,1,boulter|k / ito|a,Hong Kong,Hong Kong Tennis Open,R32,R32,1.0,1.0,1.0,0.9523809523809523,99.76190476190476,52,Hong Kong,Hong Kong Tennis Open,2024-10-29,WTA250,Outdoor,Hard,1st Round,3,Boulter K.,Ito A.,29.0,156.0,1828.0,487.0,6.0,4.0,6.0,4.0,,,2.0,0.0,Completed,1.25,4.0,1.25,4.22,1.29,4.25,1.25,3.9,10501,2227
10519,2518,2420,2420,2024-10-28,2024-10-29,1,liu|f / yao|x,Jiujiang,Jiangxi Open,R32,R32,0.5333333333333333,1.0,1.0,0.9523809523809523,74.09523809523809,53,Jiujiang,Jiangxi Open,2024-10-29,WTA250,Outdoor,Hard,1st Round,3,Yao X.,Liu F.,294.0,367.0,217.0,168.0,6.0,2.0,6.0,1.0,,,2.0,0.0,Completed,2.3,1.62,2.24,1.7,2.35,1.73,2.2,1.65,10519,2228
10523,2522,2421,2421,2024-10-28,2024-10-29,1,golubic|v / you|x,Jiujiang,Jiangxi Open,R32,R32,0.5333333333333333,1.0,1.0,0.9523809523809523,74.09523809523809,53,Jiujiang,Jiangxi Open,2024-10-29,WTA250,Outdoor,Hard,1st Round,3,Golubic V.,You X.,168.0,306.0,441.0,207.0,7.0,5.0,6.0,2.0,,,2.0,0.0,Completed,1.25,4.0,1.26,4.22,1.26,4.25,1.24,3.97,10523,2229
10526,2525,2423,2423,2024-10-28,2024-10-29,1,bronzetti|l / sawangkaew|m,Jiujiang,Jiangxi Open,R32,R32,0.5333333333333333,1.0,1.0,0.9523809523809523,74.09523809523809,53,Jiujiang,Jiangxi Open,2024-10-29,WTA250,Outdoor,Hard,1st Round,3,Sawangkaew M.,Bronzetti L.,147.0,77.0,507.0,887.0,6.0,4.0,4.0,6.0,6.0,2.0,2.0,1.0,Completed,2.63,1.5,2.54,1.56,2.7,1.56,2.52,1.51,10526,2230
10527,2526,2422,2422,2024-10-28,2024-10-29,1,fett|j / zheng|s,Jiujiang,Jiangxi Open,R32,R32,0.5333333333333333,1.0,1.0,0.9523809523809523,74.09523809523809,53,Jiujiang,Jiangxi Open,2024-10-29,WTA250,Outdoor,Hard,1st Round,3,Zheng S.,Fett J.,988.0,105.0,19.0,685.0,6.0,4.0,2.0,6.0,6.0,4.0,2.0,1.0,Completed,4.0,1.25,3.66,1.32,4,1.33,3.57,1.29,10527,2231
10529,2528,2426,2426,2024-10-28,2024-10-29,1,siegemund|l / uchijima|m,Jiujiang,Jiangxi Open,R32,R32,0.5333333333333333,1.0,1.0,0.9523809523809523,74.09523809523809,53,Jiujiang,Jiangxi Open,2024-10-29,WTA250,Outdoor,Hard,1st Round,3,Siegemund L.,Uchijima M.,101.0,55.0,754.0,1040.0,7.0,5.0,6.0,3.0,,,2.0,0.0,Completed,1.57,2.38,1.54,2.61,1.57,2.65,1.51,2.51,10529,2232
10530,2529,2424,2424,2024-10-28,2024-10-29,1,bondar|a / hartono|a,Jiujiang,Jiangxi Open,R32,R32,0.5333333333333333,1.0,1.0,0.9523809523809523,74.09523809523809,53,Jiujiang,Jiangxi Open,2024-10-29,WTA250,Outdoor,Hard,1st Round,3,Bondar A.,Hartono A.,97.0,146.0,783.0,515.0,6.0,2.0,2.0,6.0,7.0,6.0,2.0,1.0,Completed,1.62,2.3,1.76,2.15,1.76,2.3,1.69,2.13,10530,2233
10531,2530,2425,2425,2024-10-28,2024-10-29,1,trevisan|m / zheng|w,Jiujiang,Jiangxi Open,R32,R32,0.5333333333333333,1.0,1.0,0.9523809523809523,74.09523809523809,53,Jiujiang,Jiangxi Open,2024-10-29,WTA250,Outdoor,Hard,1st Round,3,Trevisan M.,Zheng W.,136.0,352.0,558.0,178.0,6.0,1.0,6.0,2.0,,,2.0,0.0,Completed,1.5,2.63,1.47,2.82,1.5,2.82,1.46,2.67,10531,2234
10532,2531,2427,2427,2024-10-28,2024-10-29,1,hontama|m / wei|s,Jiujiang,Jiangxi Open,R32,R32,0.5333333333333333,1.0,1.0,0.9523809523809523,74.09523809523809,53,Jiujiang,Jiangxi Open,2024-10-29,WTA250,Outdoor,Hard,1st Round,3,Wei S.,Hontama M.,132.0,140.0,565.0,540.0,6.0,2.0,3.0,6.0,6.0,1.0,2.0,1.0,Completed,1.44,2.75,1.47,2.83,1.5,2.83,1.44,2.72,10532,2235
10533,2532,2428,2428,2024-10-28,2024-10-29,1,sramkova|r / zhang|s,Jiujiang,Jiangxi Open,R32,R32,0.5333333333333333,1.0,1.0,0.9523809523809523,74.09523809523809,53,Jiujiang,Jiangxi Open,2024-10-29,WTA250,Outdoor,Hard,1st Round,3,Sramkova R.,Zhang S.,53.0,223.0,1051.0,327.0,6.0,1.0,6.0,1.0,,,2.0,0.0,Completed,1.91,1.91,2.06,1.82,2.1,1.91,1.99,1.8,10533,2236
10552,2551,2454,2454,2024-10-28,2024-10-29,1,carle|m / sonmez|z,Merida,Merida Open,R32,R32,1.0,1.0,1.0,0.9523809523809523,99.76190476190476,54,Merida,Merida Open,2024-10-29,WTA250,Outdoor,Hard,1st Round,3,Sonmez Z.,Carle M.,127.0,90.0,576.0,799.0,5.0,7.0,6.0,1.0,6.0,2.0,2.0,1.0,Completed,1.8,2.0,1.81,2.08,1.88,2.08,1.79,1.99,10552,2237
10553,2552,2453,2453,2024-10-28,2024-10-29,1,niemeier|j / stefanini|l,Merida,Merida Open,R32,R32,1.0,1.0,1.0,0.9523809523809523,99.76190476190476,54,Merida,Merida Open,2024-10-29,WTA250,Outdoor,Hard,1st Round,3,Stefanini L.,Niemeier J.,163.0,86.0,466.0,829.0,6.0,3.0,6.0,2.0,,,2.0,0.0,Completed,1.8,2.0,1.79,2.1,1.82,2.21,1.76,2.04,10553,2238
10559,2558,2450,2450,2024-10-28,2024-10-29,1,teichmann|j / tikhonova|a,Merida,Merida Open,R32,R32,1.0,1.0,1.0,0.9523809523809523,99.76190476190476,54,Merida,Merida Open,2024-10-29,WTA250,Outdoor,Hard,1st Round,3,Teichmann J.,Tikhonova A.,153.0,183.0,496.0,385.0,6.0,1.0,6.0,4.0,,,2.0,0.0,Completed,1.57,2.38,1.55,2.58,1.6,2.58,1.53,2.45,10559,2239
10560,2559,2449,2449,2024-10-28,2024-10-29,1,mandlik|e / tomljanovic|a,Merida,Merida Open,R32,R32,1.0,1.0,1.0,0.9523809523809523,99.76190476190476,54,Merida,Merida Open,2024-10-29,WTA250,Outdoor,Hard,1st Round,3,Tomljanovic A.,Mandlik E.,85.0,177.0,835.0,403.0,7.0,6.0,6.0,1.0,,,2.0,0.0,Completed,1.53,2.5,1.62,2.41,1.62,2.5,1.54,2.41,10560,2240
10563,2562,2452,2452,2024-10-28,2024-10-29,1,lepchenko|v / zidansek|t,Merida,Merida Open,R32,R32,1.0,1.0,1.0,0.9523809523809523,99.76190476190476,54,Merida,Merida Open,2024-10-29,WTA250,Outdoor,Hard,1st Round,3,Lepchenko V.,Zidansek T.,144.0,192.0,516.0,373.0,6.0,2.0,6.0,2.0,,,2.0,0.0,Completed,2.0,1.8,2.1,1.79,2.13,1.8,2.02,1.78,10563,2241
10478,2477,2401,2401,2024-10-28,2024-10-30,2,hon|p / shnaider|d,Hong Kong,Hong Kong Tennis Open,R16,R16,1.0,1.0,1.0,0.9047619047619048,99.52380952380952,52,Hong Kong,Hong Kong Tennis Open,2024-10-30,WTA250,Outdoor,Hard,2nd Round,3,Shnaider D.,Hon P.,14.0,210.0,2726.0,347.0,6.0,4.0,6.0,1.0,,,2.0,0.0,Completed,1.1,7.0,1.12,7.34,1.12,7.34,1.1,6.62,10478,2242
10481,2480,2398,2398,2024-10-28,2024-10-30,2,pera|b / shi|h,Hong Kong,Hong Kong Tennis Open,R16,R16,1.0,1.0,1.0,0.9047619047619048,99.52380952380952,52,Hong Kong,Hong Kong Tennis Open,2024-10-30,WTA250,Outdoor,Hard,2nd Round,3,Pera B.,Shi H.,81.0,245.0,872.0,297.0,6.0,0.0,6.0,4.0,,,2.0,0.0,Completed,1.17,5.0,1.2,5.05,1.21,5.2,1.18,4.71,10481,2243
10482,2481,2399,2399,2024-10-28,2024-10-30,2,hibino|n / yuan|y,Hong Kong,Hong Kong Tennis Open,R16,R16,1.0,1.0,1.0,0.9047619047619048,99.52380952380952,52,Hong Kong,Hong Kong Tennis Open,2024-10-30,WTA250,Outdoor,Hard,2nd Round,3,Yuan Y.,Hibino N.,45.0,159.0,1149.0,468.0,4.0,6.0,7.0,5.0,6.0,2.0,2.0,1.0,Completed,1.29,3.75,1.28,4.02,1.32,4.02,1.28,3.65,10482,2244
10510,2509,2429,2429,2024-10-28,2024-10-30,2,bouzkova|m / yao|x,Jiujiang,Jiangxi Open,R16,R16,0.5333333333333333,1.0,1.0,0.9047619047619048,73.85714285714285,53,Jiujiang,Jiangxi Open,2024-10-30,WTA250,Outdoor,Hard,2nd Round,3,Bouzkova M.,Yao X.,49.0,294.0,1110.0,217.0,6.0,3.0,6.0,3.0,,,2.0,0.0,Completed,1.07,9.0,1.08,9.72,1.1,9.72,1.07,7.94,10510,2245
10511,2510,2431,2431,2024-10-28,2024-10-30,2,pridankina|e / rakhimova|k,Jiujiang,Jiangxi Open,R16,R16,0.5333333333333333,1.0,1.0,0.9047619047619048,73.85714285714285,53,Jiujiang,Jiangxi Open,2024-10-30,WTA250,Outdoor,Hard,2nd Round,3,Rakhimova K.,Pridankina E.,63.0,179.0,990.0,397.0,4.0,6.0,6.0,4.0,7.0,5.0,2.0,1.0,Completed,1.53,2.5,1.53,2.66,1.53,2.75,1.5,2.55,10511,2246
10514,2513,2432,2432,2024-10-28,2024-10-30,2,sawangkaew|m / zheng|s,Jiujiang,Jiangxi Open,R16,R16,0.5333333333333333,1.0,1.0,0.9047619047619048,73.85714285714285,53,Jiujiang,Jiangxi Open,2024-10-30,WTA250,Outdoor,Hard,2nd Round,3,Sawangkaew M.,Zheng S.,147.0,988.0,507.0,19.0,4.0,6.0,6.0,1.0,7.0,6.0,2.0,1.0,Completed,1.17,5.0,1.23,4.58,1.23,5.0,1.2,4.41,10514,2247
10515,2514,2430,2430,2024-10-28,2024-10-30,2,korpatsch|t / siegemund|l,Jiujiang,Jiangxi Open,R16,R16,0.5333333333333333,1.0,1.0,0.9047619047619048,73.85714285714285,53,Jiujiang,Jiangxi Open,2024-10-30,WTA250,Outdoor,Hard,2nd Round,3,Siegemund L.,Korpatsch T.,101.0,200.0,754.0,359.0,6.0,4.0,6.0,4.0,,,2.0,0.0,Completed,1.36,3.2,1.38,3.29,1.41,3.29,1.37,3.01,10515,2248
10545,2544,2460,2460,2024-10-28,2024-10-30,2,li|a / ruzic|a,Merida,Merida Open,R16,R16,1.0,1.0,1.0,0.9047619047619048,99.52380952380952,54,Merida,Merida Open,2024-10-30,WTA250,Outdoor,Hard,2nd Round,3,Li A.,Ruzic A.,111.0,165.0,655.0,449.0,6.0,2.0,6.0,2.0,,,2.0,0.0,Completed,1.44,2.75,1.43,2.97,1.45,2.97,1.42,2.8,10545,2249
10549,2548,2458,2458,2024-10-28,2024-10-30,2,urhobo|a / zarazua|r,Merida,Merida Open,R32,R32,1.0,1.0,1.0,0.9047619047619048,99.52380952380952,54,Merida,Merida Open,2024-10-30,WTA250,Outdoor,Hard,1st Round,3,Zarazua R.,Urhobo A.,62.0,292.0,991.0,219.0,7.0,5.0,6.0,2.0,,,2.0,0.0,Completed,1.22,4.33,1.19,5.1,1.26,5.1,1.19,4.57,10549,2250
10554,2553,2457,2457,2024-10-28,2024-10-30,2,sanchez|a / sorribes tormo|s <> sanchez|a / tormo|s,Merida,Merida Open,R32,R32,1.0,1.0,1.0,0.9047619047619048,99.52380952380952,54,Merida,Merida Open,2024-10-30,WTA250,Outdoor,Hard,1st Round,3,Sorribes Tormo S.,Sanchez A.S.,103.0,286.0,690.0,225.0,6.0,2.0,6.0,1.0,,,2.0,0.0,Completed,1.02,19.0,,,1.02,19.0,1.01,14.42,10554,2251
10556,2555,2459,2459,2024-10-28,2024-10-30,2,blinkova|a / tsurenko|l,Merida,Merida Open,R32,R32,1.0,1.0,1.0,0.9047619047619048,99.52380952380952,54,Merida,Merida Open,2024-10-30,WTA250,Outdoor,Hard,1st Round,3,Blinkova A.,Tsurenko L.,75.0,122.0,893.0,600.0,2.0,6.0,6.0,4.0,4.0,0.0,1.0,1.0,Retired,1.53,2.5,1.54,2.61,1.58,2.61,1.52,2.49,10556,2252
10562,2561,2455,2455,2024-10-28,2024-10-30,2,joint|m / stakusic|m,Merida,Merida Open,R32,R32,1.0,1.0,1.0,0.9047619047619048,99.52380952380952,54,Merida,Merida Open,2024-10-30,WTA250,Outdoor,Hard,1st Round,3,Stakusic M.,Joint M.,116.0,110.0,637.0,660.0,2.0,6.0,7.0,6.0,7.0,6.0,2.0,1.0,Completed,1.73,2.1,1.81,2.07,1.83,2.1,1.77,2.02,10562,2253
10564,2563,2456,2456,2024-10-28,2024-10-30,2,kudermetova|p / podoroska|n,Merida,Merida Open,R32,R32,1.0,1.0,1.0,0.9047619047619048,99.52380952380952,54,Merida,Merida Open,2024-10-30,WTA250,Outdoor,Hard,1st Round,3,Kudermetova P.,Podoroska N.,133.0,80.0,565.0,879.0,6.0,1.0,6.0,1.0,,,2.0,0.0,Completed,1.8,2.0,1.88,1.99,1.88,2.04,1.79,1.99,10564,2254
10479,2478,2403,2403,2024-10-28,2024-10-31,3,bucsa|c / lamens|s,Hong Kong,Hong Kong Tennis Open,R16,R16,1.0,1.0,1.0,0.8571428571428572,99.28571428571429,52,Hong Kong,Hong Kong Tennis Open,2024-10-31,WTA250,Outdoor,Hard,2nd Round,3,Lamens S.,Bucsa C.,91.0,71.0,796.0,912.0,5.0,7.0,6.0,4.0,6.0,3.0,2.0,1.0,Completed,1.62,2.3,1.67,2.32,1.67,2.35,1.63,2.26,10479,2255
10480,2479,2405,2405,2024-10-28,2024-10-31,3,birrell|k / fernandez|l,Hong Kong,Hong Kong Tennis Open,R16,R16,1.0,1.0,1.0,0.8571428571428572,99.28571428571429,52,Hong Kong,Hong Kong Tennis Open,2024-10-31,WTA250,Outdoor,Hard,2nd Round,3,Fernandez L.A.,Birrell K.,32.0,115.0,1672.0,646.0,6.0,1.0,6.0,2.0,,,2.0,0.0,Completed,1.25,4.0,1.3,3.84,1.31,4.63,1.27,3.71,10480,2256
10483,2482,2404,2404,2024-10-28,2024-10-31,3,kenin|s / ponchet|j,Hong Kong,Hong Kong Tennis Open,R16,R16,1.0,1.0,1.0,0.8571428571428572,99.28571428571429,52,Hong Kong,Hong Kong Tennis Open,2024-10-31,WTA250,Outdoor,Hard,2nd Round,3,Kenin S.,Ponchet J.,88.0,106.0,804.0,682.0,7.0,5.0,6.0,4.0,,,2.0,0.0,Completed,1.25,4.0,1.33,3.61,1.33,4.0,1.28,3.6,10483,2257
10484,2483,2402,2402,2024-10-28,2024-10-31,3,gracheva|v / zakharova|a,Hong Kong,Hong Kong Tennis Open,R16,R16,1.0,1.0,1.0,0.8571428571428572,99.28571428571429,52,Hong Kong,Hong Kong Tennis Open,2024-10-31,WTA250,Outdoor,Hard,2nd Round,3,Zakharova A.,Gracheva V.,113.0,66.0,653.0,949.0,6.0,3.0,6.0,1.0,,,2.0,0.0,Completed,1.91,1.91,1.88,2.02,1.95,2.03,1.84,1.95,10484,2258
10512,2511,2433,2433,2024-10-28,2024-10-31,3,bouzas maneiro|j / golubic|v <> golubic|v / maneiro|j,Jiujiang,Jiangxi Open,R16,R16,0.5333333333333333,1.0,1.0,0.8571428571428572,73.61904761904762,53,Jiujiang,Jiangxi Open,2024-10-31,WTA250,Outdoor,Hard,2nd Round,3,Golubic V.,Bouzas Maneiro J.,168.0,56.0,441.0,1031.0,6.0,2.0,,,,,1.0,0.0,Retired,2.3,1.62,2.2,1.74,2.34,1.74,2.25,1.64,10512,2259
10513,2512,2434,2434,2024-10-28,2024-10-31,3,fruhvirtova|l / rus|a,Jiujiang,Jiangxi Open,R16,R16,0.5333333333333333,1.0,1.0,0.8571428571428572,73.61904761904762,53,Jiujiang,Jiangxi Open,2024-10-31,WTA250,Outdoor,Hard,2nd Round,3,Rus A.,Fruhvirtova L.,83.0,209.0,847.0,347.0,6.0,4.0,7.0,6.0,,,2.0,0.0,Completed,1.53,2.5,1.55,2.62,1.55,2.67,1.51,2.51,10513,2260
10516,2515,2436,2436,2024-10-28,2024-10-31,3,bondar|a / trevisan|m,Jiujiang,Jiangxi Open,R16,R16,0.5333333333333333,1.0,1.0,0.8571428571428572,73.61904761904762,53,Jiujiang,Jiangxi Open,2024-10-31,WTA250,Outdoor,Hard,2nd Round,3,Trevisan M.,Bondar A.,136.0,97.0,558.0,783.0,7.0,6.0,6.0,2.0,,,2.0,0.0,Completed,1.91,1.91,1.98,1.91,2,1.91,1.92,1.86,10516,2261
10517,2516,2435,2435,2024-10-28,2024-10-31,3,sramkova|r / wei|s,Jiujiang,Jiangxi Open,R16,R16,0.5333333333333333,1.0,1.0,0.8571428571428572,73.61904761904762,53,Jiujiang,Jiangxi Open,2024-10-31,WTA250,Outdoor,Hard,2nd Round,3,Sramkova R.,Wei S.,53.0,132.0,1051.0,565.0,7.0,5.0,6.0,3.0,,,2.0,0.0,Completed,1.62,2.3,1.61,2.46,1.64,2.46,1.58,2.34,10517,2262
10546,2545,2461,2461,2024-10-28,2024-10-31,3,teichmann|j / tomljanovic|a,Merida,Merida Open,R16,R16,1.0,1.0,1.0,0.8571428571428572,99.28571428571429,54,Merida,Merida Open,2024-10-31,WTA250,Outdoor,Hard,2nd Round,3,Teichmann J.,Tomljanovic A.,153.0,85.0,496.0,835.0,,,,,,,,,Retired,2.38,1.57,2.52,1.57,2.6,1.57,2.42,1.54,10546,2263
10547,2546,2463,2463,2024-10-28,2024-10-31,3,stakusic|m / stojanovic|n,Merida,Merida Open,R16,R16,1.0,1.0,1.0,0.8571428571428572,99.28571428571429,54,Merida,Merida Open,2024-10-31,WTA250,Outdoor,Hard,2nd Round,3,Stojanovic N.,Stakusic M.,560.0,116.0,83.0,637.0,6.0,3.0,6.0,3.0,,,2.0,0.0,Completed,2.63,1.5,2.42,1.61,2.65,1.62,2.47,1.53,10547,2264
10548,2547,2462,2462,2024-10-28,2024-10-31,3,kudermetova|p / lepchenko|v,Merida,Merida Open,R16,R16,1.0,1.0,1.0,0.8571428571428572,99.28571428571429,54,Merida,Merida Open,2024-10-31,WTA250,Outdoor,Hard,2nd Round,3,Kudermetova P.,Lepchenko V.,133.0,144.0,565.0,516.0,6.0,3.0,6.0,4.0,,,2.0,0.0,Completed,1.67,2.2,1.65,2.34,1.87,2.36,1.64,2.23,10548,2265
10474,2473,2408,2408,2024-10-28,2024-11-01,4,lamens|s / shnaider|d,Hong Kong,Hong Kong Tennis Open,QF,QF,1.0,1.0,1.0,0.8095238095238095,99.04761904761905,52,Hong Kong,Hong Kong Tennis Open,2024-11-01,WTA250,Outdoor,Hard,Quarterfinals,3,Shnaider D.,Lamens S.,14.0,91.0,2726.0,796.0,6.0,0.0,6.0,7.0,6.0,2.0,2.0,1.0,Completed,1.25,4.0,1.27,4.21,1.27,4.21,1.25,3.87,10474,2266
10475,2474,2409,2409,2024-10-28,2024-11-01,4,fernandez|l / pera|b,Hong Kong,Hong Kong Tennis Open,QF,QF,1.0,1.0,1.0,0.8095238095238095,99.04761904761905,52,Hong Kong,Hong Kong Tennis Open,2024-11-01,WTA250,Outdoor,Hard,Quarterfinals,3,Fernandez L.A.,Pera B.,32.0,81.0,1672.0,872.0,6.0,1.0,7.0,6.0,,,2.0,0.0,Completed,1.36,3.2,1.4,3.25,1.41,3.25,1.37,3.07,10475,2267
10476,2475,2406,2406,2024-10-28,2024-11-01,4,kenin|s / yuan|y,Hong Kong,Hong Kong Tennis Open,QF,QF,1.0,1.0,1.0,0.8095238095238095,99.04761904761905,52,Hong Kong,Hong Kong Tennis Open,2024-11-01,WTA250,Outdoor,Hard,Quarterfinals,3,Yuan Y.,Kenin S.,45.0,88.0,1149.0,804.0,6.0,3.0,6.0,3.0,,,2.0,0.0,Completed,2.5,1.53,2.54,1.58,2.54,1.62,2.41,1.55,10476,2268
10477,2476,2407,2407,2024-10-28,2024-11-01,4,boulter|k / zakharova|a,Hong Kong,Hong Kong Tennis Open,QF,QF,1.0,1.0,1.0,0.8095238095238095,99.04761904761905,52,Hong Kong,Hong Kong Tennis Open,2024-11-01,WTA250,Outdoor,Hard,Quarterfinals,3,Boulter K.,Zakharova A.,29.0,113.0,1828.0,653.0,6.0,4.0,6.0,0.0,,,2.0,0.0,Completed,1.4,3.0,1.45,2.97,1.5,3.0,1.43,2.77,10477,2269
10506,2505,2439,2439,2024-10-28,2024-11-01,4,bouzkova|m / rakhimova|k,Jiujiang,Jiangxi Open,QF,QF,0.5333333333333333,1.0,1.0,0.8095238095238095,73.38095238095238,53,Jiujiang,Jiangxi Open,2024-11-01,WTA250,Outdoor,Hard,Quarterfinals,3,Bouzkova M.,Rakhimova K.,49.0,63.0,1110.0,990.0,6.0,2.0,6.0,2.0,,,2.0,0.0,Completed,1.4,3.0,1.46,2.96,1.47,3.05,1.4,2.88,10506,2270
10507,2506,2437,2437,2024-10-28,2024-11-01,4,golubic|v / rus|a,Jiujiang,Jiangxi Open,QF,QF,0.5333333333333333,1.0,1.0,0.8095238095238095,73.38095238095238,53,Jiujiang,Jiangxi Open,2024-11-01,WTA250,Outdoor,Hard,Quarterfinals,3,Golubic V.,Rus A.,168.0,83.0,441.0,847.0,7.0,5.0,4.0,6.0,7.0,6.0,2.0,1.0,Completed,2.0,1.8,2.05,1.86,2.12,1.86,2.03,1.77,10507,2271
10508,2507,2440,2440,2024-10-28,2024-11-01,4,sawangkaew|m / siegemund|l,Jiujiang,Jiangxi Open,QF,QF,0.5333333333333333,1.0,1.0,0.8095238095238095,73.38095238095238,53,Jiujiang,Jiangxi Open,2024-11-01,WTA250,Outdoor,Hard,Quarterfinals,3,Siegemund L.,Sawangkaew M.,101.0,147.0,754.0,507.0,6.0,4.0,6.0,2.0,,,2.0,0.0,Completed,1.67,2.2,1.76,2.19,1.78,2.25,1.67,2.17,10508,2272
10509,2508,2438,2438,2024-10-28,2024-11-01,4,sramkova|r / trevisan|m,Jiujiang,Jiangxi Open,QF,QF,0.5333333333333333,1.0,1.0,0.8095238095238095,73.38095238095238,53,Jiujiang,Jiangxi Open,2024-11-01,WTA250,Outdoor,Hard,Quarterfinals,3,Sramkova R.,Trevisan M.,53.0,136.0,1051.0,558.0,6.0,3.0,3.0,6.0,6.0,2.0,2.0,1.0,Completed,1.4,3.0,1.44,3.02,1.44,3.06,1.4,2.9,10509,2273
10537,2536,2469,2469,2024-10-28,2024-11-01,4,sonmez|z / zarazua|r,Merida,Merida Open,QF,QF,1.0,1.0,1.0,0.8095238095238095,99.04761904761905,54,Merida,Merida Open,2024-11-01,WTA250,Outdoor,Hard,Quarterfinals,3,Sonmez Z.,Zarazua R.,127.0,62.0,576.0,991.0,3.0,6.0,6.0,3.0,6.0,4.0,2.0,1.0,Completed,2.0,1.8,2.0,1.91,2.33,1.91,1.98,1.81,10537,2274
10539,2538,2468,2468,2024-10-28,2024-11-01,4,li|a / teichmann|j,Merida,Merida Open,QF,QF,1.0,1.0,1.0,0.8095238095238095,99.04761904761905,54,Merida,Merida Open,2024-11-01,WTA250,Outdoor,Hard,Quarterfinals,3,Li A.,Teichmann J.,111.0,153.0,655.0,496.0,6.0,1.0,6.0,1.0,,,2.0,0.0,Completed,1.44,2.75,1.53,2.7,1.59,2.78,1.48,2.6,10539,2275
10541,2540,2466,2466,2024-10-28,2024-11-01,4,chwalinska|m / zarazua|r,Merida,Merida Open,R16,R16,1.0,1.0,1.0,0.8095238095238095,99.04761904761905,54,Merida,Merida Open,2024-11-01,WTA250,Outdoor,Hard,2nd Round,3,Zarazua R.,Chwalinska M.,62.0,175.0,991.0,412.0,2.0,6.0,6.0,2.0,6.0,1.0,2.0,1.0,Completed,1.5,2.63,1.54,2.6,1.56,2.63,1.52,2.53,10541,2276
10542,2541,2464,2464,2024-10-28,2024-11-01,4,jacquemot|e / sonmez|z,Merida,Merida Open,R16,R16,1.0,1.0,1.0,0.8095238095238095,99.04761904761905,54,Merida,Merida Open,2024-11-01,WTA250,Outdoor,Hard,2nd Round,3,Sonmez Z.,Jacquemot E.,127.0,148.0,576.0,507.0,7.0,6.0,6.0,3.0,,,2.0,0.0,Completed,1.57,2.38,1.52,2.66,1.57,2.75,1.51,2.54,10542,2277
10543,2542,2465,2465,2024-10-28,2024-11-01,4,sorribes tormo|s / stefanini|l <> stefanini|l / tormo|s,Merida,Merida Open,R16,R16,1.0,1.0,1.0,0.8095238095238095,99.04761904761905,54,Merida,Merida Open,2024-11-01,WTA250,Outdoor,Hard,2nd Round,3,Sorribes Tormo S.,Stefanini L.,103.0,163.0,690.0,466.0,6.0,4.0,1.0,6.0,6.0,4.0,2.0,1.0,Completed,1.57,2.38,1.62,2.41,1.62,2.52,1.57,2.36,10543,2278
10544,2543,2467,2467,2024-10-28,2024-11-01,4,blinkova|a / korneeva|a,Merida,Merida Open,R16,R16,1.0,1.0,1.0,0.8095238095238095,99.04761904761905,54,Merida,Merida Open,2024-11-01,WTA250,Outdoor,Hard,2nd Round,3,Korneeva A.,Blinkova A.,254.0,75.0,280.0,893.0,7.0,5.0,6.0,2.0,,,2.0,0.0,Completed,2.0,1.8,2.13,1.78,2.15,1.82,2.06,1.74,10544,2279
10472,2471,2411,2411,2024-10-28,2024-11-02,5,fernandez|l / shnaider|d,Hong Kong,Hong Kong Tennis Open,SF,SF,1.0,1.0,1.0,0.7619047619047619,98.80952380952381,52,Hong Kong,Hong Kong Tennis Open,2024-11-02,WTA250,Outdoor,Hard,Semifinals,3,Shnaider D.,Fernandez L.A.,14.0,32.0,2726.0,1672.0,6.0,4.0,6.0,2.0,,,2.0,0.0,Completed,2.0,1.8,2.08,1.83,2.15,1.83,2.02,1.78,10472,2280
10473,2472,2410,2410,2024-10-28,2024-11-02,5,boulter|k / yuan|y,Hong Kong,Hong Kong Tennis Open,SF,SF,1.0,1.0,1.0,0.7619047619047619,98.80952380952381,52,Hong Kong,Hong Kong Tennis Open,2024-11-02,WTA250,Outdoor,Hard,Semifinals,3,Boulter K.,Yuan Y.,29.0,45.0,1828.0,1149.0,6.0,2.0,5.0,7.0,6.0,2.0,2.0,1.0,Completed,1.44,2.75,1.48,2.86,1.5,2.86,1.44,2.75,10473,2281
10504,2503,2441,2441,2024-10-28,2024-11-02,5,bouzkova|m / golubic|v,Jiujiang,Jiangxi Open,SF,SF,0.5333333333333333,1.0,1.0,0.7619047619047619,73.14285714285714,53,Jiujiang,Jiangxi Open,2024-11-02,WTA250,Outdoor,Hard,Semifinals,3,Golubic V.,Bouzkova M.,168.0,49.0,441.0,1110.0,6.0,1.0,6.0,2.0,,,2.0,0.0,Completed,4.0,1.25,4.11,1.28,4.11,1.37,3.74,1.27,10504,2282
10505,2504,2442,2442,2024-10-28,2024-11-02,5,siegemund|l / sramkova|r,Jiujiang,Jiangxi Open,SF,SF,0.5333333333333333,1.0,1.0,0.7619047619047619,73.14285714285714,53,Jiujiang,Jiangxi Open,2024-11-02,WTA250,Outdoor,Hard,Semifinals,3,Sramkova R.,Siegemund L.,53.0,101.0,1051.0,754.0,7.0,6.0,6.0,2.0,,,2.0,0.0,Completed,1.62,2.3,1.65,2.38,1.65,2.38,1.61,2.29,10505,2283
10538,2537,2471,2471,2024-10-28,2024-11-02,5,korneeva|a / sorribes tormo|s <> korneeva|a / tormo|s,Merida,Merida Open,QF,QF,1.0,1.0,1.0,0.7619047619047619,98.80952380952381,54,Merida,Merida Open,2024-11-02,WTA250,Outdoor,Hard,Quarterfinals,3,Korneeva A.,Sorribes Tormo S.,254.0,103.0,280.0,690.0,6.0,3.0,6.0,1.0,,,2.0,0.0,Completed,1.91,1.91,1.98,1.93,2.12,2.03,1.96,1.83,10538,2284
10540,2539,2470,2470,2024-10-28,2024-11-02,5,kudermetova|p / stojanovic|n,Merida,Merida Open,QF,QF,1.0,1.0,1.0,0.7619047619047619,98.80952380952381,54,Merida,Merida Open,2024-11-02,WTA250,Outdoor,Hard,Quarterfinals,3,Kudermetova P.,Stojanovic N.,133.0,560.0,565.0,83.0,5.0,7.0,6.0,4.0,6.0,3.0,2.0,1.0,Completed,1.57,2.38,1.62,2.45,1.64,2.45,1.58,2.34,10540,2285
10567,2566,2475,2475,2024-11-04,2024-11-02,-2,sabalenka|a / zheng|q,Riyadh Finals,WTA Finals,RR,RR,0.5052631578947369,1.0,1.0,0.33333333333333337,69.45614035087719,55,Riyadh,WTA Finals,2024-11-02,Tour Championships,Indoor,Hard,Round Robin,3,Sabalenka A.,Zheng Q.,1.0,7.0,9016.0,4540.0,6.0,3.0,6.0,4.0,,,2.0,0.0,Completed,1.4,3.0,1.4,3.23,1.45,3.23,1.4,2.94,10567,2286
10568,2567,2476,2476,2024-11-04,2024-11-02,-2,paolini|j / rybakina|e,Riyadh Finals,WTA Finals,RR,RR,0.5052631578947369,1.0,1.0,0.33333333333333337,69.45614035087719,55,Riyadh,WTA Finals,2024-11-02,Tour Championships,Indoor,Hard,Round Robin,3,Paolini J.,Rybakina E.,4.0,5.0,5144.0,4971.0,7.0,6.0,6.0,4.0,,,2.0,0.0,Completed,2.5,1.53,2.49,1.61,2.5,1.62,2.43,1.55,10568,2287
10502,2501,2412,2412,2024-10-28,2024-11-03,6,boulter|k / shnaider|d,Hong Kong,Hong Kong Tennis Open,F,F,1.0,1.0,1.0,0.7142857142857143,98.57142857142857,52,Hong Kong,Hong Kong Tennis Open,2024-11-03,WTA250,Outdoor,Hard,The Final,3,Shnaider D.,Boulter K.,14.0,29.0,2726.0,1828.0,6.0,1.0,6.0,2.0,,,2.0,0.0,Completed,1.57,2.38,1.59,2.52,1.65,2.52,1.58,2.36,10502,2288
10503,2502,2443,2443,2024-10-28,2024-11-03,6,golubic|v / sramkova|r,Jiujiang,Jiangxi Open,F,F,0.5333333333333333,1.0,1.0,0.7142857142857143,72.9047619047619,53,Jiujiang,Jiangxi Open,2024-11-03,WTA250,Outdoor,Hard,The Final,3,Golubic V.,Sramkova R.,168.0,53.0,441.0,1051.0,6.0,3.0,7.0,5.0,,,2.0,0.0,Completed,2.38,1.57,2.44,1.63,2.44,1.68,2.33,1.59,10503,2289
10535,2534,2472,2472,2024-10-28,2024-11-03,6,korneeva|a / sonmez|z,Merida,Merida Open,SF,SF,1.0,1.0,1.0,0.7142857142857143,98.57142857142857,54,Merida,Merida Open,2024-11-03,WTA250,Outdoor,Hard,Semifinals,3,Sonmez Z.,Korneeva A.,127.0,254.0,576.0,280.0,7.0,6.0,6.0,2.0,,,2.0,0.0,Completed,3.0,1.4,3.05,1.44,3.07,1.44,2.9,1.4,10535,2290
10536,2535,2473,2473,2024-10-28,2024-11-03,6,kudermetova|p / li|a,Merida,Merida Open,SF,SF,1.0,1.0,1.0,0.7142857142857143,98.57142857142857,54,Merida,Merida Open,2024-11-03,WTA250,Outdoor,Hard,Semifinals,3,Li A.,Kudermetova P.,111.0,133.0,655.0,565.0,6.0,3.0,4.0,6.0,6.0,2.0,2.0,1.0,Completed,1.44,2.75,1.49,2.82,1.49,2.82,1.45,2.7,10536,2291
10573,2572,2477,2477,2024-11-04,2024-11-03,-1,krejcikova|b / swiatek|i,Riyadh Finals,WTA Finals,RR,RR,0.5052631578947369,1.0,1.0,0.6666666666666667,71.12280701754385,55,Riyadh,WTA Finals,2024-11-03,Tour Championships,Indoor,Hard,Round Robin,3,Swiatek I.,Krejcikova B.,2.0,13.0,7970.0,2814.0,4.0,6.0,7.0,5.0,6.0,2.0,2.0,1.0,Completed,1.13,6.0,1.16,6.35,1.16,6.4,1.14,5.74,10573,2292
10574,2573,2478,2478,2024-11-04,2024-11-03,-1,gauff|c / pegula|j,Riyadh Finals,WTA Finals,RR,RR,0.5052631578947369,1.0,1.0,0.6666666666666667,71.12280701754385,55,Riyadh,WTA Finals,2024-11-03,Tour Championships,Indoor,Hard,Round Robin,3,Gauff C.,Pegula J.,3.0,6.0,5230.0,4705.0,6.0,3.0,6.0,2.0,,,2.0,0.0,Completed,1.53,2.5,1.56,2.63,1.59,2.63,1.54,2.47,10574,2293
10534,2533,2474,2474,2024-10-28,2024-11-04,7,li|a / sonmez|z,Merida,Merida Open,F,F,1.0,1.0,1.0,0.6666666666666667,98.33333333333333,54,Merida,Merida Open,2024-11-04,WTA250,Outdoor,Hard,The Final,3,Sonmez Z.,Li A.,127.0,111.0,576.0,655.0,6.0,2.0,6.0,1.0,,,2.0,0.0,Completed,2.5,1.53,2.61,1.55,2.63,1.59,2.49,1.52,10534,2294
10565,2564,2480,2480,2024-11-04,2024-11-04,0,paolini|j / sabalenka|a,Riyadh Finals,WTA Finals,RR,RR,0.5052631578947369,1.0,1.0,1.0,72.78947368421052,55,Riyadh,WTA Finals,2024-11-04,Tour Championships,Indoor,Hard,Round Robin,3,Sabalenka A.,Paolini J.,1.0,4.0,9016.0,5144.0,6.0,3.0,7.0,5.0,,,2.0,0.0,Completed,1.13,6.0,1.17,5.95,1.17,6.25,1.14,5.62,10565,2295
10570,2569,2479,2479,2024-11-04,2024-11-04,0,rybakina|e / zheng|q,Riyadh Finals,WTA Finals,RR,RR,0.5052631578947369,1.0,1.0,1.0,72.78947368421052,55,Riyadh,WTA Finals,2024-11-04,Tour Championships,Indoor,Hard,Round Robin,3,Zheng Q.,Rybakina E.,7.0,5.0,4540.0,4971.0,7.0,6.0,3.0,6.0,6.0,1.0,2.0,1.0,Completed,1.57,2.38,1.66,2.36,1.7,2.38,1.62,2.29,10570,2296
10571,2570,2482,2482,2024-11-04,2024-11-05,1,gauff|c / swiatek|i,Riyadh Finals,WTA Finals,RR,RR,0.5052631578947369,1.0,1.0,0.9523809523809523,72.55137844611528,55,Riyadh,WTA Finals,2024-11-05,Tour Championships,Indoor,Hard,Round Robin,3,Gauff C.,Swiatek I.,3.0,2.0,5230.0,7970.0,6.0,3.0,6.0,4.0,,,2.0,0.0,Completed,2.5,1.53,2.48,1.61,2.63,1.62,2.43,1.56,10571,2297
10576,2575,2481,2481,2024-11-04,2024-11-05,1,krejcikova|b / pegula|j,Riyadh Finals,WTA Finals,RR,RR,0.5052631578947369,1.0,1.0,0.9523809523809523,72.55137844611528,55,Riyadh,WTA Finals,2024-11-05,Tour Championships,Indoor,Hard,Round Robin,3,Krejcikova B.,Pegula J.,13.0,6.0,2814.0,4705.0,6.0,3.0,6.0,3.0,,,2.0,0.0,Completed,2.63,1.5,2.96,1.46,2.96,1.53,2.73,1.45,10576,2298
10566,2565,2484,2484,2024-11-04,2024-11-06,2,rybakina|e / sabalenka|a,Riyadh Finals,WTA Finals,RR,RR,0.5052631578947369,1.0,1.0,0.9047619047619048,72.31328320802004,55,Riyadh,WTA Finals,2024-11-06,Tour Championships,Indoor,Hard,Round Robin,3,Rybakina E.,Sabalenka A.,5.0,1.0,4971.0,9016.0,6.0,4.0,3.0,6.0,6.0,1.0,2.0,1.0,Completed,4.5,1.2,5.01,1.21,5.24,1.22,4.63,1.19,10566,2299
10569,2568,2483,2483,2024-11-04,2024-11-06,2,paolini|j / zheng|q,Riyadh Finals,WTA Finals,RR,RR,0.5052631578947369,1.0,1.0,0.9047619047619048,72.31328320802004,55,Riyadh,WTA Finals,2024-11-06,Tour Championships,Indoor,Hard,Round Robin,3,Zheng Q.,Paolini J.,7.0,4.0,4540.0,5144.0,6.0,1.0,6.0,1.0,,,2.0,0.0,Completed,1.4,3.0,1.41,3.15,1.44,3.15,1.4,2.93,10569,2300
10572,2571,2485,2485,2024-11-04,2024-11-07,3,kasatkina|d / swiatek|i,Riyadh Finals,WTA Finals,RR,RR,0.5052631578947369,1.0,1.0,0.8571428571428572,72.07518796992481,55,Riyadh,WTA Finals,2024-11-07,Tour Championships,Indoor,Hard,Round Robin,3,Swiatek I.,Kasatkina D.,2.0,9.0,7970.0,3368.0,6.0,1.0,6.0,0.0,,,2.0,0.0,Completed,1.13,6.0,1.15,6.64,1.18,6.64,1.14,5.73,10572,2301
10575,2574,2486,2486,2024-11-04,2024-11-07,3,gauff|c / krejcikova|b,Riyadh Finals,WTA Finals,RR,RR,0.5052631578947369,1.0,1.0,0.8571428571428572,72.07518796992481,55,Riyadh,WTA Finals,2024-11-07,Tour Championships,Indoor,Hard,Round Robin,3,Krejcikova B.,Gauff C.,13.0,3.0,2814.0,5230.0,7.0,5.0,6.0,4.0,,,2.0,0.0,Completed,3.75,1.29,4.11,1.28,4.17,1.33,3.66,1.28,10575,2302
10577,2576,2487,2487,2024-11-04,2024-11-08,4,krejcikova|b / zheng|q,Riyadh Finals,WTA Finals,SF,SF,0.5052631578947369,1.0,1.0,0.8095238095238095,71.83709273182957,55,Riyadh,WTA Finals,2024-11-08,Tour Championships,Indoor,Hard,Semifinals,3,Zheng Q.,Krejcikova B.,7.0,13.0,4540.0,2814.0,6.0,3.0,7.0,5.0,,,2.0,0.0,Completed,1.4,3.0,1.38,3.31,1.48,3.31,1.4,2.93,10577,2303
10578,2577,2488,2488,2024-11-04,2024-11-08,4,gauff|c / sabalenka|a,Riyadh Finals,WTA Finals,SF,F,0.5052631578947369,0.6,1.0,0.8095238095238095,59.83709273182957,55,Riyadh,WTA Finals,2024-11-08,Tour Championships,Indoor,Hard,The Final,3,Gauff C.,Sabalenka A.,3.0,1.0,5230.0,9016.0,7.0,6.0,6.0,3.0,,,2.0,0.0,Completed,2.63,1.5,2.6,1.56,2.84,1.58,2.58,1.5,10578,2304
10579,2578,2489,2489,2024-11-04,2024-11-09,5,gauff|c / zheng|q,Riyadh Finals,WTA Finals,F,F,0.5052631578947369,1.0,1.0,0.7619047619047619,71.59899749373433,55,Riyadh,WTA Finals,2024-11-09,Tour Championships,Indoor,Hard,The Final,3,Gauff C.,Zheng Q.,3.0,7.0,5230.0,4540.0,3.0,6.0,6.0,4.0,7.0,6.0,2.0,1.0,Completed,1.57,2.38,1.65,2.36,1.65,2.45,1.6,2.31,10579,2305
